/*---------------------------------------------------------------------------*\
| =========                 |                                                 |
| \\      /  F ield         | OpenFOAM: The Open Source CFD Toolbox           |
|  \\    /   O peration     | Version:  2512                                  |
|   \\  /    A nd           | Website:  www.openfoam.com                      |
|    \\/     M anipulation  |                                                 |
\*---------------------------------------------------------------------------*/
Build  : _bd2b6720-20260127 OPENFOAM=2512 version=2512
Arch   : "LSB;label=32;scalar=64"
Exec   : interFoam
Date   : Oct 04 2026
Time   : 00:41:03
Host   : shark-VMware-Virtual-Platform
PID    : 18621
--> FOAM Warning : 
    From Foam::fileName Foam::cwd_L()
    in file POSIX.C at line 554
    PWD is not the cwd() - reverting to physical description
I/O    : uncollated
--> FOAM Warning : 
    From Foam::fileName Foam::cwd_L()
    in file POSIX.C at line 554
    PWD is not the cwd() - reverting to physical description
Case   : /mnt/hgfs/UbuntuShareFolder/.foamlab-build/town-training-20261004/dam-lowgravity
nProcs : 1
trapFpe: Floating point exception trapping enabled (FOAM_SIGFPE).
memory pool : not available
fileModificationChecking : Monitoring run-time modified files using timeStampMaster (fileModificationSkew 5, maxFileModificationPolls 20)
allowSystemOperations : Allowing user-supplied system call operations

// * * * * * * * * * * * * * * * * * * * * * * * * * * * * * * * * * * * * * //
Create time

Create mesh for time = 0


PIMPLE: Operating solver in PISO mode

Reading field p_rgh

Reading field U

Reading/calculating face flux field phi

Reading transportProperties

Selecting incompressible transport model Newtonian
Selecting incompressible transport model Newtonian
Selecting turbulence model type laminar
Selecting laminar stress model Stokes

Reading g

Reading hRef
Calculating field g.h

No MRF models present

No finite volume options present
DICPCG:  Solving for pcorr, Initial residual = 0, Final residual = 0, No Iterations 0
time step continuity errors : sum local = 0, global = 0, cumulative = 0
Courant Number mean: 0 max: 0

Starting time loop

Courant Number mean: 0 max: 0
Interface Courant Number mean: 0 max: 0
deltaT = 0.00119048
Time = 0.00119048

PIMPLE: iteration 1
smoothSolver:  Solving for alpha.water, Initial residual = 0, Final residual = 0, No Iterations 0
Phase-1 volume fraction = 0.130194  Min(alpha.water) = 0  Max(alpha.water) = 1
MULES: Correcting alpha.water
MULES: Correcting alpha.water
Phase-1 volume fraction = 0.130194  Min(alpha.water) = 0  Max(alpha.water) = 1
DICPCG:  Solving for p_rgh, Initial residual = 1, Final residual = 0.00312151, No Iterations 1
time step continuity errors : sum local = 0.000431858, global = -6.33684e-13, cumulative = -6.33684e-13
DICPCG:  Solving for p_rgh, Initial residual = 0.00146334, Final residual = 6.18258e-05, No Iterations 13
time step continuity errors : sum local = 1.82482e-05, global = -5.00822e-06, cumulative = -5.00822e-06
DICPCG:  Solving for p_rgh, Initial residual = 5.08585e-05, Final residual = 8.19127e-08, No Iterations 48
time step continuity errors : sum local = 2.94271e-08, global = 5.08416e-09, cumulative = -5.00314e-06
ExecutionTime = 0.07 s  ClockTime = 1 s

Courant Number mean: 0.000624435 max: 0.0536273
Interface Courant Number mean: 0 max: 0
deltaT = 0.00143557
Time = 0.00262605

PIMPLE: iteration 1
smoothSolver:  Solving for alpha.water, Initial residual = 0.00014522, Final residual = 3.95146e-09, No Iterations 1
Phase-1 volume fraction = 0.130194  Min(alpha.water) = 0  Max(alpha.water) = 1
MULES: Correcting alpha.water
MULES: Correcting alpha.water
Phase-1 volume fraction = 0.130194  Min(alpha.water) = -5.52871e-15  Max(alpha.water) = 1
DICPCG:  Solving for p_rgh, Initial residual = 0.00227591, Final residual = 9.38309e-05, No Iterations 2
time step continuity errors : sum local = 4.43377e-05, global = 1.44787e-08, cumulative = -4.98866e-06
DICPCG:  Solving for p_rgh, Initial residual = 0.000143829, Final residual = 7.06088e-06, No Iterations 36
time step continuity errors : sum local = 3.33748e-06, global = -1.13678e-07, cumulative = -5.10234e-06
DICPCG:  Solving for p_rgh, Initial residual = 1.07649e-05, Final residual = 8.68618e-08, No Iterations 40
time step continuity errors : sum local = 4.10386e-08, global = -3.49734e-09, cumulative = -5.10584e-06
ExecutionTime = 0.08 s  ClockTime = 1 s

Courant Number mean: 0.000955184 max: 0.0332462
Interface Courant Number mean: 2.9007e-05 max: 0.0316172
deltaT = 0.00169193
Time = 0.00431798

PIMPLE: iteration 1
smoothSolver:  Solving for alpha.water, Initial residual = 0.000109266, Final residual = 1.5385e-09, No Iterations 1
Phase-1 volume fraction = 0.130194  Min(alpha.water) = 0  Max(alpha.water) = 1
MULES: Correcting alpha.water
MULES: Correcting alpha.water
Phase-1 volume fraction = 0.130194  Min(alpha.water) = -1.79688e-21  Max(alpha.water) = 1
DICPCG:  Solving for p_rgh, Initial residual = 0.00166389, Final residual = 5.0036e-05, No Iterations 2
time step continuity errors : sum local = 3.01584e-05, global = -1.45551e-08, cumulative = -5.12039e-06
DICPCG:  Solving for p_rgh, Initial residual = 5.06445e-05, Final residual = 2.13703e-06, No Iterations 36
time step continuity errors : sum local = 1.28778e-06, global = 6.16678e-09, cumulative = -5.11423e-06
DICPCG:  Solving for p_rgh, Initial residual = 2.41475e-06, Final residual = 9.13939e-08, No Iterations 18
time step continuity errors : sum local = 5.51033e-08, global = -6.04777e-09, cumulative = -5.12027e-06
ExecutionTime = 0.09 s  ClockTime = 1 s

Courant Number mean: 0.00165503 max: 0.0290903
Interface Courant Number mean: 2.34565e-05 max: 0.0267644
deltaT = 0.00198617
Time = 0.00630415

PIMPLE: iteration 1
smoothSolver:  Solving for alpha.water, Initial residual = 0.00013133, Final residual = 2.65906e-09, No Iterations 1
Phase-1 volume fraction = 0.130194  Min(alpha.water) = 0  Max(alpha.water) = 1
MULES: Correcting alpha.water
MULES: Correcting alpha.water
Phase-1 volume fraction = 0.130194  Min(alpha.water) = -1.40455e-20  Max(alpha.water) = 1
DICPCG:  Solving for p_rgh, Initial residual = 0.00201512, Final residual = 3.53496e-05, No Iterations 2
time step continuity errors : sum local = 2.69863e-05, global = -8.27171e-09, cumulative = -5.12855e-06
DICPCG:  Solving for p_rgh, Initial residual = 3.59778e-05, Final residual = 1.65687e-06, No Iterations 31
time step continuity errors : sum local = 1.26387e-06, global = -1.46983e-07, cumulative = -5.27553e-06
DICPCG:  Solving for p_rgh, Initial residual = 1.8025e-06, Final residual = 9.95044e-08, No Iterations 30
time step continuity errors : sum local = 7.59276e-08, global = 1.49051e-09, cumulative = -5.27404e-06
ExecutionTime = 0.1 s  ClockTime = 1 s

Courant Number mean: 0.00275919 max: 0.0344418
Interface Courant Number mean: 3.61425e-05 max: 0.0299384
deltaT = 0.00242755
Time = 0.0087317

PIMPLE: iteration 1
smoothSolver:  Solving for alpha.water, Initial residual = 0.000196626, Final residual = 8.28226e-09, No Iterations 1
Phase-1 volume fraction = 0.130194  Min(alpha.water) = 0  Max(alpha.water) = 1
MULES: Correcting alpha.water
MULES: Correcting alpha.water
Phase-1 volume fraction = 0.130194  Min(alpha.water) = -7.2258e-17  Max(alpha.water) = 1
DICPCG:  Solving for p_rgh, Initial residual = 0.00304886, Final residual = 0.0001266, No Iterations 1
time step continuity errors : sum local = 0.000134221, global = 1.71257e-08, cumulative = -5.25691e-06
DICPCG:  Solving for p_rgh, Initial residual = 0.000129355, Final residual = 6.26912e-06, No Iterations 8
time step continuity errors : sum local = 6.63627e-06, global = -6.80687e-09, cumulative = -5.26372e-06
DICPCG:  Solving for p_rgh, Initial residual = 6.4109e-06, Final residual = 9.56294e-08, No Iterations 36
time step continuity errors : sum local = 1.01242e-07, global = 7.01653e-09, cumulative = -5.2567e-06
ExecutionTime = 0.1 s  ClockTime = 1 s

Courant Number mean: 0.00462422 max: 0.0451236
Interface Courant Number mean: 0.000133596 max: 0.0431266
deltaT = 0.00294774
Time = 0.0116794

PIMPLE: iteration 1
smoothSolver:  Solving for alpha.water, Initial residual = 0.000301427, Final residual = 2.39673e-13, No Iterations 2
Phase-1 volume fraction = 0.130194  Min(alpha.water) = 0  Max(alpha.water) = 1
MULES: Correcting alpha.water
MULES: Correcting alpha.water
Phase-1 volume fraction = 0.130194  Min(alpha.water) = -2.75496e-15  Max(alpha.water) = 1
DICPCG:  Solving for p_rgh, Initial residual = 0.0047209, Final residual = 0.000148145, No Iterations 1
time step continuity errors : sum local = 0.000218568, global = 2.45122e-08, cumulative = -5.23219e-06
DICPCG:  Solving for p_rgh, Initial residual = 0.000150659, Final residual = 6.46971e-06, No Iterations 9
time step continuity errors : sum local = 9.51846e-06, global = -1.43046e-08, cumulative = -5.24649e-06
DICPCG:  Solving for p_rgh, Initial residual = 7.12037e-06, Final residual = 8.62799e-08, No Iterations 37
time step continuity errors : sum local = 1.2697e-07, global = 4.38929e-09, cumulative = -5.2421e-06
ExecutionTime = 0.11 s  ClockTime = 1 s

Courant Number mean: 0.00747345 max: 0.0680964
Interface Courant Number mean: 0.00027263 max: 0.0680964
deltaT = 0.00348369
Time = 0.0151631

PIMPLE: iteration 1
smoothSolver:  Solving for alpha.water, Initial residual = 0.00044871, Final residual = 1.30847e-12, No Iterations 2
Phase-1 volume fraction = 0.130194  Min(alpha.water) = 0  Max(alpha.water) = 1
MULES: Correcting alpha.water
MULES: Correcting alpha.water
Phase-1 volume fraction = 0.130194  Min(alpha.water) = -3.6091e-13  Max(alpha.water) = 1
DICPCG:  Solving for p_rgh, Initial residual = 0.00707577, Final residual = 0.000169805, No Iterations 1
time step continuity errors : sum local = 0.00033413, global = 1.61788e-08, cumulative = -5.22593e-06
DICPCG:  Solving for p_rgh, Initial residual = 0.000172139, Final residual = 8.34046e-06, No Iterations 9
time step continuity errors : sum local = 1.63371e-05, global = 3.11463e-08, cumulative = -5.19478e-06
DICPCG:  Solving for p_rgh, Initial residual = 9.85089e-06, Final residual = 9.23453e-08, No Iterations 37
time step continuity errors : sum local = 1.80966e-07, global = -8.78596e-09, cumulative = -5.20357e-06
ExecutionTime = 0.12 s  ClockTime = 1 s

Courant Number mean: 0.0114434 max: 0.10428
Interface Courant Number mean: 0.000467117 max: 0.10428
deltaT = 0.00435461
Time = 0.0195177

PIMPLE: iteration 1
smoothSolver:  Solving for alpha.water, Initial residual = 0.000696757, Final residual = 8.37183e-12, No Iterations 2
Phase-1 volume fraction = 0.130194  Min(alpha.water) = 0  Max(alpha.water) = 1
MULES: Correcting alpha.water
MULES: Correcting alpha.water
Phase-1 volume fraction = 0.130194  Min(alpha.water) = -1.13518e-11  Max(alpha.water) = 1
DICPCG:  Solving for p_rgh, Initial residual = 0.0110404, Final residual = 0.000206803, No Iterations 1
time step continuity errors : sum local = 0.000608903, global = 1.08536e-08, cumulative = -5.19271e-06
DICPCG:  Solving for p_rgh, Initial residual = 0.000209399, Final residual = 9.71738e-06, No Iterations 10
time step continuity errors : sum local = 2.84123e-05, global = 1.13412e-07, cumulative = -5.0793e-06
DICPCG:  Solving for p_rgh, Initial residual = 1.32462e-05, Final residual = 9.36144e-08, No Iterations 37
time step continuity errors : sum local = 2.73919e-07, global = -3.46188e-08, cumulative = -5.11392e-06
ExecutionTime = 0.13 s  ClockTime = 1 s

Courant Number mean: 0.0184452 max: 0.16834
Interface Courant Number mean: 0.00082287 max: 0.16834
deltaT = 0.00508038
Time = 0.0245981

PIMPLE: iteration 1
smoothSolver:  Solving for alpha.water, Initial residual = 0.00100842, Final residual = 3.68924e-11, No Iterations 2
Phase-1 volume fraction = 0.130194  Min(alpha.water) = 0  Max(alpha.water) = 1
MULES: Correcting alpha.water
MULES: Correcting alpha.water
Phase-1 volume fraction = 0.130194  Min(alpha.water) = -2.27408e-10  Max(alpha.water) = 1
DICPCG:  Solving for p_rgh, Initial residual = 0.0159153, Final residual = 0.000218773, No Iterations 1
time step continuity errors : sum local = 0.000842389, global = 1.86175e-08, cumulative = -5.0953e-06
DICPCG:  Solving for p_rgh, Initial residual = 0.00022247, Final residual = 9.54108e-06, No Iterations 11
time step continuity errors : sum local = 3.63597e-05, global = -5.40246e-07, cumulative = -5.63555e-06
DICPCG:  Solving for p_rgh, Initial residual = 1.6334e-05, Final residual = 8.66644e-08, No Iterations 38
time step continuity errors : sum local = 3.30721e-07, global = -6.70141e-08, cumulative = -5.70256e-06
ExecutionTime = 0.14 s  ClockTime = 1 s

Courant Number mean: 0.0272199 max: 0.244846
Interface Courant Number mean: 0.00134023 max: 0.244846
deltaT = 0.00635047
Time = 0.0309486

PIMPLE: iteration 1
smoothSolver:  Solving for alpha.water, Initial residual = 0.00153876, Final residual = 1.9633e-10, No Iterations 2
Phase-1 volume fraction = 0.130194  Min(alpha.water) = 0  Max(alpha.water) = 1
MULES: Correcting alpha.water
MULES: Correcting alpha.water
Phase-1 volume fraction = 0.130194  Min(alpha.water) = -1.06342e-09  Max(alpha.water) = 1
DICPCG:  Solving for p_rgh, Initial residual = 0.0241592, Final residual = 0.000247832, No Iterations 1
time step continuity errors : sum local = 0.001415, global = 1.20658e-07, cumulative = -5.5819e-06
DICPCG:  Solving for p_rgh, Initial residual = 0.000255304, Final residual = 1.22092e-05, No Iterations 10
time step continuity errors : sum local = 6.8568e-05, global = 1.22486e-06, cumulative = -4.35705e-06
DICPCG:  Solving for p_rgh, Initial residual = 2.30201e-05, Final residual = 9.18789e-08, No Iterations 37
time step continuity errors : sum local = 5.16993e-07, global = -5.87898e-09, cumulative = -4.36292e-06
ExecutionTime = 0.15 s  ClockTime = 1 s

Courant Number mean: 0.0427342 max: 0.337659
Interface Courant Number mean: 0.00212734 max: 0.337659
deltaT = 0.00635047
Time = 0.0372991

PIMPLE: iteration 1
smoothSolver:  Solving for alpha.water, Initial residual = 0.00189476, Final residual = 9.19521e-10, No Iterations 2
Phase-1 volume fraction = 0.130194  Min(alpha.water) = 0  Max(alpha.water) = 1
MULES: Correcting alpha.water
MULES: Correcting alpha.water
Phase-1 volume fraction = 0.130194  Min(alpha.water) = -7.53982e-12  Max(alpha.water) = 1
DICPCG:  Solving for p_rgh, Initial residual = 0.0300771, Final residual = 0.000243026, No Iterations 1
time step continuity errors : sum local = 0.00132086, global = 2.96054e-07, cumulative = -4.06687e-06
DICPCG:  Solving for p_rgh, Initial residual = 0.000255985, Final residual = 1.27026e-05, No Iterations 11
time step continuity errors : sum local = 6.75998e-05, global = 2.97704e-06, cumulative = -1.08983e-06
DICPCG:  Solving for p_rgh, Initial residual = 2.70561e-05, Final residual = 8.23758e-08, No Iterations 38
time step continuity errors : sum local = 4.39859e-07, global = 1.82444e-08, cumulative = -1.07159e-06
ExecutionTime = 0.16 s  ClockTime = 1 s

Courant Number mean: 0.0512829 max: 0.368111
Interface Courant Number mean: 0.00256875 max: 0.364786
deltaT = 0.00635047
Time = 0.0436495

PIMPLE: iteration 1
smoothSolver:  Solving for alpha.water, Initial residual = 0.00224815, Final residual = 1.00827e-13, No Iterations 3
Phase-1 volume fraction = 0.130194  Min(alpha.water) = 0  Max(alpha.water) = 1
MULES: Correcting alpha.water
MULES: Correcting alpha.water
Phase-1 volume fraction = 0.130194  Min(alpha.water) = -4.50427e-12  Max(alpha.water) = 1
DICPCG:  Solving for p_rgh, Initial residual = 0.0362742, Final residual = 0.000249664, No Iterations 1
time step continuity errors : sum local = 0.00128383, global = 2.63967e-07, cumulative = -8.07618e-07
DICPCG:  Solving for p_rgh, Initial residual = 0.00026615, Final residual = 1.27804e-05, No Iterations 11
time step continuity errors : sum local = 6.40564e-05, global = 4.45114e-06, cumulative = 3.64352e-06
DICPCG:  Solving for p_rgh, Initial residual = 3.03542e-05, Final residual = 7.09314e-08, No Iterations 39
time step continuity errors : sum local = 3.57012e-07, global = -2.25069e-08, cumulative = 3.62102e-06
ExecutionTime = 0.18 s  ClockTime = 1 s

Courant Number mean: 0.0596613 max: 0.405623
Interface Courant Number mean: 0.00309086 max: 0.396822
deltaT = 0.00635047
Time = 0.05

PIMPLE: iteration 1
smoothSolver:  Solving for alpha.water, Initial residual = 0.00258748, Final residual = 2.12851e-13, No Iterations 3
Phase-1 volume fraction = 0.130194  Min(alpha.water) = 0  Max(alpha.water) = 1
MULES: Correcting alpha.water
MULES: Correcting alpha.water
Phase-1 volume fraction = 0.130194  Min(alpha.water) = -9.64438e-12  Max(alpha.water) = 1
DICPCG:  Solving for p_rgh, Initial residual = 0.0427811, Final residual = 0.000266868, No Iterations 1
time step continuity errors : sum local = 0.00128654, global = 1.3749e-07, cumulative = 3.75851e-06
DICPCG:  Solving for p_rgh, Initial residual = 0.000290992, Final residual = 1.29374e-05, No Iterations 11
time step continuity errors : sum local = 6.04237e-05, global = 5.82032e-06, cumulative = 9.57883e-06
DICPCG:  Solving for p_rgh, Initial residual = 3.46791e-05, Final residual = 8.28092e-08, No Iterations 27
time step continuity errors : sum local = 3.88759e-07, global = -7.59094e-08, cumulative = 9.50292e-06
ExecutionTime = 0.22 s  ClockTime = 1 s

Courant Number mean: 0.0678406 max: 0.478531
Interface Courant Number mean: 0.00373045 max: 0.469448
deltaT = 0.00714286
Time = 0.0571429

PIMPLE: iteration 1
smoothSolver:  Solving for alpha.water, Initial residual = 0.00327682, Final residual = 4.01402e-10, No Iterations 3
Phase-1 volume fraction = 0.130194  Min(alpha.water) = 0  Max(alpha.water) = 1
MULES: Correcting alpha.water
MULES: Correcting alpha.water
Phase-1 volume fraction = 0.130194  Min(alpha.water) = -5.32258e-11  Max(alpha.water) = 1
DICPCG:  Solving for p_rgh, Initial residual = 0.0539278, Final residual = 0.000364598, No Iterations 1
time step continuity errors : sum local = 0.00202693, global = 1.77904e-07, cumulative = 9.68082e-06
DICPCG:  Solving for p_rgh, Initial residual = 0.000409699, Final residual = 1.85806e-05, No Iterations 10
time step continuity errors : sum local = 9.90592e-05, global = 9.91124e-06, cumulative = 1.95921e-05
DICPCG:  Solving for p_rgh, Initial residual = 5.60011e-05, Final residual = 8.88394e-08, No Iterations 46
time step continuity errors : sum local = 4.77058e-07, global = -7.729e-09, cumulative = 1.95843e-05
ExecutionTime = 0.24 s  ClockTime = 1 s

Courant Number mean: 0.0865446 max: 0.582331
Interface Courant Number mean: 0.00539991 max: 0.571645
deltaT = 0.00857143
Time = 0.0657143

PIMPLE: iteration 1
smoothSolver:  Solving for alpha.water, Initial residual = 0.00440035, Final residual = 1.85927e-14, No Iterations 4
Phase-1 volume fraction = 0.130194  Min(alpha.water) = 0  Max(alpha.water) = 1
MULES: Correcting alpha.water
MULES: Correcting alpha.water
Phase-1 volume fraction = 0.130194  Min(alpha.water) = -2.39999e-10  Max(alpha.water) = 1
DICPCG:  Solving for p_rgh, Initial residual = 0.0678707, Final residual = 0.000542943, No Iterations 1
time step continuity errors : sum local = 0.00383309, global = 6.97371e-07, cumulative = 2.02817e-05
DICPCG:  Solving for p_rgh, Initial residual = 0.000626045, Final residual = 2.89122e-05, No Iterations 10
time step continuity errors : sum local = 0.000193228, global = 2.45382e-05, cumulative = 4.48199e-05
DICPCG:  Solving for p_rgh, Initial residual = 9.87394e-05, Final residual = 9.11588e-08, No Iterations 49
time step continuity errors : sum local = 6.1689e-07, global = -8.00966e-09, cumulative = 4.48119e-05
ExecutionTime = 0.25 s  ClockTime = 1 s

Courant Number mean: 0.11852 max: 0.77944
Interface Courant Number mean: 0.00870889 max: 0.741386
deltaT = 0.00857143
Time = 0.0742857

PIMPLE: iteration 1
smoothSolver:  Solving for alpha.water, Initial residual = 0.00493664, Final residual = 2.07285e-10, No Iterations 4
Phase-1 volume fraction = 0.130194  Min(alpha.water) = 0  Max(alpha.water) = 1
MULES: Correcting alpha.water
MULES: Correcting alpha.water
Phase-1 volume fraction = 0.130194  Min(alpha.water) = -3.58364e-10  Max(alpha.water) = 1
DICPCG:  Solving for p_rgh, Initial residual = 0.0680085, Final residual = 0.000723114, No Iterations 1
time step continuity errors : sum local = 0.00453256, global = 2.81438e-07, cumulative = 4.50933e-05
DICPCG:  Solving for p_rgh, Initial residual = 0.00082834, Final residual = 3.95562e-05, No Iterations 10
time step continuity errors : sum local = 0.000234564, global = 3.76506e-05, cumulative = 8.27439e-05
DICPCG:  Solving for p_rgh, Initial residual = 0.000131102, Final residual = 7.87912e-08, No Iterations 46
time step continuity errors : sum local = 4.7552e-07, global = 5.35384e-08, cumulative = 8.27975e-05
ExecutionTime = 0.26 s  ClockTime = 1 s

Courant Number mean: 0.132781 max: 0.840164
Interface Courant Number mean: 0.0106518 max: 0.81562
deltaT = 0.00857143
Time = 0.0828571

PIMPLE: iteration 1
smoothSolver:  Solving for alpha.water, Initial residual = 0.00550962, Final residual = 5.58652e-10, No Iterations 4
Phase-1 volume fraction = 0.130194  Min(alpha.water) = 0  Max(alpha.water) = 1
MULES: Correcting alpha.water
MULES: Correcting alpha.water
Phase-1 volume fraction = 0.130194  Min(alpha.water) = -5.12454e-10  Max(alpha.water) = 1
DICPCG:  Solving for p_rgh, Initial residual = 0.0606894, Final residual = 0.0010333, No Iterations 1
time step continuity errors : sum local = 0.00579031, global = 3.06582e-08, cumulative = 8.28281e-05
DICPCG:  Solving for p_rgh, Initial residual = 0.00117545, Final residual = 4.68457e-05, No Iterations 11
time step continuity errors : sum local = 0.00025005, global = 4.9777e-05, cumulative = 0.000132605
DICPCG:  Solving for p_rgh, Initial residual = 0.000178183, Final residual = 9.34062e-08, No Iterations 47
time step continuity errors : sum local = 5.09937e-07, global = -1.84449e-08, cumulative = 0.000132587
ExecutionTime = 0.27 s  ClockTime = 1 s

Courant Number mean: 0.147234 max: 0.916349
Interface Courant Number mean: 0.0122909 max: 0.883127
deltaT = 0.00857143
Time = 0.0914286

PIMPLE: iteration 1
smoothSolver:  Solving for alpha.water, Initial residual = 0.00609097, Final residual = 2.42163e-09, No Iterations 4
Phase-1 volume fraction = 0.130194  Min(alpha.water) = 0  Max(alpha.water) = 1
MULES: Correcting alpha.water
MULES: Correcting alpha.water
Phase-1 volume fraction = 0.130194  Min(alpha.water) = -4.591e-09  Max(alpha.water) = 1
DICPCG:  Solving for p_rgh, Initial residual = 0.0511087, Final residual = 0.00142386, No Iterations 1
time step continuity errors : sum local = 0.00740845, global = -3.00618e-07, cumulative = 0.000132286
DICPCG:  Solving for p_rgh, Initial residual = 0.00160584, Final residual = 7.48719e-05, No Iterations 10
time step continuity errors : sum local = 0.000374565, global = 7.70699e-05, cumulative = 0.000209356
DICPCG:  Solving for p_rgh, Initial residual = 0.00023941, Final residual = 8.57234e-08, No Iterations 51
time step continuity errors : sum local = 4.39695e-07, global = -2.52687e-08, cumulative = 0.000209331
ExecutionTime = 0.28 s  ClockTime = 1 s

Courant Number mean: 0.161295 max: 1.00534
Interface Courant Number mean: 0.0135469 max: 0.938295
deltaT = 0.00857143
Time = 0.1

PIMPLE: iteration 1
smoothSolver:  Solving for alpha.water, Initial residual = 0.00660002, Final residual = 4.84531e-09, No Iterations 4
Phase-1 volume fraction = 0.130194  Min(alpha.water) = 0  Max(alpha.water) = 1
MULES: Correcting alpha.water
MULES: Correcting alpha.water
Phase-1 volume fraction = 0.130194  Min(alpha.water) = -3.42337e-09  Max(alpha.water) = 1
DICPCG:  Solving for p_rgh, Initial residual = 0.0407437, Final residual = 0.00140059, No Iterations 1
time step continuity errors : sum local = 0.00733128, global = -1.21399e-06, cumulative = 0.000208117
DICPCG:  Solving for p_rgh, Initial residual = 0.00160425, Final residual = 6.73365e-05, No Iterations 11
time step continuity errors : sum local = 0.000343551, global = 8.12271e-05, cumulative = 0.000289344
DICPCG:  Solving for p_rgh, Initial residual = 0.000239264, Final residual = 8.92611e-08, No Iterations 51
time step continuity errors : sum local = 4.67427e-07, global = -2.36338e-08, cumulative = 0.00028932
ExecutionTime = 0.32 s  ClockTime = 1 s

Courant Number mean: 0.174899 max: 1.25346
Interface Courant Number mean: 0.0160226 max: 0.992573
deltaT = 0.00714286
Time = 0.107143

PIMPLE: iteration 1
smoothSolver:  Solving for alpha.water, Initial residual = 0.00589464, Final residual = 2.70194e-09, No Iterations 4
Phase-1 volume fraction = 0.130194  Min(alpha.water) = -2.31995e-09  Max(alpha.water) = 1
MULES: Correcting alpha.water
MULES: Correcting alpha.water
Phase-1 volume fraction = 0.130194  Min(alpha.water) = -3.93463e-09  Max(alpha.water) = 1
DICPCG:  Solving for p_rgh, Initial residual = 0.0700777, Final residual = 0.000688287, No Iterations 1
time step continuity errors : sum local = 0.00317736, global = -1.14494e-06, cumulative = 0.000288175
DICPCG:  Solving for p_rgh, Initial residual = 0.000806498, Final residual = 3.67237e-05, No Iterations 11
time step continuity errors : sum local = 0.000158602, global = 3.21989e-05, cumulative = 0.000320374
DICPCG:  Solving for p_rgh, Initial residual = 0.000128564, Final residual = 8.401e-08, No Iterations 49
time step continuity errors : sum local = 3.7043e-07, global = -2.29734e-08, cumulative = 0.000320351
ExecutionTime = 0.33 s  ClockTime = 1 s

Courant Number mean: 0.154469 max: 1.24473
Interface Courant Number mean: 0.014181 max: 0.883354
deltaT = 0.00612245
Time = 0.113265

PIMPLE: iteration 1
smoothSolver:  Solving for alpha.water, Initial residual = 0.00536913, Final residual = 1.19323e-09, No Iterations 4
Phase-1 volume fraction = 0.130194  Min(alpha.water) = -1.73573e-09  Max(alpha.water) = 1
MULES: Correcting alpha.water
MULES: Correcting alpha.water
Phase-1 volume fraction = 0.130194  Min(alpha.water) = -2.93301e-09  Max(alpha.water) = 1
DICPCG:  Solving for p_rgh, Initial residual = 0.0560991, Final residual = 0.00087142, No Iterations 1
time step continuity errors : sum local = 0.00271035, global = -4.66594e-07, cumulative = 0.000319885
DICPCG:  Solving for p_rgh, Initial residual = 0.000993626, Final residual = 4.50282e-05, No Iterations 11
time step continuity errors : sum local = 0.00013293, global = 2.40644e-05, cumulative = 0.000343949
DICPCG:  Solving for p_rgh, Initial residual = 0.000143615, Final residual = 8.50896e-08, No Iterations 49
time step continuity errors : sum local = 2.56326e-07, global = -7.61384e-09, cumulative = 0.000343941
ExecutionTime = 0.35 s  ClockTime = 1 s

Courant Number mean: 0.138886 max: 1.24969
Interface Courant Number mean: 0.0127108 max: 0.794551
deltaT = 0.00524781
Time = 0.118513

PIMPLE: iteration 1
smoothSolver:  Solving for alpha.water, Initial residual = 0.00484684, Final residual = 5.15817e-10, No Iterations 4
Phase-1 volume fraction = 0.130194  Min(alpha.water) = -1.34888e-09  Max(alpha.water) = 1
MULES: Correcting alpha.water
MULES: Correcting alpha.water
Phase-1 volume fraction = 0.130194  Min(alpha.water) = -1.68652e-08  Max(alpha.water) = 1
DICPCG:  Solving for p_rgh, Initial residual = 0.0434886, Final residual = 0.00112427, No Iterations 1
time step continuity errors : sum local = 0.00244262, global = -2.73496e-07, cumulative = 0.000343668
DICPCG:  Solving for p_rgh, Initial residual = 0.00126192, Final residual = 5.35277e-05, No Iterations 11
time step continuity errors : sum local = 0.000111855, global = 2.2374e-05, cumulative = 0.000366042
DICPCG:  Solving for p_rgh, Initial residual = 0.000162376, Final residual = 9.44591e-08, No Iterations 49
time step continuity errors : sum local = 2.01031e-07, global = -7.12545e-09, cumulative = 0.000366035
ExecutionTime = 0.36 s  ClockTime = 1 s

Courant Number mean: 0.123975 max: 1.25664
Interface Courant Number mean: 0.0110757 max: 0.692521
deltaT = 0.00393586
Time = 0.122449

PIMPLE: iteration 1
smoothSolver:  Solving for alpha.water, Initial residual = 0.0037875, Final residual = 8.34563e-09, No Iterations 3
Phase-1 volume fraction = 0.130194  Min(alpha.water) = -1.13047e-09  Max(alpha.water) = 1
MULES: Correcting alpha.water
MULES: Correcting alpha.water
Phase-1 volume fraction = 0.130194  Min(alpha.water) = -4.80022e-09  Max(alpha.water) = 1
DICPCG:  Solving for p_rgh, Initial residual = 0.0288072, Final residual = 0.000928137, No Iterations 1
time step continuity errors : sum local = 0.001125, global = -2.21908e-07, cumulative = 0.000365813
DICPCG:  Solving for p_rgh, Initial residual = 0.0010201, Final residual = 4.28204e-05, No Iterations 11
time step continuity errors : sum local = 5.07254e-05, global = 1.12441e-05, cumulative = 0.000377057
DICPCG:  Solving for p_rgh, Initial residual = 0.000109352, Final residual = 8.05034e-08, No Iterations 48
time step continuity errors : sum local = 9.67183e-08, global = -5.50651e-09, cumulative = 0.000377051
ExecutionTime = 0.37 s  ClockTime = 1 s

Courant Number mean: 0.095458 max: 1.04227
Interface Courant Number mean: 0.00836389 max: 0.631847
deltaT = 0.00393586
Time = 0.126385

PIMPLE: iteration 1
smoothSolver:  Solving for alpha.water, Initial residual = 0.00388176, Final residual = 8.22011e-09, No Iterations 3
Phase-1 volume fraction = 0.130194  Min(alpha.water) = -9.38293e-10  Max(alpha.water) = 1
MULES: Correcting alpha.water
MULES: Correcting alpha.water
Phase-1 volume fraction = 0.130194  Min(alpha.water) = -8.37203e-09  Max(alpha.water) = 1
DICPCG:  Solving for p_rgh, Initial residual = 0.0300106, Final residual = 0.000894524, No Iterations 1
time step continuity errors : sum local = 0.00111861, global = -1.52996e-07, cumulative = 0.000376898
DICPCG:  Solving for p_rgh, Initial residual = 0.000996388, Final residual = 3.72788e-05, No Iterations 12
time step continuity errors : sum local = 4.55208e-05, global = 9.35858e-06, cumulative = 0.000386257
DICPCG:  Solving for p_rgh, Initial residual = 0.000106068, Final residual = 9.33187e-08, No Iterations 48
time step continuity errors : sum local = 1.15421e-07, global = -3.27451e-09, cumulative = 0.000386254
ExecutionTime = 0.38 s  ClockTime = 1 s

Courant Number mean: 0.0979725 max: 1.14794
Interface Courant Number mean: 0.00823018 max: 0.647918
deltaT = 0.00337359
Time = 0.129758

PIMPLE: iteration 1
smoothSolver:  Solving for alpha.water, Initial residual = 0.00343343, Final residual = 3.59132e-09, No Iterations 3
Phase-1 volume fraction = 0.130194  Min(alpha.water) = -7.98853e-10  Max(alpha.water) = 1
MULES: Correcting alpha.water
MULES: Correcting alpha.water
Phase-1 volume fraction = 0.130194  Min(alpha.water) = -3.69158e-09  Max(alpha.water) = 1
DICPCG:  Solving for p_rgh, Initial residual = 0.0305873, Final residual = 0.000638974, No Iterations 1
time step continuity errors : sum local = 0.000642301, global = -8.60661e-08, cumulative = 0.000386168
DICPCG:  Solving for p_rgh, Initial residual = 0.000707157, Final residual = 2.52638e-05, No Iterations 12
time step continuity errors : sum local = 2.47568e-05, global = 5.41079e-06, cumulative = 0.000391578
DICPCG:  Solving for p_rgh, Initial residual = 7.16994e-05, Final residual = 8.93011e-08, No Iterations 47
time step continuity errors : sum local = 8.84335e-08, global = -6.32757e-09, cumulative = 0.000391572
ExecutionTime = 0.39 s  ClockTime = 1 s

Courant Number mean: 0.0856991 max: 1.05238
Interface Courant Number mean: 0.00740723 max: 0.567305
deltaT = 0.00337359
Time = 0.133132

PIMPLE: iteration 1
smoothSolver:  Solving for alpha.water, Initial residual = 0.00353284, Final residual = 3.69161e-09, No Iterations 3
Phase-1 volume fraction = 0.130194  Min(alpha.water) = -6.70943e-10  Max(alpha.water) = 1
MULES: Correcting alpha.water
MULES: Correcting alpha.water
Phase-1 volume fraction = 0.130194  Min(alpha.water) = -8.03535e-08  Max(alpha.water) = 1
DICPCG:  Solving for p_rgh, Initial residual = 0.040825, Final residual = 0.000501532, No Iterations 1
time step continuity errors : sum local = 0.000557646, global = -5.87457e-08, cumulative = 0.000391513
DICPCG:  Solving for p_rgh, Initial residual = 0.000564444, Final residual = 2.24631e-05, No Iterations 12
time step continuity errors : sum local = 2.40424e-05, global = 3.69532e-06, cumulative = 0.000395209
DICPCG:  Solving for p_rgh, Initial residual = 6.45532e-05, Final residual = 9.73853e-08, No Iterations 46
time step continuity errors : sum local = 1.05217e-07, global = -3.82721e-09, cumulative = 0.000395205
ExecutionTime = 0.4 s  ClockTime = 1 s

Courant Number mean: 0.08754 max: 1.12125
Interface Courant Number mean: 0.00815042 max: 0.962085
deltaT = 0.00281133
Time = 0.135943

PIMPLE: iteration 1
smoothSolver:  Solving for alpha.water, Initial residual = 0.00303498, Final residual = 1.50168e-09, No Iterations 3
Phase-1 volume fraction = 0.130194  Min(alpha.water) = -5.81251e-10  Max(alpha.water) = 1
MULES: Correcting alpha.water
MULES: Correcting alpha.water
Phase-1 volume fraction = 0.130194  Min(alpha.water) = -1.15427e-09  Max(alpha.water) = 1
DICPCG:  Solving for p_rgh, Initial residual = 0.0319462, Final residual = 0.000544382, No Iterations 1
time step continuity errors : sum local = 0.000400944, global = -2.50839e-08, cumulative = 0.00039518
DICPCG:  Solving for p_rgh, Initial residual = 0.000597079, Final residual = 2.73599e-05, No Iterations 11
time step continuity errors : sum local = 1.95736e-05, global = 2.78787e-06, cumulative = 0.000397968
DICPCG:  Solving for p_rgh, Initial residual = 6.20189e-05, Final residual = 9.58404e-08, No Iterations 46
time step continuity errors : sum local = 6.91556e-08, global = -4.52816e-09, cumulative = 0.000397963
ExecutionTime = 0.42 s  ClockTime = 1 s

Courant Number mean: 0.0742366 max: 0.978594
Interface Courant Number mean: 0.00655801 max: 0.808719
deltaT = 0.00281133
Time = 0.138755

PIMPLE: iteration 1
smoothSolver:  Solving for alpha.water, Initial residual = 0.0031046, Final residual = 1.57952e-09, No Iterations 3
Phase-1 volume fraction = 0.130194  Min(alpha.water) = -4.98606e-10  Max(alpha.water) = 1
MULES: Correcting alpha.water
MULES: Correcting alpha.water
Phase-1 volume fraction = 0.130194  Min(alpha.water) = -4.98606e-10  Max(alpha.water) = 1
DICPCG:  Solving for p_rgh, Initial residual = 0.0313912, Final residual = 0.000717131, No Iterations 1
time step continuity errors : sum local = 0.000507068, global = -2.02719e-08, cumulative = 0.000397943
DICPCG:  Solving for p_rgh, Initial residual = 0.000788492, Final residual = 3.16063e-05, No Iterations 12
time step continuity errors : sum local = 2.17289e-05, global = 3.31692e-06, cumulative = 0.00040126
DICPCG:  Solving for p_rgh, Initial residual = 8.09091e-05, Final residual = 8.43363e-08, No Iterations 47
time step continuity errors : sum local = 5.84723e-08, global = -1.33917e-09, cumulative = 0.000401258
ExecutionTime = 0.43 s  ClockTime = 1 s

Courant Number mean: 0.0756556 max: 1.01528
Interface Courant Number mean: 0.00655047 max: 0.903678
deltaT = 0.00281133
Time = 0.141566

PIMPLE: iteration 1
smoothSolver:  Solving for alpha.water, Initial residual = 0.00317884, Final residual = 1.67685e-09, No Iterations 3
Phase-1 volume fraction = 0.130194  Min(alpha.water) = -4.20706e-10  Max(alpha.water) = 1
MULES: Correcting alpha.water
MULES: Correcting alpha.water
Phase-1 volume fraction = 0.130194  Min(alpha.water) = -4.20706e-10  Max(alpha.water) = 1
DICPCG:  Solving for p_rgh, Initial residual = 0.0282024, Final residual = 0.000799552, No Iterations 1
time step continuity errors : sum local = 0.00054407, global = -1.02238e-08, cumulative = 0.000401248
DICPCG:  Solving for p_rgh, Initial residual = 0.000875088, Final residual = 3.34646e-05, No Iterations 12
time step continuity errors : sum local = 2.22255e-05, global = 4.33309e-06, cumulative = 0.000405581
DICPCG:  Solving for p_rgh, Initial residual = 9.09602e-05, Final residual = 9.8637e-08, No Iterations 47
time step continuity errors : sum local = 6.6052e-08, global = -2.82769e-09, cumulative = 0.000405578
ExecutionTime = 0.44 s  ClockTime = 1 s

Courant Number mean: 0.0770293 max: 1.03345
Interface Courant Number mean: 0.00695942 max: 0.882516
deltaT = 0.00281133
Time = 0.144377

PIMPLE: iteration 1
smoothSolver:  Solving for alpha.water, Initial residual = 0.00323845, Final residual = 1.86175e-09, No Iterations 3
Phase-1 volume fraction = 0.130194  Min(alpha.water) = -3.45431e-10  Max(alpha.water) = 1
MULES: Correcting alpha.water
MULES: Correcting alpha.water
Phase-1 volume fraction = 0.130194  Min(alpha.water) = -3.45431e-10  Max(alpha.water) = 1
DICPCG:  Solving for p_rgh, Initial residual = 0.0269462, Final residual = 0.000681585, No Iterations 1
time step continuity errors : sum local = 0.000458941, global = -3.70524e-08, cumulative = 0.000405541
DICPCG:  Solving for p_rgh, Initial residual = 0.000758149, Final residual = 2.47092e-05, No Iterations 12
time step continuity errors : sum local = 1.62554e-05, global = 3.71114e-06, cumulative = 0.000409253
DICPCG:  Solving for p_rgh, Initial residual = 7.99835e-05, Final residual = 9.85375e-08, No Iterations 44
time step continuity errors : sum local = 6.53972e-08, global = -8.1776e-09, cumulative = 0.000409244
ExecutionTime = 0.45 s  ClockTime = 1 s

Courant Number mean: 0.0782641 max: 1.02241
Interface Courant Number mean: 0.00732523 max: 0.939728
deltaT = 0.00281133
Time = 0.147189

PIMPLE: iteration 1
smoothSolver:  Solving for alpha.water, Initial residual = 0.00328135, Final residual = 2.07758e-09, No Iterations 3
Phase-1 volume fraction = 0.130194  Min(alpha.water) = -2.70564e-10  Max(alpha.water) = 1
MULES: Correcting alpha.water
MULES: Correcting alpha.water
Phase-1 volume fraction = 0.130194  Min(alpha.water) = -3.50461e-10  Max(alpha.water) = 1
DICPCG:  Solving for p_rgh, Initial residual = 0.0268565, Final residual = 0.000676622, No Iterations 1
time step continuity errors : sum local = 0.00045689, global = -4.7628e-08, cumulative = 0.000409197
DICPCG:  Solving for p_rgh, Initial residual = 0.000749989, Final residual = 3.45901e-05, No Iterations 11
time step continuity errors : sum local = 2.28371e-05, global = 3.43894e-06, cumulative = 0.000412636
DICPCG:  Solving for p_rgh, Initial residual = 7.94327e-05, Final residual = 8.20522e-08, No Iterations 45
time step continuity errors : sum local = 5.46287e-08, global = -7.00807e-09, cumulative = 0.000412629
ExecutionTime = 0.46 s  ClockTime = 1 s

Courant Number mean: 0.0794305 max: 1.01603
Interface Courant Number mean: 0.00725391 max: 1.01603
deltaT = 0.00281133
Time = 0.15

PIMPLE: iteration 1
smoothSolver:  Solving for alpha.water, Initial residual = 0.00335267, Final residual = 2.29941e-09, No Iterations 3
Phase-1 volume fraction = 0.130194  Min(alpha.water) = -2.51199e-10  Max(alpha.water) = 1
MULES: Correcting alpha.water
MULES: Correcting alpha.water
Phase-1 volume fraction = 0.130194  Min(alpha.water) = -2.51199e-10  Max(alpha.water) = 1
DICPCG:  Solving for p_rgh, Initial residual = 0.0281487, Final residual = 0.000683373, No Iterations 1
time step continuity errors : sum local = 0.000472598, global = -3.65726e-08, cumulative = 0.000412592
DICPCG:  Solving for p_rgh, Initial residual = 0.000761816, Final residual = 2.54171e-05, No Iterations 12
time step continuity errors : sum local = 1.71666e-05, global = 3.50948e-06, cumulative = 0.000416102
DICPCG:  Solving for p_rgh, Initial residual = 7.60501e-05, Final residual = 8.75558e-08, No Iterations 45
time step continuity errors : sum local = 5.96425e-08, global = -7.24446e-09, cumulative = 0.000416094
ExecutionTime = 0.5 s  ClockTime = 1 s

Courant Number mean: 0.0805866 max: 1.01144
Interface Courant Number mean: 0.00737279 max: 1.01144
deltaT = 0.00277778
Time = 0.152778

PIMPLE: iteration 1
smoothSolver:  Solving for alpha.water, Initial residual = 0.00339006, Final residual = 2.26516e-09, No Iterations 3
Phase-1 volume fraction = 0.130194  Min(alpha.water) = -2.33497e-10  Max(alpha.water) = 1
MULES: Correcting alpha.water
MULES: Correcting alpha.water
Phase-1 volume fraction = 0.130194  Min(alpha.water) = -2.47292e-10  Max(alpha.water) = 1
DICPCG:  Solving for p_rgh, Initial residual = 0.0283435, Final residual = 0.000657218, No Iterations 1
time step continuity errors : sum local = 0.000457277, global = -3.65311e-08, cumulative = 0.000416058
DICPCG:  Solving for p_rgh, Initial residual = 0.00073629, Final residual = 2.71299e-05, No Iterations 12
time step continuity errors : sum local = 1.84527e-05, global = 3.03134e-06, cumulative = 0.000419089
DICPCG:  Solving for p_rgh, Initial residual = 7.87869e-05, Final residual = 9.7054e-08, No Iterations 45
time step continuity errors : sum local = 6.65651e-08, global = -6.64418e-09, cumulative = 0.000419083
ExecutionTime = 0.52 s  ClockTime = 1 s

Courant Number mean: 0.080826 max: 0.99388
Interface Courant Number mean: 0.00730208 max: 0.99388
deltaT = 0.00277778
Time = 0.155556

PIMPLE: iteration 1
smoothSolver:  Solving for alpha.water, Initial residual = 0.00345823, Final residual = 2.57205e-09, No Iterations 3
Phase-1 volume fraction = 0.130194  Min(alpha.water) = -2.05773e-10  Max(alpha.water) = 1
MULES: Correcting alpha.water
MULES: Correcting alpha.water
Phase-1 volume fraction = 0.130194  Min(alpha.water) = -2.75311e-10  Max(alpha.water) = 1
DICPCG:  Solving for p_rgh, Initial residual = 0.0298764, Final residual = 0.000554391, No Iterations 1
time step continuity errors : sum local = 0.000406008, global = -2.22044e-08, cumulative = 0.00041906
DICPCG:  Solving for p_rgh, Initial residual = 0.000628113, Final residual = 2.33602e-05, No Iterations 12
time step continuity errors : sum local = 1.66466e-05, global = 2.64896e-06, cumulative = 0.000421709
DICPCG:  Solving for p_rgh, Initial residual = 7.30507e-05, Final residual = 9.82182e-08, No Iterations 45
time step continuity errors : sum local = 7.05513e-08, global = -5.57062e-09, cumulative = 0.000421704
ExecutionTime = 0.53 s  ClockTime = 2 s

Courant Number mean: 0.0820663 max: 0.995445
Interface Courant Number mean: 0.00756685 max: 0.995445
deltaT = 0.00277778
Time = 0.158333

PIMPLE: iteration 1
smoothSolver:  Solving for alpha.water, Initial residual = 0.00350332, Final residual = 2.8568e-09, No Iterations 3
Phase-1 volume fraction = 0.130194  Min(alpha.water) = -1.66497e-10  Max(alpha.water) = 1
MULES: Correcting alpha.water
MULES: Correcting alpha.water
Phase-1 volume fraction = 0.130194  Min(alpha.water) = -1.35413e-09  Max(alpha.water) = 1
DICPCG:  Solving for p_rgh, Initial residual = 0.0339415, Final residual = 0.000598738, No Iterations 1
time step continuity errors : sum local = 0.000447173, global = -1.70958e-08, cumulative = 0.000421687
DICPCG:  Solving for p_rgh, Initial residual = 0.000680864, Final residual = 2.68321e-05, No Iterations 12
time step continuity errors : sum local = 1.94208e-05, global = 2.80709e-06, cumulative = 0.000424494
DICPCG:  Solving for p_rgh, Initial residual = 7.90817e-05, Final residual = 8.42007e-08, No Iterations 46
time step continuity errors : sum local = 6.14233e-08, global = -4.80776e-09, cumulative = 0.000424489
ExecutionTime = 0.54 s  ClockTime = 2 s

Courant Number mean: 0.0833483 max: 1.01055
Interface Courant Number mean: 0.00751768 max: 1.01055
deltaT = 0.00277778
Time = 0.161111

PIMPLE: iteration 1
smoothSolver:  Solving for alpha.water, Initial residual = 0.00354331, Final residual = 3.02211e-09, No Iterations 3
Phase-1 volume fraction = 0.130194  Min(alpha.water) = -1.24455e-10  Max(alpha.water) = 1
MULES: Correcting alpha.water
MULES: Correcting alpha.water
Phase-1 volume fraction = 0.130194  Min(alpha.water) = -1.69737e-09  Max(alpha.water) = 1
DICPCG:  Solving for p_rgh, Initial residual = 0.0310886, Final residual = 0.00062808, No Iterations 1
time step continuity errors : sum local = 0.000448989, global = -1.87369e-08, cumulative = 0.00042447
DICPCG:  Solving for p_rgh, Initial residual = 0.000714219, Final residual = 2.74797e-05, No Iterations 12
time step continuity errors : sum local = 1.91056e-05, global = 3.19386e-06, cumulative = 0.000427664
DICPCG:  Solving for p_rgh, Initial residual = 8.19698e-05, Final residual = 9.38543e-08, No Iterations 45
time step continuity errors : sum local = 6.57676e-08, global = -4.98209e-09, cumulative = 0.000427659
ExecutionTime = 0.54 s  ClockTime = 2 s

Courant Number mean: 0.0845759 max: 1.04242
Interface Courant Number mean: 0.00725652 max: 1.04242
deltaT = 0.00259259
Time = 0.163704

PIMPLE: iteration 1
smoothSolver:  Solving for alpha.water, Initial residual = 0.00337382, Final residual = 2.10185e-09, No Iterations 3
Phase-1 volume fraction = 0.130194  Min(alpha.water) = -8.88874e-11  Max(alpha.water) = 1
MULES: Correcting alpha.water
MULES: Correcting alpha.water
Phase-1 volume fraction = 0.130194  Min(alpha.water) = -8.88874e-11  Max(alpha.water) = 1
DICPCG:  Solving for p_rgh, Initial residual = 0.0284469, Final residual = 0.000547391, No Iterations 1
time step continuity errors : sum local = 0.000335757, global = -3.13655e-08, cumulative = 0.000427628
DICPCG:  Solving for p_rgh, Initial residual = 0.000625267, Final residual = 2.18302e-05, No Iterations 12
time step continuity errors : sum local = 1.3056e-05, global = 2.54057e-06, cumulative = 0.000430168
DICPCG:  Solving for p_rgh, Initial residual = 6.39653e-05, Final residual = 9.31552e-08, No Iterations 45
time step continuity errors : sum local = 5.61722e-08, global = -2.94233e-09, cumulative = 0.000430165
ExecutionTime = 0.55 s  ClockTime = 2 s

Courant Number mean: 0.0798335 max: 1.01261
Interface Courant Number mean: 0.00711917 max: 1.01261
deltaT = 0.00259259
Time = 0.166296

PIMPLE: iteration 1
smoothSolver:  Solving for alpha.water, Initial residual = 0.00342111, Final residual = 2.24e-09, No Iterations 3
Phase-1 volume fraction = 0.130194  Min(alpha.water) = -8.22716e-11  Max(alpha.water) = 1
MULES: Correcting alpha.water
MULES: Correcting alpha.water
Phase-1 volume fraction = 0.130194  Min(alpha.water) = -8.22716e-11  Max(alpha.water) = 1
DICPCG:  Solving for p_rgh, Initial residual = 0.0280936, Final residual = 0.00058197, No Iterations 1
time step continuity errors : sum local = 0.000351902, global = -3.044e-08, cumulative = 0.000430135
DICPCG:  Solving for p_rgh, Initial residual = 0.000666262, Final residual = 2.52712e-05, No Iterations 12
time step continuity errors : sum local = 1.49117e-05, global = 2.23295e-06, cumulative = 0.000432368
DICPCG:  Solving for p_rgh, Initial residual = 7.25371e-05, Final residual = 7.51807e-08, No Iterations 45
time step continuity errors : sum local = 4.47257e-08, global = -4.26142e-09, cumulative = 0.000432364
ExecutionTime = 0.56 s  ClockTime = 2 s

Courant Number mean: 0.0807134 max: 1.06241
Interface Courant Number mean: 0.00725802 max: 1.06241
deltaT = 0.00240741
Time = 0.168704

PIMPLE: iteration 1
smoothSolver:  Solving for alpha.water, Initial residual = 0.00322059, Final residual = 1.5145e-09, No Iterations 3
Phase-1 volume fraction = 0.130194  Min(alpha.water) = -7.55638e-11  Max(alpha.water) = 1
MULES: Correcting alpha.water
MULES: Correcting alpha.water
Phase-1 volume fraction = 0.130194  Min(alpha.water) = -7.55545e-11  Max(alpha.water) = 1
DICPCG:  Solving for p_rgh, Initial residual = 0.0256408, Final residual = 0.000588139, No Iterations 1
time step continuity errors : sum local = 0.000306818, global = -2.53535e-08, cumulative = 0.000432338
DICPCG:  Solving for p_rgh, Initial residual = 0.000668586, Final residual = 2.40088e-05, No Iterations 12
time step continuity errors : sum local = 1.22564e-05, global = 1.92573e-06, cumulative = 0.000434264
DICPCG:  Solving for p_rgh, Initial residual = 6.79997e-05, Final residual = 9.99501e-08, No Iterations 44
time step continuity errors : sum local = 5.14424e-08, global = -4.02584e-09, cumulative = 0.00043426
ExecutionTime = 0.57 s  ClockTime = 2 s

Courant Number mean: 0.0756917 max: 1.03099
Interface Courant Number mean: 0.00665568 max: 1.03099
deltaT = 0.00240741
Time = 0.171111

PIMPLE: iteration 1
smoothSolver:  Solving for alpha.water, Initial residual = 0.00324009, Final residual = 1.53492e-09, No Iterations 3
Phase-1 volume fraction = 0.130194  Min(alpha.water) = -6.61751e-11  Max(alpha.water) = 1
MULES: Correcting alpha.water
MULES: Correcting alpha.water
Phase-1 volume fraction = 0.130194  Min(alpha.water) = -6.61751e-11  Max(alpha.water) = 1
DICPCG:  Solving for p_rgh, Initial residual = 0.0246959, Final residual = 0.000633554, No Iterations 1
time step continuity errors : sum local = 0.000330025, global = -1.95502e-08, cumulative = 0.00043424
DICPCG:  Solving for p_rgh, Initial residual = 0.000724919, Final residual = 2.89424e-05, No Iterations 12
time step continuity errors : sum local = 1.47817e-05, global = 1.74827e-06, cumulative = 0.000435989
DICPCG:  Solving for p_rgh, Initial residual = 7.95234e-05, Final residual = 8.13505e-08, No Iterations 44
time step continuity errors : sum local = 4.18852e-08, global = -2.6993e-09, cumulative = 0.000435986
ExecutionTime = 0.58 s  ClockTime = 2 s

Courant Number mean: 0.0765265 max: 1.0793
Interface Courant Number mean: 0.00644908 max: 1.04469
deltaT = 0.00222222
Time = 0.173333

PIMPLE: iteration 1
smoothSolver:  Solving for alpha.water, Initial residual = 0.00302813, Final residual = 9.57888e-10, No Iterations 3
Phase-1 volume fraction = 0.130194  Min(alpha.water) = -5.63218e-11  Max(alpha.water) = 1
MULES: Correcting alpha.water
MULES: Correcting alpha.water
Phase-1 volume fraction = 0.130194  Min(alpha.water) = -1.42307e-10  Max(alpha.water) = 1
DICPCG:  Solving for p_rgh, Initial residual = 0.0216588, Final residual = 0.000591885, No Iterations 1
time step continuity errors : sum local = 0.000265754, global = -1.0311e-08, cumulative = 0.000435976
DICPCG:  Solving for p_rgh, Initial residual = 0.000683294, Final residual = 2.61406e-05, No Iterations 12
time step continuity errors : sum local = 1.15402e-05, global = 1.46178e-06, cumulative = 0.000437437
DICPCG:  Solving for p_rgh, Initial residual = 7.058e-05, Final residual = 8.75974e-08, No Iterations 43
time step continuity errors : sum local = 3.89927e-08, global = -6.57991e-10, cumulative = 0.000437437
ExecutionTime = 0.6 s  ClockTime = 2 s

Courant Number mean: 0.0713811 max: 1.03615
Interface Courant Number mean: 0.00593344 max: 0.993228
deltaT = 0.00222222
Time = 0.175556

PIMPLE: iteration 1
smoothSolver:  Solving for alpha.water, Initial residual = 0.00307298, Final residual = 9.55384e-10, No Iterations 3
Phase-1 volume fraction = 0.130194  Min(alpha.water) = -4.64264e-11  Max(alpha.water) = 1
MULES: Correcting alpha.water
MULES: Correcting alpha.water
Phase-1 volume fraction = 0.130194  Min(alpha.water) = -1.18324e-09  Max(alpha.water) = 1
DICPCG:  Solving for p_rgh, Initial residual = 0.0221646, Final residual = 0.000633162, No Iterations 1
time step continuity errors : sum local = 0.000289147, global = -5.6588e-09, cumulative = 0.000437431
DICPCG:  Solving for p_rgh, Initial residual = 0.000738742, Final residual = 3.58484e-05, No Iterations 8
time step continuity errors : sum local = 1.61056e-05, global = 1.44264e-07, cumulative = 0.000437575
DICPCG:  Solving for p_rgh, Initial residual = 8.84715e-05, Final residual = 9.70045e-08, No Iterations 44
time step continuity errors : sum local = 4.38435e-08, global = 1.01401e-09, cumulative = 0.000437576
ExecutionTime = 0.61 s  ClockTime = 2 s

Courant Number mean: 0.0720879 max: 1.07779
Interface Courant Number mean: 0.00582902 max: 1.01864
deltaT = 0.00203704
Time = 0.177593

PIMPLE: iteration 1
smoothSolver:  Solving for alpha.water, Initial residual = 0.00284867, Final residual = 5.87481e-10, No Iterations 3
Phase-1 volume fraction = 0.130194  Min(alpha.water) = -3.82651e-11  Max(alpha.water) = 1
MULES: Correcting alpha.water
MULES: Correcting alpha.water
Phase-1 volume fraction = 0.130194  Min(alpha.water) = -2.32789e-10  Max(alpha.water) = 1
DICPCG:  Solving for p_rgh, Initial residual = 0.0209937, Final residual = 0.000497723, No Iterations 1
time step continuity errors : sum local = 0.000200784, global = 1.27379e-09, cumulative = 0.000437578
DICPCG:  Solving for p_rgh, Initial residual = 0.000592174, Final residual = 2.79135e-05, No Iterations 8
time step continuity errors : sum local = 1.10908e-05, global = 5.42886e-08, cumulative = 0.000437632
DICPCG:  Solving for p_rgh, Initial residual = 7.11389e-05, Final residual = 8.77703e-08, No Iterations 43
time step continuity errors : sum local = 3.50768e-08, global = 2.41533e-09, cumulative = 0.000437634
ExecutionTime = 0.62 s  ClockTime = 2 s

Courant Number mean: 0.0666703 max: 1.02022
Interface Courant Number mean: 0.00527962 max: 0.946775
deltaT = 0.00203704
Time = 0.17963

PIMPLE: iteration 1
smoothSolver:  Solving for alpha.water, Initial residual = 0.00289539, Final residual = 5.95908e-10, No Iterations 3
Phase-1 volume fraction = 0.130194  Min(alpha.water) = -3.27185e-11  Max(alpha.water) = 1
MULES: Correcting alpha.water
MULES: Correcting alpha.water
Phase-1 volume fraction = 0.130194  Min(alpha.water) = -9.74826e-11  Max(alpha.water) = 1
DICPCG:  Solving for p_rgh, Initial residual = 0.0249177, Final residual = 0.000405518, No Iterations 1
time step continuity errors : sum local = 0.000174557, global = 6.27909e-09, cumulative = 0.000437641
DICPCG:  Solving for p_rgh, Initial residual = 0.00049274, Final residual = 2.26117e-05, No Iterations 12
time step continuity errors : sum local = 9.53292e-06, global = 7.26582e-07, cumulative = 0.000438367
DICPCG:  Solving for p_rgh, Initial residual = 6.67707e-05, Final residual = 8.57536e-08, No Iterations 45
time step continuity errors : sum local = 3.64663e-08, global = 2.11177e-09, cumulative = 0.000438369
ExecutionTime = 0.63 s  ClockTime = 2 s

Courant Number mean: 0.067232 max: 1.0449
Interface Courant Number mean: 0.00550388 max: 0.946104
deltaT = 0.00203704
Time = 0.181667

PIMPLE: iteration 1
smoothSolver:  Solving for alpha.water, Initial residual = 0.00292363, Final residual = 6.11637e-10, No Iterations 3
Phase-1 volume fraction = 0.130194  Min(alpha.water) = -3.16733e-11  Max(alpha.water) = 1
MULES: Correcting alpha.water
MULES: Correcting alpha.water
Phase-1 volume fraction = 0.130194  Min(alpha.water) = -3.27792e-11  Max(alpha.water) = 1
DICPCG:  Solving for p_rgh, Initial residual = 0.0242837, Final residual = 0.000456799, No Iterations 1
time step continuity errors : sum local = 0.000192896, global = -6.42355e-09, cumulative = 0.000438363
DICPCG:  Solving for p_rgh, Initial residual = 0.000555536, Final residual = 2.63662e-05, No Iterations 12
time step continuity errors : sum local = 1.09297e-05, global = 6.81464e-07, cumulative = 0.000439044
DICPCG:  Solving for p_rgh, Initial residual = 8.66856e-05, Final residual = 8.89907e-08, No Iterations 44
time step continuity errors : sum local = 3.72777e-08, global = 5.52864e-09, cumulative = 0.00043905
ExecutionTime = 0.64 s  ClockTime = 2 s

Courant Number mean: 0.0677959 max: 1.03897
Interface Courant Number mean: 0.00564578 max: 1.03897
deltaT = 0.00203704
Time = 0.183704

PIMPLE: iteration 1
smoothSolver:  Solving for alpha.water, Initial residual = 0.0029541, Final residual = 6.1567e-10, No Iterations 3
Phase-1 volume fraction = 0.130194  Min(alpha.water) = -3.03859e-11  Max(alpha.water) = 1
MULES: Correcting alpha.water
MULES: Correcting alpha.water
Phase-1 volume fraction = 0.130194  Min(alpha.water) = -5.98578e-11  Max(alpha.water) = 1
DICPCG:  Solving for p_rgh, Initial residual = 0.0238768, Final residual = 0.000467056, No Iterations 1
time step continuity errors : sum local = 0.000195114, global = 3.33092e-09, cumulative = 0.000439053
DICPCG:  Solving for p_rgh, Initial residual = 0.000573308, Final residual = 2.29897e-05, No Iterations 13
time step continuity errors : sum local = 9.41234e-06, global = 8.08697e-07, cumulative = 0.000439862
DICPCG:  Solving for p_rgh, Initial residual = 9.44086e-05, Final residual = 8.14843e-08, No Iterations 49
time step continuity errors : sum local = 3.36833e-08, global = -1.24387e-09, cumulative = 0.000439861
ExecutionTime = 0.65 s  ClockTime = 2 s

Courant Number mean: 0.0683537 max: 0.996369
Interface Courant Number mean: 0.00561729 max: 0.996369
deltaT = 0.00203704
Time = 0.185741

PIMPLE: iteration 1
smoothSolver:  Solving for alpha.water, Initial residual = 0.00299466, Final residual = 6.12494e-10, No Iterations 3
Phase-1 volume fraction = 0.130194  Min(alpha.water) = -2.88882e-11  Max(alpha.water) = 1
MULES: Correcting alpha.water
MULES: Correcting alpha.water
Phase-1 volume fraction = 0.130194  Min(alpha.water) = -1.57345e-09  Max(alpha.water) = 1
DICPCG:  Solving for p_rgh, Initial residual = 0.0217743, Final residual = 0.000526659, No Iterations 1
time step continuity errors : sum local = 0.000213771, global = -1.32618e-08, cumulative = 0.000439847
DICPCG:  Solving for p_rgh, Initial residual = 0.000632056, Final residual = 3.02424e-05, No Iterations 12
time step continuity errors : sum local = 1.20643e-05, global = 7.40242e-07, cumulative = 0.000440588
DICPCG:  Solving for p_rgh, Initial residual = 9.53721e-05, Final residual = 7.07152e-08, No Iterations 49
time step continuity errors : sum local = 2.8466e-08, global = -1.38909e-09, cumulative = 0.000440586
ExecutionTime = 0.66 s  ClockTime = 2 s

Courant Number mean: 0.0689168 max: 0.951734
Interface Courant Number mean: 0.0058721 max: 0.951734
deltaT = 0.00203704
Time = 0.187778

PIMPLE: iteration 1
smoothSolver:  Solving for alpha.water, Initial residual = 0.00302752, Final residual = 6.0231e-10, No Iterations 3
Phase-1 volume fraction = 0.130194  Min(alpha.water) = -2.72006e-11  Max(alpha.water) = 1
MULES: Correcting alpha.water
MULES: Correcting alpha.water
Phase-1 volume fraction = 0.130194  Min(alpha.water) = -1.55594e-09  Max(alpha.water) = 1
DICPCG:  Solving for p_rgh, Initial residual = 0.0217291, Final residual = 0.00060469, No Iterations 1
time step continuity errors : sum local = 0.000244336, global = -5.20751e-09, cumulative = 0.000440581
DICPCG:  Solving for p_rgh, Initial residual = 0.000730684, Final residual = 2.48373e-05, No Iterations 14
time step continuity errors : sum local = 9.87486e-06, global = 7.66516e-07, cumulative = 0.000441348
DICPCG:  Solving for p_rgh, Initial residual = 0.000116661, Final residual = 9.00528e-08, No Iterations 49
time step continuity errors : sum local = 3.62353e-08, global = -8.74431e-10, cumulative = 0.000441347
ExecutionTime = 0.67 s  ClockTime = 2 s

Courant Number mean: 0.0694986 max: 0.888239
Interface Courant Number mean: 0.00636874 max: 0.888239
deltaT = 0.00244444
Time = 0.190222

PIMPLE: iteration 1
smoothSolver:  Solving for alpha.water, Initial residual = 0.00369223, Final residual = 1.74492e-09, No Iterations 3
Phase-1 volume fraction = 0.130194  Min(alpha.water) = -2.46145e-11  Max(alpha.water) = 1
MULES: Correcting alpha.water
MULES: Correcting alpha.water
Phase-1 volume fraction = 0.130194  Min(alpha.water) = -9.37e-11  Max(alpha.water) = 1
DICPCG:  Solving for p_rgh, Initial residual = 0.0219606, Final residual = 0.000702273, No Iterations 1
time step continuity errors : sum local = 0.000397512, global = -3.67333e-09, cumulative = 0.000441343
DICPCG:  Solving for p_rgh, Initial residual = 0.000835469, Final residual = 2.72559e-05, No Iterations 14
time step continuity errors : sum local = 1.51924e-05, global = 1.16903e-06, cumulative = 0.000442512
DICPCG:  Solving for p_rgh, Initial residual = 0.000137859, Final residual = 9.53329e-08, No Iterations 49
time step continuity errors : sum local = 5.40365e-08, global = -1.25266e-09, cumulative = 0.000442511
ExecutionTime = 0.68 s  ClockTime = 2 s

Courant Number mean: 0.0842653 max: 1.00113
Interface Courant Number mean: 0.00730688 max: 1.00113
deltaT = 0.00244444
Time = 0.192667

PIMPLE: iteration 1
smoothSolver:  Solving for alpha.water, Initial residual = 0.0037264, Final residual = 1.75571e-09, No Iterations 3
Phase-1 volume fraction = 0.130194  Min(alpha.water) = -2.1381e-11  Max(alpha.water) = 1
MULES: Correcting alpha.water
MULES: Correcting alpha.water
Phase-1 volume fraction = 0.130194  Min(alpha.water) = -3.12924e-11  Max(alpha.water) = 1
DICPCG:  Solving for p_rgh, Initial residual = 0.0213933, Final residual = 0.000643232, No Iterations 1
time step continuity errors : sum local = 0.000367184, global = -7.64796e-09, cumulative = 0.000442503
DICPCG:  Solving for p_rgh, Initial residual = 0.00077056, Final residual = 3.60764e-05, No Iterations 13
time step continuity errors : sum local = 2.02767e-05, global = 1.58185e-06, cumulative = 0.000444085
DICPCG:  Solving for p_rgh, Initial residual = 0.000122648, Final residual = 9.44431e-08, No Iterations 46
time step continuity errors : sum local = 5.3805e-08, global = 1.92519e-09, cumulative = 0.000444087
ExecutionTime = 0.69 s  ClockTime = 2 s

Courant Number mean: 0.085002 max: 0.958212
Interface Courant Number mean: 0.00739733 max: 0.958212
deltaT = 0.00244444
Time = 0.195111

PIMPLE: iteration 1
smoothSolver:  Solving for alpha.water, Initial residual = 0.00375681, Final residual = 1.77125e-09, No Iterations 3
Phase-1 volume fraction = 0.130194  Min(alpha.water) = -1.75813e-11  Max(alpha.water) = 1
MULES: Correcting alpha.water
MULES: Correcting alpha.water
Phase-1 volume fraction = 0.130194  Min(alpha.water) = -1.75813e-11  Max(alpha.water) = 1
DICPCG:  Solving for p_rgh, Initial residual = 0.0214501, Final residual = 0.000650797, No Iterations 1
time step continuity errors : sum local = 0.000377685, global = -9.01527e-09, cumulative = 0.000444078
DICPCG:  Solving for p_rgh, Initial residual = 0.000763316, Final residual = 2.567e-05, No Iterations 14
time step continuity errors : sum local = 1.46895e-05, global = 1.77906e-06, cumulative = 0.000445857
DICPCG:  Solving for p_rgh, Initial residual = 0.000113047, Final residual = 7.33511e-08, No Iterations 45
time step continuity errors : sum local = 4.26994e-08, global = -1.1265e-09, cumulative = 0.000445856
ExecutionTime = 0.7 s  ClockTime = 2 s

Courant Number mean: 0.0856266 max: 0.962892
Interface Courant Number mean: 0.00748732 max: 0.962892
deltaT = 0.00244444
Time = 0.197556

PIMPLE: iteration 1
smoothSolver:  Solving for alpha.water, Initial residual = 0.00380454, Final residual = 1.80612e-09, No Iterations 3
Phase-1 volume fraction = 0.130194  Min(alpha.water) = -1.68717e-11  Max(alpha.water) = 1
MULES: Correcting alpha.water
MULES: Correcting alpha.water
Phase-1 volume fraction = 0.130194  Min(alpha.water) = -2.0151e-11  Max(alpha.water) = 1
DICPCG:  Solving for p_rgh, Initial residual = 0.0217747, Final residual = 0.000613927, No Iterations 1
time step continuity errors : sum local = 0.000364885, global = -2.91477e-08, cumulative = 0.000445827
DICPCG:  Solving for p_rgh, Initial residual = 0.00070805, Final residual = 3.51935e-05, No Iterations 13
time step continuity errors : sum local = 2.06003e-05, global = 1.56819e-06, cumulative = 0.000447395
DICPCG:  Solving for p_rgh, Initial residual = 0.000115022, Final residual = 7.96685e-08, No Iterations 49
time step continuity errors : sum local = 4.73574e-08, global = -1.10911e-09, cumulative = 0.000447394
ExecutionTime = 0.71 s  ClockTime = 2 s

Courant Number mean: 0.0861383 max: 0.95937
Interface Courant Number mean: 0.00825666 max: 0.95937
deltaT = 0.00244444
Time = 0.2

PIMPLE: iteration 1
smoothSolver:  Solving for alpha.water, Initial residual = 0.00390482, Final residual = 1.83353e-09, No Iterations 3
Phase-1 volume fraction = 0.130194  Min(alpha.water) = -1.57484e-11  Max(alpha.water) = 1
MULES: Correcting alpha.water
MULES: Correcting alpha.water
Phase-1 volume fraction = 0.130194  Min(alpha.water) = -2.33425e-10  Max(alpha.water) = 1
DICPCG:  Solving for p_rgh, Initial residual = 0.0211931, Final residual = 0.000587982, No Iterations 1
time step continuity errors : sum local = 0.0003582, global = -2.0778e-08, cumulative = 0.000447373
DICPCG:  Solving for p_rgh, Initial residual = 0.000686767, Final residual = 3.33741e-05, No Iterations 13
time step continuity errors : sum local = 2.00421e-05, global = 1.42845e-06, cumulative = 0.000448801
DICPCG:  Solving for p_rgh, Initial residual = 0.000111981, Final residual = 7.50567e-08, No Iterations 49
time step continuity errors : sum local = 4.5757e-08, global = -4.67339e-10, cumulative = 0.000448801
ExecutionTime = 0.76 s  ClockTime = 2 s

Courant Number mean: 0.08661 max: 0.955952
Interface Courant Number mean: 0.00804659 max: 0.955952
deltaT = 0.0025
Time = 0.2025

PIMPLE: iteration 1
smoothSolver:  Solving for alpha.water, Initial residual = 0.00407787, Final residual = 2.10621e-09, No Iterations 3
Phase-1 volume fraction = 0.130194  Min(alpha.water) = -1.41489e-11  Max(alpha.water) = 1
MULES: Correcting alpha.water
MULES: Correcting alpha.water
Phase-1 volume fraction = 0.130194  Min(alpha.water) = -1.91137e-09  Max(alpha.water) = 1
DICPCG:  Solving for p_rgh, Initial residual = 0.024651, Final residual = 0.00052443, No Iterations 1
time step continuity errors : sum local = 0.000354518, global = -1.42104e-08, cumulative = 0.000448787
DICPCG:  Solving for p_rgh, Initial residual = 0.000615287, Final residual = 2.37552e-05, No Iterations 14
time step continuity errors : sum local = 1.57459e-05, global = 1.1126e-06, cumulative = 0.000449899
DICPCG:  Solving for p_rgh, Initial residual = 0.00010428, Final residual = 8.38876e-08, No Iterations 35
time step continuity errors : sum local = 5.64941e-08, global = -1.54531e-08, cumulative = 0.000449884
ExecutionTime = 0.77 s  ClockTime = 2 s

Courant Number mean: 0.0890168 max: 0.968503
Interface Courant Number mean: 0.0095701 max: 0.968503
deltaT = 0.00263889
Time = 0.205139

PIMPLE: iteration 1
smoothSolver:  Solving for alpha.water, Initial residual = 0.00433887, Final residual = 2.88137e-09, No Iterations 3
Phase-1 volume fraction = 0.130194  Min(alpha.water) = -1.18212e-11  Max(alpha.water) = 1
MULES: Correcting alpha.water
MULES: Correcting alpha.water
Phase-1 volume fraction = 0.130194  Min(alpha.water) = -3.57733e-09  Max(alpha.water) = 1
DICPCG:  Solving for p_rgh, Initial residual = 0.0244206, Final residual = 0.000543024, No Iterations 1
time step continuity errors : sum local = 0.000408088, global = -4.53197e-08, cumulative = 0.000449839
DICPCG:  Solving for p_rgh, Initial residual = 0.00065277, Final residual = 2.23747e-05, No Iterations 14
time step continuity errors : sum local = 1.64949e-05, global = 1.3041e-06, cumulative = 0.000451143
DICPCG:  Solving for p_rgh, Initial residual = 0.000107268, Final residual = 9.59581e-08, No Iterations 47
time step continuity errors : sum local = 7.17646e-08, global = -4.6822e-09, cumulative = 0.000451138
ExecutionTime = 0.78 s  ClockTime = 2 s

Courant Number mean: 0.0944844 max: 1.00895
Interface Courant Number mean: 0.00976377 max: 1.00895
deltaT = 0.00263889
Time = 0.207778

PIMPLE: iteration 1
smoothSolver:  Solving for alpha.water, Initial residual = 0.00437203, Final residual = 2.89127e-09, No Iterations 3
Phase-1 volume fraction = 0.130194  Min(alpha.water) = -9.03651e-12  Max(alpha.water) = 1
MULES: Correcting alpha.water
MULES: Correcting alpha.water
Phase-1 volume fraction = 0.130194  Min(alpha.water) = -2.97207e-09  Max(alpha.water) = 1
DICPCG:  Solving for p_rgh, Initial residual = 0.0229382, Final residual = 0.000550229, No Iterations 1
time step continuity errors : sum local = 0.000410735, global = -3.21987e-09, cumulative = 0.000451135
DICPCG:  Solving for p_rgh, Initial residual = 0.000657488, Final residual = 2.26682e-05, No Iterations 14
time step continuity errors : sum local = 1.66193e-05, global = 1.60959e-06, cumulative = 0.000452744
DICPCG:  Solving for p_rgh, Initial residual = 0.000108577, Final residual = 7.92172e-08, No Iterations 48
time step continuity errors : sum local = 5.89749e-08, global = -2.92848e-09, cumulative = 0.000452741
ExecutionTime = 0.79 s  ClockTime = 2 s

Courant Number mean: 0.094894 max: 1.00207
Interface Courant Number mean: 0.0100042 max: 1.00207
deltaT = 0.00263889
Time = 0.210417

PIMPLE: iteration 1
smoothSolver:  Solving for alpha.water, Initial residual = 0.00445852, Final residual = 2.93044e-09, No Iterations 3
Phase-1 volume fraction = 0.130194  Min(alpha.water) = -6.1099e-12  Max(alpha.water) = 1
MULES: Correcting alpha.water
MULES: Correcting alpha.water
Phase-1 volume fraction = 0.130194  Min(alpha.water) = -2.17052e-09  Max(alpha.water) = 1
DICPCG:  Solving for p_rgh, Initial residual = 0.021226, Final residual = 0.000587486, No Iterations 1
time step continuity errors : sum local = 0.000435457, global = -2.59337e-08, cumulative = 0.000452716
DICPCG:  Solving for p_rgh, Initial residual = 0.000700114, Final residual = 3.38833e-05, No Iterations 10
time step continuity errors : sum local = 2.4706e-05, global = 2.82306e-07, cumulative = 0.000452998
DICPCG:  Solving for p_rgh, Initial residual = 0.000115463, Final residual = 8.63736e-08, No Iterations 48
time step continuity errors : sum local = 6.37393e-08, global = -2.46e-09, cumulative = 0.000452995
ExecutionTime = 0.8 s  ClockTime = 2 s

Courant Number mean: 0.0952476 max: 0.982589
Interface Courant Number mean: 0.0102925 max: 0.982589
deltaT = 0.00263889
Time = 0.213056

PIMPLE: iteration 1
smoothSolver:  Solving for alpha.water, Initial residual = 0.00450825, Final residual = 2.9449e-09, No Iterations 3
Phase-1 volume fraction = 0.130194  Min(alpha.water) = -3.74564e-12  Max(alpha.water) = 1
MULES: Correcting alpha.water
MULES: Correcting alpha.water
Phase-1 volume fraction = 0.130194  Min(alpha.water) = -7.05751e-11  Max(alpha.water) = 1
DICPCG:  Solving for p_rgh, Initial residual = 0.0200236, Final residual = 0.000600897, No Iterations 1
time step continuity errors : sum local = 0.00044576, global = -8.92765e-09, cumulative = 0.000452986
DICPCG:  Solving for p_rgh, Initial residual = 0.000702658, Final residual = 3.38874e-05, No Iterations 9
time step continuity errors : sum local = 2.47715e-05, global = 8.18327e-08, cumulative = 0.000453068
DICPCG:  Solving for p_rgh, Initial residual = 0.000117115, Final residual = 9.49228e-08, No Iterations 35
time step continuity errors : sum local = 6.99867e-08, global = 3.03153e-08, cumulative = 0.000453099
ExecutionTime = 0.82 s  ClockTime = 2 s

Courant Number mean: 0.0955856 max: 0.988615
Interface Courant Number mean: 0.0107527 max: 0.988615
deltaT = 0.00263889
Time = 0.215694

PIMPLE: iteration 1
smoothSolver:  Solving for alpha.water, Initial residual = 0.0046161, Final residual = 3.03244e-09, No Iterations 3
Phase-1 volume fraction = 0.130194  Min(alpha.water) = -3.16107e-12  Max(alpha.water) = 1
MULES: Correcting alpha.water
MULES: Correcting alpha.water
Phase-1 volume fraction = 0.130194  Min(alpha.water) = -7.69038e-07  Max(alpha.water) = 1
DICPCG:  Solving for p_rgh, Initial residual = 0.0199816, Final residual = 0.000593692, No Iterations 1
time step continuity errors : sum local = 0.000443553, global = 5.93707e-08, cumulative = 0.000453158
DICPCG:  Solving for p_rgh, Initial residual = 0.000694304, Final residual = 3.11469e-05, No Iterations 9
time step continuity errors : sum local = 2.29218e-05, global = 1.01998e-07, cumulative = 0.00045326
DICPCG:  Solving for p_rgh, Initial residual = 0.000116599, Final residual = 8.36316e-08, No Iterations 47
time step continuity errors : sum local = 6.19403e-08, global = -2.9171e-09, cumulative = 0.000453257
ExecutionTime = 0.83 s  ClockTime = 2 s

Courant Number mean: 0.0959132 max: 0.979134
Interface Courant Number mean: 0.0104874 max: 0.979134
deltaT = 0.00263889
Time = 0.218333

PIMPLE: iteration 1
smoothSolver:  Solving for alpha.water, Initial residual = 0.00466194, Final residual = 3.10191e-09, No Iterations 3
Phase-1 volume fraction = 0.130194  Min(alpha.water) = -2.77628e-12  Max(alpha.water) = 1
MULES: Correcting alpha.water
MULES: Correcting alpha.water
Phase-1 volume fraction = 0.130194  Min(alpha.water) = -1.34242e-06  Max(alpha.water) = 1
DICPCG:  Solving for p_rgh, Initial residual = 0.0194146, Final residual = 0.000613759, No Iterations 1
time step continuity errors : sum local = 0.000461596, global = -3.74476e-08, cumulative = 0.00045322
DICPCG:  Solving for p_rgh, Initial residual = 0.000715699, Final residual = 2.75398e-05, No Iterations 8
time step continuity errors : sum local = 2.04269e-05, global = -4.37526e-08, cumulative = 0.000453176
DICPCG:  Solving for p_rgh, Initial residual = 0.000118526, Final residual = 8.92335e-08, No Iterations 48
time step continuity errors : sum local = 6.64112e-08, global = -4.19634e-09, cumulative = 0.000453172
ExecutionTime = 0.84 s  ClockTime = 2 s

Courant Number mean: 0.0963343 max: 0.954088
Interface Courant Number mean: 0.0103984 max: 0.954088
deltaT = 0.00287879
Time = 0.221212

PIMPLE: iteration 1
smoothSolver:  Solving for alpha.water, Initial residual = 0.00526515, Final residual = 5.17855e-09, No Iterations 3
Phase-1 volume fraction = 0.130194  Min(alpha.water) = -2.41494e-12  Max(alpha.water) = 1
MULES: Correcting alpha.water
MULES: Correcting alpha.water
Phase-1 volume fraction = 0.130194  Min(alpha.water) = -1.71156e-06  Max(alpha.water) = 1
DICPCG:  Solving for p_rgh, Initial residual = 0.0205651, Final residual = 0.000645163, No Iterations 1
time step continuity errors : sum local = 0.000579815, global = -7.13659e-09, cumulative = 0.000453165
DICPCG:  Solving for p_rgh, Initial residual = 0.000757052, Final residual = 3.46263e-05, No Iterations 9
time step continuity errors : sum local = 3.06803e-05, global = 6.36e-08, cumulative = 0.000453228
DICPCG:  Solving for p_rgh, Initial residual = 0.000134867, Final residual = 8.23517e-08, No Iterations 49
time step continuity errors : sum local = 7.34199e-08, global = -4.97228e-09, cumulative = 0.000453223
ExecutionTime = 0.85 s  ClockTime = 2 s

Courant Number mean: 0.105486 max: 1.00655
Interface Courant Number mean: 0.011684 max: 1.00655
deltaT = 0.00287879
Time = 0.224091

PIMPLE: iteration 1
smoothSolver:  Solving for alpha.water, Initial residual = 0.00533367, Final residual = 5.19302e-09, No Iterations 3
Phase-1 volume fraction = 0.130194  Min(alpha.water) = -2.00365e-12  Max(alpha.water) = 1
MULES: Correcting alpha.water
MULES: Correcting alpha.water
Phase-1 volume fraction = 0.130194  Min(alpha.water) = -4.00337e-06  Max(alpha.water) = 1
DICPCG:  Solving for p_rgh, Initial residual = 0.0195963, Final residual = 0.000649392, No Iterations 1
time step continuity errors : sum local = 0.000594561, global = 4.81954e-09, cumulative = 0.000453228
DICPCG:  Solving for p_rgh, Initial residual = 0.000753061, Final residual = 3.64135e-05, No Iterations 10
time step continuity errors : sum local = 3.29385e-05, global = 1.99002e-07, cumulative = 0.000453427
DICPCG:  Solving for p_rgh, Initial residual = 0.000129281, Final residual = 6.02141e-08, No Iterations 50
time step continuity errors : sum local = 5.48217e-08, global = -3.11236e-09, cumulative = 0.000453424
ExecutionTime = 0.86 s  ClockTime = 2 s

Courant Number mean: 0.105658 max: 0.975167
Interface Courant Number mean: 0.0123601 max: 0.975167
deltaT = 0.00287879
Time = 0.22697

PIMPLE: iteration 1
smoothSolver:  Solving for alpha.water, Initial residual = 0.00536362, Final residual = 5.14682e-09, No Iterations 3
Phase-1 volume fraction = 0.130194  Min(alpha.water) = -1.7878e-12  Max(alpha.water) = 1
MULES: Correcting alpha.water
MULES: Correcting alpha.water
Phase-1 volume fraction = 0.130194  Min(alpha.water) = -2.93712e-06  Max(alpha.water) = 1
DICPCG:  Solving for p_rgh, Initial residual = 0.0221184, Final residual = 0.000563146, No Iterations 1
time step continuity errors : sum local = 0.000531402, global = 5.34542e-09, cumulative = 0.000453429
DICPCG:  Solving for p_rgh, Initial residual = 0.00066507, Final residual = 3.23475e-05, No Iterations 8
time step continuity errors : sum local = 3.00343e-05, global = -1.3626e-08, cumulative = 0.000453416
DICPCG:  Solving for p_rgh, Initial residual = 0.000125204, Final residual = 7.10287e-08, No Iterations 50
time step continuity errors : sum local = 6.63704e-08, global = -2.701e-09, cumulative = 0.000453413
ExecutionTime = 0.86 s  ClockTime = 2 s

Courant Number mean: 0.105871 max: 0.959756
Interface Courant Number mean: 0.0123716 max: 0.959756
deltaT = 0.00287879
Time = 0.229848

PIMPLE: iteration 1
smoothSolver:  Solving for alpha.water, Initial residual = 0.0054021, Final residual = 5.07394e-09, No Iterations 3
Phase-1 volume fraction = 0.130194  Min(alpha.water) = -1.65799e-12  Max(alpha.water) = 1
MULES: Correcting alpha.water
MULES: Correcting alpha.water
Phase-1 volume fraction = 0.130194  Min(alpha.water) = -9.33632e-07  Max(alpha.water) = 1
DICPCG:  Solving for p_rgh, Initial residual = 0.0209908, Final residual = 0.000553381, No Iterations 1
time step continuity errors : sum local = 0.000519132, global = 2.80126e-10, cumulative = 0.000453413
DICPCG:  Solving for p_rgh, Initial residual = 0.000661819, Final residual = 2.97448e-05, No Iterations 8
time step continuity errors : sum local = 2.7479e-05, global = -3.50107e-08, cumulative = 0.000453378
DICPCG:  Solving for p_rgh, Initial residual = 0.000131672, Final residual = 8.04128e-08, No Iterations 50
time step continuity errors : sum local = 7.45761e-08, global = -1.99016e-09, cumulative = 0.000453376
ExecutionTime = 0.87 s  ClockTime = 2 s

Courant Number mean: 0.106196 max: 0.955783
Interface Courant Number mean: 0.0128076 max: 0.955783
deltaT = 0.00287879
Time = 0.232727

PIMPLE: iteration 1
smoothSolver:  Solving for alpha.water, Initial residual = 0.00539822, Final residual = 5.03539e-09, No Iterations 3
Phase-1 volume fraction = 0.130194  Min(alpha.water) = -1.48408e-12  Max(alpha.water) = 1
MULES: Correcting alpha.water
MULES: Correcting alpha.water
Phase-1 volume fraction = 0.130194  Min(alpha.water) = -6.53118e-07  Max(alpha.water) = 1
DICPCG:  Solving for p_rgh, Initial residual = 0.0204525, Final residual = 0.000527678, No Iterations 1
time step continuity errors : sum local = 0.000489753, global = 1.40593e-08, cumulative = 0.00045339
DICPCG:  Solving for p_rgh, Initial residual = 0.000632343, Final residual = 2.47247e-05, No Iterations 8
time step continuity errors : sum local = 2.25811e-05, global = -3.04908e-08, cumulative = 0.00045336
DICPCG:  Solving for p_rgh, Initial residual = 0.000129699, Final residual = 9.85457e-08, No Iterations 50
time step continuity errors : sum local = 9.01357e-08, global = -1.72498e-09, cumulative = 0.000453358
ExecutionTime = 0.88 s  ClockTime = 2 s

Courant Number mean: 0.106408 max: 0.945618
Interface Courant Number mean: 0.0131509 max: 0.945618
deltaT = 0.00287879
Time = 0.235606

PIMPLE: iteration 1
smoothSolver:  Solving for alpha.water, Initial residual = 0.00549302, Final residual = 4.98234e-09, No Iterations 3
Phase-1 volume fraction = 0.130194  Min(alpha.water) = -1.26991e-12  Max(alpha.water) = 1
MULES: Correcting alpha.water
MULES: Correcting alpha.water
Phase-1 volume fraction = 0.130194  Min(alpha.water) = -5.00047e-06  Max(alpha.water) = 1
DICPCG:  Solving for p_rgh, Initial residual = 0.0185961, Final residual = 0.000560905, No Iterations 1
time step continuity errors : sum local = 0.000510217, global = 7.85093e-09, cumulative = 0.000453366
DICPCG:  Solving for p_rgh, Initial residual = 0.00066607, Final residual = 2.61919e-05, No Iterations 7
time step continuity errors : sum local = 2.35042e-05, global = -2.43585e-08, cumulative = 0.000453341
DICPCG:  Solving for p_rgh, Initial residual = 0.000131777, Final residual = 8.05362e-08, No Iterations 51
time step continuity errors : sum local = 7.22341e-08, global = 4.60375e-09, cumulative = 0.000453346
ExecutionTime = 0.9 s  ClockTime = 2 s

Courant Number mean: 0.106524 max: 0.933478
Interface Courant Number mean: 0.0136248 max: 0.933478
deltaT = 0.00287879
Time = 0.238485

PIMPLE: iteration 1
smoothSolver:  Solving for alpha.water, Initial residual = 0.00561967, Final residual = 4.84897e-09, No Iterations 3
Phase-1 volume fraction = 0.130194  Min(alpha.water) = -1.01237e-12  Max(alpha.water) = 1
MULES: Correcting alpha.water
MULES: Correcting alpha.water
Phase-1 volume fraction = 0.130194  Min(alpha.water) = -9.47284e-06  Max(alpha.water) = 1
DICPCG:  Solving for p_rgh, Initial residual = 0.0177574, Final residual = 0.000568901, No Iterations 1
time step continuity errors : sum local = 0.000512407, global = 1.89953e-08, cumulative = 0.000453365
DICPCG:  Solving for p_rgh, Initial residual = 0.000677148, Final residual = 2.58344e-05, No Iterations 7
time step continuity errors : sum local = 2.29985e-05, global = -7.1711e-09, cumulative = 0.000453358
DICPCG:  Solving for p_rgh, Initial residual = 0.000134504, Final residual = 9.31853e-08, No Iterations 50
time step continuity errors : sum local = 8.28702e-08, global = 4.07079e-10, cumulative = 0.000453358
ExecutionTime = 0.92 s  ClockTime = 2 s

Courant Number mean: 0.10672 max: 0.940014
Interface Courant Number mean: 0.0138934 max: 0.940014
deltaT = 0.00287879
Time = 0.241364

PIMPLE: iteration 1
smoothSolver:  Solving for alpha.water, Initial residual = 0.00572799, Final residual = 4.7119e-09, No Iterations 3
Phase-1 volume fraction = 0.130194  Min(alpha.water) = -7.22825e-13  Max(alpha.water) = 1
MULES: Correcting alpha.water
MULES: Correcting alpha.water
Phase-1 volume fraction = 0.130194  Min(alpha.water) = -3.50762e-06  Max(alpha.water) = 1
DICPCG:  Solving for p_rgh, Initial residual = 0.0177107, Final residual = 0.000586026, No Iterations 1
time step continuity errors : sum local = 0.000527571, global = 1.42819e-08, cumulative = 0.000453373
DICPCG:  Solving for p_rgh, Initial residual = 0.000684976, Final residual = 3.41065e-05, No Iterations 6
time step continuity errors : sum local = 3.03548e-05, global = -2.839e-09, cumulative = 0.00045337
DICPCG:  Solving for p_rgh, Initial residual = 0.000145682, Final residual = 7.76186e-08, No Iterations 51
time step continuity errors : sum local = 6.89944e-08, global = -1.08954e-09, cumulative = 0.000453369
ExecutionTime = 0.92 s  ClockTime = 2 s

Courant Number mean: 0.107009 max: 0.950766
Interface Courant Number mean: 0.0144305 max: 0.950766
deltaT = 0.00287879
Time = 0.244242

PIMPLE: iteration 1
smoothSolver:  Solving for alpha.water, Initial residual = 0.00583975, Final residual = 4.57336e-09, No Iterations 3
Phase-1 volume fraction = 0.130194  Min(alpha.water) = -5.16344e-13  Max(alpha.water) = 1
MULES: Correcting alpha.water
MULES: Correcting alpha.water
Phase-1 volume fraction = 0.130194  Min(alpha.water) = -9.68227e-06  Max(alpha.water) = 1
DICPCG:  Solving for p_rgh, Initial residual = 0.0174738, Final residual = 0.000649645, No Iterations 1
time step continuity errors : sum local = 0.000581494, global = 4.32847e-09, cumulative = 0.000453373
DICPCG:  Solving for p_rgh, Initial residual = 0.000757671, Final residual = 3.71033e-05, No Iterations 11
time step continuity errors : sum local = 3.29088e-05, global = 2.4755e-07, cumulative = 0.000453621
DICPCG:  Solving for p_rgh, Initial residual = 0.000150974, Final residual = 6.80185e-08, No Iterations 52
time step continuity errors : sum local = 5.99665e-08, global = 6.52039e-11, cumulative = 0.000453621
ExecutionTime = 0.93 s  ClockTime = 2 s

Courant Number mean: 0.107376 max: 0.961678
Interface Courant Number mean: 0.0142982 max: 0.960283
deltaT = 0.00287879
Time = 0.247121

PIMPLE: iteration 1
smoothSolver:  Solving for alpha.water, Initial residual = 0.00594908, Final residual = 4.40245e-09, No Iterations 3
Phase-1 volume fraction = 0.130194  Min(alpha.water) = -4.41014e-13  Max(alpha.water) = 1
MULES: Correcting alpha.water
MULES: Correcting alpha.water
Phase-1 volume fraction = 0.130194  Min(alpha.water) = -1.41597e-05  Max(alpha.water) = 1
DICPCG:  Solving for p_rgh, Initial residual = 0.017607, Final residual = 0.000737379, No Iterations 1
time step continuity errors : sum local = 0.000664666, global = 2.63884e-08, cumulative = 0.000453647
DICPCG:  Solving for p_rgh, Initial residual = 0.000852788, Final residual = 3.96569e-05, No Iterations 7
time step continuity errors : sum local = 3.54469e-05, global = 2.4463e-08, cumulative = 0.000453671
DICPCG:  Solving for p_rgh, Initial residual = 0.00015873, Final residual = 6.80899e-08, No Iterations 52
time step continuity errors : sum local = 6.06813e-08, global = 2.46691e-09, cumulative = 0.000453674
ExecutionTime = 0.94 s  ClockTime = 2 s

Courant Number mean: 0.107748 max: 0.970522
Interface Courant Number mean: 0.0149712 max: 0.966556
deltaT = 0.00287879
Time = 0.25

PIMPLE: iteration 1
smoothSolver:  Solving for alpha.water, Initial residual = 0.00593944, Final residual = 4.1727e-09, No Iterations 3
Phase-1 volume fraction = 0.130194  Min(alpha.water) = -1.27758e-10  Max(alpha.water) = 1
MULES: Correcting alpha.water
MULES: Correcting alpha.water
Phase-1 volume fraction = 0.130194  Min(alpha.water) = -6.24012e-06  Max(alpha.water) = 1
DICPCG:  Solving for p_rgh, Initial residual = 0.0198298, Final residual = 0.000785139, No Iterations 1
time step continuity errors : sum local = 0.000726794, global = 2.29037e-08, cumulative = 0.000453697
DICPCG:  Solving for p_rgh, Initial residual = 0.000904282, Final residual = 4.21924e-05, No Iterations 7
time step continuity errors : sum local = 3.86119e-05, global = 3.22359e-08, cumulative = 0.000453729
DICPCG:  Solving for p_rgh, Initial residual = 0.000163541, Final residual = 6.65703e-08, No Iterations 52
time step continuity errors : sum local = 6.07121e-08, global = 5.50337e-10, cumulative = 0.00045373
ExecutionTime = 0.97 s  ClockTime = 2 s

Courant Number mean: 0.108242 max: 0.976056
Interface Courant Number mean: 0.0154116 max: 0.971583
deltaT = 0.00294118
Time = 0.252941

PIMPLE: iteration 1
smoothSolver:  Solving for alpha.water, Initial residual = 0.00612276, Final residual = 4.41111e-09, No Iterations 3
Phase-1 volume fraction = 0.130194  Min(alpha.water) = -5.37261e-11  Max(alpha.water) = 1
MULES: Correcting alpha.water
MULES: Correcting alpha.water
Phase-1 volume fraction = 0.130194  Min(alpha.water) = -4.10696e-06  Max(alpha.water) = 1
DICPCG:  Solving for p_rgh, Initial residual = 0.0190427, Final residual = 0.000772845, No Iterations 1
time step continuity errors : sum local = 0.000735705, global = 1.14397e-08, cumulative = 0.000453741
DICPCG:  Solving for p_rgh, Initial residual = 0.000905261, Final residual = 4.46447e-05, No Iterations 10
time step continuity errors : sum local = 4.19803e-05, global = 4.49525e-08, cumulative = 0.000453786
DICPCG:  Solving for p_rgh, Initial residual = 0.000177559, Final residual = 6.815e-08, No Iterations 52
time step continuity errors : sum local = 6.36044e-08, global = 1.17441e-09, cumulative = 0.000453787
ExecutionTime = 0.98 s  ClockTime = 2 s

Courant Number mean: 0.111318 max: 1.00411
Interface Courant Number mean: 0.0161591 max: 1.00411
deltaT = 0.00294118
Time = 0.255882

PIMPLE: iteration 1
smoothSolver:  Solving for alpha.water, Initial residual = 0.00615376, Final residual = 4.11001e-09, No Iterations 3
Phase-1 volume fraction = 0.130194  Min(alpha.water) = -1.82974e-13  Max(alpha.water) = 1
MULES: Correcting alpha.water
MULES: Correcting alpha.water
Phase-1 volume fraction = 0.130194  Min(alpha.water) = -1.24288e-05  Max(alpha.water) = 1
DICPCG:  Solving for p_rgh, Initial residual = 0.0204255, Final residual = 0.000828322, No Iterations 1
time step continuity errors : sum local = 0.000782017, global = 1.93973e-08, cumulative = 0.000453807
DICPCG:  Solving for p_rgh, Initial residual = 0.000949843, Final residual = 3.82082e-05, No Iterations 11
time step continuity errors : sum local = 3.56008e-05, global = -1.8792e-07, cumulative = 0.000453619
DICPCG:  Solving for p_rgh, Initial residual = 0.000178521, Final residual = 7.00843e-08, No Iterations 52
time step continuity errors : sum local = 6.47343e-08, global = 1.26959e-09, cumulative = 0.00045362
ExecutionTime = 0.99 s  ClockTime = 2 s

Courant Number mean: 0.112165 max: 1.01105
Interface Courant Number mean: 0.0165035 max: 1.01105
deltaT = 0.00294118
Time = 0.258824

PIMPLE: iteration 1
smoothSolver:  Solving for alpha.water, Initial residual = 0.00626887, Final residual = 3.85973e-09, No Iterations 3
Phase-1 volume fraction = 0.130194  Min(alpha.water) = -1.58291e-13  Max(alpha.water) = 1
MULES: Correcting alpha.water
MULES: Correcting alpha.water
Phase-1 volume fraction = 0.130194  Min(alpha.water) = -1.92353e-07  Max(alpha.water) = 1
DICPCG:  Solving for p_rgh, Initial residual = 0.0189663, Final residual = 0.000309429, No Iterations 2
time step continuity errors : sum local = 0.000288399, global = 4.09179e-08, cumulative = 0.000453661
DICPCG:  Solving for p_rgh, Initial residual = 0.000442485, Final residual = 2.03823e-05, No Iterations 14
time step continuity errors : sum local = 1.87825e-05, global = 2.44852e-08, cumulative = 0.000453685
DICPCG:  Solving for p_rgh, Initial residual = 0.00012288, Final residual = 8.23532e-08, No Iterations 52
time step continuity errors : sum local = 7.51781e-08, global = 1.19992e-09, cumulative = 0.000453687
ExecutionTime = 1 s  ClockTime = 2 s

Courant Number mean: 0.113274 max: 1.01303
Interface Courant Number mean: 0.0170394 max: 1.01303
deltaT = 0.00294118
Time = 0.261765

PIMPLE: iteration 1
smoothSolver:  Solving for alpha.water, Initial residual = 0.0063034, Final residual = 3.58696e-09, No Iterations 3
Phase-1 volume fraction = 0.130194  Min(alpha.water) = -1.48045e-13  Max(alpha.water) = 1
MULES: Correcting alpha.water
MULES: Correcting alpha.water
Phase-1 volume fraction = 0.130194  Min(alpha.water) = -8.71613e-07  Max(alpha.water) = 1
DICPCG:  Solving for p_rgh, Initial residual = 0.0189526, Final residual = 0.000923491, No Iterations 1
time step continuity errors : sum local = 0.000831219, global = 2.77088e-08, cumulative = 0.000453714
DICPCG:  Solving for p_rgh, Initial residual = 0.00104141, Final residual = 4.36598e-05, No Iterations 11
time step continuity errors : sum local = 3.8813e-05, global = -5.87717e-08, cumulative = 0.000453655
DICPCG:  Solving for p_rgh, Initial residual = 0.000198099, Final residual = 8.41494e-08, No Iterations 52
time step continuity errors : sum local = 7.4027e-08, global = 2.23604e-10, cumulative = 0.000453656
ExecutionTime = 1.02 s  ClockTime = 2 s

Courant Number mean: 0.114642 max: 1.0103
Interface Courant Number mean: 0.0176753 max: 1.0103
deltaT = 0.00294118
Time = 0.264706

PIMPLE: iteration 1
smoothSolver:  Solving for alpha.water, Initial residual = 0.00642916, Final residual = 3.37287e-09, No Iterations 3
Phase-1 volume fraction = 0.130194  Min(alpha.water) = -1.38079e-13  Max(alpha.water) = 1
MULES: Correcting alpha.water
MULES: Correcting alpha.water
Phase-1 volume fraction = 0.130194  Min(alpha.water) = -2.09393e-06  Max(alpha.water) = 1
DICPCG:  Solving for p_rgh, Initial residual = 0.0189384, Final residual = 0.000335185, No Iterations 2
time step continuity errors : sum local = 0.000296627, global = 2.21997e-08, cumulative = 0.000453678
DICPCG:  Solving for p_rgh, Initial residual = 0.000511243, Final residual = 1.95275e-05, No Iterations 14
time step continuity errors : sum local = 1.70687e-05, global = 3.97014e-07, cumulative = 0.000454075
DICPCG:  Solving for p_rgh, Initial residual = 0.000133772, Final residual = 8.92539e-08, No Iterations 52
time step continuity errors : sum local = 7.72484e-08, global = 6.09329e-10, cumulative = 0.000454076
ExecutionTime = 1.03 s  ClockTime = 2 s

Courant Number mean: 0.116434 max: 1.01191
Interface Courant Number mean: 0.0183647 max: 1.01191
deltaT = 0.00294118
Time = 0.267647

PIMPLE: iteration 1
smoothSolver:  Solving for alpha.water, Initial residual = 0.00624463, Final residual = 3.16768e-09, No Iterations 3
Phase-1 volume fraction = 0.130194  Min(alpha.water) = -1.26098e-13  Max(alpha.water) = 1
MULES: Correcting alpha.water
MULES: Correcting alpha.water
Phase-1 volume fraction = 0.130194  Min(alpha.water) = -4.78328e-07  Max(alpha.water) = 1
DICPCG:  Solving for p_rgh, Initial residual = 0.0187, Final residual = 0.000389824, No Iterations 2
time step continuity errors : sum local = 0.000340746, global = 1.82072e-08, cumulative = 0.000454094
DICPCG:  Solving for p_rgh, Initial residual = 0.000544967, Final residual = 1.95616e-05, No Iterations 14
time step continuity errors : sum local = 1.69201e-05, global = -8.74067e-07, cumulative = 0.00045322
DICPCG:  Solving for p_rgh, Initial residual = 0.000135502, Final residual = 8.96068e-08, No Iterations 52
time step continuity errors : sum local = 7.67211e-08, global = 1.657e-09, cumulative = 0.000453221
ExecutionTime = 1.04 s  ClockTime = 3 s

Courant Number mean: 0.118424 max: 1.01287
Interface Courant Number mean: 0.0187051 max: 1.01287
deltaT = 0.00294118
Time = 0.270588

PIMPLE: iteration 1
smoothSolver:  Solving for alpha.water, Initial residual = 0.00622103, Final residual = 2.94038e-09, No Iterations 3
Phase-1 volume fraction = 0.130194  Min(alpha.water) = -1.12348e-13  Max(alpha.water) = 1
MULES: Correcting alpha.water
MULES: Correcting alpha.water
Phase-1 volume fraction = 0.130194  Min(alpha.water) = -1.1785e-06  Max(alpha.water) = 1
DICPCG:  Solving for p_rgh, Initial residual = 0.0203429, Final residual = 0.00045129, No Iterations 2
time step continuity errors : sum local = 0.000394248, global = 4.65964e-08, cumulative = 0.000453268
DICPCG:  Solving for p_rgh, Initial residual = 0.000581549, Final residual = 2.28852e-05, No Iterations 14
time step continuity errors : sum local = 1.97805e-05, global = -1.60882e-07, cumulative = 0.000453107
DICPCG:  Solving for p_rgh, Initial residual = 0.000136266, Final residual = 8.99428e-08, No Iterations 52
time step continuity errors : sum local = 7.68747e-08, global = 1.69635e-09, cumulative = 0.000453109
ExecutionTime = 1.05 s  ClockTime = 3 s

Courant Number mean: 0.120606 max: 1.01548
Interface Courant Number mean: 0.018316 max: 1.01548
deltaT = 0.00294118
Time = 0.273529

PIMPLE: iteration 1
smoothSolver:  Solving for alpha.water, Initial residual = 0.00634482, Final residual = 2.6921e-09, No Iterations 3
Phase-1 volume fraction = 0.130194  Min(alpha.water) = -9.68061e-14  Max(alpha.water) = 1
MULES: Correcting alpha.water
MULES: Correcting alpha.water
Phase-1 volume fraction = 0.130194  Min(alpha.water) = -1.40773e-06  Max(alpha.water) = 1
DICPCG:  Solving for p_rgh, Initial residual = 0.0220231, Final residual = 0.000529593, No Iterations 2
time step continuity errors : sum local = 0.000466962, global = 1.70293e-08, cumulative = 0.000453126
DICPCG:  Solving for p_rgh, Initial residual = 0.000671208, Final residual = 2.62745e-05, No Iterations 14
time step continuity errors : sum local = 2.28933e-05, global = 1.81438e-07, cumulative = 0.000453307
DICPCG:  Solving for p_rgh, Initial residual = 0.000147263, Final residual = 9.34455e-08, No Iterations 51
time step continuity errors : sum local = 8.05532e-08, global = 5.49949e-10, cumulative = 0.000453308
ExecutionTime = 1.06 s  ClockTime = 3 s

Courant Number mean: 0.122937 max: 1.01572
Interface Courant Number mean: 0.0181623 max: 1.01572
deltaT = 0.00294118
Time = 0.276471

PIMPLE: iteration 1
smoothSolver:  Solving for alpha.water, Initial residual = 0.00645351, Final residual = 2.41865e-09, No Iterations 3
Phase-1 volume fraction = 0.130194  Min(alpha.water) = -7.91576e-14  Max(alpha.water) = 1
MULES: Correcting alpha.water
MULES: Correcting alpha.water
Phase-1 volume fraction = 0.130194  Min(alpha.water) = -1.52285e-06  Max(alpha.water) = 1
DICPCG:  Solving for p_rgh, Initial residual = 0.0231715, Final residual = 0.000476699, No Iterations 2
time step continuity errors : sum local = 0.000432686, global = -1.8413e-08, cumulative = 0.000453289
DICPCG:  Solving for p_rgh, Initial residual = 0.000629202, Final residual = 2.75518e-05, No Iterations 14
time step continuity errors : sum local = 2.46523e-05, global = -3.90624e-08, cumulative = 0.00045325
DICPCG:  Solving for p_rgh, Initial residual = 0.000149942, Final residual = 9.98432e-08, No Iterations 51
time step continuity errors : sum local = 8.83425e-08, global = -1.87585e-09, cumulative = 0.000453248
ExecutionTime = 1.07 s  ClockTime = 3 s

Courant Number mean: 0.125564 max: 1.01082
Interface Courant Number mean: 0.0190388 max: 1.01082
deltaT = 0.00294118
Time = 0.279412

PIMPLE: iteration 1
smoothSolver:  Solving for alpha.water, Initial residual = 0.00644965, Final residual = 2.18774e-09, No Iterations 3
Phase-1 volume fraction = 0.130194  Min(alpha.water) = -6.55702e-14  Max(alpha.water) = 1
MULES: Correcting alpha.water
MULES: Correcting alpha.water
Phase-1 volume fraction = 0.130194  Min(alpha.water) = -2.01559e-06  Max(alpha.water) = 1
DICPCG:  Solving for p_rgh, Initial residual = 0.0230991, Final residual = 0.000474352, No Iterations 2
time step continuity errors : sum local = 0.000427862, global = -2.49931e-08, cumulative = 0.000453223
DICPCG:  Solving for p_rgh, Initial residual = 0.00064648, Final residual = 2.72706e-05, No Iterations 14
time step continuity errors : sum local = 2.42769e-05, global = 6.68793e-07, cumulative = 0.000453892
DICPCG:  Solving for p_rgh, Initial residual = 0.000149242, Final residual = 8.59134e-08, No Iterations 51
time step continuity errors : sum local = 7.56148e-08, global = -3.28941e-09, cumulative = 0.000453889
ExecutionTime = 1.08 s  ClockTime = 3 s

Courant Number mean: 0.128682 max: 1.00171
Interface Courant Number mean: 0.0195811 max: 1.00171
deltaT = 0.00294118
Time = 0.282353

PIMPLE: iteration 1
smoothSolver:  Solving for alpha.water, Initial residual = 0.00638055, Final residual = 1.94329e-09, No Iterations 3
Phase-1 volume fraction = 0.130194  Min(alpha.water) = -6.01966e-14  Max(alpha.water) = 1
MULES: Correcting alpha.water
MULES: Correcting alpha.water
Phase-1 volume fraction = 0.130194  Min(alpha.water) = -1.53607e-06  Max(alpha.water) = 1
DICPCG:  Solving for p_rgh, Initial residual = 0.0250152, Final residual = 0.000631692, No Iterations 2
time step continuity errors : sum local = 0.000574927, global = -3.09685e-08, cumulative = 0.000453858
DICPCG:  Solving for p_rgh, Initial residual = 0.000781341, Final residual = 3.84058e-05, No Iterations 13
time step continuity errors : sum local = 3.44014e-05, global = -1.11574e-07, cumulative = 0.000453746
DICPCG:  Solving for p_rgh, Initial residual = 0.000161581, Final residual = 9.66876e-08, No Iterations 52
time step continuity errors : sum local = 8.56041e-08, global = -5.55474e-09, cumulative = 0.000453741
ExecutionTime = 1.09 s  ClockTime = 3 s

Courant Number mean: 0.132178 max: 0.989229
Interface Courant Number mean: 0.0198413 max: 0.989229
deltaT = 0.00294118
Time = 0.285294

PIMPLE: iteration 1
smoothSolver:  Solving for alpha.water, Initial residual = 0.00633855, Final residual = 1.71976e-09, No Iterations 3
Phase-1 volume fraction = 0.130194  Min(alpha.water) = -5.30343e-14  Max(alpha.water) = 1
MULES: Correcting alpha.water
MULES: Correcting alpha.water
Phase-1 volume fraction = 0.130194  Min(alpha.water) = -1.35066e-06  Max(alpha.water) = 1
DICPCG:  Solving for p_rgh, Initial residual = 0.0283293, Final residual = 0.000792992, No Iterations 2
time step continuity errors : sum local = 0.000704716, global = -3.08159e-08, cumulative = 0.00045371
DICPCG:  Solving for p_rgh, Initial residual = 0.00093474, Final residual = 3.60544e-05, No Iterations 13
time step continuity errors : sum local = 3.14468e-05, global = -1.25022e-06, cumulative = 0.00045246
DICPCG:  Solving for p_rgh, Initial residual = 0.000179764, Final residual = 9.7414e-08, No Iterations 52
time step continuity errors : sum local = 8.39717e-08, global = -4.19659e-09, cumulative = 0.000452456
ExecutionTime = 1.11 s  ClockTime = 3 s

Courant Number mean: 0.135404 max: 0.981713
Interface Courant Number mean: 0.0202127 max: 0.981713
deltaT = 0.00294118
Time = 0.288235

PIMPLE: iteration 1
smoothSolver:  Solving for alpha.water, Initial residual = 0.0064473, Final residual = 1.55035e-09, No Iterations 3
Phase-1 volume fraction = 0.130194  Min(alpha.water) = -4.40402e-14  Max(alpha.water) = 1
MULES: Correcting alpha.water
MULES: Correcting alpha.water
Phase-1 volume fraction = 0.130194  Min(alpha.water) = -1.59086e-06  Max(alpha.water) = 1
DICPCG:  Solving for p_rgh, Initial residual = 0.0276675, Final residual = 0.000829868, No Iterations 2
time step continuity errors : sum local = 0.00070851, global = -4.25934e-08, cumulative = 0.000452413
DICPCG:  Solving for p_rgh, Initial residual = 0.00100145, Final residual = 4.12862e-05, No Iterations 13
time step continuity errors : sum local = 3.46182e-05, global = -1.31193e-07, cumulative = 0.000452282
DICPCG:  Solving for p_rgh, Initial residual = 0.000201952, Final residual = 8.60238e-08, No Iterations 53
time step continuity errors : sum local = 7.12771e-08, global = -3.5696e-09, cumulative = 0.000452278
ExecutionTime = 1.12 s  ClockTime = 3 s

Courant Number mean: 0.138322 max: 0.973844
Interface Courant Number mean: 0.0205027 max: 0.973844
deltaT = 0.00294118
Time = 0.291176

PIMPLE: iteration 1
smoothSolver:  Solving for alpha.water, Initial residual = 0.00658785, Final residual = 1.38901e-09, No Iterations 3
Phase-1 volume fraction = 0.130194  Min(alpha.water) = -3.3087e-14  Max(alpha.water) = 1
MULES: Correcting alpha.water
MULES: Correcting alpha.water
Phase-1 volume fraction = 0.130194  Min(alpha.water) = -8.90777e-06  Max(alpha.water) = 1
DICPCG:  Solving for p_rgh, Initial residual = 0.027985, Final residual = 0.000872255, No Iterations 2
time step continuity errors : sum local = 0.000720955, global = -1.21443e-07, cumulative = 0.000452157
DICPCG:  Solving for p_rgh, Initial residual = 0.00109034, Final residual = 4.02118e-05, No Iterations 13
time step continuity errors : sum local = 3.2591e-05, global = 2.27694e-06, cumulative = 0.000454434
DICPCG:  Solving for p_rgh, Initial residual = 0.000222612, Final residual = 8.79235e-08, No Iterations 54
time step continuity errors : sum local = 7.04025e-08, global = -5.15992e-11, cumulative = 0.000454434
ExecutionTime = 1.13 s  ClockTime = 3 s

Courant Number mean: 0.141467 max: 0.964802
Interface Courant Number mean: 0.0212973 max: 0.964802
deltaT = 0.00294118
Time = 0.294118

PIMPLE: iteration 1
smoothSolver:  Solving for alpha.water, Initial residual = 0.00668313, Final residual = 1.28051e-09, No Iterations 3
Phase-1 volume fraction = 0.130194  Min(alpha.water) = -2.19601e-14  Max(alpha.water) = 1
MULES: Correcting alpha.water
MULES: Correcting alpha.water
Phase-1 volume fraction = 0.130194  Min(alpha.water) = -1.35932e-05  Max(alpha.water) = 1
DICPCG:  Solving for p_rgh, Initial residual = 0.0275076, Final residual = 0.000912606, No Iterations 2
time step continuity errors : sum local = 0.000727963, global = -1.84765e-07, cumulative = 0.000454249
DICPCG:  Solving for p_rgh, Initial residual = 0.00112221, Final residual = 4.27332e-05, No Iterations 13
time step continuity errors : sum local = 3.3534e-05, global = -1.48244e-06, cumulative = 0.000452766
DICPCG:  Solving for p_rgh, Initial residual = 0.000217611, Final residual = 9.43918e-08, No Iterations 53
time step continuity errors : sum local = 7.31562e-08, global = -3.62329e-10, cumulative = 0.000452766
ExecutionTime = 1.14 s  ClockTime = 3 s

Courant Number mean: 0.144707 max: 0.955109
Interface Courant Number mean: 0.0217508 max: 0.924759
deltaT = 0.00294118
Time = 0.297059

PIMPLE: iteration 1
smoothSolver:  Solving for alpha.water, Initial residual = 0.00673043, Final residual = 1.17295e-09, No Iterations 3
Phase-1 volume fraction = 0.130194  Min(alpha.water) = -1.59952e-14  Max(alpha.water) = 1
MULES: Correcting alpha.water
MULES: Correcting alpha.water
Phase-1 volume fraction = 0.130194  Min(alpha.water) = -1.54104e-05  Max(alpha.water) = 1
DICPCG:  Solving for p_rgh, Initial residual = 0.0264162, Final residual = 0.000782445, No Iterations 2
time step continuity errors : sum local = 0.000614972, global = -8.6402e-08, cumulative = 0.00045268
DICPCG:  Solving for p_rgh, Initial residual = 0.0009787, Final residual = 4.25945e-05, No Iterations 13
time step continuity errors : sum local = 3.30929e-05, global = -2.62735e-06, cumulative = 0.000450052
DICPCG:  Solving for p_rgh, Initial residual = 0.000201493, Final residual = 8.61022e-08, No Iterations 53
time step continuity errors : sum local = 6.60835e-08, global = -3.34761e-09, cumulative = 0.000450049
ExecutionTime = 1.15 s  ClockTime = 3 s

Courant Number mean: 0.148087 max: 0.944812
Interface Courant Number mean: 0.0215472 max: 0.859428
deltaT = 0.00294118
Time = 0.3

PIMPLE: iteration 1
smoothSolver:  Solving for alpha.water, Initial residual = 0.00671626, Final residual = 1.05399e-09, No Iterations 3
Phase-1 volume fraction = 0.130194  Min(alpha.water) = -1.30503e-14  Max(alpha.water) = 1
MULES: Correcting alpha.water
MULES: Correcting alpha.water
Phase-1 volume fraction = 0.130194  Min(alpha.water) = -1.48839e-05  Max(alpha.water) = 1
DICPCG:  Solving for p_rgh, Initial residual = 0.0257174, Final residual = 0.000991658, No Iterations 2
time step continuity errors : sum local = 0.000793672, global = -8.9519e-08, cumulative = 0.000449959
DICPCG:  Solving for p_rgh, Initial residual = 0.00120146, Final residual = 4.828e-05, No Iterations 13
time step continuity errors : sum local = 3.83015e-05, global = -6.7725e-07, cumulative = 0.000449282
DICPCG:  Solving for p_rgh, Initial residual = 0.000250337, Final residual = 8.52614e-08, No Iterations 54
time step continuity errors : sum local = 6.6865e-08, global = 2.16166e-09, cumulative = 0.000449284
ExecutionTime = 1.2 s  ClockTime = 3 s

Courant Number mean: 0.151877 max: 0.93411
Interface Courant Number mean: 0.0212089 max: 0.847812
deltaT = 0.003125
Time = 0.303125

PIMPLE: iteration 1
smoothSolver:  Solving for alpha.water, Initial residual = 0.00724241, Final residual = 1.36e-09, No Iterations 3
Phase-1 volume fraction = 0.130194  Min(alpha.water) = -8.39608e-15  Max(alpha.water) = 1
MULES: Correcting alpha.water
MULES: Correcting alpha.water
Phase-1 volume fraction = 0.130194  Min(alpha.water) = -2.28405e-05  Max(alpha.water) = 1
DICPCG:  Solving for p_rgh, Initial residual = 0.0288026, Final residual = 0.00117095, No Iterations 2
time step continuity errors : sum local = 0.00105477, global = -2.42405e-07, cumulative = 0.000449042
DICPCG:  Solving for p_rgh, Initial residual = 0.0014422, Final residual = 6.7541e-05, No Iterations 12
time step continuity errors : sum local = 5.99923e-05, global = -4.53345e-07, cumulative = 0.000448589
DICPCG:  Solving for p_rgh, Initial residual = 0.000315377, Final residual = 8.79077e-08, No Iterations 55
time step continuity errors : sum local = 7.71664e-08, global = 4.16987e-09, cumulative = 0.000448593
ExecutionTime = 1.21 s  ClockTime = 3 s

Courant Number mean: 0.165372 max: 0.980383
Interface Courant Number mean: 0.0236287 max: 0.888283
deltaT = 0.003125
Time = 0.30625

PIMPLE: iteration 1
smoothSolver:  Solving for alpha.water, Initial residual = 0.00731231, Final residual = 1.23004e-09, No Iterations 3
Phase-1 volume fraction = 0.130194  Min(alpha.water) = -5.96107e-15  Max(alpha.water) = 1
MULES: Correcting alpha.water
MULES: Correcting alpha.water
Phase-1 volume fraction = 0.130194  Min(alpha.water) = -5.31353e-06  Max(alpha.water) = 1
DICPCG:  Solving for p_rgh, Initial residual = 0.0323728, Final residual = 0.000831997, No Iterations 3
time step continuity errors : sum local = 0.000753967, global = -3.31053e-07, cumulative = 0.000448262
DICPCG:  Solving for p_rgh, Initial residual = 0.00112718, Final residual = 4.82025e-05, No Iterations 16
time step continuity errors : sum local = 4.2803e-05, global = 8.38809e-06, cumulative = 0.00045665
DICPCG:  Solving for p_rgh, Initial residual = 0.000254139, Final residual = 6.29117e-08, No Iterations 56
time step continuity errors : sum local = 5.5235e-08, global = 1.2952e-09, cumulative = 0.000456651
ExecutionTime = 1.22 s  ClockTime = 3 s

Courant Number mean: 0.169813 max: 0.968099
Interface Courant Number mean: 0.024844 max: 0.876007
deltaT = 0.003125
Time = 0.309375

PIMPLE: iteration 1
smoothSolver:  Solving for alpha.water, Initial residual = 0.00734399, Final residual = 1.11767e-09, No Iterations 3
Phase-1 volume fraction = 0.130194  Min(alpha.water) = -4.97307e-15  Max(alpha.water) = 1
MULES: Correcting alpha.water
MULES: Correcting alpha.water
Phase-1 volume fraction = 0.130194  Min(alpha.water) = -6.30726e-06  Max(alpha.water) = 1
DICPCG:  Solving for p_rgh, Initial residual = 0.0330982, Final residual = 0.000888639, No Iterations 3
time step continuity errors : sum local = 0.000770811, global = -6.80697e-07, cumulative = 0.00045597
DICPCG:  Solving for p_rgh, Initial residual = 0.00118446, Final residual = 4.53266e-05, No Iterations 13
time step continuity errors : sum local = 3.86016e-05, global = 4.96215e-06, cumulative = 0.000460933
DICPCG:  Solving for p_rgh, Initial residual = 0.000262706, Final residual = 6.19388e-08, No Iterations 56
time step continuity errors : sum local = 5.21741e-08, global = 1.55947e-09, cumulative = 0.000460934
ExecutionTime = 1.23 s  ClockTime = 3 s

Courant Number mean: 0.173759 max: 0.955556
Interface Courant Number mean: 0.024964 max: 0.863748
deltaT = 0.00338542
Time = 0.31276

PIMPLE: iteration 1
smoothSolver:  Solving for alpha.water, Initial residual = 0.00818084, Final residual = 1.58526e-09, No Iterations 3
Phase-1 volume fraction = 0.130194  Min(alpha.water) = -4.54555e-15  Max(alpha.water) = 1
MULES: Correcting alpha.water
MULES: Correcting alpha.water
Phase-1 volume fraction = 0.130194  Min(alpha.water) = -9.11025e-06  Max(alpha.water) = 1
DICPCG:  Solving for p_rgh, Initial residual = 0.0328639, Final residual = 0.00142721, No Iterations 2
time step continuity errors : sum local = 0.00143147, global = -7.53068e-07, cumulative = 0.000460181
DICPCG:  Solving for p_rgh, Initial residual = 0.00172827, Final residual = 5.46094e-05, No Iterations 13
time step continuity errors : sum local = 5.39068e-05, global = 6.31191e-06, cumulative = 0.000466493
DICPCG:  Solving for p_rgh, Initial residual = 0.000368523, Final residual = 7.92955e-08, No Iterations 57
time step continuity errors : sum local = 7.72331e-08, global = 4.20698e-09, cumulative = 0.000466497
ExecutionTime = 1.24 s  ClockTime = 3 s

Courant Number mean: 0.193207 max: 1.02049
Interface Courant Number mean: 0.0265426 max: 0.898539
deltaT = 0.00338542
Time = 0.316146

PIMPLE: iteration 1
smoothSolver:  Solving for alpha.water, Initial residual = 0.00830363, Final residual = 1.38521e-09, No Iterations 3
Phase-1 volume fraction = 0.130194  Min(alpha.water) = -3.96738e-15  Max(alpha.water) = 1
MULES: Correcting alpha.water
MULES: Correcting alpha.water
Phase-1 volume fraction = 0.130194  Min(alpha.water) = -9.99849e-06  Max(alpha.water) = 1
DICPCG:  Solving for p_rgh, Initial residual = 0.0293689, Final residual = 0.00117029, No Iterations 2
time step continuity errors : sum local = 0.00112999, global = -9.73645e-07, cumulative = 0.000465524
DICPCG:  Solving for p_rgh, Initial residual = 0.00145681, Final residual = 6.8001e-05, No Iterations 12
time step continuity errors : sum local = 6.47844e-05, global = 1.1593e-06, cumulative = 0.000466683
DICPCG:  Solving for p_rgh, Initial residual = 0.000327409, Final residual = 6.69951e-08, No Iterations 57
time step continuity errors : sum local = 6.30435e-08, global = 4.38877e-09, cumulative = 0.000466687
ExecutionTime = 1.25 s  ClockTime = 3 s

Courant Number mean: 0.198119 max: 1.00578
Interface Courant Number mean: 0.0270798 max: 0.883215
deltaT = 0.00338542
Time = 0.319531

PIMPLE: iteration 1
smoothSolver:  Solving for alpha.water, Initial residual = 0.00836452, Final residual = 1.19739e-09, No Iterations 3
Phase-1 volume fraction = 0.130194  Min(alpha.water) = -3.23549e-15  Max(alpha.water) = 1
MULES: Correcting alpha.water
MULES: Correcting alpha.water
Phase-1 volume fraction = 0.130194  Min(alpha.water) = -9.56476e-06  Max(alpha.water) = 1
DICPCG:  Solving for p_rgh, Initial residual = 0.0332189, Final residual = 0.00155328, No Iterations 2
time step continuity errors : sum local = 0.00150113, global = -1.02693e-06, cumulative = 0.00046566
DICPCG:  Solving for p_rgh, Initial residual = 0.00191736, Final residual = 8.86956e-05, No Iterations 12
time step continuity errors : sum local = 8.44822e-05, global = -3.56031e-06, cumulative = 0.0004621
DICPCG:  Solving for p_rgh, Initial residual = 0.000413811, Final residual = 9.77006e-08, No Iterations 57
time step continuity errors : sum local = 9.19732e-08, global = 3.39983e-09, cumulative = 0.000462103
ExecutionTime = 1.26 s  ClockTime = 3 s

Courant Number mean: 0.203288 max: 0.990887
Interface Courant Number mean: 0.0285231 max: 0.868519
deltaT = 0.00338542
Time = 0.322917

PIMPLE: iteration 1
smoothSolver:  Solving for alpha.water, Initial residual = 0.00862281, Final residual = 1.1096e-09, No Iterations 3
Phase-1 volume fraction = 0.130194  Min(alpha.water) = -2.38638e-15  Max(alpha.water) = 1
MULES: Correcting alpha.water
MULES: Correcting alpha.water
Phase-1 volume fraction = 0.130194  Min(alpha.water) = -5.5465e-06  Max(alpha.water) = 1
DICPCG:  Solving for p_rgh, Initial residual = 0.0359266, Final residual = 0.00115678, No Iterations 3
time step continuity errors : sum local = 0.00108495, global = -8.1225e-07, cumulative = 0.000461291
DICPCG:  Solving for p_rgh, Initial residual = 0.00151045, Final residual = 7.36682e-05, No Iterations 12
time step continuity errors : sum local = 6.79157e-05, global = 9.55352e-07, cumulative = 0.000462247
DICPCG:  Solving for p_rgh, Initial residual = 0.000325174, Final residual = 9.27224e-08, No Iterations 57
time step continuity errors : sum local = 8.4539e-08, global = 2.5939e-09, cumulative = 0.000462249
ExecutionTime = 1.27 s  ClockTime = 3 s

Courant Number mean: 0.207733 max: 0.976071
Interface Courant Number mean: 0.0291381 max: 0.853936
deltaT = 0.00338542
Time = 0.326302

PIMPLE: iteration 1
smoothSolver:  Solving for alpha.water, Initial residual = 0.00874804, Final residual = 1.02899e-09, No Iterations 3
Phase-1 volume fraction = 0.130194  Min(alpha.water) = -1.52917e-15  Max(alpha.water) = 1
MULES: Correcting alpha.water
MULES: Correcting alpha.water
Phase-1 volume fraction = 0.130194  Min(alpha.water) = -5.65132e-06  Max(alpha.water) = 1
DICPCG:  Solving for p_rgh, Initial residual = 0.0361382, Final residual = 0.00172082, No Iterations 2
time step continuity errors : sum local = 0.00160846, global = -1.35892e-06, cumulative = 0.00046089
DICPCG:  Solving for p_rgh, Initial residual = 0.00208658, Final residual = 0.000100821, No Iterations 12
time step continuity errors : sum local = 9.27297e-05, global = 4.8984e-06, cumulative = 0.000465789
DICPCG:  Solving for p_rgh, Initial residual = 0.000450096, Final residual = 9.47705e-08, No Iterations 58
time step continuity errors : sum local = 8.61474e-08, global = 3.57096e-09, cumulative = 0.000465792
ExecutionTime = 1.28 s  ClockTime = 3 s

Courant Number mean: 0.21249 max: 0.961096
Interface Courant Number mean: 0.029108 max: 0.839434
deltaT = 0.00338542
Time = 0.329688

PIMPLE: iteration 1
smoothSolver:  Solving for alpha.water, Initial residual = 0.0086539, Final residual = 9.43568e-10, No Iterations 3
Phase-1 volume fraction = 0.130194  Min(alpha.water) = -1.1699e-15  Max(alpha.water) = 1
MULES: Correcting alpha.water
MULES: Correcting alpha.water
Phase-1 volume fraction = 0.130194  Min(alpha.water) = -2.78388e-05  Max(alpha.water) = 1
DICPCG:  Solving for p_rgh, Initial residual = 0.0322392, Final residual = 0.00154146, No Iterations 2
time step continuity errors : sum local = 0.00139162, global = -1.72277e-06, cumulative = 0.000464069
DICPCG:  Solving for p_rgh, Initial residual = 0.00188778, Final residual = 8.80818e-05, No Iterations 12
time step continuity errors : sum local = 7.83688e-05, global = -1.10666e-07, cumulative = 0.000463959
DICPCG:  Solving for p_rgh, Initial residual = 0.000404782, Final residual = 8.20819e-08, No Iterations 58
time step continuity errors : sum local = 7.21809e-08, global = 3.53752e-09, cumulative = 0.000463962
ExecutionTime = 1.29 s  ClockTime = 3 s

Courant Number mean: 0.216885 max: 0.946248
Interface Courant Number mean: 0.0290501 max: 0.824977
deltaT = 0.00338542
Time = 0.333073

PIMPLE: iteration 1
smoothSolver:  Solving for alpha.water, Initial residual = 0.00871412, Final residual = 8.74796e-10, No Iterations 3
Phase-1 volume fraction = 0.130194  Min(alpha.water) = -9.3893e-16  Max(alpha.water) = 1
MULES: Correcting alpha.water
MULES: Correcting alpha.water
Phase-1 volume fraction = 0.130194  Min(alpha.water) = -4.00298e-05  Max(alpha.water) = 1
DICPCG:  Solving for p_rgh, Initial residual = 0.0349911, Final residual = 0.00170345, No Iterations 2
time step continuity errors : sum local = 0.00158831, global = -1.7462e-06, cumulative = 0.000462216
DICPCG:  Solving for p_rgh, Initial residual = 0.00205128, Final residual = 7.73711e-05, No Iterations 13
time step continuity errors : sum local = 7.09382e-05, global = 1.58993e-06, cumulative = 0.000463806
DICPCG:  Solving for p_rgh, Initial residual = 0.000408294, Final residual = 7.98144e-08, No Iterations 58
time step continuity errors : sum local = 7.234e-08, global = 1.00417e-09, cumulative = 0.000463807
ExecutionTime = 1.3 s  ClockTime = 3 s

Courant Number mean: 0.221495 max: 0.931427
Interface Courant Number mean: 0.0293486 max: 0.810613
deltaT = 0.00338542
Time = 0.336458

PIMPLE: iteration 1
smoothSolver:  Solving for alpha.water, Initial residual = 0.00890625, Final residual = 7.74075e-10, No Iterations 3
Phase-1 volume fraction = 0.130194  Min(alpha.water) = -6.33812e-16  Max(alpha.water) = 1
MULES: Correcting alpha.water
MULES: Correcting alpha.water
Phase-1 volume fraction = 0.130194  Min(alpha.water) = -4.20143e-05  Max(alpha.water) = 1
DICPCG:  Solving for p_rgh, Initial residual = 0.0391285, Final residual = 0.0012085, No Iterations 3
time step continuity errors : sum local = 0.00112628, global = -2.04904e-06, cumulative = 0.000461758
DICPCG:  Solving for p_rgh, Initial residual = 0.00159949, Final residual = 7.41438e-05, No Iterations 13
time step continuity errors : sum local = 6.75616e-05, global = 1.32762e-05, cumulative = 0.000475034
DICPCG:  Solving for p_rgh, Initial residual = 0.000380402, Final residual = 8.00885e-08, No Iterations 61
time step continuity errors : sum local = 7.22497e-08, global = -2.76219e-09, cumulative = 0.000475031
ExecutionTime = 1.31 s  ClockTime = 3 s

Courant Number mean: 0.226388 max: 0.916636
Interface Courant Number mean: 0.0306288 max: 0.796399
deltaT = 0.00338542
Time = 0.339844

PIMPLE: iteration 1
smoothSolver:  Solving for alpha.water, Initial residual = 0.00893496, Final residual = 7.08771e-10, No Iterations 3
Phase-1 volume fraction = 0.130194  Min(alpha.water) = -5.4195e-16  Max(alpha.water) = 1
MULES: Correcting alpha.water
MULES: Correcting alpha.water
Phase-1 volume fraction = 0.130194  Min(alpha.water) = -4.34364e-05  Max(alpha.water) = 1
DICPCG:  Solving for p_rgh, Initial residual = 0.0413124, Final residual = 0.00202456, No Iterations 2
time step continuity errors : sum local = 0.00180348, global = -3.22133e-06, cumulative = 0.00047181
DICPCG:  Solving for p_rgh, Initial residual = 0.00243376, Final residual = 8.93886e-05, No Iterations 13
time step continuity errors : sum local = 7.81229e-05, global = 4.36974e-06, cumulative = 0.00047618
DICPCG:  Solving for p_rgh, Initial residual = 0.000468213, Final residual = 8.53802e-08, No Iterations 59
time step continuity errors : sum local = 7.38164e-08, global = -1.69639e-09, cumulative = 0.000476178
ExecutionTime = 1.32 s  ClockTime = 3 s

Courant Number mean: 0.231269 max: 0.918347
Interface Courant Number mean: 0.0314322 max: 0.782518
deltaT = 0.00338542
Time = 0.343229

PIMPLE: iteration 1
smoothSolver:  Solving for alpha.water, Initial residual = 0.00883937, Final residual = 6.24341e-10, No Iterations 3
Phase-1 volume fraction = 0.130194  Min(alpha.water) = -5.09054e-16  Max(alpha.water) = 1
MULES: Correcting alpha.water
MULES: Correcting alpha.water
Phase-1 volume fraction = 0.130194  Min(alpha.water) = -3.1435e-05  Max(alpha.water) = 1
DICPCG:  Solving for p_rgh, Initial residual = 0.0379935, Final residual = 0.00185776, No Iterations 2
time step continuity errors : sum local = 0.00162606, global = -3.00345e-06, cumulative = 0.000473175
DICPCG:  Solving for p_rgh, Initial residual = 0.0021939, Final residual = 7.39372e-05, No Iterations 13
time step continuity errors : sum local = 6.38696e-05, global = 1.84457e-06, cumulative = 0.000475019
DICPCG:  Solving for p_rgh, Initial residual = 0.000411571, Final residual = 7.66999e-08, No Iterations 58
time step continuity errors : sum local = 6.55806e-08, global = 9.66415e-10, cumulative = 0.00047502
ExecutionTime = 1.33 s  ClockTime = 3 s

Courant Number mean: 0.235887 max: 0.935578
Interface Courant Number mean: 0.0311033 max: 0.769018
deltaT = 0.00338542
Time = 0.346615

PIMPLE: iteration 1
smoothSolver:  Solving for alpha.water, Initial residual = 0.00898189, Final residual = 6.06485e-10, No Iterations 3
Phase-1 volume fraction = 0.130194  Min(alpha.water) = -4.72969e-16  Max(alpha.water) = 1
MULES: Correcting alpha.water
MULES: Correcting alpha.water
Phase-1 volume fraction = 0.130194  Min(alpha.water) = -7.7376e-06  Max(alpha.water) = 1
DICPCG:  Solving for p_rgh, Initial residual = 0.0421723, Final residual = 0.00198912, No Iterations 2
time step continuity errors : sum local = 0.00178656, global = -3.32907e-06, cumulative = 0.000471691
DICPCG:  Solving for p_rgh, Initial residual = 0.00234627, Final residual = 9.44549e-05, No Iterations 13
time step continuity errors : sum local = 8.3226e-05, global = 2.62581e-06, cumulative = 0.000474317
DICPCG:  Solving for p_rgh, Initial residual = 0.000454705, Final residual = 6.78257e-08, No Iterations 62
time step continuity errors : sum local = 5.91652e-08, global = -2.36458e-09, cumulative = 0.000474315
ExecutionTime = 1.34 s  ClockTime = 3 s

Courant Number mean: 0.240237 max: 0.952831
Interface Courant Number mean: 0.0320279 max: 0.755964
deltaT = 0.00338542
Time = 0.35

PIMPLE: iteration 1
smoothSolver:  Solving for alpha.water, Initial residual = 0.00904738, Final residual = 5.71698e-10, No Iterations 3
Phase-1 volume fraction = 0.130194  Min(alpha.water) = -4.34876e-16  Max(alpha.water) = 1
MULES: Correcting alpha.water
MULES: Correcting alpha.water
Phase-1 volume fraction = 0.130194  Min(alpha.water) = -8.28547e-06  Max(alpha.water) = 1
DICPCG:  Solving for p_rgh, Initial residual = 0.046435, Final residual = 0.00143992, No Iterations 3
time step continuity errors : sum local = 0.00126259, global = -3.68386e-06, cumulative = 0.000470631
DICPCG:  Solving for p_rgh, Initial residual = 0.0018395, Final residual = 8.42127e-05, No Iterations 13
time step continuity errors : sum local = 7.22608e-05, global = 7.9253e-06, cumulative = 0.000478556
DICPCG:  Solving for p_rgh, Initial residual = 0.00039051, Final residual = 8.40963e-08, No Iterations 62
time step continuity errors : sum local = 7.15143e-08, global = -1.14548e-09, cumulative = 0.000478555
ExecutionTime = 1.38 s  ClockTime = 3 s

Courant Number mean: 0.244461 max: 0.9693
Interface Courant Number mean: 0.0315088 max: 0.74341
deltaT = 0.00357143
Time = 0.353571

PIMPLE: iteration 1
smoothSolver:  Solving for alpha.water, Initial residual = 0.00959901, Final residual = 7.59279e-10, No Iterations 3
Phase-1 volume fraction = 0.130194  Min(alpha.water) = -3.93353e-16  Max(alpha.water) = 1
MULES: Correcting alpha.water
MULES: Correcting alpha.water
Phase-1 volume fraction = 0.130194  Min(alpha.water) = -7.55686e-06  Max(alpha.water) = 1
DICPCG:  Solving for p_rgh, Initial residual = 0.0470838, Final residual = 0.00147272, No Iterations 3
time step continuity errors : sum local = 0.0013895, global = -5.28267e-06, cumulative = 0.000473272
DICPCG:  Solving for p_rgh, Initial residual = 0.00188162, Final residual = 6.4467e-05, No Iterations 14
time step continuity errors : sum local = 5.96205e-05, global = 5.70385e-06, cumulative = 0.000478976
DICPCG:  Solving for p_rgh, Initial residual = 0.000400289, Final residual = 8.69584e-08, No Iterations 62
time step continuity errors : sum local = 7.9646e-08, global = -1.31157e-09, cumulative = 0.000478975
ExecutionTime = 1.4 s  ClockTime = 3 s

Courant Number mean: 0.263096 max: 1.03782
Interface Courant Number mean: 0.0331807 max: 0.776891
deltaT = 0.00357143
Time = 0.357143

PIMPLE: iteration 1
smoothSolver:  Solving for alpha.water, Initial residual = 0.00963518, Final residual = 7.27403e-10, No Iterations 3
Phase-1 volume fraction = 0.130194  Min(alpha.water) = -3.93506e-12  Max(alpha.water) = 1
MULES: Correcting alpha.water
MULES: Correcting alpha.water
Phase-1 volume fraction = 0.130194  Min(alpha.water) = -1.68576e-06  Max(alpha.water) = 1
DICPCG:  Solving for p_rgh, Initial residual = 0.0418093, Final residual = 0.00118662, No Iterations 3
time step continuity errors : sum local = 0.00110257, global = -5.59471e-06, cumulative = 0.00047338
DICPCG:  Solving for p_rgh, Initial residual = 0.00156211, Final residual = 7.68716e-05, No Iterations 13
time step continuity errors : sum local = 7.02029e-05, global = 6.65881e-06, cumulative = 0.000480039
DICPCG:  Solving for p_rgh, Initial residual = 0.000353898, Final residual = 8.91302e-08, No Iterations 62
time step continuity errors : sum local = 8.06816e-08, global = -1.24723e-09, cumulative = 0.000480038
ExecutionTime = 1.41 s  ClockTime = 3 s

Courant Number mean: 0.268197 max: 1.04815
Interface Courant Number mean: 0.0342955 max: 0.774011
deltaT = 0.0032967
Time = 0.36044

PIMPLE: iteration 1
smoothSolver:  Solving for alpha.water, Initial residual = 0.0090271, Final residual = 4.20369e-10, No Iterations 3
Phase-1 volume fraction = 0.130194  Min(alpha.water) = -3.26688e-12  Max(alpha.water) = 1
MULES: Correcting alpha.water
MULES: Correcting alpha.water
Phase-1 volume fraction = 0.130194  Min(alpha.water) = -4.18071e-06  Max(alpha.water) = 1
DICPCG:  Solving for p_rgh, Initial residual = 0.0425676, Final residual = 0.00129066, No Iterations 3
time step continuity errors : sum local = 0.00105196, global = -5.72062e-06, cumulative = 0.000474317
DICPCG:  Solving for p_rgh, Initial residual = 0.00162176, Final residual = 5.46311e-05, No Iterations 14
time step continuity errors : sum local = 4.36554e-05, global = 3.87535e-06, cumulative = 0.000478192
DICPCG:  Solving for p_rgh, Initial residual = 0.00033061, Final residual = 8.7494e-08, No Iterations 62
time step continuity errors : sum local = 6.93569e-08, global = -4.35992e-10, cumulative = 0.000478192
ExecutionTime = 1.42 s  ClockTime = 3 s

Courant Number mean: 0.251782 max: 0.972861
Interface Courant Number mean: 0.0323327 max: 0.709809
deltaT = 0.0032967
Time = 0.363736

PIMPLE: iteration 1
smoothSolver:  Solving for alpha.water, Initial residual = 0.00916718, Final residual = 4.56455e-10, No Iterations 3
Phase-1 volume fraction = 0.130194  Min(alpha.water) = -2.72657e-12  Max(alpha.water) = 1
MULES: Correcting alpha.water
MULES: Correcting alpha.water
Phase-1 volume fraction = 0.130194  Min(alpha.water) = -9.08619e-06  Max(alpha.water) = 1
DICPCG:  Solving for p_rgh, Initial residual = 0.0467491, Final residual = 0.00147129, No Iterations 3
time step continuity errors : sum local = 0.00119843, global = -5.97081e-06, cumulative = 0.000472221
DICPCG:  Solving for p_rgh, Initial residual = 0.00184564, Final residual = 7.93567e-05, No Iterations 14
time step continuity errors : sum local = 6.30686e-05, global = 9.28226e-06, cumulative = 0.000481503
DICPCG:  Solving for p_rgh, Initial residual = 0.000395547, Final residual = 7.83947e-08, No Iterations 63
time step continuity errors : sum local = 6.18214e-08, global = 1.77326e-09, cumulative = 0.000481505
ExecutionTime = 1.43 s  ClockTime = 3 s

Courant Number mean: 0.256005 max: 0.976601
Interface Courant Number mean: 0.0324819 max: 0.711151
deltaT = 0.0032967
Time = 0.367033

PIMPLE: iteration 1
smoothSolver:  Solving for alpha.water, Initial residual = 0.009166, Final residual = 4.32351e-10, No Iterations 3
Phase-1 volume fraction = 0.130194  Min(alpha.water) = -2.28441e-12  Max(alpha.water) = 1
MULES: Correcting alpha.water
MULES: Correcting alpha.water
Phase-1 volume fraction = 0.130194  Min(alpha.water) = -8.70296e-06  Max(alpha.water) = 1
DICPCG:  Solving for p_rgh, Initial residual = 0.0495821, Final residual = 0.00148824, No Iterations 3
time step continuity errors : sum local = 0.00120257, global = -6.88727e-06, cumulative = 0.000474618
DICPCG:  Solving for p_rgh, Initial residual = 0.00184403, Final residual = 7.3017e-05, No Iterations 14
time step continuity errors : sum local = 5.761e-05, global = 7.79909e-06, cumulative = 0.000482417
DICPCG:  Solving for p_rgh, Initial residual = 0.00037788, Final residual = 8.00268e-08, No Iterations 63
time step continuity errors : sum local = 6.26656e-08, global = 2.68122e-09, cumulative = 0.00048242
ExecutionTime = 1.44 s  ClockTime = 3 s

Courant Number mean: 0.26047 max: 0.979898
Interface Courant Number mean: 0.0324471 max: 0.706966
deltaT = 0.0032967
Time = 0.37033

PIMPLE: iteration 1
smoothSolver:  Solving for alpha.water, Initial residual = 0.0090991, Final residual = 4.95226e-10, No Iterations 3
Phase-1 volume fraction = 0.130194  Min(alpha.water) = -1.92914e-12  Max(alpha.water) = 1
MULES: Correcting alpha.water
MULES: Correcting alpha.water
Phase-1 volume fraction = 0.130194  Min(alpha.water) = -8.90025e-06  Max(alpha.water) = 1
DICPCG:  Solving for p_rgh, Initial residual = 0.0445388, Final residual = 0.00206643, No Iterations 2
time step continuity errors : sum local = 0.00164918, global = -7.36981e-06, cumulative = 0.00047505
DICPCG:  Solving for p_rgh, Initial residual = 0.00247317, Final residual = 0.000106211, No Iterations 13
time step continuity errors : sum local = 8.32473e-05, global = -1.34156e-06, cumulative = 0.000473708
DICPCG:  Solving for p_rgh, Initial residual = 0.000485638, Final residual = 9.74963e-08, No Iterations 59
time step continuity errors : sum local = 7.5829e-08, global = -1.21712e-09, cumulative = 0.000473707
ExecutionTime = 1.45 s  ClockTime = 3 s

Courant Number mean: 0.264598 max: 0.978184
Interface Courant Number mean: 0.0345163 max: 0.705897
deltaT = 0.0032967
Time = 0.373626

PIMPLE: iteration 1
smoothSolver:  Solving for alpha.water, Initial residual = 0.00919219, Final residual = 4.87839e-10, No Iterations 3
Phase-1 volume fraction = 0.130194  Min(alpha.water) = -1.63811e-12  Max(alpha.water) = 1
MULES: Correcting alpha.water
MULES: Correcting alpha.water
Phase-1 volume fraction = 0.130194  Min(alpha.water) = -5.23515e-06  Max(alpha.water) = 1
DICPCG:  Solving for p_rgh, Initial residual = 0.053375, Final residual = 0.00163089, No Iterations 3
time step continuity errors : sum local = 0.0013167, global = -7.59456e-06, cumulative = 0.000466112
DICPCG:  Solving for p_rgh, Initial residual = 0.00194747, Final residual = 9.64224e-05, No Iterations 14
time step continuity errors : sum local = 7.60638e-05, global = 1.10838e-05, cumulative = 0.000477196
DICPCG:  Solving for p_rgh, Initial residual = 0.000380548, Final residual = 9.31089e-08, No Iterations 63
time step continuity errors : sum local = 7.29306e-08, global = 3.21719e-09, cumulative = 0.000477199
ExecutionTime = 1.46 s  ClockTime = 3 s

Courant Number mean: 0.268958 max: 0.972332
Interface Courant Number mean: 0.0333206 max: 0.701519
deltaT = 0.0032967
Time = 0.376923

PIMPLE: iteration 1
smoothSolver:  Solving for alpha.water, Initial residual = 0.00931994, Final residual = 5.01463e-10, No Iterations 3
Phase-1 volume fraction = 0.130194  Min(alpha.water) = -1.39779e-12  Max(alpha.water) = 1
MULES: Correcting alpha.water
MULES: Correcting alpha.water
Phase-1 volume fraction = 0.130194  Min(alpha.water) = -1.21431e-06  Max(alpha.water) = 1
DICPCG:  Solving for p_rgh, Initial residual = 0.0534547, Final residual = 0.00164268, No Iterations 3
time step continuity errors : sum local = 0.00128464, global = -9.42077e-06, cumulative = 0.000467779
DICPCG:  Solving for p_rgh, Initial residual = 0.00201316, Final residual = 8.68387e-05, No Iterations 14
time step continuity errors : sum local = 6.64769e-05, global = 4.03049e-06, cumulative = 0.000471809
DICPCG:  Solving for p_rgh, Initial residual = 0.000392036, Final residual = 5.36616e-08, No Iterations 64
time step continuity errors : sum local = 4.07921e-08, global = 3.87635e-09, cumulative = 0.000471813
ExecutionTime = 1.47 s  ClockTime = 3 s

Courant Number mean: 0.273302 max: 0.968011
Interface Courant Number mean: 0.0337009 max: 0.703258
deltaT = 0.0032967
Time = 0.38022

PIMPLE: iteration 1
smoothSolver:  Solving for alpha.water, Initial residual = 0.00935665, Final residual = 5.15545e-10, No Iterations 3
Phase-1 volume fraction = 0.130194  Min(alpha.water) = -1.18809e-12  Max(alpha.water) = 1
MULES: Correcting alpha.water
MULES: Correcting alpha.water
Phase-1 volume fraction = 0.130194  Min(alpha.water) = -1.22768e-06  Max(alpha.water) = 1
DICPCG:  Solving for p_rgh, Initial residual = 0.0581632, Final residual = 0.00172991, No Iterations 3
time step continuity errors : sum local = 0.00136267, global = -9.70602e-06, cumulative = 0.000462107
DICPCG:  Solving for p_rgh, Initial residual = 0.0021236, Final residual = 9.31637e-05, No Iterations 14
time step continuity errors : sum local = 7.13726e-05, global = 1.05541e-05, cumulative = 0.000472661
DICPCG:  Solving for p_rgh, Initial residual = 0.000402155, Final residual = 8.00138e-08, No Iterations 62
time step continuity errors : sum local = 6.08782e-08, global = 4.43753e-09, cumulative = 0.000472666
ExecutionTime = 1.48 s  ClockTime = 3 s

Courant Number mean: 0.277598 max: 0.961912
Interface Courant Number mean: 0.0338933 max: 0.698919
deltaT = 0.0032967
Time = 0.383516

PIMPLE: iteration 1
smoothSolver:  Solving for alpha.water, Initial residual = 0.00941665, Final residual = 5.20718e-10, No Iterations 3
Phase-1 volume fraction = 0.130194  Min(alpha.water) = -9.90579e-13  Max(alpha.water) = 1
MULES: Correcting alpha.water
MULES: Correcting alpha.water
Phase-1 volume fraction = 0.130194  Min(alpha.water) = -1.29437e-05  Max(alpha.water) = 1
DICPCG:  Solving for p_rgh, Initial residual = 0.0491921, Final residual = 0.00135367, No Iterations 3
time step continuity errors : sum local = 0.00100972, global = -1.19061e-05, cumulative = 0.00046076
DICPCG:  Solving for p_rgh, Initial residual = 0.00174917, Final residual = 6.79806e-05, No Iterations 14
time step continuity errors : sum local = 4.96264e-05, global = 8.12556e-07, cumulative = 0.000461572
DICPCG:  Solving for p_rgh, Initial residual = 0.000348892, Final residual = 6.8344e-08, No Iterations 64
time step continuity errors : sum local = 4.95705e-08, global = 3.70249e-09, cumulative = 0.000461576
ExecutionTime = 1.49 s  ClockTime = 3 s

Courant Number mean: 0.281637 max: 0.951503
Interface Courant Number mean: 0.0340664 max: 0.69867
deltaT = 0.0032967
Time = 0.386813

PIMPLE: iteration 1
smoothSolver:  Solving for alpha.water, Initial residual = 0.00951374, Final residual = 6.4151e-10, No Iterations 3
Phase-1 volume fraction = 0.130194  Min(alpha.water) = -7.73201e-13  Max(alpha.water) = 1
MULES: Correcting alpha.water
MULES: Correcting alpha.water
Phase-1 volume fraction = 0.130194  Min(alpha.water) = -1.4384e-05  Max(alpha.water) = 1
DICPCG:  Solving for p_rgh, Initial residual = 0.0584818, Final residual = 0.00175669, No Iterations 3
time step continuity errors : sum local = 0.0013766, global = -1.22292e-05, cumulative = 0.000449347
DICPCG:  Solving for p_rgh, Initial residual = 0.00213924, Final residual = 8.82021e-05, No Iterations 15
time step continuity errors : sum local = 6.696e-05, global = 1.10301e-05, cumulative = 0.000460377
DICPCG:  Solving for p_rgh, Initial residual = 0.000430605, Final residual = 8.56146e-08, No Iterations 64
time step continuity errors : sum local = 6.4566e-08, global = 3.17153e-09, cumulative = 0.00046038
ExecutionTime = 1.5 s  ClockTime = 3 s

Courant Number mean: 0.28588 max: 0.944556
Interface Courant Number mean: 0.0341442 max: 0.694225
deltaT = 0.0032967
Time = 0.39011

PIMPLE: iteration 1
smoothSolver:  Solving for alpha.water, Initial residual = 0.00954235, Final residual = 6.61891e-10, No Iterations 3
Phase-1 volume fraction = 0.130194  Min(alpha.water) = -7.16564e-13  Max(alpha.water) = 1
MULES: Correcting alpha.water
MULES: Correcting alpha.water
Phase-1 volume fraction = 0.130194  Min(alpha.water) = -1.43683e-05  Max(alpha.water) = 1
DICPCG:  Solving for p_rgh, Initial residual = 0.0594427, Final residual = 0.00187702, No Iterations 3
time step continuity errors : sum local = 0.00144128, global = -1.50058e-05, cumulative = 0.000445374
DICPCG:  Solving for p_rgh, Initial residual = 0.00228905, Final residual = 8.13313e-05, No Iterations 15
time step continuity errors : sum local = 6.06092e-05, global = 6.42221e-06, cumulative = 0.000451796
DICPCG:  Solving for p_rgh, Initial residual = 0.000438405, Final residual = 8.75187e-08, No Iterations 64
time step continuity errors : sum local = 6.48003e-08, global = 3.57804e-09, cumulative = 0.0004518
ExecutionTime = 1.51 s  ClockTime = 3 s

Courant Number mean: 0.290003 max: 0.934278
Interface Courant Number mean: 0.0352625 max: 0.694333
deltaT = 0.0032967
Time = 0.393407

PIMPLE: iteration 1
smoothSolver:  Solving for alpha.water, Initial residual = 0.00950284, Final residual = 7.79261e-10, No Iterations 3
Phase-1 volume fraction = 0.130194  Min(alpha.water) = -6.27007e-13  Max(alpha.water) = 1
MULES: Correcting alpha.water
MULES: Correcting alpha.water
Phase-1 volume fraction = 0.130194  Min(alpha.water) = -5.0867e-06  Max(alpha.water) = 1
DICPCG:  Solving for p_rgh, Initial residual = 0.0621081, Final residual = 0.0018303, No Iterations 3
time step continuity errors : sum local = 0.00137852, global = -1.61636e-05, cumulative = 0.000435636
DICPCG:  Solving for p_rgh, Initial residual = 0.00219983, Final residual = 7.69582e-05, No Iterations 15
time step continuity errors : sum local = 5.64742e-05, global = 5.2763e-06, cumulative = 0.000440913
DICPCG:  Solving for p_rgh, Initial residual = 0.00040896, Final residual = 8.53642e-08, No Iterations 64
time step continuity errors : sum local = 6.2251e-08, global = 2.41255e-09, cumulative = 0.000440915
ExecutionTime = 1.53 s  ClockTime = 3 s

Courant Number mean: 0.294182 max: 0.921044
Interface Courant Number mean: 0.035321 max: 0.691206
deltaT = 0.0032967
Time = 0.396703

PIMPLE: iteration 1
smoothSolver:  Solving for alpha.water, Initial residual = 0.00955205, Final residual = 8.76295e-10, No Iterations 3
Phase-1 volume fraction = 0.130194  Min(alpha.water) = -4.43761e-13  Max(alpha.water) = 1
MULES: Correcting alpha.water
MULES: Correcting alpha.water
Phase-1 volume fraction = 0.130194  Min(alpha.water) = -7.52363e-07  Max(alpha.water) = 1
DICPCG:  Solving for p_rgh, Initial residual = 0.0622696, Final residual = 0.00173661, No Iterations 3
time step continuity errors : sum local = 0.00131146, global = -1.72193e-05, cumulative = 0.000423696
DICPCG:  Solving for p_rgh, Initial residual = 0.00211469, Final residual = 7.59912e-05, No Iterations 15
time step continuity errors : sum local = 5.59027e-05, global = 2.65793e-06, cumulative = 0.000426354
DICPCG:  Solving for p_rgh, Initial residual = 0.000390493, Final residual = 8.36119e-08, No Iterations 64
time step continuity errors : sum local = 6.11457e-08, global = 2.19043e-09, cumulative = 0.000426356
ExecutionTime = 1.54 s  ClockTime = 3 s

Courant Number mean: 0.298257 max: 0.903667
Interface Courant Number mean: 0.0347516 max: 0.687226
deltaT = 0.0032967
Time = 0.4

PIMPLE: iteration 1
smoothSolver:  Solving for alpha.water, Initial residual = 0.00965615, Final residual = 9.0269e-10, No Iterations 3
Phase-1 volume fraction = 0.130194  Min(alpha.water) = -1.76939e-13  Max(alpha.water) = 1
MULES: Correcting alpha.water
MULES: Correcting alpha.water
Phase-1 volume fraction = 0.130194  Min(alpha.water) = -6.9124e-08  Max(alpha.water) = 1
DICPCG:  Solving for p_rgh, Initial residual = 0.0612516, Final residual = 0.0018149, No Iterations 3
time step continuity errors : sum local = 0.00139282, global = -1.93764e-05, cumulative = 0.000406979
DICPCG:  Solving for p_rgh, Initial residual = 0.00223074, Final residual = 9.18481e-05, No Iterations 15
time step continuity errors : sum local = 6.87742e-05, global = 1.16005e-06, cumulative = 0.000408139
DICPCG:  Solving for p_rgh, Initial residual = 0.00042615, Final residual = 8.81059e-08, No Iterations 64
time step continuity errors : sum local = 6.55863e-08, global = 1.88768e-09, cumulative = 0.000408141
ExecutionTime = 1.58 s  ClockTime = 4 s

Courant Number mean: 0.30215 max: 0.883886
Interface Courant Number mean: 0.0349001 max: 0.686652
deltaT = 0.00357143
Time = 0.403571

PIMPLE: iteration 1
smoothSolver:  Solving for alpha.water, Initial residual = 0.0105611, Final residual = 1.57315e-09, No Iterations 3
Phase-1 volume fraction = 0.130194  Min(alpha.water) = -1.68351e-16  Max(alpha.water) = 1
MULES: Correcting alpha.water
MULES: Correcting alpha.water
Phase-1 volume fraction = 0.130194  Min(alpha.water) = -5.71927e-06  Max(alpha.water) = 1
DICPCG:  Solving for p_rgh, Initial residual = 0.0719405, Final residual = 0.00217356, No Iterations 3
time step continuity errors : sum local = 0.00189437, global = -2.61851e-05, cumulative = 0.000381956
DICPCG:  Solving for p_rgh, Initial residual = 0.00269433, Final residual = 0.00012232, No Iterations 15
time step continuity errors : sum local = 0.000102548, global = 1.02119e-05, cumulative = 0.000392168
DICPCG:  Solving for p_rgh, Initial residual = 0.000549749, Final residual = 9.11298e-08, No Iterations 66
time step continuity errors : sum local = 7.58764e-08, global = 2.07422e-09, cumulative = 0.00039217
ExecutionTime = 1.59 s  ClockTime = 4 s

Courant Number mean: 0.331924 max: 0.952042
Interface Courant Number mean: 0.0378659 max: 0.73798
deltaT = 0.00386905
Time = 0.40744

PIMPLE: iteration 1
smoothSolver:  Solving for alpha.water, Initial residual = 0.0113304, Final residual = 2.62167e-09, No Iterations 3
Phase-1 volume fraction = 0.130194  Min(alpha.water) = -1.53562e-16  Max(alpha.water) = 1
MULES: Correcting alpha.water
MULES: Correcting alpha.water
Phase-1 volume fraction = 0.130194  Min(alpha.water) = -1.60226e-06  Max(alpha.water) = 1
DICPCG:  Solving for p_rgh, Initial residual = 0.0723822, Final residual = 0.00224592, No Iterations 3
time step continuity errors : sum local = 0.00210316, global = -3.86233e-05, cumulative = 0.000353547
DICPCG:  Solving for p_rgh, Initial residual = 0.00285873, Final residual = 0.000124697, No Iterations 15
time step continuity errors : sum local = 0.000112271, global = 7.23828e-06, cumulative = 0.000360785
DICPCG:  Solving for p_rgh, Initial residual = 0.000602528, Final residual = 6.30942e-08, No Iterations 67
time step continuity errors : sum local = 5.64052e-08, global = 2.7829e-09, cumulative = 0.000360788
ExecutionTime = 1.6 s  ClockTime = 4 s

Courant Number mean: 0.365253 max: 1.04371
Interface Courant Number mean: 0.0429129 max: 0.811501
deltaT = 0.00386905
Time = 0.41131

PIMPLE: iteration 1
smoothSolver:  Solving for alpha.water, Initial residual = 0.0112763, Final residual = 3.10639e-09, No Iterations 3
Phase-1 volume fraction = 0.130194  Min(alpha.water) = -1.38119e-16  Max(alpha.water) = 1
MULES: Correcting alpha.water
MULES: Correcting alpha.water
Phase-1 volume fraction = 0.130194  Min(alpha.water) = -2.01697e-06  Max(alpha.water) = 1
DICPCG:  Solving for p_rgh, Initial residual = 0.0719974, Final residual = 0.00207907, No Iterations 3
time step continuity errors : sum local = 0.00197594, global = -4.47133e-05, cumulative = 0.000316075
DICPCG:  Solving for p_rgh, Initial residual = 0.00264857, Final residual = 0.000119345, No Iterations 15
time step continuity errors : sum local = 0.000109685, global = 7.57674e-06, cumulative = 0.000323651
DICPCG:  Solving for p_rgh, Initial residual = 0.000563349, Final residual = 9.4698e-08, No Iterations 66
time step continuity errors : sum local = 8.64434e-08, global = 6.28236e-09, cumulative = 0.000323658
ExecutionTime = 1.61 s  ClockTime = 4 s

Courant Number mean: 0.370521 max: 1.06648
Interface Courant Number mean: 0.0434359 max: 0.802873
deltaT = 0.00351732
Time = 0.414827

PIMPLE: iteration 1
smoothSolver:  Solving for alpha.water, Initial residual = 0.0102878, Final residual = 1.91257e-09, No Iterations 3
Phase-1 volume fraction = 0.130194  Min(alpha.water) = -1.23693e-16  Max(alpha.water) = 1
MULES: Correcting alpha.water
MULES: Correcting alpha.water
Phase-1 volume fraction = 0.130194  Min(alpha.water) = -6.72331e-08  Max(alpha.water) = 1
DICPCG:  Solving for p_rgh, Initial residual = 0.0768673, Final residual = 0.00242179, No Iterations 3
time step continuity errors : sum local = 0.00198467, global = -4.15638e-05, cumulative = 0.000282094
DICPCG:  Solving for p_rgh, Initial residual = 0.00297924, Final residual = 8.79263e-05, No Iterations 16
time step continuity errors : sum local = 6.94427e-05, global = 8.84448e-06, cumulative = 0.000290938
DICPCG:  Solving for p_rgh, Initial residual = 0.00053988, Final residual = 7.76679e-08, No Iterations 67
time step continuity errors : sum local = 6.09603e-08, global = 2.03461e-09, cumulative = 0.00029094
ExecutionTime = 1.62 s  ClockTime = 4 s

Courant Number mean: 0.341029 max: 0.994659
Interface Courant Number mean: 0.0397831 max: 0.728413
deltaT = 0.00351732
Time = 0.418344

PIMPLE: iteration 1
smoothSolver:  Solving for alpha.water, Initial residual = 0.0103573, Final residual = 2.30427e-09, No Iterations 3
Phase-1 volume fraction = 0.130194  Min(alpha.water) = -1.16118e-16  Max(alpha.water) = 1
MULES: Correcting alpha.water
MULES: Correcting alpha.water
Phase-1 volume fraction = 0.130194  Min(alpha.water) = -2.13684e-07  Max(alpha.water) = 1
DICPCG:  Solving for p_rgh, Initial residual = 0.073964, Final residual = 0.00228056, No Iterations 3
time step continuity errors : sum local = 0.00182454, global = -4.41557e-05, cumulative = 0.000246785
DICPCG:  Solving for p_rgh, Initial residual = 0.00281205, Final residual = 0.000110762, No Iterations 16
time step continuity errors : sum local = 8.58589e-05, global = 4.47831e-07, cumulative = 0.000247232
DICPCG:  Solving for p_rgh, Initial residual = 0.000548267, Final residual = 6.95644e-08, No Iterations 67
time step continuity errors : sum local = 5.3591e-08, global = 2.25639e-09, cumulative = 0.000247235
ExecutionTime = 1.63 s  ClockTime = 4 s

Courant Number mean: 0.344977 max: 1.01599
Interface Courant Number mean: 0.0388736 max: 0.722974
deltaT = 0.00351732
Time = 0.421861

PIMPLE: iteration 1
smoothSolver:  Solving for alpha.water, Initial residual = 0.0103241, Final residual = 2.2353e-09, No Iterations 3
Phase-1 volume fraction = 0.130194  Min(alpha.water) = -1.136e-16  Max(alpha.water) = 1
MULES: Correcting alpha.water
MULES: Correcting alpha.water
Phase-1 volume fraction = 0.130194  Min(alpha.water) = -1.63164e-06  Max(alpha.water) = 1
DICPCG:  Solving for p_rgh, Initial residual = 0.0712573, Final residual = 0.00202136, No Iterations 3
time step continuity errors : sum local = 0.00159058, global = -4.35251e-05, cumulative = 0.00020371
DICPCG:  Solving for p_rgh, Initial residual = 0.00255308, Final residual = 8.15258e-05, No Iterations 16
time step continuity errors : sum local = 6.18545e-05, global = 2.66276e-06, cumulative = 0.000206372
DICPCG:  Solving for p_rgh, Initial residual = 0.00049428, Final residual = 7.32299e-08, No Iterations 67
time step continuity errors : sum local = 5.52469e-08, global = 3.57148e-09, cumulative = 0.000206376
ExecutionTime = 1.64 s  ClockTime = 4 s

Courant Number mean: 0.348871 max: 1.03159
Interface Courant Number mean: 0.0396831 max: 0.719578
deltaT = 0.00351732
Time = 0.425379

PIMPLE: iteration 1
smoothSolver:  Solving for alpha.water, Initial residual = 0.0103792, Final residual = 2.38512e-09, No Iterations 3
Phase-1 volume fraction = 0.130193  Min(alpha.water) = -1.09871e-16  Max(alpha.water) = 1
MULES: Correcting alpha.water
MULES: Correcting alpha.water
Phase-1 volume fraction = 0.130193  Min(alpha.water) = -1.78528e-06  Max(alpha.water) = 1
DICPCG:  Solving for p_rgh, Initial residual = 0.0709665, Final residual = 0.00207384, No Iterations 3
time step continuity errors : sum local = 0.00163982, global = -4.88895e-05, cumulative = 0.000157486
DICPCG:  Solving for p_rgh, Initial residual = 0.00254772, Final residual = 0.000111937, No Iterations 16
time step continuity errors : sum local = 8.58354e-05, global = 1.5904e-06, cumulative = 0.000159077
DICPCG:  Solving for p_rgh, Initial residual = 0.000519445, Final residual = 9.79589e-08, No Iterations 66
time step continuity errors : sum local = 7.46951e-08, global = 4.18462e-09, cumulative = 0.000159081
ExecutionTime = 1.65 s  ClockTime = 4 s

Courant Number mean: 0.352748 max: 1.05134
Interface Courant Number mean: 0.0386373 max: 0.716021
deltaT = 0.00351732
Time = 0.428896

PIMPLE: iteration 1
smoothSolver:  Solving for alpha.water, Initial residual = 0.0104172, Final residual = 2.0028e-09, No Iterations 3
Phase-1 volume fraction = 0.130193  Min(alpha.water) = -1.05095e-16  Max(alpha.water) = 1
MULES: Correcting alpha.water
MULES: Correcting alpha.water
Phase-1 volume fraction = 0.130193  Min(alpha.water) = -4.11745e-07  Max(alpha.water) = 1
DICPCG:  Solving for p_rgh, Initial residual = 0.0779803, Final residual = 0.00231925, No Iterations 3
time step continuity errors : sum local = 0.00186555, global = -5.32326e-05, cumulative = 0.000105848
DICPCG:  Solving for p_rgh, Initial residual = 0.00284744, Final residual = 0.000129116, No Iterations 16
time step continuity errors : sum local = 9.9866e-05, global = 2.92516e-06, cumulative = 0.000108773
DICPCG:  Solving for p_rgh, Initial residual = 0.000578529, Final residual = 8.49518e-08, No Iterations 68
time step continuity errors : sum local = 6.53498e-08, global = 8.10916e-10, cumulative = 0.000108774
ExecutionTime = 1.66 s  ClockTime = 4 s

Courant Number mean: 0.356511 max: 1.07811
Interface Courant Number mean: 0.0387551 max: 0.710385
deltaT = 0.00351732
Time = 0.432413

PIMPLE: iteration 1
smoothSolver:  Solving for alpha.water, Initial residual = 0.0104167, Final residual = 1.77702e-09, No Iterations 3
Phase-1 volume fraction = 0.130193  Min(alpha.water) = -9.94673e-17  Max(alpha.water) = 1
MULES: Correcting alpha.water
MULES: Correcting alpha.water
Phase-1 volume fraction = 0.130193  Min(alpha.water) = -9.57429e-07  Max(alpha.water) = 1
DICPCG:  Solving for p_rgh, Initial residual = 0.0786594, Final residual = 0.00226965, No Iterations 3
time step continuity errors : sum local = 0.00181604, global = -5.15252e-05, cumulative = 5.72491e-05
DICPCG:  Solving for p_rgh, Initial residual = 0.00278072, Final residual = 0.000128718, No Iterations 17
time step continuity errors : sum local = 9.92886e-05, global = 1.85887e-06, cumulative = 5.9108e-05
DICPCG:  Solving for p_rgh, Initial residual = 0.000581105, Final residual = 6.42438e-08, No Iterations 69
time step continuity errors : sum local = 4.92852e-08, global = -3.38301e-10, cumulative = 5.91076e-05
ExecutionTime = 1.67 s  ClockTime = 4 s

Courant Number mean: 0.360082 max: 1.11787
Interface Courant Number mean: 0.0400369 max: 0.738498
deltaT = 0.0029311
Time = 0.435345

PIMPLE: iteration 1
smoothSolver:  Solving for alpha.water, Initial residual = 0.00871257, Final residual = 4.35927e-10, No Iterations 3
Phase-1 volume fraction = 0.130193  Min(alpha.water) = -9.43011e-17  Max(alpha.water) = 1
MULES: Correcting alpha.water
MULES: Correcting alpha.water
Phase-1 volume fraction = 0.130193  Min(alpha.water) = -5.58958e-07  Max(alpha.water) = 1
DICPCG:  Solving for p_rgh, Initial residual = 0.0678707, Final residual = 0.00179179, No Iterations 3
time step continuity errors : sum local = 0.00108556, global = -3.96776e-05, cumulative = 1.943e-05
DICPCG:  Solving for p_rgh, Initial residual = 0.00222783, Final residual = 9.00376e-05, No Iterations 16
time step continuity errors : sum local = 5.28218e-05, global = 5.4137e-06, cumulative = 2.48437e-05
DICPCG:  Solving for p_rgh, Initial residual = 0.000410878, Final residual = 9.37778e-08, No Iterations 66
time step continuity errors : sum local = 5.48154e-08, global = 2.60061e-09, cumulative = 2.48463e-05
ExecutionTime = 1.68 s  ClockTime = 4 s

Courant Number mean: 0.302151 max: 0.987566
Interface Courant Number mean: 0.032546 max: 0.614147
deltaT = 0.0029311
Time = 0.438276

PIMPLE: iteration 1
smoothSolver:  Solving for alpha.water, Initial residual = 0.00876684, Final residual = 3.39972e-10, No Iterations 3
Phase-1 volume fraction = 0.130193  Min(alpha.water) = -8.873e-17  Max(alpha.water) = 1
MULES: Correcting alpha.water
MULES: Correcting alpha.water
Phase-1 volume fraction = 0.130193  Min(alpha.water) = -1.93766e-07  Max(alpha.water) = 1
DICPCG:  Solving for p_rgh, Initial residual = 0.0733052, Final residual = 0.00205465, No Iterations 3
time step continuity errors : sum local = 0.00125436, global = -3.46897e-05, cumulative = -9.84341e-06
DICPCG:  Solving for p_rgh, Initial residual = 0.00250474, Final residual = 0.000100715, No Iterations 48
time step continuity errors : sum local = 5.90386e-05, global = -1.70356e-06, cumulative = -1.1547e-05
DICPCG:  Solving for p_rgh, Initial residual = 0.000458468, Final residual = 6.50324e-08, No Iterations 69
time step continuity errors : sum local = 3.82301e-08, global = 2.90013e-10, cumulative = -1.15467e-05
ExecutionTime = 1.7 s  ClockTime = 4 s

Courant Number mean: 0.303768 max: 1.06481
Interface Courant Number mean: 0.0329929 max: 0.613899
deltaT = 0.0029311
Time = 0.441207

PIMPLE: iteration 1
smoothSolver:  Solving for alpha.water, Initial residual = 0.00877678, Final residual = 1.82908e-10, No Iterations 3
Phase-1 volume fraction = 0.130192  Min(alpha.water) = -8.28379e-17  Max(alpha.water) = 1
MULES: Correcting alpha.water
MULES: Correcting alpha.water
Phase-1 volume fraction = 0.130192  Min(alpha.water) = -1.45239e-07  Max(alpha.water) = 1
DICPCG:  Solving for p_rgh, Initial residual = 0.0745013, Final residual = 0.00218767, No Iterations 3
time step continuity errors : sum local = 0.00131781, global = -2.82853e-05, cumulative = -3.9832e-05
DICPCG:  Solving for p_rgh, Initial residual = 0.00262076, Final residual = 0.000124296, No Iterations 46
time step continuity errors : sum local = 7.23612e-05, global = 1.71122e-06, cumulative = -3.81208e-05
DICPCG:  Solving for p_rgh, Initial residual = 0.000492371, Final residual = 7.20565e-08, No Iterations 68
time step continuity errors : sum local = 4.2017e-08, global = 1.66467e-09, cumulative = -3.81191e-05
ExecutionTime = 1.71 s  ClockTime = 4 s

Courant Number mean: 0.305188 max: 1.15875
Interface Courant Number mean: 0.0322672 max: 0.612526
deltaT = 0.0029311
Time = 0.444138

PIMPLE: iteration 1
smoothSolver:  Solving for alpha.water, Initial residual = 0.00878852, Final residual = 9.91782e-11, No Iterations 3
Phase-1 volume fraction = 0.130191  Min(alpha.water) = -7.66973e-17  Max(alpha.water) = 1
MULES: Correcting alpha.water
MULES: Correcting alpha.water
Phase-1 volume fraction = 0.130192  Min(alpha.water) = -2.43769e-07  Max(alpha.water) = 1
DICPCG:  Solving for p_rgh, Initial residual = 0.0828819, Final residual = 0.00229964, No Iterations 3
time step continuity errors : sum local = 0.0013973, global = -1.82768e-05, cumulative = -5.63959e-05
DICPCG:  Solving for p_rgh, Initial residual = 0.0028039, Final residual = 0.000130965, No Iterations 47
time step continuity errors : sum local = 7.59903e-05, global = 1.53504e-06, cumulative = -5.48609e-05
DICPCG:  Solving for p_rgh, Initial residual = 0.000542751, Final residual = 7.26894e-08, No Iterations 69
time step continuity errors : sum local = 4.2381e-08, global = 1.01117e-09, cumulative = -5.48599e-05
ExecutionTime = 1.72 s  ClockTime = 4 s

Courant Number mean: 0.306521 max: 1.27403
Interface Courant Number mean: 0.0335228 max: 0.60871
deltaT = 0.00195406
Time = 0.446092

PIMPLE: iteration 1
smoothSolver:  Solving for alpha.water, Initial residual = 0.00593792, Final residual = 4.17038e-09, No Iterations 2
Phase-1 volume fraction = 0.130191  Min(alpha.water) = -2.76964e-10  Max(alpha.water) = 1
MULES: Correcting alpha.water
MULES: Correcting alpha.water
Phase-1 volume fraction = 0.130191  Min(alpha.water) = -3.82386e-10  Max(alpha.water) = 1
DICPCG:  Solving for p_rgh, Initial residual = 0.0589892, Final residual = 0.00165344, No Iterations 3
time step continuity errors : sum local = 0.000498662, global = -9.56065e-06, cumulative = -6.44205e-05
DICPCG:  Solving for p_rgh, Initial residual = 0.0019574, Final residual = 8.49013e-05, No Iterations 33
time step continuity errors : sum local = 2.49391e-05, global = 7.88053e-08, cumulative = -6.43417e-05
DICPCG:  Solving for p_rgh, Initial residual = 0.00028867, Final residual = 7.49536e-08, No Iterations 67
time step continuity errors : sum local = 2.17657e-08, global = -7.63216e-11, cumulative = -6.43418e-05
ExecutionTime = 1.73 s  ClockTime = 4 s

Courant Number mean: 0.204902 max: 0.88611
Interface Courant Number mean: 0.0220807 max: 0.403526
deltaT = 0.00195406
Time = 0.448046

PIMPLE: iteration 1
smoothSolver:  Solving for alpha.water, Initial residual = 0.00599428, Final residual = 3.05061e-09, No Iterations 2
Phase-1 volume fraction = 0.13019  Min(alpha.water) = -6.8305e-17  Max(alpha.water) = 1
MULES: Correcting alpha.water
MULES: Correcting alpha.water
Phase-1 volume fraction = 0.13019  Min(alpha.water) = -6.87261e-08  Max(alpha.water) = 1
DICPCG:  Solving for p_rgh, Initial residual = 0.0618055, Final residual = 0.00169674, No Iterations 3
time step continuity errors : sum local = 0.000519191, global = -2.5213e-06, cumulative = -6.68631e-05
DICPCG:  Solving for p_rgh, Initial residual = 0.00201815, Final residual = 7.74488e-05, No Iterations 46
time step continuity errors : sum local = 2.31257e-05, global = 9.93319e-07, cumulative = -6.58698e-05
DICPCG:  Solving for p_rgh, Initial residual = 0.000313522, Final residual = 8.19621e-08, No Iterations 67
time step continuity errors : sum local = 2.46451e-08, global = -7.7572e-11, cumulative = -6.58698e-05
ExecutionTime = 1.76 s  ClockTime = 4 s

Courant Number mean: 0.205372 max: 0.93113
Interface Courant Number mean: 0.0212509 max: 0.398962
deltaT = 0.00195406
Time = 0.45

PIMPLE: iteration 1
smoothSolver:  Solving for alpha.water, Initial residual = 0.00608091, Final residual = 2.70976e-09, No Iterations 2
Phase-1 volume fraction = 0.130189  Min(alpha.water) = -6.40232e-17  Max(alpha.water) = 1
MULES: Correcting alpha.water
MULES: Correcting alpha.water
Phase-1 volume fraction = 0.13019  Min(alpha.water) = -6.30469e-08  Max(alpha.water) = 1
DICPCG:  Solving for p_rgh, Initial residual = 0.0639134, Final residual = 0.00173076, No Iterations 3
time step continuity errors : sum local = 0.000544853, global = -1.2162e-06, cumulative = -6.7086e-05
DICPCG:  Solving for p_rgh, Initial residual = 0.00209265, Final residual = 8.48504e-05, No Iterations 46
time step continuity errors : sum local = 2.59622e-05, global = 1.54643e-06, cumulative = -6.55396e-05
DICPCG:  Solving for p_rgh, Initial residual = 0.000333448, Final residual = 9.13363e-08, No Iterations 67
time step continuity errors : sum local = 2.81014e-08, global = -1.91393e-10, cumulative = -6.55398e-05
ExecutionTime = 1.8 s  ClockTime = 4 s

Courant Number mean: 0.205746 max: 0.978653
Interface Courant Number mean: 0.0211367 max: 0.39705
deltaT = 0.002
Time = 0.452

PIMPLE: iteration 1
smoothSolver:  Solving for alpha.water, Initial residual = 0.00625417, Final residual = 3.43418e-09, No Iterations 2
Phase-1 volume fraction = 0.130188  Min(alpha.water) = -5.96048e-17  Max(alpha.water) = 1
MULES: Correcting alpha.water
MULES: Correcting alpha.water
Phase-1 volume fraction = 0.130189  Min(alpha.water) = -2.71018e-08  Max(alpha.water) = 1
DICPCG:  Solving for p_rgh, Initial residual = 0.0668583, Final residual = 0.00185513, No Iterations 3
time step continuity errors : sum local = 0.000606918, global = -2.65544e-06, cumulative = -6.81953e-05
DICPCG:  Solving for p_rgh, Initial residual = 0.00223955, Final residual = 0.000102322, No Iterations 46
time step continuity errors : sum local = 3.23384e-05, global = 2.25964e-06, cumulative = -6.59356e-05
DICPCG:  Solving for p_rgh, Initial residual = 0.000363856, Final residual = 9.35641e-08, No Iterations 64
time step continuity errors : sum local = 2.97703e-08, global = 1.81901e-09, cumulative = -6.59338e-05
ExecutionTime = 1.82 s  ClockTime = 4 s

Courant Number mean: 0.210855 max: 1.05664
Interface Courant Number mean: 0.0218376 max: 0.403282
deltaT = 0.00192
Time = 0.45392

PIMPLE: iteration 1
smoothSolver:  Solving for alpha.water, Initial residual = 0.00604115, Final residual = 3.09328e-09, No Iterations 2
Phase-1 volume fraction = 0.130186  Min(alpha.water) = -5.54753e-17  Max(alpha.water) = 1
MULES: Correcting alpha.water
MULES: Correcting alpha.water
Phase-1 volume fraction = 0.130187  Min(alpha.water) = -1.64797e-09  Max(alpha.water) = 1
DICPCG:  Solving for p_rgh, Initial residual = 0.0682749, Final residual = 0.00339755, No Iterations 2
time step continuity errors : sum local = 0.00103393, global = -1.39225e-05, cumulative = -7.98563e-05
DICPCG:  Solving for p_rgh, Initial residual = 0.00394782, Final residual = 0.000148255, No Iterations 18
time step continuity errors : sum local = 4.34973e-05, global = -1.54273e-06, cumulative = -8.13991e-05
DICPCG:  Solving for p_rgh, Initial residual = 0.000576494, Final residual = 8.88986e-08, No Iterations 62
time step continuity errors : sum local = 2.59924e-08, global = 9.61014e-11, cumulative = -8.1399e-05
ExecutionTime = 1.83 s  ClockTime = 4 s

Courant Number mean: 0.202615 max: 1.06731
Interface Courant Number mean: 0.0211493 max: 0.383553
deltaT = 0.00177231
Time = 0.455692

PIMPLE: iteration 1
smoothSolver:  Solving for alpha.water, Initial residual = 0.00555987, Final residual = 2.27324e-09, No Iterations 2
Phase-1 volume fraction = 0.130184  Min(alpha.water) = -5.34186e-17  Max(alpha.water) = 1
MULES: Correcting alpha.water
MULES: Correcting alpha.water
Phase-1 volume fraction = 0.130185  Min(alpha.water) = -1.83296e-09  Max(alpha.water) = 1
DICPCG:  Solving for p_rgh, Initial residual = 0.0616134, Final residual = 0.00291877, No Iterations 2
time step continuity errors : sum local = 0.000747778, global = -6.72747e-06, cumulative = -8.81264e-05
DICPCG:  Solving for p_rgh, Initial residual = 0.00336584, Final residual = 0.000121318, No Iterations 17
time step continuity errors : sum local = 3.02388e-05, global = 1.4453e-06, cumulative = -8.66811e-05
DICPCG:  Solving for p_rgh, Initial residual = 0.000466618, Final residual = 8.50137e-08, No Iterations 68
time step continuity errors : sum local = 2.11251e-08, global = 3.65462e-11, cumulative = -8.66811e-05
ExecutionTime = 1.84 s  ClockTime = 4 s

Courant Number mean: 0.187166 max: 1.03096
Interface Courant Number mean: 0.0189281 max: 0.352614
deltaT = 0.00170414
Time = 0.457396

PIMPLE: iteration 1
smoothSolver:  Solving for alpha.water, Initial residual = 0.00537659, Final residual = 1.98045e-09, No Iterations 2
Phase-1 volume fraction = 0.130182  Min(alpha.water) = -5.31526e-17  Max(alpha.water) = 1
MULES: Correcting alpha.water
MULES: Correcting alpha.water
Phase-1 volume fraction = 0.130183  Min(alpha.water) = -2.197e-09  Max(alpha.water) = 1
DICPCG:  Solving for p_rgh, Initial residual = 0.0523846, Final residual = 0.00247775, No Iterations 2
time step continuity errors : sum local = 0.000586227, global = -5.07974e-06, cumulative = -9.17608e-05
DICPCG:  Solving for p_rgh, Initial residual = 0.0028286, Final residual = 0.000132807, No Iterations 47
time step continuity errors : sum local = 3.09117e-05, global = -2.22573e-06, cumulative = -9.39866e-05
DICPCG:  Solving for p_rgh, Initial residual = 0.000432917, Final residual = 7.77747e-08, No Iterations 68
time step continuity errors : sum local = 1.82414e-08, global = 3.96222e-10, cumulative = -9.39862e-05
ExecutionTime = 1.85 s  ClockTime = 4 s

Courant Number mean: 0.180041 max: 1.03971
Interface Courant Number mean: 0.0177324 max: 0.337202
deltaT = 0.0016386
Time = 0.459035

PIMPLE: iteration 1
smoothSolver:  Solving for alpha.water, Initial residual = 0.00523137, Final residual = 1.79171e-09, No Iterations 2
Phase-1 volume fraction = 0.130179  Min(alpha.water) = -5.27449e-17  Max(alpha.water) = 1
MULES: Correcting alpha.water
MULES: Correcting alpha.water
Phase-1 volume fraction = 0.13018  Min(alpha.water) = -2.44426e-09  Max(alpha.water) = 1
DICPCG:  Solving for p_rgh, Initial residual = 0.0550907, Final residual = 0.00148737, No Iterations 3
time step continuity errors : sum local = 0.000361718, global = 3.44054e-06, cumulative = -9.05456e-05
DICPCG:  Solving for p_rgh, Initial residual = 0.00181687, Final residual = 6.26649e-05, No Iterations 53
time step continuity errors : sum local = 1.48583e-05, global = -2.8673e-07, cumulative = -9.08324e-05
DICPCG:  Solving for p_rgh, Initial residual = 0.000268128, Final residual = 7.14703e-08, No Iterations 65
time step continuity errors : sum local = 1.71981e-08, global = -5.1695e-10, cumulative = -9.08329e-05
ExecutionTime = 1.86 s  ClockTime = 4 s

Courant Number mean: 0.173078 max: 1.05153
Interface Courant Number mean: 0.0172745 max: 0.322146
deltaT = 0.00157558
Time = 0.460611

PIMPLE: iteration 1
smoothSolver:  Solving for alpha.water, Initial residual = 0.00502085, Final residual = 1.70847e-09, No Iterations 2
Phase-1 volume fraction = 0.130174  Min(alpha.water) = -5.22213e-17  Max(alpha.water) = 1
MULES: Correcting alpha.water
MULES: Correcting alpha.water
Phase-1 volume fraction = 0.130176  Min(alpha.water) = -2.6763e-09  Max(alpha.water) = 1
DICPCG:  Solving for p_rgh, Initial residual = 0.0538405, Final residual = 0.00145721, No Iterations 3
time step continuity errors : sum local = 0.000342277, global = 2.73876e-06, cumulative = -8.80941e-05
DICPCG:  Solving for p_rgh, Initial residual = 0.00178735, Final residual = 7.72423e-05, No Iterations 53
time step continuity errors : sum local = 1.77112e-05, global = -3.43618e-07, cumulative = -8.84378e-05
DICPCG:  Solving for p_rgh, Initial residual = 0.000259139, Final residual = 7.46806e-08, No Iterations 65
time step continuity errors : sum local = 1.7356e-08, global = 6.61822e-10, cumulative = -8.84371e-05
ExecutionTime = 1.88 s  ClockTime = 4 s

Courant Number mean: 0.166342 max: 1.05668
Interface Courant Number mean: 0.0164082 max: 0.308456
deltaT = 0.00151498
Time = 0.462126

PIMPLE: iteration 1
smoothSolver:  Solving for alpha.water, Initial residual = 0.00486491, Final residual = 1.67458e-09, No Iterations 2
Phase-1 volume fraction = 0.130169  Min(alpha.water) = -5.16046e-17  Max(alpha.water) = 1
MULES: Correcting alpha.water
MULES: Correcting alpha.water
Phase-1 volume fraction = 0.130171  Min(alpha.water) = -2.39166e-09  Max(alpha.water) = 1
DICPCG:  Solving for p_rgh, Initial residual = 0.0528325, Final residual = 0.00147596, No Iterations 3
time step continuity errors : sum local = 0.00033575, global = 2.04089e-06, cumulative = -8.63962e-05
DICPCG:  Solving for p_rgh, Initial residual = 0.00179885, Final residual = 8.28414e-05, No Iterations 53
time step continuity errors : sum local = 1.83116e-05, global = -5.92823e-07, cumulative = -8.6989e-05
DICPCG:  Solving for p_rgh, Initial residual = 0.0002556, Final residual = 8.25501e-08, No Iterations 65
time step continuity errors : sum local = 1.85237e-08, global = -9.06665e-10, cumulative = -8.69899e-05
ExecutionTime = 1.89 s  ClockTime = 4 s

Courant Number mean: 0.159765 max: 1.055
Interface Courant Number mean: 0.016316 max: 0.3293
deltaT = 0.00145671
Time = 0.463582

PIMPLE: iteration 1
smoothSolver:  Solving for alpha.water, Initial residual = 0.00467613, Final residual = 1.68228e-09, No Iterations 2
Phase-1 volume fraction = 0.130162  Min(alpha.water) = -5.33755e-14  Max(alpha.water) = 1
MULES: Correcting alpha.water
MULES: Correcting alpha.water
Phase-1 volume fraction = 0.130163  Min(alpha.water) = -1.64419e-09  Max(alpha.water) = 1
DICPCG:  Solving for p_rgh, Initial residual = 0.0526318, Final residual = 0.00257855, No Iterations 2
time step continuity errors : sum local = 0.000557365, global = -3.96077e-07, cumulative = -8.7386e-05
DICPCG:  Solving for p_rgh, Initial residual = 0.00300289, Final residual = 0.000133305, No Iterations 52
time step continuity errors : sum local = 2.80708e-05, global = -1.47424e-06, cumulative = -8.88602e-05
DICPCG:  Solving for p_rgh, Initial residual = 0.000394313, Final residual = 7.80457e-08, No Iterations 70
time step continuity errors : sum local = 1.66463e-08, global = -1.55592e-10, cumulative = -8.88604e-05
ExecutionTime = 1.9 s  ClockTime = 4 s

Courant Number mean: 0.153354 max: 1.04946
Interface Courant Number mean: 0.0159324 max: 0.315542
deltaT = 0.00140068
Time = 0.464983

PIMPLE: iteration 1
smoothSolver:  Solving for alpha.water, Initial residual = 0.00448701, Final residual = 1.72614e-09, No Iterations 2
Phase-1 volume fraction = 0.130151  Min(alpha.water) = -4.5512e-14  Max(alpha.water) = 1
MULES: Correcting alpha.water
MULES: Correcting alpha.water
Phase-1 volume fraction = 0.130153  Min(alpha.water) = -1.98597e-08  Max(alpha.water) = 1
DICPCG:  Solving for p_rgh, Initial residual = 0.0458065, Final residual = 0.00227763, No Iterations 2
time step continuity errors : sum local = 0.000456304, global = -6.9973e-08, cumulative = -8.89304e-05
DICPCG:  Solving for p_rgh, Initial residual = 0.00258532, Final residual = 0.000126797, No Iterations 52
time step continuity errors : sum local = 2.49163e-05, global = -1.40495e-06, cumulative = -9.03353e-05
DICPCG:  Solving for p_rgh, Initial residual = 0.000338305, Final residual = 7.21397e-08, No Iterations 70
time step continuity errors : sum local = 1.43671e-08, global = -1.50757e-10, cumulative = -9.03355e-05
ExecutionTime = 1.91 s  ClockTime = 4 s

Courant Number mean: 0.14705 max: 1.03848
Interface Courant Number mean: 0.01522 max: 0.303026
deltaT = 0.00134681
Time = 0.46633

PIMPLE: iteration 1
smoothSolver:  Solving for alpha.water, Initial residual = 0.00430691, Final residual = 1.74754e-09, No Iterations 2
Phase-1 volume fraction = 0.130138  Min(alpha.water) = -3.86968e-14  Max(alpha.water) = 1
MULES: Correcting alpha.water
MULES: Correcting alpha.water
Phase-1 volume fraction = 0.130139  Min(alpha.water) = -1.2192e-08  Max(alpha.water) = 1
DICPCG:  Solving for p_rgh, Initial residual = 0.0448462, Final residual = 0.002221, No Iterations 2
time step continuity errors : sum local = 0.000425462, global = -3.85233e-07, cumulative = -9.07207e-05
DICPCG:  Solving for p_rgh, Initial residual = 0.00252814, Final residual = 0.000119774, No Iterations 53
time step continuity errors : sum local = 2.24342e-05, global = -8.8693e-07, cumulative = -9.16076e-05
DICPCG:  Solving for p_rgh, Initial residual = 0.000313501, Final residual = 9.73065e-08, No Iterations 67
time step continuity errors : sum local = 1.84892e-08, global = -9.9399e-10, cumulative = -9.16086e-05
ExecutionTime = 1.93 s  ClockTime = 4 s

Courant Number mean: 0.140853 max: 1.02122
Interface Courant Number mean: 0.0148387 max: 0.291415
deltaT = 0.00129501
Time = 0.467625

PIMPLE: iteration 1
smoothSolver:  Solving for alpha.water, Initial residual = 0.00408646, Final residual = 1.72254e-09, No Iterations 2
Phase-1 volume fraction = 0.130123  Min(alpha.water) = -3.31193e-14  Max(alpha.water) = 1
MULES: Correcting alpha.water
MULES: Correcting alpha.water
Phase-1 volume fraction = 0.130123  Min(alpha.water) = -7.60337e-09  Max(alpha.water) = 1
DICPCG:  Solving for p_rgh, Initial residual = 0.0427455, Final residual = 0.00208549, No Iterations 2
time step continuity errors : sum local = 0.000371541, global = 2.22674e-06, cumulative = -8.93819e-05
DICPCG:  Solving for p_rgh, Initial residual = 0.00238965, Final residual = 0.000115581, No Iterations 53
time step continuity errors : sum local = 2.01709e-05, global = -8.53895e-07, cumulative = -9.02358e-05
DICPCG:  Solving for p_rgh, Initial residual = 0.000301767, Final residual = 9.71476e-08, No Iterations 67
time step continuity errors : sum local = 1.71896e-08, global = -8.03458e-10, cumulative = -9.02366e-05
ExecutionTime = 1.94 s  ClockTime = 4 s

Courant Number mean: 0.13484 max: 0.996796
Interface Courant Number mean: 0.0139894 max: 0.280416
deltaT = 0.00129501
Time = 0.46892

PIMPLE: iteration 1
smoothSolver:  Solving for alpha.water, Initial residual = 0.00403693, Final residual = 2.06077e-09, No Iterations 2
Phase-1 volume fraction = 0.130104  Min(alpha.water) = -2.82942e-14  Max(alpha.water) = 1
MULES: Correcting alpha.water
MULES: Correcting alpha.water
Phase-1 volume fraction = 0.130104  Min(alpha.water) = -1.28216e-08  Max(alpha.water) = 1
DICPCG:  Solving for p_rgh, Initial residual = 0.040017, Final residual = 0.00198717, No Iterations 2
time step continuity errors : sum local = 0.000354503, global = 9.66214e-06, cumulative = -8.05745e-05
DICPCG:  Solving for p_rgh, Initial residual = 0.00229648, Final residual = 8.46027e-05, No Iterations 54
time step continuity errors : sum local = 1.47991e-05, global = -2.83785e-07, cumulative = -8.08582e-05
DICPCG:  Solving for p_rgh, Initial residual = 0.000279342, Final residual = 6.77326e-08, No Iterations 66
time step continuity errors : sum local = 1.21475e-08, global = -5.00801e-10, cumulative = -8.08587e-05
ExecutionTime = 1.95 s  ClockTime = 4 s

Courant Number mean: 0.13405 max: 1.00908
Interface Courant Number mean: 0.0136441 max: 0.280739
deltaT = 0.00129501
Time = 0.470215

PIMPLE: iteration 1
smoothSolver:  Solving for alpha.water, Initial residual = 0.00403488, Final residual = 2.47197e-09, No Iterations 2
Phase-1 volume fraction = 0.130082  Min(alpha.water) = -2.40583e-14  Max(alpha.water) = 1
MULES: Correcting alpha.water
MULES: Correcting alpha.water
Phase-1 volume fraction = 0.130082  Min(alpha.water) = -1.79893e-08  Max(alpha.water) = 1
DICPCG:  Solving for p_rgh, Initial residual = 0.0412283, Final residual = 0.00205176, No Iterations 2
time step continuity errors : sum local = 0.000376273, global = 4.37862e-06, cumulative = -7.64801e-05
DICPCG:  Solving for p_rgh, Initial residual = 0.00235515, Final residual = 9.43809e-05, No Iterations 54
time step continuity errors : sum local = 1.6916e-05, global = -2.51495e-07, cumulative = -7.67316e-05
DICPCG:  Solving for p_rgh, Initial residual = 0.000293141, Final residual = 7.88269e-08, No Iterations 67
time step continuity errors : sum local = 1.45033e-08, global = -9.17876e-10, cumulative = -7.67325e-05
ExecutionTime = 1.96 s  ClockTime = 4 s

Courant Number mean: 0.133007 max: 1.01915
Interface Courant Number mean: 0.0136088 max: 0.305339
deltaT = 0.00129501
Time = 0.47151

PIMPLE: iteration 1
smoothSolver:  Solving for alpha.water, Initial residual = 0.0040462, Final residual = 2.94031e-09, No Iterations 2
Phase-1 volume fraction = 0.130057  Min(alpha.water) = -2.03813e-14  Max(alpha.water) = 1
MULES: Correcting alpha.water
MULES: Correcting alpha.water
Phase-1 volume fraction = 0.130057  Min(alpha.water) = -1.98334e-08  Max(alpha.water) = 1
DICPCG:  Solving for p_rgh, Initial residual = 0.0395925, Final residual = 0.00197541, No Iterations 2
time step continuity errors : sum local = 0.000378403, global = 5.26356e-06, cumulative = -7.1469e-05
DICPCG:  Solving for p_rgh, Initial residual = 0.00233676, Final residual = 9.81906e-05, No Iterations 54
time step continuity errors : sum local = 1.83724e-05, global = -2.51603e-07, cumulative = -7.17206e-05
DICPCG:  Solving for p_rgh, Initial residual = 0.000293253, Final residual = 9.65313e-08, No Iterations 67
time step continuity errors : sum local = 1.85562e-08, global = -1.94583e-10, cumulative = -7.17208e-05
ExecutionTime = 1.97 s  ClockTime = 4 s

Courant Number mean: 0.131729 max: 1.03261
Interface Courant Number mean: 0.0135079 max: 0.30853
deltaT = 0.0012387
Time = 0.472749

PIMPLE: iteration 1
smoothSolver:  Solving for alpha.water, Initial residual = 0.00386203, Final residual = 2.82824e-09, No Iterations 2
Phase-1 volume fraction = 0.130032  Min(alpha.water) = -1.73551e-14  Max(alpha.water) = 1
MULES: Correcting alpha.water
MULES: Correcting alpha.water
Phase-1 volume fraction = 0.130032  Min(alpha.water) = -1.53047e-08  Max(alpha.water) = 1
DICPCG:  Solving for p_rgh, Initial residual = 0.0353497, Final residual = 0.00173962, No Iterations 2
time step continuity errors : sum local = 0.000309861, global = 4.43388e-06, cumulative = -6.72869e-05
DICPCG:  Solving for p_rgh, Initial residual = 0.00206579, Final residual = 8.10651e-05, No Iterations 54
time step continuity errors : sum local = 1.41919e-05, global = -3.7293e-07, cumulative = -6.76598e-05
DICPCG:  Solving for p_rgh, Initial residual = 0.000255069, Final residual = 9.24202e-08, No Iterations 67
time step continuity errors : sum local = 1.66012e-08, global = -1.39095e-10, cumulative = -6.766e-05
ExecutionTime = 1.98 s  ClockTime = 4 s

Courant Number mean: 0.124577 max: 0.993646
Interface Courant Number mean: 0.0134151 max: 0.722668
deltaT = 0.0012387
Time = 0.473987

PIMPLE: iteration 1
smoothSolver:  Solving for alpha.water, Initial residual = 0.00385194, Final residual = 3.3335e-09, No Iterations 2
Phase-1 volume fraction = 0.130005  Min(alpha.water) = -1.47769e-14  Max(alpha.water) = 1
MULES: Correcting alpha.water
MULES: Correcting alpha.water
Phase-1 volume fraction = 0.130005  Min(alpha.water) = -1.25975e-08  Max(alpha.water) = 1
DICPCG:  Solving for p_rgh, Initial residual = 0.0336104, Final residual = 0.00101629, No Iterations 3
time step continuity errors : sum local = 0.000189857, global = 4.73699e-06, cumulative = -6.2923e-05
DICPCG:  Solving for p_rgh, Initial residual = 0.00130778, Final residual = 5.92405e-05, No Iterations 54
time step continuity errors : sum local = 1.08784e-05, global = -2.22691e-07, cumulative = -6.31457e-05
DICPCG:  Solving for p_rgh, Initial residual = 0.000168189, Final residual = 7.8161e-08, No Iterations 66
time step continuity errors : sum local = 1.48633e-08, global = -3.17998e-10, cumulative = -6.3146e-05
ExecutionTime = 2 s  ClockTime = 4 s

Courant Number mean: 0.122862 max: 0.995107
Interface Courant Number mean: 0.013809 max: 0.70973
deltaT = 0.0012387
Time = 0.475226

PIMPLE: iteration 1
smoothSolver:  Solving for alpha.water, Initial residual = 0.00382896, Final residual = 3.87905e-09, No Iterations 2
Phase-1 volume fraction = 0.129977  Min(alpha.water) = -1.25967e-14  Max(alpha.water) = 1
MULES: Correcting alpha.water
MULES: Correcting alpha.water
Phase-1 volume fraction = 0.129977  Min(alpha.water) = -9.66118e-09  Max(alpha.water) = 1
DICPCG:  Solving for p_rgh, Initial residual = 0.0344742, Final residual = 0.000926483, No Iterations 3
time step continuity errors : sum local = 0.000185846, global = 5.2987e-06, cumulative = -5.78473e-05
DICPCG:  Solving for p_rgh, Initial residual = 0.00119222, Final residual = 3.58765e-05, No Iterations 55
time step continuity errors : sum local = 7.05611e-06, global = -4.3106e-07, cumulative = -5.82783e-05
DICPCG:  Solving for p_rgh, Initial residual = 0.000149886, Final residual = 7.67097e-08, No Iterations 69
time step continuity errors : sum local = 1.54788e-08, global = -6.20222e-11, cumulative = -5.82784e-05
ExecutionTime = 2.01 s  ClockTime = 4 s

Courant Number mean: 0.120868 max: 0.988824
Interface Courant Number mean: 0.0139797 max: 0.695707
deltaT = 0.0012387
Time = 0.476465

PIMPLE: iteration 1
smoothSolver:  Solving for alpha.water, Initial residual = 0.00381753, Final residual = 4.45847e-09, No Iterations 2
Phase-1 volume fraction = 0.129947  Min(alpha.water) = -1.07614e-14  Max(alpha.water) = 1
MULES: Correcting alpha.water
MULES: Correcting alpha.water
Phase-1 volume fraction = 0.129947  Min(alpha.water) = -5.93551e-09  Max(alpha.water) = 1
DICPCG:  Solving for p_rgh, Initial residual = 0.0326044, Final residual = 0.000840722, No Iterations 3
time step continuity errors : sum local = 0.000168114, global = 5.54969e-06, cumulative = -5.27287e-05
DICPCG:  Solving for p_rgh, Initial residual = 0.00108675, Final residual = 5.37268e-05, No Iterations 54
time step continuity errors : sum local = 1.05605e-05, global = -4.59722e-07, cumulative = -5.31884e-05
DICPCG:  Solving for p_rgh, Initial residual = 0.000156725, Final residual = 9.60825e-08, No Iterations 69
time step continuity errors : sum local = 1.91724e-08, global = -1.1502e-10, cumulative = -5.31886e-05
ExecutionTime = 2.02 s  ClockTime = 4 s

Courant Number mean: 0.118705 max: 0.971957
Interface Courant Number mean: 0.0145478 max: 0.777137
deltaT = 0.00130752
Time = 0.477772

PIMPLE: iteration 1
smoothSolver:  Solving for alpha.water, Initial residual = 0.00400385, Final residual = 6.66939e-09, No Iterations 2
Phase-1 volume fraction = 0.129916  Min(alpha.water) = -8.87491e-15  Max(alpha.water) = 1
MULES: Correcting alpha.water
MULES: Correcting alpha.water
Phase-1 volume fraction = 0.129916  Min(alpha.water) = -2.16826e-09  Max(alpha.water) = 1
DICPCG:  Solving for p_rgh, Initial residual = 0.0345249, Final residual = 0.00093866, No Iterations 3
time step continuity errors : sum local = 0.000206765, global = 6.71282e-06, cumulative = -4.64757e-05
DICPCG:  Solving for p_rgh, Initial residual = 0.00120773, Final residual = 6.01882e-05, No Iterations 54
time step continuity errors : sum local = 1.30527e-05, global = -1.85901e-07, cumulative = -4.66616e-05
DICPCG:  Solving for p_rgh, Initial residual = 0.00016224, Final residual = 7.36364e-08, No Iterations 70
time step continuity errors : sum local = 1.62752e-08, global = 3.10094e-10, cumulative = -4.66613e-05
ExecutionTime = 2.03 s  ClockTime = 4 s

Courant Number mean: 0.122654 max: 1.00562
Interface Courant Number mean: 0.015405 max: 1.00562
deltaT = 0.00130752
Time = 0.47908

PIMPLE: iteration 1
smoothSolver:  Solving for alpha.water, Initial residual = 0.00397092, Final residual = 7.7657e-09, No Iterations 2
Phase-1 volume fraction = 0.129884  Min(alpha.water) = -7.57379e-15  Max(alpha.water) = 1
MULES: Correcting alpha.water
MULES: Correcting alpha.water
Phase-1 volume fraction = 0.129884  Min(alpha.water) = -5.94933e-10  Max(alpha.water) = 1
DICPCG:  Solving for p_rgh, Initial residual = 0.0313101, Final residual = 0.000887147, No Iterations 3
time step continuity errors : sum local = 0.000199816, global = 7.10505e-06, cumulative = -3.95563e-05
DICPCG:  Solving for p_rgh, Initial residual = 0.00119597, Final residual = 5.89656e-05, No Iterations 54
time step continuity errors : sum local = 1.30737e-05, global = -4.05402e-07, cumulative = -3.99617e-05
DICPCG:  Solving for p_rgh, Initial residual = 0.000178087, Final residual = 7.88516e-08, No Iterations 70
time step continuity errors : sum local = 1.77665e-08, global = -1.19121e-10, cumulative = -3.99618e-05
ExecutionTime = 2.04 s  ClockTime = 4 s

Courant Number mean: 0.119682 max: 0.979475
Interface Courant Number mean: 0.015781 max: 0.979475
deltaT = 0.00130752
Time = 0.480387

PIMPLE: iteration 1
smoothSolver:  Solving for alpha.water, Initial residual = 0.00390549, Final residual = 9.0244e-09, No Iterations 2
Phase-1 volume fraction = 0.129852  Min(alpha.water) = -6.49412e-15  Max(alpha.water) = 1
MULES: Correcting alpha.water
MULES: Correcting alpha.water
Phase-1 volume fraction = 0.129852  Min(alpha.water) = -3.09098e-10  Max(alpha.water) = 1
DICPCG:  Solving for p_rgh, Initial residual = 0.031388, Final residual = 0.00155361, No Iterations 2
time step continuity errors : sum local = 0.000366639, global = 8.89268e-06, cumulative = -3.10691e-05
DICPCG:  Solving for p_rgh, Initial residual = 0.00185181, Final residual = 7.35647e-05, No Iterations 19
time step continuity errors : sum local = 1.70939e-05, global = 4.99464e-06, cumulative = -2.60745e-05
DICPCG:  Solving for p_rgh, Initial residual = 0.000243223, Final residual = 6.69949e-08, No Iterations 70
time step continuity errors : sum local = 1.55568e-08, global = 6.17086e-10, cumulative = -2.60739e-05
ExecutionTime = 2.06 s  ClockTime = 4 s

Courant Number mean: 0.116708 max: 0.934535
Interface Courant Number mean: 0.0167247 max: 0.934535
deltaT = 0.00140091
Time = 0.481788

PIMPLE: iteration 1
smoothSolver:  Solving for alpha.water, Initial residual = 0.0041015, Final residual = 8.28157e-11, No Iterations 3
Phase-1 volume fraction = 0.129818  Min(alpha.water) = -5.54258e-15  Max(alpha.water) = 1
MULES: Correcting alpha.water
MULES: Correcting alpha.water
Phase-1 volume fraction = 0.129818  Min(alpha.water) = -2.67665e-09  Max(alpha.water) = 1
DICPCG:  Solving for p_rgh, Initial residual = 0.0321051, Final residual = 0.00153364, No Iterations 2
time step continuity errors : sum local = 0.000402024, global = 1.05385e-05, cumulative = -1.55353e-05
DICPCG:  Solving for p_rgh, Initial residual = 0.00185015, Final residual = 8.88331e-05, No Iterations 13
time step continuity errors : sum local = 2.29383e-05, global = 3.61038e-06, cumulative = -1.19249e-05
DICPCG:  Solving for p_rgh, Initial residual = 0.000280887, Final residual = 9.05457e-08, No Iterations 69
time step continuity errors : sum local = 2.33697e-08, global = -5.73672e-10, cumulative = -1.19255e-05
ExecutionTime = 2.07 s  ClockTime = 4 s

Courant Number mean: 0.121545 max: 0.940307
Interface Courant Number mean: 0.0178935 max: 0.940307
deltaT = 0.00151766
Time = 0.483306

PIMPLE: iteration 1
smoothSolver:  Solving for alpha.water, Initial residual = 0.00436759, Final residual = 1.38436e-10, No Iterations 3
Phase-1 volume fraction = 0.129781  Min(alpha.water) = -4.7027e-15  Max(alpha.water) = 1
MULES: Correcting alpha.water
MULES: Correcting alpha.water
Phase-1 volume fraction = 0.129781  Min(alpha.water) = -1.72955e-09  Max(alpha.water) = 1
DICPCG:  Solving for p_rgh, Initial residual = 0.0324429, Final residual = 0.000884812, No Iterations 3
time step continuity errors : sum local = 0.00027358, global = 1.13697e-05, cumulative = -5.55838e-07
DICPCG:  Solving for p_rgh, Initial residual = 0.0011948, Final residual = 5.81508e-05, No Iterations 53
time step continuity errors : sum local = 1.7687e-05, global = -4.57826e-07, cumulative = -1.01366e-06
DICPCG:  Solving for p_rgh, Initial residual = 0.000207259, Final residual = 6.37175e-08, No Iterations 71
time step continuity errors : sum local = 1.90539e-08, global = 4.87386e-10, cumulative = -1.01318e-06
ExecutionTime = 2.08 s  ClockTime = 4 s

Courant Number mean: 0.127637 max: 0.957705
Interface Courant Number mean: 0.0192105 max: 0.955036
deltaT = 0.00151766
Time = 0.484823

PIMPLE: iteration 1
smoothSolver:  Solving for alpha.water, Initial residual = 0.00431412, Final residual = 1.30295e-10, No Iterations 3
Phase-1 volume fraction = 0.129745  Min(alpha.water) = -4.01748e-15  Max(alpha.water) = 1
MULES: Correcting alpha.water
MULES: Correcting alpha.water
Phase-1 volume fraction = 0.129745  Min(alpha.water) = -1.31366e-10  Max(alpha.water) = 1
DICPCG:  Solving for p_rgh, Initial residual = 0.031827, Final residual = 0.000913703, No Iterations 3
time step continuity errors : sum local = 0.000288402, global = 1.46673e-05, cumulative = 1.36541e-05
DICPCG:  Solving for p_rgh, Initial residual = 0.00119401, Final residual = 5.90871e-05, No Iterations 42
time step continuity errors : sum local = 1.83996e-05, global = -5.75941e-06, cumulative = 7.89471e-06
DICPCG:  Solving for p_rgh, Initial residual = 0.000211949, Final residual = 9.07777e-08, No Iterations 70
time step continuity errors : sum local = 2.72943e-08, global = 9.06699e-11, cumulative = 7.8948e-06
ExecutionTime = 2.09 s  ClockTime = 4 s

Courant Number mean: 0.123809 max: 0.915948
Interface Courant Number mean: 0.0194134 max: 0.899085
deltaT = 0.00168629
Time = 0.48651

PIMPLE: iteration 1
smoothSolver:  Solving for alpha.water, Initial residual = 0.00478719, Final residual = 2.39485e-10, No Iterations 3
Phase-1 volume fraction = 0.129707  Min(alpha.water) = -3.37413e-15  Max(alpha.water) = 1
MULES: Correcting alpha.water
MULES: Correcting alpha.water
Phase-1 volume fraction = 0.129706  Min(alpha.water) = -1.64523e-10  Max(alpha.water) = 1
DICPCG:  Solving for p_rgh, Initial residual = 0.0327901, Final residual = 0.000939812, No Iterations 3
time step continuity errors : sum local = 0.000352422, global = 1.6074e-05, cumulative = 2.39688e-05
DICPCG:  Solving for p_rgh, Initial residual = 0.00122456, Final residual = 4.83162e-05, No Iterations 54
time step continuity errors : sum local = 1.78246e-05, global = -3.07295e-07, cumulative = 2.36615e-05
DICPCG:  Solving for p_rgh, Initial residual = 0.000217763, Final residual = 9.63216e-08, No Iterations 70
time step continuity errors : sum local = 3.43675e-08, global = -9.856e-10, cumulative = 2.36605e-05
ExecutionTime = 2.1 s  ClockTime = 5 s

Courant Number mean: 0.133149 max: 0.972818
Interface Courant Number mean: 0.020961 max: 0.935184
deltaT = 0.00168629
Time = 0.488196

PIMPLE: iteration 1
smoothSolver:  Solving for alpha.water, Initial residual = 0.00477279, Final residual = 1.85969e-10, No Iterations 3
Phase-1 volume fraction = 0.129669  Min(alpha.water) = -2.85403e-15  Max(alpha.water) = 1
MULES: Correcting alpha.water
MULES: Correcting alpha.water
Phase-1 volume fraction = 0.129669  Min(alpha.water) = -5.45499e-11  Max(alpha.water) = 1
DICPCG:  Solving for p_rgh, Initial residual = 0.0352542, Final residual = 0.00107984, No Iterations 3
time step continuity errors : sum local = 0.000412108, global = 1.10694e-05, cumulative = 3.47299e-05
DICPCG:  Solving for p_rgh, Initial residual = 0.00137154, Final residual = 6.28982e-05, No Iterations 42
time step continuity errors : sum local = 2.34926e-05, global = -2.3072e-06, cumulative = 3.24227e-05
DICPCG:  Solving for p_rgh, Initial residual = 0.000245265, Final residual = 7.37946e-08, No Iterations 71
time step continuity errors : sum local = 2.58633e-08, global = -2.08311e-10, cumulative = 3.24225e-05
ExecutionTime = 2.11 s  ClockTime = 5 s

Courant Number mean: 0.129424 max: 0.92648
Interface Courant Number mean: 0.0214047 max: 0.891016
deltaT = 0.00196733
Time = 0.490163

PIMPLE: iteration 1
smoothSolver:  Solving for alpha.water, Initial residual = 0.00546587, Final residual = 4.31038e-10, No Iterations 3
Phase-1 volume fraction = 0.129628  Min(alpha.water) = -2.36166e-15  Max(alpha.water) = 1
MULES: Correcting alpha.water
MULES: Correcting alpha.water
Phase-1 volume fraction = 0.129627  Min(alpha.water) = -2.24457e-10  Max(alpha.water) = 1
DICPCG:  Solving for p_rgh, Initial residual = 0.0375289, Final residual = 0.00185917, No Iterations 2
time step continuity errors : sum local = 0.000879853, global = 2.15731e-05, cumulative = 5.39956e-05
DICPCG:  Solving for p_rgh, Initial residual = 0.00228863, Final residual = 9.38104e-05, No Iterations 41
time step continuity errors : sum local = 4.34913e-05, global = 9.59376e-06, cumulative = 6.35893e-05
DICPCG:  Solving for p_rgh, Initial residual = 0.000405295, Final residual = 7.52999e-08, No Iterations 72
time step continuity errors : sum local = 3.32307e-08, global = 1.73879e-10, cumulative = 6.35895e-05
ExecutionTime = 2.13 s  ClockTime = 5 s

Courant Number mean: 0.146454 max: 1.01588
Interface Courant Number mean: 0.0238762 max: 0.965263
deltaT = 0.00196733
Time = 0.492131

PIMPLE: iteration 1
smoothSolver:  Solving for alpha.water, Initial residual = 0.00542907, Final residual = 3.07937e-10, No Iterations 3
Phase-1 volume fraction = 0.129589  Min(alpha.water) = -1.95837e-15  Max(alpha.water) = 1
MULES: Correcting alpha.water
MULES: Correcting alpha.water
Phase-1 volume fraction = 0.129589  Min(alpha.water) = -2.72767e-09  Max(alpha.water) = 1
DICPCG:  Solving for p_rgh, Initial residual = 0.039199, Final residual = 0.00190848, No Iterations 2
time step continuity errors : sum local = 0.000885468, global = 1.98136e-05, cumulative = 8.34031e-05
DICPCG:  Solving for p_rgh, Initial residual = 0.00233476, Final residual = 0.000104458, No Iterations 52
time step continuity errors : sum local = 4.74227e-05, global = 2.8978e-06, cumulative = 8.63009e-05
DICPCG:  Solving for p_rgh, Initial residual = 0.000389021, Final residual = 8.93242e-08, No Iterations 68
time step continuity errors : sum local = 3.86573e-08, global = -1.18569e-09, cumulative = 8.62997e-05
ExecutionTime = 2.14 s  ClockTime = 5 s

Courant Number mean: 0.142057 max: 0.944072
Interface Courant Number mean: 0.0230353 max: 0.87935
deltaT = 0.00196733
Time = 0.494098

PIMPLE: iteration 1
smoothSolver:  Solving for alpha.water, Initial residual = 0.00532534, Final residual = 1.90162e-10, No Iterations 3
Phase-1 volume fraction = 0.129553  Min(alpha.water) = -1.62611e-15  Max(alpha.water) = 1
MULES: Correcting alpha.water
MULES: Correcting alpha.water
Phase-1 volume fraction = 0.129552  Min(alpha.water) = -5.00495e-10  Max(alpha.water) = 1
DICPCG:  Solving for p_rgh, Initial residual = 0.0370912, Final residual = 0.0017644, No Iterations 2
time step continuity errors : sum local = 0.00078749, global = 2.4616e-05, cumulative = 0.000110916
DICPCG:  Solving for p_rgh, Initial residual = 0.00215264, Final residual = 0.000101288, No Iterations 41
time step continuity errors : sum local = 4.44022e-05, global = 1.24839e-05, cumulative = 0.0001234
DICPCG:  Solving for p_rgh, Initial residual = 0.000364724, Final residual = 9.27707e-08, No Iterations 71
time step continuity errors : sum local = 3.90884e-08, global = -3.26016e-10, cumulative = 0.000123399
ExecutionTime = 2.16 s  ClockTime = 5 s

Courant Number mean: 0.137817 max: 0.914178
Interface Courant Number mean: 0.0224811 max: 0.780516
deltaT = 0.00196733
Time = 0.496065

PIMPLE: iteration 1
smoothSolver:  Solving for alpha.water, Initial residual = 0.00517746, Final residual = 1.21561e-10, No Iterations 3
Phase-1 volume fraction = 0.129519  Min(alpha.water) = -1.34538e-15  Max(alpha.water) = 1
MULES: Correcting alpha.water
MULES: Correcting alpha.water
Phase-1 volume fraction = 0.129518  Min(alpha.water) = -4.97665e-10  Max(alpha.water) = 1
DICPCG:  Solving for p_rgh, Initial residual = 0.0384857, Final residual = 0.000989359, No Iterations 3
time step continuity errors : sum local = 0.000439555, global = 1.38339e-05, cumulative = 0.000137233
DICPCG:  Solving for p_rgh, Initial residual = 0.00130816, Final residual = 6.16676e-05, No Iterations 50
time step continuity errors : sum local = 2.68229e-05, global = 2.4216e-06, cumulative = 0.000139655
DICPCG:  Solving for p_rgh, Initial residual = 0.000234723, Final residual = 7.94968e-08, No Iterations 67
time step continuity errors : sum local = 3.36399e-08, global = -7.38589e-11, cumulative = 0.000139655
ExecutionTime = 2.17 s  ClockTime = 5 s

Courant Number mean: 0.133491 max: 0.903697
Interface Courant Number mean: 0.021906 max: 0.672435
deltaT = 0.00196733
Time = 0.498033

PIMPLE: iteration 1
smoothSolver:  Solving for alpha.water, Initial residual = 0.00506919, Final residual = 5.86179e-11, No Iterations 3
Phase-1 volume fraction = 0.129487  Min(alpha.water) = -1.12253e-15  Max(alpha.water) = 1
MULES: Correcting alpha.water
MULES: Correcting alpha.water
Phase-1 volume fraction = 0.129486  Min(alpha.water) = -3.82041e-10  Max(alpha.water) = 1
DICPCG:  Solving for p_rgh, Initial residual = 0.0373394, Final residual = 0.00100383, No Iterations 3
time step continuity errors : sum local = 0.000431043, global = 9.43839e-06, cumulative = 0.000149093
DICPCG:  Solving for p_rgh, Initial residual = 0.00133834, Final residual = 5.74136e-05, No Iterations 40
time step continuity errors : sum local = 2.41711e-05, global = -7.02493e-06, cumulative = 0.000142068
DICPCG:  Solving for p_rgh, Initial residual = 0.000243235, Final residual = 7.84781e-08, No Iterations 66
time step continuity errors : sum local = 3.19661e-08, global = -2.67303e-09, cumulative = 0.000142066
ExecutionTime = 2.18 s  ClockTime = 5 s

Courant Number mean: 0.129366 max: 0.897938
Interface Courant Number mean: 0.0215441 max: 0.68765
deltaT = 0.00196733
Time = 0.5

PIMPLE: iteration 1
smoothSolver:  Solving for alpha.water, Initial residual = 0.00495686, Final residual = 2.40828e-11, No Iterations 3
Phase-1 volume fraction = 0.129457  Min(alpha.water) = -9.37354e-16  Max(alpha.water) = 1
MULES: Correcting alpha.water
MULES: Correcting alpha.water
Phase-1 volume fraction = 0.129456  Min(alpha.water) = -1.6885e-10  Max(alpha.water) = 1
DICPCG:  Solving for p_rgh, Initial residual = 0.0373733, Final residual = 0.00185181, No Iterations 2
time step continuity errors : sum local = 0.000793387, global = 9.78621e-06, cumulative = 0.000151852
DICPCG:  Solving for p_rgh, Initial residual = 0.00225576, Final residual = 0.00011277, No Iterations 50
time step continuity errors : sum local = 4.74494e-05, global = 2.97842e-06, cumulative = 0.00015483
DICPCG:  Solving for p_rgh, Initial residual = 0.000352684, Final residual = 9.50817e-08, No Iterations 66
time step continuity errors : sum local = 3.87767e-08, global = -1.03087e-09, cumulative = 0.000154829
ExecutionTime = 2.21 s  ClockTime = 5 s

End

