/*---------------------------------------------------------------------------*\
| =========                 |                                                 |
| \\      /  F ield         | OpenFOAM: The Open Source CFD Toolbox           |
|  \\    /   O peration     | Version:  2512                                  |
|   \\  /    A nd           | Website:  www.openfoam.com                      |
|    \\/     M anipulation  |                                                 |
\*---------------------------------------------------------------------------*/
Build  : _bd2b6720-20260127 OPENFOAM=2512 version=2512
Arch   : "LSB;label=32;scalar=64"
Exec   : interFoam
Date   : Oct 04 2026
Time   : 00:40:55
Host   : shark-VMware-Virtual-Platform
PID    : 18604
--> FOAM Warning : 
    From Foam::fileName Foam::cwd_L()
    in file POSIX.C at line 554
    PWD is not the cwd() - reverting to physical description
I/O    : uncollated
--> FOAM Warning : 
    From Foam::fileName Foam::cwd_L()
    in file POSIX.C at line 554
    PWD is not the cwd() - reverting to physical description
Case   : /mnt/hgfs/UbuntuShareFolder/.foamlab-build/town-training-20261004/dam-wide
nProcs : 1
trapFpe: Floating point exception trapping enabled (FOAM_SIGFPE).
memory pool : not available
fileModificationChecking : Monitoring run-time modified files using timeStampMaster (fileModificationSkew 5, maxFileModificationPolls 20)
allowSystemOperations : Allowing user-supplied system call operations

// * * * * * * * * * * * * * * * * * * * * * * * * * * * * * * * * * * * * * //
Create time

Create mesh for time = 0


PIMPLE: Operating solver in PISO mode

Reading field p_rgh

Reading field U

Reading/calculating face flux field phi

Reading transportProperties

Selecting incompressible transport model Newtonian
Selecting incompressible transport model Newtonian
Selecting turbulence model type laminar
Selecting laminar stress model Stokes

Reading g

Reading hRef
Calculating field g.h

No MRF models present

No finite volume options present
DICPCG:  Solving for pcorr, Initial residual = 0, Final residual = 0, No Iterations 0
time step continuity errors : sum local = 0, global = 0, cumulative = 0
Courant Number mean: 0 max: 0

Starting time loop

Courant Number mean: 0 max: 0
Interface Courant Number mean: 0 max: 0
deltaT = 0.00119048
Time = 0.00119048

PIMPLE: iteration 1
smoothSolver:  Solving for alpha.water, Initial residual = 0, Final residual = 0, No Iterations 0
Phase-1 volume fraction = 0.249538  Min(alpha.water) = 0  Max(alpha.water) = 1
MULES: Correcting alpha.water
MULES: Correcting alpha.water
Phase-1 volume fraction = 0.249538  Min(alpha.water) = 0  Max(alpha.water) = 1
DICPCG:  Solving for p_rgh, Initial residual = 1, Final residual = 0.00249474, No Iterations 1
time step continuity errors : sum local = 0.00127897, global = -1.83122e-12, cumulative = -1.83122e-12
DICPCG:  Solving for p_rgh, Initial residual = 0.0011843, Final residual = 5.88984e-05, No Iterations 17
time step continuity errors : sum local = 6.36128e-05, global = -2.33618e-05, cumulative = -2.33618e-05
DICPCG:  Solving for p_rgh, Initial residual = 4.42576e-05, Final residual = 8.83627e-08, No Iterations 43
time step continuity errors : sum local = 1.27536e-07, global = -5.74862e-09, cumulative = -2.33675e-05
ExecutionTime = 0.05 s  ClockTime = 0 s

Courant Number mean: 0.00159965 max: 0.271478
Interface Courant Number mean: 0 max: 0
deltaT = 0.00143557
Time = 0.00262605

PIMPLE: iteration 1
smoothSolver:  Solving for alpha.water, Initial residual = 0.000216558, Final residual = 3.58974e-11, No Iterations 2
Phase-1 volume fraction = 0.249538  Min(alpha.water) = 0  Max(alpha.water) = 1
MULES: Correcting alpha.water
MULES: Correcting alpha.water
Phase-1 volume fraction = 0.249538  Min(alpha.water) = -1.56815e-11  Max(alpha.water) = 1
DICPCG:  Solving for p_rgh, Initial residual = 0.00257365, Final residual = 5.12622e-05, No Iterations 2
time step continuity errors : sum local = 8.42804e-05, global = -2.91293e-09, cumulative = -2.33704e-05
DICPCG:  Solving for p_rgh, Initial residual = 0.000162232, Final residual = 6.65327e-06, No Iterations 32
time step continuity errors : sum local = 1.09483e-05, global = 7.92752e-07, cumulative = -2.25777e-05
DICPCG:  Solving for p_rgh, Initial residual = 3.51904e-05, Final residual = 8.19192e-08, No Iterations 44
time step continuity errors : sum local = 1.34848e-07, global = 3.71747e-09, cumulative = -2.25739e-05
ExecutionTime = 0.07 s  ClockTime = 0 s

Courant Number mean: 0.00258445 max: 0.138212
Interface Courant Number mean: 8.27312e-05 max: 0.138212
deltaT = 0.00169193
Time = 0.00431798

PIMPLE: iteration 1
smoothSolver:  Solving for alpha.water, Initial residual = 0.000155805, Final residual = 1.19969e-13, No Iterations 2
Phase-1 volume fraction = 0.249538  Min(alpha.water) = 0  Max(alpha.water) = 1
MULES: Correcting alpha.water
MULES: Correcting alpha.water
Phase-1 volume fraction = 0.249538  Min(alpha.water) = -6.71004e-13  Max(alpha.water) = 1
DICPCG:  Solving for p_rgh, Initial residual = 0.0034602, Final residual = 0.000125629, No Iterations 1
time step continuity errors : sum local = 0.000265902, global = 1.61014e-08, cumulative = -2.25578e-05
DICPCG:  Solving for p_rgh, Initial residual = 0.000130246, Final residual = 6.48453e-06, No Iterations 15
time step continuity errors : sum local = 1.3731e-05, global = -1.88836e-06, cumulative = -2.44462e-05
DICPCG:  Solving for p_rgh, Initial residual = 7.72149e-06, Final residual = 8.85092e-08, No Iterations 34
time step continuity errors : sum local = 1.87596e-07, global = -1.82462e-08, cumulative = -2.44645e-05
ExecutionTime = 0.07 s  ClockTime = 0 s

Courant Number mean: 0.00437291 max: 0.109947
Interface Courant Number mean: 0.000105317 max: 0.109947
deltaT = 0.00198617
Time = 0.00630415

PIMPLE: iteration 1
smoothSolver:  Solving for alpha.water, Initial residual = 0.000197327, Final residual = 3.77014e-13, No Iterations 2
Phase-1 volume fraction = 0.249538  Min(alpha.water) = 0  Max(alpha.water) = 1
MULES: Correcting alpha.water
MULES: Correcting alpha.water
Phase-1 volume fraction = 0.249538  Min(alpha.water) = -1.50865e-12  Max(alpha.water) = 1
DICPCG:  Solving for p_rgh, Initial residual = 0.00465555, Final residual = 9.70051e-05, No Iterations 1
time step continuity errors : sum local = 0.000271068, global = -4.22476e-08, cumulative = -2.45067e-05
DICPCG:  Solving for p_rgh, Initial residual = 9.86824e-05, Final residual = 3.55218e-06, No Iterations 16
time step continuity errors : sum local = 9.92669e-06, global = -5.82697e-07, cumulative = -2.50894e-05
DICPCG:  Solving for p_rgh, Initial residual = 4.7352e-06, Final residual = 7.44404e-08, No Iterations 32
time step continuity errors : sum local = 2.08323e-07, global = 6.36964e-09, cumulative = -2.5083e-05
ExecutionTime = 0.08 s  ClockTime = 0 s

Courant Number mean: 0.00702695 max: 0.127808
Interface Courant Number mean: 0.000182172 max: 0.105458
deltaT = 0.00242755
Time = 0.0087317

PIMPLE: iteration 1
smoothSolver:  Solving for alpha.water, Initial residual = 0.000295219, Final residual = 2.75733e-12, No Iterations 2
Phase-1 volume fraction = 0.249538  Min(alpha.water) = 0  Max(alpha.water) = 1
MULES: Correcting alpha.water
MULES: Correcting alpha.water
Phase-1 volume fraction = 0.249538  Min(alpha.water) = -2.53441e-12  Max(alpha.water) = 1
DICPCG:  Solving for p_rgh, Initial residual = 0.00652001, Final residual = 8.44922e-05, No Iterations 1
time step continuity errors : sum local = 0.000342961, global = 5.65708e-08, cumulative = -2.50265e-05
DICPCG:  Solving for p_rgh, Initial residual = 8.51368e-05, Final residual = 3.47099e-06, No Iterations 16
time step continuity errors : sum local = 1.40898e-05, global = -9.07834e-07, cumulative = -2.59343e-05
DICPCG:  Solving for p_rgh, Initial residual = 5.11132e-06, Final residual = 8.72162e-08, No Iterations 31
time step continuity errors : sum local = 3.54703e-07, global = 8.08707e-09, cumulative = -2.59262e-05
ExecutionTime = 0.09 s  ClockTime = 0 s

Courant Number mean: 0.0114751 max: 0.174585
Interface Courant Number mean: 0.000391836 max: 0.146574
deltaT = 0.00294774
Time = 0.0116794

PIMPLE: iteration 1
smoothSolver:  Solving for alpha.water, Initial residual = 0.000453944, Final residual = 1.69433e-11, No Iterations 2
Phase-1 volume fraction = 0.249538  Min(alpha.water) = 0  Max(alpha.water) = 1
MULES: Correcting alpha.water
MULES: Correcting alpha.water
Phase-1 volume fraction = 0.249538  Min(alpha.water) = -3.06916e-11  Max(alpha.water) = 1
DICPCG:  Solving for p_rgh, Initial residual = 0.0095384, Final residual = 9.47693e-05, No Iterations 1
time step continuity errors : sum local = 0.000557507, global = 4.20508e-08, cumulative = -2.58842e-05
DICPCG:  Solving for p_rgh, Initial residual = 9.52991e-05, Final residual = 3.79763e-06, No Iterations 16
time step continuity errors : sum local = 2.23498e-05, global = -1.1976e-06, cumulative = -2.70818e-05
DICPCG:  Solving for p_rgh, Initial residual = 6.74304e-06, Final residual = 8.77146e-08, No Iterations 34
time step continuity errors : sum local = 5.1751e-07, global = 4.58879e-08, cumulative = -2.70359e-05
ExecutionTime = 0.11 s  ClockTime = 0 s

Courant Number mean: 0.0181738 max: 0.238087
Interface Courant Number mean: 0.000621074 max: 0.217354
deltaT = 0.00348369
Time = 0.0151631

PIMPLE: iteration 1
smoothSolver:  Solving for alpha.water, Initial residual = 0.000675813, Final residual = 7.72409e-11, No Iterations 2
Phase-1 volume fraction = 0.249538  Min(alpha.water) = 0  Max(alpha.water) = 1
MULES: Correcting alpha.water
MULES: Correcting alpha.water
Phase-1 volume fraction = 0.249538  Min(alpha.water) = -2.71885e-10  Max(alpha.water) = 1
DICPCG:  Solving for p_rgh, Initial residual = 0.0132733, Final residual = 0.00012462, No Iterations 1
time step continuity errors : sum local = 0.00101134, global = 1.36655e-07, cumulative = -2.68992e-05
DICPCG:  Solving for p_rgh, Initial residual = 0.00012563, Final residual = 5.16616e-06, No Iterations 16
time step continuity errors : sum local = 4.19496e-05, global = -2.1292e-06, cumulative = -2.90284e-05
DICPCG:  Solving for p_rgh, Initial residual = 1.12074e-05, Final residual = 9.70961e-08, No Iterations 36
time step continuity errors : sum local = 7.91128e-07, global = -1.57475e-08, cumulative = -2.90442e-05
ExecutionTime = 0.12 s  ClockTime = 0 s

Courant Number mean: 0.0273295 max: 0.314384
Interface Courant Number mean: 0.00104402 max: 0.307276
deltaT = 0.00435461
Time = 0.0195177

PIMPLE: iteration 1
smoothSolver:  Solving for alpha.water, Initial residual = 0.00104908, Final residual = 1.99044e-09, No Iterations 2
Phase-1 volume fraction = 0.249538  Min(alpha.water) = 0  Max(alpha.water) = 1
MULES: Correcting alpha.water
MULES: Correcting alpha.water
Phase-1 volume fraction = 0.249538  Min(alpha.water) = -3.15413e-09  Max(alpha.water) = 1
DICPCG:  Solving for p_rgh, Initial residual = 0.0175895, Final residual = 0.000145819, No Iterations 1
time step continuity errors : sum local = 0.00180745, global = -2.80865e-09, cumulative = -2.9047e-05
DICPCG:  Solving for p_rgh, Initial residual = 0.000150065, Final residual = 6.00199e-06, No Iterations 16
time step continuity errors : sum local = 7.42753e-05, global = -6.66146e-06, cumulative = -3.57084e-05
DICPCG:  Solving for p_rgh, Initial residual = 1.76793e-05, Final residual = 6.14867e-08, No Iterations 41
time step continuity errors : sum local = 7.64472e-07, global = 4.44318e-08, cumulative = -3.5664e-05
ExecutionTime = 0.13 s  ClockTime = 0 s

Courant Number mean: 0.0431961 max: 0.466398
Interface Courant Number mean: 0.00169721 max: 0.461288
deltaT = 0.00508038
Time = 0.0245981

PIMPLE: iteration 1
smoothSolver:  Solving for alpha.water, Initial residual = 0.00151499, Final residual = 2.5294e-11, No Iterations 3
Phase-1 volume fraction = 0.249538  Min(alpha.water) = 0  Max(alpha.water) = 1
MULES: Correcting alpha.water
MULES: Correcting alpha.water
Phase-1 volume fraction = 0.249538  Min(alpha.water) = -1.45885e-09  Max(alpha.water) = 1
DICPCG:  Solving for p_rgh, Initial residual = 0.0219482, Final residual = 0.000181964, No Iterations 1
time step continuity errors : sum local = 0.00297037, global = 2.90756e-07, cumulative = -3.53732e-05
DICPCG:  Solving for p_rgh, Initial residual = 0.000194381, Final residual = 7.2372e-06, No Iterations 16
time step continuity errors : sum local = 0.000117383, global = -1.4521e-05, cumulative = -4.98943e-05
DICPCG:  Solving for p_rgh, Initial residual = 2.66125e-05, Final residual = 9.87768e-08, No Iterations 30
time step continuity errors : sum local = 1.61217e-06, global = -4.06256e-07, cumulative = -5.03005e-05
ExecutionTime = 0.14 s  ClockTime = 0 s

Courant Number mean: 0.0623858 max: 0.658081
Interface Courant Number mean: 0.00280528 max: 0.652793
deltaT = 0.00635047
Time = 0.0309486

PIMPLE: iteration 1
smoothSolver:  Solving for alpha.water, Initial residual = 0.00232646, Final residual = 2.67377e-09, No Iterations 3
Phase-1 volume fraction = 0.249538  Min(alpha.water) = 0  Max(alpha.water) = 1
MULES: Correcting alpha.water
MULES: Correcting alpha.water
Phase-1 volume fraction = 0.249538  Min(alpha.water) = -1.13814e-09  Max(alpha.water) = 1
DICPCG:  Solving for p_rgh, Initial residual = 0.028905, Final residual = 0.000182412, No Iterations 1
time step continuity errors : sum local = 0.00439238, global = -7.00833e-07, cumulative = -5.10014e-05
DICPCG:  Solving for p_rgh, Initial residual = 0.000209089, Final residual = 8.86844e-06, No Iterations 16
time step continuity errors : sum local = 0.000210239, global = -2.68903e-05, cumulative = -7.78917e-05
DICPCG:  Solving for p_rgh, Initial residual = 3.81487e-05, Final residual = 9.6635e-08, No Iterations 43
time step continuity errors : sum local = 2.31166e-06, global = -5.24462e-07, cumulative = -7.84162e-05
ExecutionTime = 0.15 s  ClockTime = 0 s

Courant Number mean: 0.0967005 max: 1.0055
Interface Courant Number mean: 0.00534997 max: 1.0055
deltaT = 0.00635047
Time = 0.0372991

PIMPLE: iteration 1
smoothSolver:  Solving for alpha.water, Initial residual = 0.00284279, Final residual = 3.03516e-10, No Iterations 4
Phase-1 volume fraction = 0.249538  Min(alpha.water) = 0  Max(alpha.water) = 1
MULES: Correcting alpha.water
MULES: Correcting alpha.water
Phase-1 volume fraction = 0.249538  Min(alpha.water) = -4.4306e-09  Max(alpha.water) = 1
DICPCG:  Solving for p_rgh, Initial residual = 0.0337191, Final residual = 0.000203859, No Iterations 1
time step continuity errors : sum local = 0.00463892, global = -2.14809e-08, cumulative = -7.84376e-05
DICPCG:  Solving for p_rgh, Initial residual = 0.000234623, Final residual = 7.50674e-06, No Iterations 17
time step continuity errors : sum local = 0.000166992, global = -1.44445e-05, cumulative = -9.28821e-05
DICPCG:  Solving for p_rgh, Initial residual = 4.28874e-05, Final residual = 7.01412e-08, No Iterations 32
time step continuity errors : sum local = 1.57791e-06, global = 1.87165e-07, cumulative = -9.2695e-05
ExecutionTime = 0.17 s  ClockTime = 0 s

Courant Number mean: 0.114704 max: 1.15854
Interface Courant Number mean: 0.00680668 max: 1.15854
deltaT = 0.00635047
Time = 0.0436495

PIMPLE: iteration 1
smoothSolver:  Solving for alpha.water, Initial residual = 0.00330637, Final residual = 1.41227e-09, No Iterations 4
Phase-1 volume fraction = 0.249538  Min(alpha.water) = 0  Max(alpha.water) = 1
MULES: Correcting alpha.water
MULES: Correcting alpha.water
Phase-1 volume fraction = 0.249538  Min(alpha.water) = -1.00746e-08  Max(alpha.water) = 1
DICPCG:  Solving for p_rgh, Initial residual = 0.0379448, Final residual = 0.000276489, No Iterations 1
time step continuity errors : sum local = 0.00586275, global = 1.04413e-06, cumulative = -9.16509e-05
DICPCG:  Solving for p_rgh, Initial residual = 0.000318561, Final residual = 9.42854e-06, No Iterations 17
time step continuity errors : sum local = 0.000194107, global = -2.24241e-05, cumulative = -0.000114075
DICPCG:  Solving for p_rgh, Initial residual = 5.51397e-05, Final residual = 8.62627e-08, No Iterations 32
time step continuity errors : sum local = 1.7992e-06, global = 4.22215e-07, cumulative = -0.000113653
ExecutionTime = 0.19 s  ClockTime = 0 s

Courant Number mean: 0.131973 max: 1.24333
Interface Courant Number mean: 0.00898771 max: 1.24333
deltaT = 0.00635047
Time = 0.05

PIMPLE: iteration 1
smoothSolver:  Solving for alpha.water, Initial residual = 0.00373413, Final residual = 3.38374e-09, No Iterations 4
Phase-1 volume fraction = 0.249538  Min(alpha.water) = 0  Max(alpha.water) = 1
MULES: Correcting alpha.water
MULES: Correcting alpha.water
Phase-1 volume fraction = 0.249538  Min(alpha.water) = -5.69152e-08  Max(alpha.water) = 1
DICPCG:  Solving for p_rgh, Initial residual = 0.0414033, Final residual = 0.000357828, No Iterations 1
time step continuity errors : sum local = 0.00700235, global = 8.85438e-07, cumulative = -0.000112767
DICPCG:  Solving for p_rgh, Initial residual = 0.00041397, Final residual = 1.23922e-05, No Iterations 17
time step continuity errors : sum local = 0.000234293, global = -3.27155e-05, cumulative = -0.000145483
DICPCG:  Solving for p_rgh, Initial residual = 7.36829e-05, Final residual = 9.80214e-08, No Iterations 38
time step continuity errors : sum local = 1.88059e-06, global = -5.24703e-07, cumulative = -0.000146008
ExecutionTime = 0.23 s  ClockTime = 1 s

Courant Number mean: 0.148537 max: 1.26601
Interface Courant Number mean: 0.011485 max: 1.26601
deltaT = 0.005
Time = 0.055

PIMPLE: iteration 1
smoothSolver:  Solving for alpha.water, Initial residual = 0.00329768, Final residual = 1.37677e-09, No Iterations 4
Phase-1 volume fraction = 0.249538  Min(alpha.water) = -1.74394e-24  Max(alpha.water) = 1
MULES: Correcting alpha.water
MULES: Correcting alpha.water
Phase-1 volume fraction = 0.249538  Min(alpha.water) = -2.2631e-07  Max(alpha.water) = 1
DICPCG:  Solving for p_rgh, Initial residual = 0.0352502, Final residual = 0.000358358, No Iterations 1
time step continuity errors : sum local = 0.00414083, global = -9.11503e-07, cumulative = -0.000146919
DICPCG:  Solving for p_rgh, Initial residual = 0.000404659, Final residual = 1.22819e-05, No Iterations 17
time step continuity errors : sum local = 0.000137948, global = -1.65089e-05, cumulative = -0.000163428
DICPCG:  Solving for p_rgh, Initial residual = 5.68758e-05, Final residual = 8.4656e-08, No Iterations 50
time step continuity errors : sum local = 9.63368e-07, global = -2.68687e-09, cumulative = -0.000163431
ExecutionTime = 0.24 s  ClockTime = 1 s

Courant Number mean: 0.126404 max: 1.01734
Interface Courant Number mean: 0.00954396 max: 1.01734
deltaT = 0.005
Time = 0.06

PIMPLE: iteration 1
smoothSolver:  Solving for alpha.water, Initial residual = 0.00356183, Final residual = 1.8812e-09, No Iterations 4
Phase-1 volume fraction = 0.249538  Min(alpha.water) = -2.00164e-32  Max(alpha.water) = 1
MULES: Correcting alpha.water
MULES: Correcting alpha.water
Phase-1 volume fraction = 0.249538  Min(alpha.water) = -2.78787e-07  Max(alpha.water) = 1
DICPCG:  Solving for p_rgh, Initial residual = 0.0351743, Final residual = 0.000443449, No Iterations 1
time step continuity errors : sum local = 0.00484104, global = 2.93658e-07, cumulative = -0.000163137
DICPCG:  Solving for p_rgh, Initial residual = 0.000502436, Final residual = 1.64219e-05, No Iterations 17
time step continuity errors : sum local = 0.000174177, global = -3.30007e-05, cumulative = -0.000196138
DICPCG:  Solving for p_rgh, Initial residual = 7.12342e-05, Final residual = 6.74184e-08, No Iterations 51
time step continuity errors : sum local = 7.24704e-07, global = -8.71038e-09, cumulative = -0.000196146
ExecutionTime = 0.25 s  ClockTime = 1 s

Courant Number mean: 0.135925 max: 1.04126
Interface Courant Number mean: 0.0104227 max: 1.00577
deltaT = 0.005
Time = 0.065

PIMPLE: iteration 1
smoothSolver:  Solving for alpha.water, Initial residual = 0.00379615, Final residual = 2.65633e-09, No Iterations 4
Phase-1 volume fraction = 0.249538  Min(alpha.water) = -6.64046e-38  Max(alpha.water) = 1
MULES: Correcting alpha.water
MULES: Correcting alpha.water
Phase-1 volume fraction = 0.249538  Min(alpha.water) = -2.41851e-09  Max(alpha.water) = 1
DICPCG:  Solving for p_rgh, Initial residual = 0.0351821, Final residual = 0.000580519, No Iterations 1
time step continuity errors : sum local = 0.00600373, global = 3.67327e-07, cumulative = -0.000195779
DICPCG:  Solving for p_rgh, Initial residual = 0.000650892, Final residual = 2.3509e-05, No Iterations 17
time step continuity errors : sum local = 0.000236208, global = -3.8786e-05, cumulative = -0.000234565
DICPCG:  Solving for p_rgh, Initial residual = 9.01449e-05, Final residual = 9.91075e-08, No Iterations 51
time step continuity errors : sum local = 1.0095e-06, global = -6.10467e-08, cumulative = -0.000234626
ExecutionTime = 0.26 s  ClockTime = 1 s

Courant Number mean: 0.145245 max: 1.06547
Interface Courant Number mean: 0.0113088 max: 0.995322
deltaT = 0.005
Time = 0.07

PIMPLE: iteration 1
smoothSolver:  Solving for alpha.water, Initial residual = 0.00404272, Final residual = 3.69522e-09, No Iterations 4
Phase-1 volume fraction = 0.249538  Min(alpha.water) = -2.35706e-42  Max(alpha.water) = 1
MULES: Correcting alpha.water
MULES: Correcting alpha.water
Phase-1 volume fraction = 0.249538  Min(alpha.water) = -5.59708e-09  Max(alpha.water) = 1
DICPCG:  Solving for p_rgh, Initial residual = 0.0335509, Final residual = 0.00062959, No Iterations 1
time step continuity errors : sum local = 0.00620336, global = 2.99552e-07, cumulative = -0.000234326
DICPCG:  Solving for p_rgh, Initial residual = 0.00070362, Final residual = 2.47688e-05, No Iterations 17
time step continuity errors : sum local = 0.000237667, global = -3.36287e-05, cumulative = -0.000267955
DICPCG:  Solving for p_rgh, Initial residual = 9.55358e-05, Final residual = 9.93165e-08, No Iterations 51
time step continuity errors : sum local = 9.66077e-07, global = -4.39219e-08, cumulative = -0.000267999
ExecutionTime = 0.28 s  ClockTime = 1 s

Courant Number mean: 0.154065 max: 1.09098
Interface Courant Number mean: 0.0126493 max: 1.01417
deltaT = 0.00428571
Time = 0.0742857

PIMPLE: iteration 1
smoothSolver:  Solving for alpha.water, Initial residual = 0.00370746, Final residual = 1.8662e-09, No Iterations 4
Phase-1 volume fraction = 0.249538  Min(alpha.water) = -2.31002e-38  Max(alpha.water) = 1
MULES: Correcting alpha.water
MULES: Correcting alpha.water
Phase-1 volume fraction = 0.249538  Min(alpha.water) = -1.8689e-09  Max(alpha.water) = 1
DICPCG:  Solving for p_rgh, Initial residual = 0.0298725, Final residual = 0.000538156, No Iterations 1
time step continuity errors : sum local = 0.00386218, global = 1.24041e-07, cumulative = -0.000267875
DICPCG:  Solving for p_rgh, Initial residual = 0.000594525, Final residual = 1.96083e-05, No Iterations 17
time step continuity errors : sum local = 0.000137494, global = -1.48812e-05, cumulative = -0.000282756
DICPCG:  Solving for p_rgh, Initial residual = 7.02618e-05, Final residual = 9.93544e-08, No Iterations 50
time step continuity errors : sum local = 7.04825e-07, global = -1.05802e-07, cumulative = -0.000282862
ExecutionTime = 0.29 s  ClockTime = 1 s

Courant Number mean: 0.138144 max: 0.955543
Interface Courant Number mean: 0.0111702 max: 0.857191
deltaT = 0.00428571
Time = 0.0785714

PIMPLE: iteration 1
smoothSolver:  Solving for alpha.water, Initial residual = 0.00390677, Final residual = 2.3224e-09, No Iterations 4
Phase-1 volume fraction = 0.249538  Min(alpha.water) = -2.5076e-44  Max(alpha.water) = 1
MULES: Correcting alpha.water
MULES: Correcting alpha.water
Phase-1 volume fraction = 0.249538  Min(alpha.water) = -2.67519e-09  Max(alpha.water) = 1
DICPCG:  Solving for p_rgh, Initial residual = 0.0297495, Final residual = 0.00058481, No Iterations 1
time step continuity errors : sum local = 0.00414007, global = -2.17886e-07, cumulative = -0.00028308
DICPCG:  Solving for p_rgh, Initial residual = 0.0006497, Final residual = 3.12534e-05, No Iterations 16
time step continuity errors : sum local = 0.000216061, global = -3.46826e-05, cumulative = -0.000317763
DICPCG:  Solving for p_rgh, Initial residual = 8.40532e-05, Final residual = 9.85666e-08, No Iterations 49
time step continuity errors : sum local = 6.88494e-07, global = -1.26283e-07, cumulative = -0.000317889
ExecutionTime = 0.3 s  ClockTime = 1 s

Courant Number mean: 0.14457 max: 0.976057
Interface Courant Number mean: 0.0116889 max: 0.841559
deltaT = 0.00428571
Time = 0.0828571

PIMPLE: iteration 1
smoothSolver:  Solving for alpha.water, Initial residual = 0.00404768, Final residual = 2.8806e-09, No Iterations 4
Phase-1 volume fraction = 0.249538  Min(alpha.water) = -1.42454e-46  Max(alpha.water) = 1
MULES: Correcting alpha.water
MULES: Correcting alpha.water
Phase-1 volume fraction = 0.249538  Min(alpha.water) = -4.22523e-08  Max(alpha.water) = 1
DICPCG:  Solving for p_rgh, Initial residual = 0.0291666, Final residual = 0.000623454, No Iterations 1
time step continuity errors : sum local = 0.00435371, global = 1.52694e-07, cumulative = -0.000317736
DICPCG:  Solving for p_rgh, Initial residual = 0.000692841, Final residual = 3.44355e-05, No Iterations 14
time step continuity errors : sum local = 0.000234695, global = 9.58728e-06, cumulative = -0.000308149
DICPCG:  Solving for p_rgh, Initial residual = 9.15458e-05, Final residual = 8.60796e-08, No Iterations 47
time step continuity errors : sum local = 5.91471e-07, global = 2.4314e-08, cumulative = -0.000308125
ExecutionTime = 0.32 s  ClockTime = 1 s

Courant Number mean: 0.150929 max: 0.996747
Interface Courant Number mean: 0.0126855 max: 0.86087
deltaT = 0.00428571
Time = 0.0871429

PIMPLE: iteration 1
smoothSolver:  Solving for alpha.water, Initial residual = 0.00431193, Final residual = 3.71386e-09, No Iterations 4
Phase-1 volume fraction = 0.249538  Min(alpha.water) = -1.90232e-47  Max(alpha.water) = 1
MULES: Correcting alpha.water
MULES: Correcting alpha.water
Phase-1 volume fraction = 0.249538  Min(alpha.water) = -2.14652e-08  Max(alpha.water) = 1
DICPCG:  Solving for p_rgh, Initial residual = 0.0292457, Final residual = 0.000692168, No Iterations 1
time step continuity errors : sum local = 0.00478997, global = -3.11956e-07, cumulative = -0.000308436
DICPCG:  Solving for p_rgh, Initial residual = 0.000768272, Final residual = 3.57754e-05, No Iterations 11
time step continuity errors : sum local = 0.000241582, global = 3.79941e-05, cumulative = -0.000270442
DICPCG:  Solving for p_rgh, Initial residual = 9.77447e-05, Final residual = 9.52134e-08, No Iterations 48
time step continuity errors : sum local = 6.46219e-07, global = 1.03433e-07, cumulative = -0.000270339
ExecutionTime = 0.33 s  ClockTime = 1 s

Courant Number mean: 0.157123 max: 1.01713
Interface Courant Number mean: 0.0131607 max: 0.896479
deltaT = 0.00428571
Time = 0.0914286

PIMPLE: iteration 1
smoothSolver:  Solving for alpha.water, Initial residual = 0.00450785, Final residual = 4.75751e-09, No Iterations 4
Phase-1 volume fraction = 0.249538  Min(alpha.water) = 0  Max(alpha.water) = 1
MULES: Correcting alpha.water
MULES: Correcting alpha.water
Phase-1 volume fraction = 0.249538  Min(alpha.water) = -6.03737e-09  Max(alpha.water) = 1.00001
DICPCG:  Solving for p_rgh, Initial residual = 0.0296742, Final residual = 0.000617415, No Iterations 1
time step continuity errors : sum local = 0.0042865, global = -9.00821e-07, cumulative = -0.00027124
DICPCG:  Solving for p_rgh, Initial residual = 0.000689893, Final residual = 3.11203e-05, No Iterations 10
time step continuity errors : sum local = 0.000210596, global = 2.39704e-05, cumulative = -0.000247269
DICPCG:  Solving for p_rgh, Initial residual = 8.77716e-05, Final residual = 8.51829e-08, No Iterations 34
time step continuity errors : sum local = 5.78757e-07, global = 1.93318e-08, cumulative = -0.00024725
ExecutionTime = 0.34 s  ClockTime = 1 s

Courant Number mean: 0.163202 max: 1.0367
Interface Courant Number mean: 0.0139382 max: 0.934557
deltaT = 0.00428571
Time = 0.0957143

PIMPLE: iteration 1
smoothSolver:  Solving for alpha.water, Initial residual = 0.00473551, Final residual = 5.57953e-09, No Iterations 4
Phase-1 volume fraction = 0.249538  Min(alpha.water) = 0  Max(alpha.water) = 1
MULES: Correcting alpha.water
MULES: Correcting alpha.water
Phase-1 volume fraction = 0.249538  Min(alpha.water) = -1.62147e-06  Max(alpha.water) = 1
DICPCG:  Solving for p_rgh, Initial residual = 0.0297692, Final residual = 0.000660216, No Iterations 1
time step continuity errors : sum local = 0.00459889, global = -8.36465e-07, cumulative = -0.000248086
DICPCG:  Solving for p_rgh, Initial residual = 0.000736135, Final residual = 3.1137e-05, No Iterations 10
time step continuity errors : sum local = 0.000211187, global = 2.24164e-05, cumulative = -0.00022567
DICPCG:  Solving for p_rgh, Initial residual = 9.20749e-05, Final residual = 7.77951e-08, No Iterations 50
time step continuity errors : sum local = 5.29518e-07, global = 9.3687e-10, cumulative = -0.000225669
ExecutionTime = 0.35 s  ClockTime = 1 s

Courant Number mean: 0.169373 max: 1.05524
Interface Courant Number mean: 0.0156416 max: 0.965347
deltaT = 0.00428571
Time = 0.1

PIMPLE: iteration 1
smoothSolver:  Solving for alpha.water, Initial residual = 0.00504461, Final residual = 7.40862e-09, No Iterations 4
Phase-1 volume fraction = 0.249538  Min(alpha.water) = -8.49302e-19  Max(alpha.water) = 1
MULES: Correcting alpha.water
MULES: Correcting alpha.water
Phase-1 volume fraction = 0.249538  Min(alpha.water) = -6.44762e-06  Max(alpha.water) = 1
DICPCG:  Solving for p_rgh, Initial residual = 0.0280313, Final residual = 0.000655572, No Iterations 1
time step continuity errors : sum local = 0.00459231, global = -7.14703e-07, cumulative = -0.000226384
DICPCG:  Solving for p_rgh, Initial residual = 0.000731924, Final residual = 3.19221e-05, No Iterations 10
time step continuity errors : sum local = 0.000218055, global = 2.0862e-05, cumulative = -0.000205522
DICPCG:  Solving for p_rgh, Initial residual = 9.27835e-05, Final residual = 9.58505e-08, No Iterations 51
time step continuity errors : sum local = 6.56606e-07, global = -1.05581e-08, cumulative = -0.000205532
ExecutionTime = 0.38 s  ClockTime = 1 s

Courant Number mean: 0.175535 max: 1.07283
Interface Courant Number mean: 0.0158045 max: 0.988515
deltaT = 0.00384615
Time = 0.103846

PIMPLE: iteration 1
smoothSolver:  Solving for alpha.water, Initial residual = 0.00476023, Final residual = 4.85908e-09, No Iterations 4
Phase-1 volume fraction = 0.249538  Min(alpha.water) = -7.65085e-19  Max(alpha.water) = 1
MULES: Correcting alpha.water
MULES: Correcting alpha.water
Phase-1 volume fraction = 0.249538  Min(alpha.water) = -4.20331e-11  Max(alpha.water) = 1
DICPCG:  Solving for p_rgh, Initial residual = 0.0261526, Final residual = 0.000583284, No Iterations 1
time step continuity errors : sum local = 0.00338299, global = -6.23046e-07, cumulative = -0.000206155
DICPCG:  Solving for p_rgh, Initial residual = 0.000650404, Final residual = 3.06718e-05, No Iterations 10
time step continuity errors : sum local = 0.000173772, global = 1.54037e-05, cumulative = -0.000190752
DICPCG:  Solving for p_rgh, Initial residual = 8.12406e-05, Final residual = 9.79781e-08, No Iterations 39
time step continuity errors : sum local = 5.56398e-07, global = 9.51906e-08, cumulative = -0.000190657
ExecutionTime = 0.39 s  ClockTime = 1 s

Courant Number mean: 0.161808 max: 0.976563
Interface Courant Number mean: 0.0144709 max: 0.917248
deltaT = 0.00384615
Time = 0.107692

PIMPLE: iteration 1
smoothSolver:  Solving for alpha.water, Initial residual = 0.00499241, Final residual = 5.76148e-09, No Iterations 4
Phase-1 volume fraction = 0.249538  Min(alpha.water) = -6.88121e-19  Max(alpha.water) = 1
MULES: Correcting alpha.water
MULES: Correcting alpha.water
Phase-1 volume fraction = 0.249538  Min(alpha.water) = -3.19751e-08  Max(alpha.water) = 1
DICPCG:  Solving for p_rgh, Initial residual = 0.027881, Final residual = 0.000502239, No Iterations 1
time step continuity errors : sum local = 0.00305675, global = -3.29925e-07, cumulative = -0.000190986
DICPCG:  Solving for p_rgh, Initial residual = 0.000566802, Final residual = 2.41698e-05, No Iterations 18
time step continuity errors : sum local = 0.000143147, global = -2.05524e-05, cumulative = -0.000211539
DICPCG:  Solving for p_rgh, Initial residual = 7.74389e-05, Final residual = 9.62185e-08, No Iterations 52
time step continuity errors : sum local = 5.72764e-07, global = -4.17044e-09, cumulative = -0.000211543
ExecutionTime = 0.4 s  ClockTime = 1 s

Courant Number mean: 0.166243 max: 0.989087
Interface Courant Number mean: 0.0165709 max: 0.942065
deltaT = 0.00384615
Time = 0.111538

PIMPLE: iteration 1
smoothSolver:  Solving for alpha.water, Initial residual = 0.00518037, Final residual = 7.26276e-09, No Iterations 4
Phase-1 volume fraction = 0.249538  Min(alpha.water) = -6.18008e-19  Max(alpha.water) = 1
MULES: Correcting alpha.water
MULES: Correcting alpha.water
Phase-1 volume fraction = 0.249538  Min(alpha.water) = -1.97968e-08  Max(alpha.water) = 1
DICPCG:  Solving for p_rgh, Initial residual = 0.0288554, Final residual = 0.000496155, No Iterations 1
time step continuity errors : sum local = 0.00301036, global = 2.66697e-07, cumulative = -0.000211276
DICPCG:  Solving for p_rgh, Initial residual = 0.000566756, Final residual = 2.46277e-05, No Iterations 21
time step continuity errors : sum local = 0.000145257, global = -1.58472e-05, cumulative = -0.000227123
DICPCG:  Solving for p_rgh, Initial residual = 7.98792e-05, Final residual = 9.94742e-08, No Iterations 56
time step continuity errors : sum local = 5.90717e-07, global = 5.21915e-08, cumulative = -0.000227071
ExecutionTime = 0.4 s  ClockTime = 1 s

Courant Number mean: 0.170956 max: 1.00055
Interface Courant Number mean: 0.0169326 max: 0.965701
deltaT = 0.00384615
Time = 0.115385

PIMPLE: iteration 1
smoothSolver:  Solving for alpha.water, Initial residual = 0.00536273, Final residual = 9.56887e-09, No Iterations 4
Phase-1 volume fraction = 0.249538  Min(alpha.water) = -5.54369e-19  Max(alpha.water) = 1
MULES: Correcting alpha.water
MULES: Correcting alpha.water
Phase-1 volume fraction = 0.249538  Min(alpha.water) = -4.71502e-08  Max(alpha.water) = 1
DICPCG:  Solving for p_rgh, Initial residual = 0.0285356, Final residual = 0.000492987, No Iterations 1
time step continuity errors : sum local = 0.00291941, global = 6.34776e-07, cumulative = -0.000226436
DICPCG:  Solving for p_rgh, Initial residual = 0.000569262, Final residual = 2.79658e-05, No Iterations 30
time step continuity errors : sum local = 0.000161031, global = -4.79362e-05, cumulative = -0.000274373
DICPCG:  Solving for p_rgh, Initial residual = 8.53012e-05, Final residual = 9.93135e-08, No Iterations 55
time step continuity errors : sum local = 5.74835e-07, global = -6.25472e-08, cumulative = -0.000274435
ExecutionTime = 0.42 s  ClockTime = 1 s

Courant Number mean: 0.175397 max: 1.01039
Interface Courant Number mean: 0.0178019 max: 0.984913
deltaT = 0.00384615
Time = 0.119231

PIMPLE: iteration 1
smoothSolver:  Solving for alpha.water, Initial residual = 0.00560753, Final residual = 4.02426e-10, No Iterations 5
Phase-1 volume fraction = 0.249538  Min(alpha.water) = -4.96725e-19  Max(alpha.water) = 1
MULES: Correcting alpha.water
MULES: Correcting alpha.water
Phase-1 volume fraction = 0.249538  Min(alpha.water) = -4.48029e-08  Max(alpha.water) = 1
DICPCG:  Solving for p_rgh, Initial residual = 0.0285211, Final residual = 0.000505154, No Iterations 1
time step continuity errors : sum local = 0.00294219, global = 1.67077e-06, cumulative = -0.000272764
DICPCG:  Solving for p_rgh, Initial residual = 0.000580293, Final residual = 2.64924e-05, No Iterations 38
time step continuity errors : sum local = 0.000149937, global = -3.13788e-05, cumulative = -0.000304143
DICPCG:  Solving for p_rgh, Initial residual = 8.57359e-05, Final residual = 8.4063e-08, No Iterations 57
time step continuity errors : sum local = 4.78046e-07, global = -8.60689e-08, cumulative = -0.000304229
ExecutionTime = 0.43 s  ClockTime = 1 s

Courant Number mean: 0.179638 max: 1.01808
Interface Courant Number mean: 0.0183557 max: 0.998486
deltaT = 0.00384615
Time = 0.123077

PIMPLE: iteration 1
smoothSolver:  Solving for alpha.water, Initial residual = 0.00575967, Final residual = 5.66601e-10, No Iterations 5
Phase-1 volume fraction = 0.249538  Min(alpha.water) = -4.44602e-19  Max(alpha.water) = 1
MULES: Correcting alpha.water
MULES: Correcting alpha.water
Phase-1 volume fraction = 0.249538  Min(alpha.water) = -2.73168e-08  Max(alpha.water) = 1
DICPCG:  Solving for p_rgh, Initial residual = 0.026964, Final residual = 0.000541575, No Iterations 1
time step continuity errors : sum local = 0.00309609, global = 7.05464e-07, cumulative = -0.000303524
DICPCG:  Solving for p_rgh, Initial residual = 0.000617275, Final residual = 2.95429e-05, No Iterations 39
time step continuity errors : sum local = 0.000164387, global = -3.92204e-05, cumulative = -0.000342744
DICPCG:  Solving for p_rgh, Initial residual = 9.13317e-05, Final residual = 7.77576e-08, No Iterations 64
time step continuity errors : sum local = 4.34849e-07, global = 6.18668e-09, cumulative = -0.000342738
ExecutionTime = 0.45 s  ClockTime = 1 s

Courant Number mean: 0.18358 max: 1.07773
Interface Courant Number mean: 0.0207873 max: 1.01933
deltaT = 0.00336538
Time = 0.126442

PIMPLE: iteration 1
smoothSolver:  Solving for alpha.water, Initial residual = 0.00516823, Final residual = 8.66252e-09, No Iterations 4
Phase-1 volume fraction = 0.249538  Min(alpha.water) = -4.02882e-19  Max(alpha.water) = 1
MULES: Correcting alpha.water
MULES: Correcting alpha.water
Phase-1 volume fraction = 0.249538  Min(alpha.water) = -7.17147e-08  Max(alpha.water) = 1
DICPCG:  Solving for p_rgh, Initial residual = 0.0226261, Final residual = 0.000472684, No Iterations 1
time step continuity errors : sum local = 0.00206521, global = 8.44242e-07, cumulative = -0.000341894
DICPCG:  Solving for p_rgh, Initial residual = 0.000536581, Final residual = 2.64866e-05, No Iterations 39
time step continuity errors : sum local = 0.000113086, global = -2.98716e-05, cumulative = -0.000371765
DICPCG:  Solving for p_rgh, Initial residual = 7.48524e-05, Final residual = 7.51163e-08, No Iterations 64
time step continuity errors : sum local = 3.2214e-07, global = 2.4911e-09, cumulative = -0.000371763
ExecutionTime = 0.46 s  ClockTime = 1 s

Courant Number mean: 0.163258 max: 1.00576
Interface Courant Number mean: 0.0174483 max: 0.904424
deltaT = 0.00336538
Time = 0.129808

PIMPLE: iteration 1
smoothSolver:  Solving for alpha.water, Initial residual = 0.00528056, Final residual = 3.20106e-10, No Iterations 5
Phase-1 volume fraction = 0.249538  Min(alpha.water) = -3.64962e-19  Max(alpha.water) = 1
MULES: Correcting alpha.water
MULES: Correcting alpha.water
Phase-1 volume fraction = 0.249538  Min(alpha.water) = -1.4381e-07  Max(alpha.water) = 1
DICPCG:  Solving for p_rgh, Initial residual = 0.0223011, Final residual = 0.000477494, No Iterations 1
time step continuity errors : sum local = 0.00207514, global = 6.38315e-07, cumulative = -0.000371125
DICPCG:  Solving for p_rgh, Initial residual = 0.000546658, Final residual = 2.58403e-05, No Iterations 39
time step continuity errors : sum local = 0.000109809, global = -3.73455e-06, cumulative = -0.000374859
DICPCG:  Solving for p_rgh, Initial residual = 8.04944e-05, Final residual = 8.09363e-08, No Iterations 64
time step continuity errors : sum local = 3.46816e-07, global = -2.96592e-09, cumulative = -0.000374862
ExecutionTime = 0.47 s  ClockTime = 1 s

Courant Number mean: 0.165853 max: 1.07416
Interface Courant Number mean: 0.0172593 max: 0.912352
deltaT = 0.00336538
Time = 0.133173

PIMPLE: iteration 1
smoothSolver:  Solving for alpha.water, Initial residual = 0.00544299, Final residual = 3.62805e-10, No Iterations 5
Phase-1 volume fraction = 0.249538  Min(alpha.water) = -3.30545e-19  Max(alpha.water) = 1
MULES: Correcting alpha.water
MULES: Correcting alpha.water
Phase-1 volume fraction = 0.249538  Min(alpha.water) = -1.19848e-07  Max(alpha.water) = 1.00001
DICPCG:  Solving for p_rgh, Initial residual = 0.0224007, Final residual = 0.000479517, No Iterations 1
time step continuity errors : sum local = 0.00208448, global = 1.08629e-07, cumulative = -0.000374754
DICPCG:  Solving for p_rgh, Initial residual = 0.000546272, Final residual = 2.39395e-05, No Iterations 6
time step continuity errors : sum local = 0.000101752, global = 2.3123e-07, cumulative = -0.000374522
DICPCG:  Solving for p_rgh, Initial residual = 7.86877e-05, Final residual = 9.21433e-08, No Iterations 58
time step continuity errors : sum local = 3.91549e-07, global = 3.07783e-08, cumulative = -0.000374492
ExecutionTime = 0.48 s  ClockTime = 1 s

Courant Number mean: 0.168324 max: 1.06569
Interface Courant Number mean: 0.0176564 max: 1.06252
deltaT = 0.00336538
Time = 0.136538

PIMPLE: iteration 1
smoothSolver:  Solving for alpha.water, Initial residual = 0.00553711, Final residual = 3.77634e-10, No Iterations 5
Phase-1 volume fraction = 0.249538  Min(alpha.water) = -2.99187e-19  Max(alpha.water) = 1
MULES: Correcting alpha.water
MULES: Correcting alpha.water
Phase-1 volume fraction = 0.249538  Min(alpha.water) = -6.92367e-08  Max(alpha.water) = 1.00002
DICPCG:  Solving for p_rgh, Initial residual = 0.0206151, Final residual = 0.00048104, No Iterations 1
time step continuity errors : sum local = 0.00206942, global = -2.99479e-08, cumulative = -0.000374522
DICPCG:  Solving for p_rgh, Initial residual = 0.000552757, Final residual = 2.22901e-05, No Iterations 6
time step continuity errors : sum local = 9.38779e-05, global = -1.25276e-07, cumulative = -0.000374647
DICPCG:  Solving for p_rgh, Initial residual = 8.34307e-05, Final residual = 9.05032e-08, No Iterations 64
time step continuity errors : sum local = 3.8101e-07, global = 5.68427e-09, cumulative = -0.000374641
ExecutionTime = 0.49 s  ClockTime = 1 s

Courant Number mean: 0.170737 max: 1.11191
Interface Courant Number mean: 0.0196183 max: 1.11191
deltaT = 0.00336538
Time = 0.139904

PIMPLE: iteration 1
smoothSolver:  Solving for alpha.water, Initial residual = 0.00563348, Final residual = 3.94979e-10, No Iterations 5
Phase-1 volume fraction = 0.249538  Min(alpha.water) = -2.70606e-19  Max(alpha.water) = 1
MULES: Correcting alpha.water
MULES: Correcting alpha.water
Phase-1 volume fraction = 0.249538  Min(alpha.water) = -4.38058e-08  Max(alpha.water) = 1.00002
DICPCG:  Solving for p_rgh, Initial residual = 0.0207572, Final residual = 0.000490778, No Iterations 1
time step continuity errors : sum local = 0.00210581, global = -4.14041e-08, cumulative = -0.000374683
DICPCG:  Solving for p_rgh, Initial residual = 0.000565517, Final residual = 2.34681e-05, No Iterations 6
time step continuity errors : sum local = 9.86691e-05, global = -1.12459e-07, cumulative = -0.000374795
DICPCG:  Solving for p_rgh, Initial residual = 8.4989e-05, Final residual = 8.11875e-08, No Iterations 59
time step continuity errors : sum local = 3.41248e-07, global = 4.78763e-08, cumulative = -0.000374747
ExecutionTime = 0.5 s  ClockTime = 1 s

Courant Number mean: 0.173033 max: 1.06168
Interface Courant Number mean: 0.0188006 max: 1.06168
deltaT = 0.00336538
Time = 0.143269

PIMPLE: iteration 1
smoothSolver:  Solving for alpha.water, Initial residual = 0.00563251, Final residual = 3.82614e-10, No Iterations 5
Phase-1 volume fraction = 0.249538  Min(alpha.water) = -2.44568e-19  Max(alpha.water) = 1
MULES: Correcting alpha.water
MULES: Correcting alpha.water
Phase-1 volume fraction = 0.249538  Min(alpha.water) = -6.05001e-08  Max(alpha.water) = 1.00003
DICPCG:  Solving for p_rgh, Initial residual = 0.0219772, Final residual = 0.000434652, No Iterations 1
time step continuity errors : sum local = 0.00189658, global = 7.75824e-08, cumulative = -0.00037467
DICPCG:  Solving for p_rgh, Initial residual = 0.000502524, Final residual = 2.12926e-05, No Iterations 6
time step continuity errors : sum local = 9.09018e-05, global = 1.79147e-08, cumulative = -0.000374652
DICPCG:  Solving for p_rgh, Initial residual = 7.66471e-05, Final residual = 9.67885e-08, No Iterations 64
time step continuity errors : sum local = 4.13053e-07, global = 1.89932e-08, cumulative = -0.000374633
ExecutionTime = 0.52 s  ClockTime = 1 s

Courant Number mean: 0.175273 max: 1.07514
Interface Courant Number mean: 0.0199721 max: 1.07514
deltaT = 0.00336538
Time = 0.146635

PIMPLE: iteration 1
smoothSolver:  Solving for alpha.water, Initial residual = 0.00567319, Final residual = 3.61412e-10, No Iterations 5
Phase-1 volume fraction = 0.249538  Min(alpha.water) = -2.20879e-19  Max(alpha.water) = 1
MULES: Correcting alpha.water
MULES: Correcting alpha.water
Phase-1 volume fraction = 0.249538  Min(alpha.water) = -1.28827e-07  Max(alpha.water) = 1.00002
DICPCG:  Solving for p_rgh, Initial residual = 0.0213502, Final residual = 0.00040886, No Iterations 1
time step continuity errors : sum local = 0.00180226, global = -3.39137e-08, cumulative = -0.000374667
DICPCG:  Solving for p_rgh, Initial residual = 0.000481191, Final residual = 2.10873e-05, No Iterations 6
time step continuity errors : sum local = 9.09784e-05, global = -1.3217e-07, cumulative = -0.000374799
DICPCG:  Solving for p_rgh, Initial residual = 7.63636e-05, Final residual = 7.87663e-08, No Iterations 64
time step continuity errors : sum local = 3.39695e-07, global = 3.17803e-09, cumulative = -0.000374796
ExecutionTime = 0.53 s  ClockTime = 1 s

Courant Number mean: 0.177464 max: 1.05173
Interface Courant Number mean: 0.0207397 max: 1.05173
deltaT = 0.00336538
Time = 0.15

PIMPLE: iteration 1
smoothSolver:  Solving for alpha.water, Initial residual = 0.00575566, Final residual = 3.47903e-10, No Iterations 5
Phase-1 volume fraction = 0.249538  Min(alpha.water) = -1.38011e-18  Max(alpha.water) = 1
MULES: Correcting alpha.water
MULES: Correcting alpha.water
Phase-1 volume fraction = 0.249538  Min(alpha.water) = -1.69337e-07  Max(alpha.water) = 1.00005
DICPCG:  Solving for p_rgh, Initial residual = 0.0234999, Final residual = 0.000360757, No Iterations 1
time step continuity errors : sum local = 0.0016353, global = -1.1696e-08, cumulative = -0.000374807
DICPCG:  Solving for p_rgh, Initial residual = 0.00042629, Final residual = 2.01874e-05, No Iterations 6
time step continuity errors : sum local = 8.93033e-05, global = -8.8706e-08, cumulative = -0.000374896
DICPCG:  Solving for p_rgh, Initial residual = 7.23238e-05, Final residual = 6.83485e-08, No Iterations 64
time step continuity errors : sum local = 3.0223e-07, global = -7.61341e-09, cumulative = -0.000374904
ExecutionTime = 0.57 s  ClockTime = 1 s

Courant Number mean: 0.179531 max: 1.07932
Interface Courant Number mean: 0.0215013 max: 1.04981
deltaT = 0.003125
Time = 0.153125

PIMPLE: iteration 1
smoothSolver:  Solving for alpha.water, Initial residual = 0.00537686, Final residual = 6.16959e-09, No Iterations 4
Phase-1 volume fraction = 0.249538  Min(alpha.water) = -1.28117e-18  Max(alpha.water) = 1
MULES: Correcting alpha.water
MULES: Correcting alpha.water
Phase-1 volume fraction = 0.249538  Min(alpha.water) = -8.76419e-08  Max(alpha.water) = 1.00006
DICPCG:  Solving for p_rgh, Initial residual = 0.0219445, Final residual = 0.000360767, No Iterations 1
time step continuity errors : sum local = 0.00138541, global = -3.10139e-08, cumulative = -0.000374935
DICPCG:  Solving for p_rgh, Initial residual = 0.000425153, Final residual = 1.79425e-05, No Iterations 7
time step continuity errors : sum local = 6.73799e-05, global = -6.53314e-08, cumulative = -0.000375
DICPCG:  Solving for p_rgh, Initial residual = 6.49948e-05, Final residual = 5.62901e-08, No Iterations 65
time step continuity errors : sum local = 2.11305e-07, global = -2.59554e-09, cumulative = -0.000375002
ExecutionTime = 0.58 s  ClockTime = 1 s

Courant Number mean: 0.168167 max: 1.24464
Interface Courant Number mean: 0.0192826 max: 1.01247
deltaT = 0.00246711
Time = 0.155592

PIMPLE: iteration 1
smoothSolver:  Solving for alpha.water, Initial residual = 0.00428317, Final residual = 1.23638e-09, No Iterations 4
Phase-1 volume fraction = 0.249538  Min(alpha.water) = -1.2074e-18  Max(alpha.water) = 1
MULES: Correcting alpha.water
MULES: Correcting alpha.water
Phase-1 volume fraction = 0.249538  Min(alpha.water) = -2.14241e-08  Max(alpha.water) = 1.00003
DICPCG:  Solving for p_rgh, Initial residual = 0.0170125, Final residual = 0.000314771, No Iterations 1
time step continuity errors : sum local = 0.000752987, global = -6.53592e-09, cumulative = -0.000375009
DICPCG:  Solving for p_rgh, Initial residual = 0.00036698, Final residual = 1.70316e-05, No Iterations 7
time step continuity errors : sum local = 4.00493e-05, global = -5.96729e-08, cumulative = -0.000375069
DICPCG:  Solving for p_rgh, Initial residual = 5.38608e-05, Final residual = 7.49406e-08, No Iterations 65
time step continuity errors : sum local = 1.76176e-07, global = -5.28048e-09, cumulative = -0.000375074
ExecutionTime = 0.59 s  ClockTime = 1 s

Courant Number mean: 0.133383 max: 1.17963
Interface Courant Number mean: 0.0148946 max: 0.8932
deltaT = 0.00211466
Time = 0.157707

PIMPLE: iteration 1
smoothSolver:  Solving for alpha.water, Initial residual = 0.00367144, Final residual = 4.06595e-10, No Iterations 4
Phase-1 volume fraction = 0.249538  Min(alpha.water) = -1.1472e-18  Max(alpha.water) = 1
MULES: Correcting alpha.water
MULES: Correcting alpha.water
Phase-1 volume fraction = 0.249538  Min(alpha.water) = -7.06523e-10  Max(alpha.water) = 1.00001
DICPCG:  Solving for p_rgh, Initial residual = 0.0154002, Final residual = 0.000268963, No Iterations 1
time step continuity errors : sum local = 0.000473172, global = 1.14615e-09, cumulative = -0.000375073
DICPCG:  Solving for p_rgh, Initial residual = 0.000315917, Final residual = 1.36406e-05, No Iterations 12
time step continuity errors : sum local = 2.36323e-05, global = 1.47974e-06, cumulative = -0.000373593
DICPCG:  Solving for p_rgh, Initial residual = 5.09642e-05, Final residual = 6.11058e-08, No Iterations 66
time step continuity errors : sum local = 1.05777e-07, global = -2.13128e-09, cumulative = -0.000373595
ExecutionTime = 0.6 s  ClockTime = 1 s

Courant Number mean: 0.114695 max: 1.1601
Interface Courant Number mean: 0.0127402 max: 0.793075
deltaT = 0.00183884
Time = 0.159546

PIMPLE: iteration 1
smoothSolver:  Solving for alpha.water, Initial residual = 0.00320748, Final residual = 9.46532e-09, No Iterations 3
Phase-1 volume fraction = 0.249538  Min(alpha.water) = -1.09707e-18  Max(alpha.water) = 1
MULES: Correcting alpha.water
MULES: Correcting alpha.water
Phase-1 volume fraction = 0.249538  Min(alpha.water) = -2.56079e-10  Max(alpha.water) = 1.00001
DICPCG:  Solving for p_rgh, Initial residual = 0.0132224, Final residual = 0.00025627, No Iterations 1
time step continuity errors : sum local = 0.000339015, global = -1.52463e-08, cumulative = -0.00037361
DICPCG:  Solving for p_rgh, Initial residual = 0.000305387, Final residual = 1.35285e-05, No Iterations 15
time step continuity errors : sum local = 1.76664e-05, global = 5.82272e-07, cumulative = -0.000373028
DICPCG:  Solving for p_rgh, Initial residual = 5.12457e-05, Final residual = 9.37471e-08, No Iterations 66
time step continuity errors : sum local = 1.2231e-07, global = -2.08226e-10, cumulative = -0.000373028
ExecutionTime = 0.61 s  ClockTime = 1 s

Courant Number mean: 0.100006 max: 1.11649
Interface Courant Number mean: 0.0110386 max: 0.716304
deltaT = 0.00161818
Time = 0.161164

PIMPLE: iteration 1
smoothSolver:  Solving for alpha.water, Initial residual = 0.00284441, Final residual = 4.48868e-09, No Iterations 3
Phase-1 volume fraction = 0.249538  Min(alpha.water) = -1.05453e-18  Max(alpha.water) = 1
MULES: Correcting alpha.water
MULES: Correcting alpha.water
Phase-1 volume fraction = 0.249538  Min(alpha.water) = -1.81106e-10  Max(alpha.water) = 1.00001
DICPCG:  Solving for p_rgh, Initial residual = 0.0119768, Final residual = 0.000233342, No Iterations 1
time step continuity errors : sum local = 0.000239927, global = -6.62555e-11, cumulative = -0.000373028
DICPCG:  Solving for p_rgh, Initial residual = 0.000274714, Final residual = 1.29249e-05, No Iterations 15
time step continuity errors : sum local = 1.31411e-05, global = 3.63704e-07, cumulative = -0.000372665
DICPCG:  Solving for p_rgh, Initial residual = 4.44148e-05, Final residual = 9.59214e-08, No Iterations 66
time step continuity errors : sum local = 9.74398e-08, global = 8.3067e-10, cumulative = -0.000372664
ExecutionTime = 0.62 s  ClockTime = 1 s

Courant Number mean: 0.0882328 max: 1.01828
Interface Courant Number mean: 0.00968154 max: 0.915343
deltaT = 0.00161818
Time = 0.162782

PIMPLE: iteration 1
smoothSolver:  Solving for alpha.water, Initial residual = 0.00288581, Final residual = 4.46379e-09, No Iterations 3
Phase-1 volume fraction = 0.249538  Min(alpha.water) = -1.01353e-18  Max(alpha.water) = 1
MULES: Correcting alpha.water
MULES: Correcting alpha.water
Phase-1 volume fraction = 0.249538  Min(alpha.water) = -2.21826e-10  Max(alpha.water) = 1.00001
DICPCG:  Solving for p_rgh, Initial residual = 0.0116828, Final residual = 0.000237802, No Iterations 1
time step continuity errors : sum local = 0.000242553, global = 3.48204e-09, cumulative = -0.00037266
DICPCG:  Solving for p_rgh, Initial residual = 0.000282331, Final residual = 1.37037e-05, No Iterations 15
time step continuity errors : sum local = 1.38214e-05, global = 3.69209e-07, cumulative = -0.000372291
DICPCG:  Solving for p_rgh, Initial residual = 4.24168e-05, Final residual = 7.50502e-08, No Iterations 66
time step continuity errors : sum local = 7.55816e-08, global = 1.28926e-09, cumulative = -0.00037229
ExecutionTime = 0.63 s  ClockTime = 1 s

Courant Number mean: 0.088539 max: 1.03118
Interface Courant Number mean: 0.00970503 max: 1.01967
deltaT = 0.00155075
Time = 0.164333

PIMPLE: iteration 1
smoothSolver:  Solving for alpha.water, Initial residual = 0.00279417, Final residual = 3.52393e-09, No Iterations 3
Phase-1 volume fraction = 0.249538  Min(alpha.water) = -9.75607e-19  Max(alpha.water) = 1
MULES: Correcting alpha.water
MULES: Correcting alpha.water
Phase-1 volume fraction = 0.249538  Min(alpha.water) = -1.88941e-10  Max(alpha.water) = 1.00001
DICPCG:  Solving for p_rgh, Initial residual = 0.0116113, Final residual = 0.000225053, No Iterations 1
time step continuity errors : sum local = 0.000211962, global = 1.83923e-09, cumulative = -0.000372288
DICPCG:  Solving for p_rgh, Initial residual = 0.000274215, Final residual = 1.35045e-05, No Iterations 11
time step continuity errors : sum local = 1.25817e-05, global = 5.83362e-07, cumulative = -0.000371705
DICPCG:  Solving for p_rgh, Initial residual = 4.17373e-05, Final residual = 8.70706e-08, No Iterations 65
time step continuity errors : sum local = 8.10561e-08, global = 7.37029e-10, cumulative = -0.000371704
ExecutionTime = 0.65 s  ClockTime = 1 s

Courant Number mean: 0.0851219 max: 0.990872
Interface Courant Number mean: 0.00928244 max: 0.949761
deltaT = 0.00155075
Time = 0.165883

PIMPLE: iteration 1
smoothSolver:  Solving for alpha.water, Initial residual = 0.00281448, Final residual = 3.56944e-09, No Iterations 3
Phase-1 volume fraction = 0.249538  Min(alpha.water) = -9.39017e-19  Max(alpha.water) = 1
MULES: Correcting alpha.water
MULES: Correcting alpha.water
Phase-1 volume fraction = 0.249538  Min(alpha.water) = -5.37418e-09  Max(alpha.water) = 1.00001
DICPCG:  Solving for p_rgh, Initial residual = 0.0111579, Final residual = 0.000244523, No Iterations 1
time step continuity errors : sum local = 0.000227184, global = -4.35441e-09, cumulative = -0.000371708
DICPCG:  Solving for p_rgh, Initial residual = 0.000297, Final residual = 1.43233e-05, No Iterations 15
time step continuity errors : sum local = 1.3174e-05, global = 5.57623e-07, cumulative = -0.000371151
DICPCG:  Solving for p_rgh, Initial residual = 5.25786e-05, Final residual = 6.37506e-08, No Iterations 67
time step continuity errors : sum local = 5.85602e-08, global = 4.59567e-10, cumulative = -0.00037115
ExecutionTime = 0.66 s  ClockTime = 1 s

Courant Number mean: 0.0853526 max: 0.950033
Interface Courant Number mean: 0.00944699 max: 0.950033
deltaT = 0.0016246
Time = 0.167508

PIMPLE: iteration 1
smoothSolver:  Solving for alpha.water, Initial residual = 0.00296767, Final residual = 4.71428e-09, No Iterations 3
Phase-1 volume fraction = 0.249538  Min(alpha.water) = -9.02047e-19  Max(alpha.water) = 1
MULES: Correcting alpha.water
MULES: Correcting alpha.water
Phase-1 volume fraction = 0.249538  Min(alpha.water) = -7.30619e-10  Max(alpha.water) = 1.00001
DICPCG:  Solving for p_rgh, Initial residual = 0.0110815, Final residual = 0.000240623, No Iterations 1
time step continuity errors : sum local = 0.000243671, global = -4.09086e-09, cumulative = -0.000371154
DICPCG:  Solving for p_rgh, Initial residual = 0.0002864, Final residual = 1.3797e-05, No Iterations 10
time step continuity errors : sum local = 1.38251e-05, global = 3.97282e-07, cumulative = -0.000370757
DICPCG:  Solving for p_rgh, Initial residual = 4.69685e-05, Final residual = 6.95173e-08, No Iterations 67
time step continuity errors : sum local = 6.95869e-08, global = 2.57984e-09, cumulative = -0.000370754
ExecutionTime = 0.67 s  ClockTime = 1 s

Courant Number mean: 0.0897095 max: 0.947192
Interface Courant Number mean: 0.0099197 max: 0.947192
deltaT = 0.0017101
Time = 0.169218

PIMPLE: iteration 1
smoothSolver:  Solving for alpha.water, Initial residual = 0.00314644, Final residual = 6.40131e-09, No Iterations 3
Phase-1 volume fraction = 0.249538  Min(alpha.water) = -8.6459e-19  Max(alpha.water) = 1
MULES: Correcting alpha.water
MULES: Correcting alpha.water
Phase-1 volume fraction = 0.249538  Min(alpha.water) = -4.37167e-10  Max(alpha.water) = 1.00001
DICPCG:  Solving for p_rgh, Initial residual = 0.0120438, Final residual = 0.000231253, No Iterations 1
time step continuity errors : sum local = 0.000259609, global = -5.82165e-10, cumulative = -0.000370755
DICPCG:  Solving for p_rgh, Initial residual = 0.000285788, Final residual = 1.40781e-05, No Iterations 8
time step continuity errors : sum local = 1.56254e-05, global = 3.98022e-08, cumulative = -0.000370715
DICPCG:  Solving for p_rgh, Initial residual = 4.34076e-05, Final residual = 7.96867e-08, No Iterations 65
time step continuity errors : sum local = 8.83562e-08, global = 6.91237e-09, cumulative = -0.000370708
ExecutionTime = 0.67 s  ClockTime = 1 s

Courant Number mean: 0.0946886 max: 0.956979
Interface Courant Number mean: 0.0107222 max: 0.956979
deltaT = 0.0018107
Time = 0.171029

PIMPLE: iteration 1
smoothSolver:  Solving for alpha.water, Initial residual = 0.00335548, Final residual = 8.8168e-09, No Iterations 3
Phase-1 volume fraction = 0.249538  Min(alpha.water) = -8.26508e-19  Max(alpha.water) = 1
MULES: Correcting alpha.water
MULES: Correcting alpha.water
Phase-1 volume fraction = 0.249538  Min(alpha.water) = -1.07126e-09  Max(alpha.water) = 1.00002
DICPCG:  Solving for p_rgh, Initial residual = 0.0117779, Final residual = 0.000263495, No Iterations 1
time step continuity errors : sum local = 0.000326279, global = 1.39204e-08, cumulative = -0.000370694
DICPCG:  Solving for p_rgh, Initial residual = 0.000317068, Final residual = 1.38245e-05, No Iterations 10
time step continuity errors : sum local = 1.69229e-05, global = 4.6396e-07, cumulative = -0.00037023
DICPCG:  Solving for p_rgh, Initial residual = 5.02718e-05, Final residual = 6.9363e-08, No Iterations 66
time step continuity errors : sum local = 8.48144e-08, global = 2.9389e-09, cumulative = -0.000370228
ExecutionTime = 0.69 s  ClockTime = 1 s

Courant Number mean: 0.100514 max: 0.98177
Interface Courant Number mean: 0.0109637 max: 0.98177
deltaT = 0.0018107
Time = 0.17284

PIMPLE: iteration 1
smoothSolver:  Solving for alpha.water, Initial residual = 0.00339187, Final residual = 8.72404e-09, No Iterations 3
Phase-1 volume fraction = 0.249538  Min(alpha.water) = -7.89941e-19  Max(alpha.water) = 1
MULES: Correcting alpha.water
MULES: Correcting alpha.water
Phase-1 volume fraction = 0.249538  Min(alpha.water) = -1.47465e-09  Max(alpha.water) = 1.00002
DICPCG:  Solving for p_rgh, Initial residual = 0.0123246, Final residual = 0.000257196, No Iterations 1
time step continuity errors : sum local = 0.000319716, global = -3.5067e-09, cumulative = -0.000370231
DICPCG:  Solving for p_rgh, Initial residual = 0.000307776, Final residual = 1.46069e-05, No Iterations 9
time step continuity errors : sum local = 1.79478e-05, global = 2.028e-07, cumulative = -0.000370028
DICPCG:  Solving for p_rgh, Initial residual = 4.93609e-05, Final residual = 8.7131e-08, No Iterations 65
time step continuity errors : sum local = 1.06954e-07, global = -3.25185e-10, cumulative = -0.000370029
ExecutionTime = 0.7 s  ClockTime = 1 s

Courant Number mean: 0.100741 max: 0.953927
Interface Courant Number mean: 0.0111491 max: 0.953927
deltaT = 0.00194003
Time = 0.17478

PIMPLE: iteration 1
smoothSolver:  Solving for alpha.water, Initial residual = 0.00365356, Final residual = 2.16382e-10, No Iterations 4
Phase-1 volume fraction = 0.249538  Min(alpha.water) = -7.52447e-19  Max(alpha.water) = 1
MULES: Correcting alpha.water
MULES: Correcting alpha.water
Phase-1 volume fraction = 0.249538  Min(alpha.water) = -2.22446e-09  Max(alpha.water) = 1.00001
DICPCG:  Solving for p_rgh, Initial residual = 0.0127993, Final residual = 0.000259388, No Iterations 1
time step continuity errors : sum local = 0.000369259, global = 2.96745e-09, cumulative = -0.000370026
DICPCG:  Solving for p_rgh, Initial residual = 0.000322366, Final residual = 1.41985e-05, No Iterations 10
time step continuity errors : sum local = 1.99702e-05, global = 5.17999e-07, cumulative = -0.000369508
DICPCG:  Solving for p_rgh, Initial residual = 5.27614e-05, Final residual = 6.00598e-08, No Iterations 65
time step continuity errors : sum local = 8.43763e-08, global = 6.90707e-11, cumulative = -0.000369508
ExecutionTime = 0.71 s  ClockTime = 1 s

Courant Number mean: 0.108292 max: 0.994965
Interface Courant Number mean: 0.0121254 max: 0.994965
deltaT = 0.00194003
Time = 0.17672

PIMPLE: iteration 1
smoothSolver:  Solving for alpha.water, Initial residual = 0.00366327, Final residual = 2.14033e-10, No Iterations 4
Phase-1 volume fraction = 0.249538  Min(alpha.water) = -7.16578e-19  Max(alpha.water) = 1
MULES: Correcting alpha.water
MULES: Correcting alpha.water
Phase-1 volume fraction = 0.249538  Min(alpha.water) = -2.37695e-09  Max(alpha.water) = 1.00001
DICPCG:  Solving for p_rgh, Initial residual = 0.0122484, Final residual = 0.00025058, No Iterations 1
time step continuity errors : sum local = 0.000354981, global = 9.51241e-10, cumulative = -0.000369507
DICPCG:  Solving for p_rgh, Initial residual = 0.000301943, Final residual = 1.20107e-05, No Iterations 8
time step continuity errors : sum local = 1.68086e-05, global = 5.822e-08, cumulative = -0.000369448
DICPCG:  Solving for p_rgh, Initial residual = 4.70957e-05, Final residual = 9.9826e-08, No Iterations 61
time step continuity errors : sum local = 1.39598e-07, global = 9.15504e-09, cumulative = -0.000369439
ExecutionTime = 0.72 s  ClockTime = 2 s

Courant Number mean: 0.10848 max: 0.976817
Interface Courant Number mean: 0.0120437 max: 0.976817
deltaT = 0.00194003
Time = 0.17866

PIMPLE: iteration 1
smoothSolver:  Solving for alpha.water, Initial residual = 0.00364879, Final residual = 2.09352e-10, No Iterations 4
Phase-1 volume fraction = 0.249538  Min(alpha.water) = -6.82265e-19  Max(alpha.water) = 1
MULES: Correcting alpha.water
MULES: Correcting alpha.water
Phase-1 volume fraction = 0.249538  Min(alpha.water) = -2.61965e-09  Max(alpha.water) = 1.00001
DICPCG:  Solving for p_rgh, Initial residual = 0.0127477, Final residual = 0.000262493, No Iterations 1
time step continuity errors : sum local = 0.00037279, global = 1.33014e-08, cumulative = -0.000369426
DICPCG:  Solving for p_rgh, Initial residual = 0.000307086, Final residual = 1.23524e-05, No Iterations 7
time step continuity errors : sum local = 1.73381e-05, global = -4.65804e-09, cumulative = -0.000369431
DICPCG:  Solving for p_rgh, Initial residual = 4.83937e-05, Final residual = 7.85191e-08, No Iterations 63
time step continuity errors : sum local = 1.10154e-07, global = 4.65651e-09, cumulative = -0.000369426
ExecutionTime = 0.73 s  ClockTime = 2 s

Courant Number mean: 0.108601 max: 0.972109
Interface Courant Number mean: 0.0128004 max: 0.972109
deltaT = 0.00194003
Time = 0.1806

PIMPLE: iteration 1
smoothSolver:  Solving for alpha.water, Initial residual = 0.00360952, Final residual = 2.03624e-10, No Iterations 4
Phase-1 volume fraction = 0.249538  Min(alpha.water) = -6.49459e-19  Max(alpha.water) = 1
MULES: Correcting alpha.water
MULES: Correcting alpha.water
Phase-1 volume fraction = 0.249538  Min(alpha.water) = -3.06711e-09  Max(alpha.water) = 1.00001
DICPCG:  Solving for p_rgh, Initial residual = 0.0128485, Final residual = 0.000256375, No Iterations 1
time step continuity errors : sum local = 0.000368766, global = 1.39876e-09, cumulative = -0.000369425
DICPCG:  Solving for p_rgh, Initial residual = 0.000303805, Final residual = 1.44463e-05, No Iterations 7
time step continuity errors : sum local = 2.05286e-05, global = -3.62572e-09, cumulative = -0.000369428
DICPCG:  Solving for p_rgh, Initial residual = 4.96804e-05, Final residual = 8.60215e-08, No Iterations 63
time step continuity errors : sum local = 1.22201e-07, global = 2.41491e-10, cumulative = -0.000369428
ExecutionTime = 0.74 s  ClockTime = 2 s

Courant Number mean: 0.108759 max: 0.982535
Interface Courant Number mean: 0.0127081 max: 0.982535
deltaT = 0.00194003
Time = 0.18254

PIMPLE: iteration 1
smoothSolver:  Solving for alpha.water, Initial residual = 0.00355516, Final residual = 1.95045e-10, No Iterations 4
Phase-1 volume fraction = 0.249538  Min(alpha.water) = -6.18147e-19  Max(alpha.water) = 1
MULES: Correcting alpha.water
MULES: Correcting alpha.water
Phase-1 volume fraction = 0.249538  Min(alpha.water) = -3.73132e-09  Max(alpha.water) = 1.00002
DICPCG:  Solving for p_rgh, Initial residual = 0.0133097, Final residual = 0.000244228, No Iterations 1
time step continuity errors : sum local = 0.00035503, global = 6.00783e-09, cumulative = -0.000369422
DICPCG:  Solving for p_rgh, Initial residual = 0.000289748, Final residual = 1.3253e-05, No Iterations 7
time step continuity errors : sum local = 1.90215e-05, global = 3.44996e-09, cumulative = -0.000369418
DICPCG:  Solving for p_rgh, Initial residual = 4.80841e-05, Final residual = 7.38665e-08, No Iterations 64
time step continuity errors : sum local = 1.06e-07, global = 4.96223e-09, cumulative = -0.000369413
ExecutionTime = 0.75 s  ClockTime = 2 s

Courant Number mean: 0.10894 max: 1.01669
Interface Courant Number mean: 0.0130518 max: 1.01669
deltaT = 0.00194003
Time = 0.18448

PIMPLE: iteration 1
smoothSolver:  Solving for alpha.water, Initial residual = 0.00348466, Final residual = 1.83849e-10, No Iterations 4
Phase-1 volume fraction = 0.249538  Min(alpha.water) = -5.88461e-19  Max(alpha.water) = 1
MULES: Correcting alpha.water
MULES: Correcting alpha.water
Phase-1 volume fraction = 0.249538  Min(alpha.water) = -4.57017e-09  Max(alpha.water) = 1.00001
DICPCG:  Solving for p_rgh, Initial residual = 0.0138983, Final residual = 0.000228341, No Iterations 1
time step continuity errors : sum local = 0.00033753, global = 1.66145e-08, cumulative = -0.000369397
DICPCG:  Solving for p_rgh, Initial residual = 0.000272683, Final residual = 1.13804e-05, No Iterations 7
time step continuity errors : sum local = 1.66008e-05, global = -6.04801e-09, cumulative = -0.000369403
DICPCG:  Solving for p_rgh, Initial residual = 4.55129e-05, Final residual = 9.25769e-08, No Iterations 63
time step continuity errors : sum local = 1.3503e-07, global = 7.25407e-09, cumulative = -0.000369396
ExecutionTime = 0.76 s  ClockTime = 2 s

Courant Number mean: 0.109101 max: 1.07714
Interface Courant Number mean: 0.0133966 max: 1.07714
deltaT = 0.00172447
Time = 0.186204

PIMPLE: iteration 1
smoothSolver:  Solving for alpha.water, Initial residual = 0.00309031, Final residual = 5.35666e-09, No Iterations 3
Phase-1 volume fraction = 0.249538  Min(alpha.water) = -5.63071e-19  Max(alpha.water) = 1
MULES: Correcting alpha.water
MULES: Correcting alpha.water
Phase-1 volume fraction = 0.249538  Min(alpha.water) = -3.8118e-09  Max(alpha.water) = 1
DICPCG:  Solving for p_rgh, Initial residual = 0.0127192, Final residual = 0.000239866, No Iterations 1
time step continuity errors : sum local = 0.000283308, global = 1.09984e-08, cumulative = -0.000369385
DICPCG:  Solving for p_rgh, Initial residual = 0.000277519, Final residual = 1.17214e-05, No Iterations 6
time step continuity errors : sum local = 1.36846e-05, global = -2.92886e-09, cumulative = -0.000369388
DICPCG:  Solving for p_rgh, Initial residual = 4.41862e-05, Final residual = 8.83943e-08, No Iterations 63
time step continuity errors : sum local = 1.03259e-07, global = 4.40447e-09, cumulative = -0.000369383
ExecutionTime = 0.77 s  ClockTime = 2 s

Courant Number mean: 0.0970948 max: 0.994988
Interface Courant Number mean: 0.0116669 max: 0.994988
deltaT = 0.00172447
Time = 0.187929

PIMPLE: iteration 1
smoothSolver:  Solving for alpha.water, Initial residual = 0.00313103, Final residual = 5.29387e-09, No Iterations 3
Phase-1 volume fraction = 0.249538  Min(alpha.water) = -5.38664e-19  Max(alpha.water) = 1
MULES: Correcting alpha.water
MULES: Correcting alpha.water
Phase-1 volume fraction = 0.249538  Min(alpha.water) = -1.10845e-08  Max(alpha.water) = 1
DICPCG:  Solving for p_rgh, Initial residual = 0.0126779, Final residual = 0.000222703, No Iterations 1
time step continuity errors : sum local = 0.000262023, global = 8.89171e-09, cumulative = -0.000369374
DICPCG:  Solving for p_rgh, Initial residual = 0.000260655, Final residual = 1.1902e-05, No Iterations 7
time step continuity errors : sum local = 1.38391e-05, global = 3.93266e-09, cumulative = -0.00036937
DICPCG:  Solving for p_rgh, Initial residual = 4.46624e-05, Final residual = 9.05925e-08, No Iterations 63
time step continuity errors : sum local = 1.05373e-07, global = 5.7378e-09, cumulative = -0.000369365
ExecutionTime = 0.78 s  ClockTime = 2 s

Courant Number mean: 0.0972431 max: 1.02211
Interface Courant Number mean: 0.0112355 max: 1.02211
deltaT = 0.00172447
Time = 0.189653

PIMPLE: iteration 1
smoothSolver:  Solving for alpha.water, Initial residual = 0.00319878, Final residual = 5.23845e-09, No Iterations 3
Phase-1 volume fraction = 0.249538  Min(alpha.water) = -5.15219e-19  Max(alpha.water) = 1
MULES: Correcting alpha.water
MULES: Correcting alpha.water
Phase-1 volume fraction = 0.249538  Min(alpha.water) = -2.94882e-08  Max(alpha.water) = 1
DICPCG:  Solving for p_rgh, Initial residual = 0.0125247, Final residual = 0.000198897, No Iterations 1
time step continuity errors : sum local = 0.000231356, global = 9.56483e-09, cumulative = -0.000369355
DICPCG:  Solving for p_rgh, Initial residual = 0.000235963, Final residual = 1.16461e-05, No Iterations 6
time step continuity errors : sum local = 1.3389e-05, global = -2.80793e-09, cumulative = -0.000369358
DICPCG:  Solving for p_rgh, Initial residual = 4.10875e-05, Final residual = 9.47073e-08, No Iterations 63
time step continuity errors : sum local = 1.08944e-07, global = 6.76185e-09, cumulative = -0.000369351
ExecutionTime = 0.79 s  ClockTime = 2 s

Courant Number mean: 0.097317 max: 1.03966
Interface Courant Number mean: 0.0112077 max: 1.03966
deltaT = 0.00172447
Time = 0.191378

PIMPLE: iteration 1
smoothSolver:  Solving for alpha.water, Initial residual = 0.00326288, Final residual = 5.19297e-09, No Iterations 3
Phase-1 volume fraction = 0.249538  Min(alpha.water) = -4.92704e-19  Max(alpha.water) = 1
MULES: Correcting alpha.water
MULES: Correcting alpha.water
Phase-1 volume fraction = 0.249538  Min(alpha.water) = -4.40882e-08  Max(alpha.water) = 1
DICPCG:  Solving for p_rgh, Initial residual = 0.0120797, Final residual = 0.000225897, No Iterations 1
time step continuity errors : sum local = 0.000258314, global = 8.18723e-09, cumulative = -0.000369343
DICPCG:  Solving for p_rgh, Initial residual = 0.000264444, Final residual = 1.25899e-05, No Iterations 7
time step continuity errors : sum local = 1.42388e-05, global = 2.04232e-09, cumulative = -0.000369341
DICPCG:  Solving for p_rgh, Initial residual = 4.73976e-05, Final residual = 8.39702e-08, No Iterations 63
time step continuity errors : sum local = 9.50857e-08, global = 6.35989e-09, cumulative = -0.000369335
ExecutionTime = 0.8 s  ClockTime = 2 s

Courant Number mean: 0.0973616 max: 1.05159
Interface Courant Number mean: 0.0113094 max: 1.05159
deltaT = 0.00172447
Time = 0.193102

PIMPLE: iteration 1
smoothSolver:  Solving for alpha.water, Initial residual = 0.00328035, Final residual = 5.10694e-09, No Iterations 3
Phase-1 volume fraction = 0.249538  Min(alpha.water) = -4.71094e-19  Max(alpha.water) = 1
MULES: Correcting alpha.water
MULES: Correcting alpha.water
Phase-1 volume fraction = 0.249538  Min(alpha.water) = -5.65043e-08  Max(alpha.water) = 1
DICPCG:  Solving for p_rgh, Initial residual = 0.0123402, Final residual = 0.000236491, No Iterations 1
time step continuity errors : sum local = 0.000269044, global = 9.86206e-09, cumulative = -0.000369325
DICPCG:  Solving for p_rgh, Initial residual = 0.000279762, Final residual = 1.25388e-05, No Iterations 7
time step continuity errors : sum local = 1.41087e-05, global = 2.60708e-09, cumulative = -0.000369322
DICPCG:  Solving for p_rgh, Initial residual = 5.41291e-05, Final residual = 8.24166e-08, No Iterations 63
time step continuity errors : sum local = 9.28722e-08, global = 4.65176e-09, cumulative = -0.000369317
ExecutionTime = 0.82 s  ClockTime = 2 s

Courant Number mean: 0.0974138 max: 1.07969
Interface Courant Number mean: 0.0112225 max: 1.07969
deltaT = 0.00172447
Time = 0.194827

PIMPLE: iteration 1
smoothSolver:  Solving for alpha.water, Initial residual = 0.0032648, Final residual = 4.98073e-09, No Iterations 3
Phase-1 volume fraction = 0.249538  Min(alpha.water) = -4.50353e-19  Max(alpha.water) = 1
MULES: Correcting alpha.water
MULES: Correcting alpha.water
Phase-1 volume fraction = 0.249538  Min(alpha.water) = -6.24681e-08  Max(alpha.water) = 1.00001
DICPCG:  Solving for p_rgh, Initial residual = 0.0121522, Final residual = 0.000255683, No Iterations 1
time step continuity errors : sum local = 0.000286351, global = 7.44621e-09, cumulative = -0.00036931
DICPCG:  Solving for p_rgh, Initial residual = 0.000297267, Final residual = 1.43844e-05, No Iterations 6
time step continuity errors : sum local = 1.59472e-05, global = -8.17028e-10, cumulative = -0.000369311
DICPCG:  Solving for p_rgh, Initial residual = 5.84873e-05, Final residual = 9.65922e-08, No Iterations 63
time step continuity errors : sum local = 1.07163e-07, global = 2.48578e-09, cumulative = -0.000369308
ExecutionTime = 0.83 s  ClockTime = 2 s

Courant Number mean: 0.0974884 max: 1.08391
Interface Courant Number mean: 0.0121572 max: 1.08391
deltaT = 0.00172447
Time = 0.196551

PIMPLE: iteration 1
smoothSolver:  Solving for alpha.water, Initial residual = 0.00327458, Final residual = 4.84006e-09, No Iterations 3
Phase-1 volume fraction = 0.249538  Min(alpha.water) = -4.30453e-19  Max(alpha.water) = 1
MULES: Correcting alpha.water
MULES: Correcting alpha.water
Phase-1 volume fraction = 0.249538  Min(alpha.water) = -6.40781e-08  Max(alpha.water) = 1.00001
DICPCG:  Solving for p_rgh, Initial residual = 0.0115542, Final residual = 0.000261352, No Iterations 1
time step continuity errors : sum local = 0.000289964, global = 1.68913e-09, cumulative = -0.000369307
DICPCG:  Solving for p_rgh, Initial residual = 0.000287411, Final residual = 1.27763e-05, No Iterations 10
time step continuity errors : sum local = 1.40361e-05, global = 1.69909e-07, cumulative = -0.000369137
DICPCG:  Solving for p_rgh, Initial residual = 5.3125e-05, Final residual = 8.4766e-08, No Iterations 63
time step continuity errors : sum local = 9.31412e-08, global = 4.45805e-10, cumulative = -0.000369136
ExecutionTime = 0.84 s  ClockTime = 2 s

Courant Number mean: 0.0975262 max: 1.06475
Interface Courant Number mean: 0.0120423 max: 1.06475
deltaT = 0.00172447
Time = 0.198276

PIMPLE: iteration 1
smoothSolver:  Solving for alpha.water, Initial residual = 0.00327627, Final residual = 4.66472e-09, No Iterations 3
Phase-1 volume fraction = 0.249538  Min(alpha.water) = -4.11362e-19  Max(alpha.water) = 1
MULES: Correcting alpha.water
MULES: Correcting alpha.water
Phase-1 volume fraction = 0.249538  Min(alpha.water) = -6.395e-08  Max(alpha.water) = 1.00001
DICPCG:  Solving for p_rgh, Initial residual = 0.0120728, Final residual = 0.000241157, No Iterations 1
time step continuity errors : sum local = 0.000269168, global = -3.10959e-10, cumulative = -0.000369137
DICPCG:  Solving for p_rgh, Initial residual = 0.000278724, Final residual = 1.18678e-05, No Iterations 7
time step continuity errors : sum local = 1.31066e-05, global = -1.41439e-09, cumulative = -0.000369138
DICPCG:  Solving for p_rgh, Initial residual = 4.99811e-05, Final residual = 7.57137e-08, No Iterations 63
time step continuity errors : sum local = 8.36872e-08, global = 1.5054e-09, cumulative = -0.000369136
ExecutionTime = 0.85 s  ClockTime = 2 s

Courant Number mean: 0.0975471 max: 1.03853
Interface Courant Number mean: 0.0121088 max: 1.03853
deltaT = 0.00172447
Time = 0.2

PIMPLE: iteration 1
smoothSolver:  Solving for alpha.water, Initial residual = 0.00325917, Final residual = 4.48182e-09, No Iterations 3
Phase-1 volume fraction = 0.249538  Min(alpha.water) = -3.93052e-19  Max(alpha.water) = 1
MULES: Correcting alpha.water
MULES: Correcting alpha.water
Phase-1 volume fraction = 0.249538  Min(alpha.water) = -7.15425e-08  Max(alpha.water) = 1.00001
DICPCG:  Solving for p_rgh, Initial residual = 0.0118457, Final residual = 0.000263226, No Iterations 1
time step continuity errors : sum local = 0.000289587, global = 6.71121e-09, cumulative = -0.00036913
DICPCG:  Solving for p_rgh, Initial residual = 0.000297522, Final residual = 1.10293e-05, No Iterations 7
time step continuity errors : sum local = 1.20182e-05, global = 3.45643e-09, cumulative = -0.000369126
DICPCG:  Solving for p_rgh, Initial residual = 4.97953e-05, Final residual = 6.81825e-08, No Iterations 62
time step continuity errors : sum local = 7.43898e-08, global = 3.76375e-09, cumulative = -0.000369123
ExecutionTime = 0.88 s  ClockTime = 2 s

Courant Number mean: 0.097563 max: 1.01431
Interface Courant Number mean: 0.0120216 max: 1.01431
deltaT = 0.00172414
Time = 0.201724

PIMPLE: iteration 1
smoothSolver:  Solving for alpha.water, Initial residual = 0.00325318, Final residual = 4.3384e-09, No Iterations 3
Phase-1 volume fraction = 0.249538  Min(alpha.water) = -3.755e-19  Max(alpha.water) = 1
MULES: Correcting alpha.water
MULES: Correcting alpha.water
Phase-1 volume fraction = 0.249538  Min(alpha.water) = -7.76684e-08  Max(alpha.water) = 1.00001
DICPCG:  Solving for p_rgh, Initial residual = 0.0114979, Final residual = 0.000269793, No Iterations 1
time step continuity errors : sum local = 0.000295495, global = 8.24058e-09, cumulative = -0.000369114
DICPCG:  Solving for p_rgh, Initial residual = 0.000308153, Final residual = 1.48282e-05, No Iterations 7
time step continuity errors : sum local = 1.60961e-05, global = 9.32348e-09, cumulative = -0.000369105
DICPCG:  Solving for p_rgh, Initial residual = 5.43719e-05, Final residual = 7.9048e-08, No Iterations 63
time step continuity errors : sum local = 8.59663e-08, global = 3.24913e-09, cumulative = -0.000369102
ExecutionTime = 0.9 s  ClockTime = 2 s

Courant Number mean: 0.0975578 max: 0.997253
Interface Courant Number mean: 0.0118279 max: 0.997253
deltaT = 0.00172414
Time = 0.203448

PIMPLE: iteration 1
smoothSolver:  Solving for alpha.water, Initial residual = 0.00326386, Final residual = 4.19672e-09, No Iterations 3
Phase-1 volume fraction = 0.249538  Min(alpha.water) = -3.58673e-19  Max(alpha.water) = 1
MULES: Correcting alpha.water
MULES: Correcting alpha.water
Phase-1 volume fraction = 0.249538  Min(alpha.water) = -8.18892e-08  Max(alpha.water) = 1.00001
DICPCG:  Solving for p_rgh, Initial residual = 0.0113858, Final residual = 0.000251832, No Iterations 1
time step continuity errors : sum local = 0.000275637, global = 2.56435e-09, cumulative = -0.000369099
DICPCG:  Solving for p_rgh, Initial residual = 0.0002996, Final residual = 1.31348e-05, No Iterations 7
time step continuity errors : sum local = 1.42495e-05, global = 7.17468e-09, cumulative = -0.000369092
DICPCG:  Solving for p_rgh, Initial residual = 4.8903e-05, Final residual = 8.78591e-08, No Iterations 56
time step continuity errors : sum local = 9.54859e-08, global = -5.15555e-10, cumulative = -0.000369092
ExecutionTime = 0.91 s  ClockTime = 2 s

Courant Number mean: 0.097474 max: 0.986093
Interface Courant Number mean: 0.0120536 max: 0.986093
deltaT = 0.00172414
Time = 0.205172

PIMPLE: iteration 1
smoothSolver:  Solving for alpha.water, Initial residual = 0.00327005, Final residual = 4.07724e-09, No Iterations 3
Phase-1 volume fraction = 0.249538  Min(alpha.water) = -3.42548e-19  Max(alpha.water) = 1
MULES: Correcting alpha.water
MULES: Correcting alpha.water
Phase-1 volume fraction = 0.249538  Min(alpha.water) = -8.26293e-08  Max(alpha.water) = 1.00001
DICPCG:  Solving for p_rgh, Initial residual = 0.0110835, Final residual = 0.000249823, No Iterations 1
time step continuity errors : sum local = 0.000272922, global = -1.0692e-08, cumulative = -0.000369103
DICPCG:  Solving for p_rgh, Initial residual = 0.00028567, Final residual = 1.18105e-05, No Iterations 7
time step continuity errors : sum local = 1.27832e-05, global = -1.06512e-08, cumulative = -0.000369114
DICPCG:  Solving for p_rgh, Initial residual = 4.58537e-05, Final residual = 7.66598e-08, No Iterations 62
time step continuity errors : sum local = 8.31e-08, global = 2.9758e-09, cumulative = -0.000369111
ExecutionTime = 0.92 s  ClockTime = 2 s

Courant Number mean: 0.0974615 max: 0.97758
Interface Courant Number mean: 0.0123603 max: 0.97758
deltaT = 0.0017931
Time = 0.206966

PIMPLE: iteration 1
smoothSolver:  Solving for alpha.water, Initial residual = 0.00343601, Final residual = 4.96363e-09, No Iterations 3
Phase-1 volume fraction = 0.249538  Min(alpha.water) = -3.2651e-19  Max(alpha.water) = 1
MULES: Correcting alpha.water
MULES: Correcting alpha.water
Phase-1 volume fraction = 0.249538  Min(alpha.water) = -9.30052e-08  Max(alpha.water) = 1.00001
DICPCG:  Solving for p_rgh, Initial residual = 0.0118324, Final residual = 0.000265671, No Iterations 1
time step continuity errors : sum local = 0.000313597, global = 1.24931e-08, cumulative = -0.000369098
DICPCG:  Solving for p_rgh, Initial residual = 0.000306072, Final residual = 1.41206e-05, No Iterations 8
time step continuity errors : sum local = 1.652e-05, global = 3.10422e-08, cumulative = -0.000369067
DICPCG:  Solving for p_rgh, Initial residual = 5.11584e-05, Final residual = 9.38584e-08, No Iterations 62
time step continuity errors : sum local = 1.10056e-07, global = 1.81086e-09, cumulative = -0.000369066
ExecutionTime = 0.93 s  ClockTime = 2 s

Courant Number mean: 0.101321 max: 1.00552
Interface Courant Number mean: 0.0127281 max: 1.00552
deltaT = 0.0017931
Time = 0.208759

PIMPLE: iteration 1
smoothSolver:  Solving for alpha.water, Initial residual = 0.00341778, Final residual = 4.777e-09, No Iterations 3
Phase-1 volume fraction = 0.249538  Min(alpha.water) = -3.11175e-19  Max(alpha.water) = 1
MULES: Correcting alpha.water
MULES: Correcting alpha.water
Phase-1 volume fraction = 0.249538  Min(alpha.water) = -8.94563e-08  Max(alpha.water) = 1.00001
DICPCG:  Solving for p_rgh, Initial residual = 0.0113156, Final residual = 0.000289576, No Iterations 1
time step continuity errors : sum local = 0.000338967, global = 1.40125e-09, cumulative = -0.000369064
DICPCG:  Solving for p_rgh, Initial residual = 0.000334617, Final residual = 1.39441e-05, No Iterations 7
time step continuity errors : sum local = 1.61842e-05, global = 8.01601e-09, cumulative = -0.000369056
DICPCG:  Solving for p_rgh, Initial residual = 5.03138e-05, Final residual = 8.36549e-08, No Iterations 62
time step continuity errors : sum local = 9.73311e-08, global = 1.71645e-10, cumulative = -0.000369056
ExecutionTime = 0.94 s  ClockTime = 2 s

Courant Number mean: 0.101274 max: 0.989164
Interface Courant Number mean: 0.012425 max: 0.989164
deltaT = 0.0017931
Time = 0.210552

PIMPLE: iteration 1
smoothSolver:  Solving for alpha.water, Initial residual = 0.00343794, Final residual = 4.59609e-09, No Iterations 3
Phase-1 volume fraction = 0.249538  Min(alpha.water) = -2.96519e-19  Max(alpha.water) = 1
MULES: Correcting alpha.water
MULES: Correcting alpha.water
Phase-1 volume fraction = 0.249538  Min(alpha.water) = -8.44337e-08  Max(alpha.water) = 1.00001
DICPCG:  Solving for p_rgh, Initial residual = 0.0118008, Final residual = 0.000288469, No Iterations 1
time step continuity errors : sum local = 0.000340991, global = -1.61617e-09, cumulative = -0.000369058
DICPCG:  Solving for p_rgh, Initial residual = 0.000331363, Final residual = 1.39624e-05, No Iterations 6
time step continuity errors : sum local = 1.63603e-05, global = -2.62496e-09, cumulative = -0.00036906
DICPCG:  Solving for p_rgh, Initial residual = 4.82423e-05, Final residual = 8.3174e-08, No Iterations 61
time step continuity errors : sum local = 9.76176e-08, global = -9.59134e-10, cumulative = -0.000369061
ExecutionTime = 0.95 s  ClockTime = 2 s

Courant Number mean: 0.101257 max: 0.969818
Interface Courant Number mean: 0.0128377 max: 0.969818
deltaT = 0.00187849
Time = 0.21243

PIMPLE: iteration 1
smoothSolver:  Solving for alpha.water, Initial residual = 0.0036136, Final residual = 5.80203e-09, No Iterations 3
Phase-1 volume fraction = 0.249538  Min(alpha.water) = -2.81883e-19  Max(alpha.water) = 1
MULES: Correcting alpha.water
MULES: Correcting alpha.water
Phase-1 volume fraction = 0.249538  Min(alpha.water) = -9.47837e-08  Max(alpha.water) = 1.00001
DICPCG:  Solving for p_rgh, Initial residual = 0.011646, Final residual = 0.00030261, No Iterations 1
time step continuity errors : sum local = 0.000389843, global = -2.85006e-09, cumulative = -0.000369064
DICPCG:  Solving for p_rgh, Initial residual = 0.000349273, Final residual = 1.48817e-05, No Iterations 8
time step continuity errors : sum local = 1.90055e-05, global = 3.77876e-08, cumulative = -0.000369026
DICPCG:  Solving for p_rgh, Initial residual = 5.7425e-05, Final residual = 9.93367e-08, No Iterations 61
time step continuity errors : sum local = 1.27117e-07, global = 1.71664e-09, cumulative = -0.000369024
ExecutionTime = 0.96 s  ClockTime = 2 s

Courant Number mean: 0.106071 max: 1.00247
Interface Courant Number mean: 0.0130948 max: 1.00247
deltaT = 0.00187849
Time = 0.214309

PIMPLE: iteration 1
smoothSolver:  Solving for alpha.water, Initial residual = 0.00357952, Final residual = 5.5949e-09, No Iterations 3
Phase-1 volume fraction = 0.249538  Min(alpha.water) = -2.6794e-19  Max(alpha.water) = 1
MULES: Correcting alpha.water
MULES: Correcting alpha.water
Phase-1 volume fraction = 0.249538  Min(alpha.water) = -8.45883e-08  Max(alpha.water) = 1.00001
DICPCG:  Solving for p_rgh, Initial residual = 0.0120671, Final residual = 0.000305742, No Iterations 1
time step continuity errors : sum local = 0.000396477, global = 2.23957e-09, cumulative = -0.000369022
DICPCG:  Solving for p_rgh, Initial residual = 0.000355647, Final residual = 1.71637e-05, No Iterations 6
time step continuity errors : sum local = 2.20627e-05, global = 1.03071e-08, cumulative = -0.000369012
DICPCG:  Solving for p_rgh, Initial residual = 5.42526e-05, Final residual = 7.04356e-08, No Iterations 61
time step continuity errors : sum local = 9.07436e-08, global = -3.54403e-09, cumulative = -0.000369015
ExecutionTime = 0.98 s  ClockTime = 2 s

Courant Number mean: 0.106059 max: 0.984848
Interface Courant Number mean: 0.0134464 max: 0.984848
deltaT = 0.00187849
Time = 0.216187

PIMPLE: iteration 1
smoothSolver:  Solving for alpha.water, Initial residual = 0.0035973, Final residual = 5.406e-09, No Iterations 3
Phase-1 volume fraction = 0.249538  Min(alpha.water) = -2.54668e-19  Max(alpha.water) = 1
MULES: Correcting alpha.water
MULES: Correcting alpha.water
Phase-1 volume fraction = 0.249538  Min(alpha.water) = -7.09044e-08  Max(alpha.water) = 1.00002
DICPCG:  Solving for p_rgh, Initial residual = 0.0121916, Final residual = 0.000319448, No Iterations 1
time step continuity errors : sum local = 0.000417571, global = -1.40086e-08, cumulative = -0.000369029
DICPCG:  Solving for p_rgh, Initial residual = 0.000359433, Final residual = 1.64847e-05, No Iterations 6
time step continuity errors : sum local = 2.13649e-05, global = -5.67694e-09, cumulative = -0.000369035
DICPCG:  Solving for p_rgh, Initial residual = 5.80456e-05, Final residual = 7.46842e-08, No Iterations 61
time step continuity errors : sum local = 9.70079e-08, global = 7.57174e-09, cumulative = -0.000369028
ExecutionTime = 0.99 s  ClockTime = 2 s

Courant Number mean: 0.106099 max: 0.959977
Interface Courant Number mean: 0.0130878 max: 0.959977
deltaT = 0.00198899
Time = 0.218176

PIMPLE: iteration 1
smoothSolver:  Solving for alpha.water, Initial residual = 0.00378355, Final residual = 7.24718e-09, No Iterations 3
Phase-1 volume fraction = 0.249538  Min(alpha.water) = -2.41347e-19  Max(alpha.water) = 1
MULES: Correcting alpha.water
MULES: Correcting alpha.water
Phase-1 volume fraction = 0.249538  Min(alpha.water) = -8.35536e-08  Max(alpha.water) = 1.00002
DICPCG:  Solving for p_rgh, Initial residual = 0.01295, Final residual = 0.000319221, No Iterations 1
time step continuity errors : sum local = 0.000472389, global = 1.41799e-08, cumulative = -0.000369013
DICPCG:  Solving for p_rgh, Initial residual = 0.000362569, Final residual = 1.76514e-05, No Iterations 7
time step continuity errors : sum local = 2.59081e-05, global = 3.00368e-08, cumulative = -0.000368983
DICPCG:  Solving for p_rgh, Initial residual = 5.99192e-05, Final residual = 8.74097e-08, No Iterations 61
time step continuity errors : sum local = 1.28647e-07, global = 8.71831e-10, cumulative = -0.000368982
ExecutionTime = 1 s  ClockTime = 2 s

Courant Number mean: 0.112381 max: 0.979378
Interface Courant Number mean: 0.0140203 max: 0.979378
deltaT = 0.00198899
Time = 0.220165

PIMPLE: iteration 1
smoothSolver:  Solving for alpha.water, Initial residual = 0.00377975, Final residual = 6.96212e-09, No Iterations 3
Phase-1 volume fraction = 0.249538  Min(alpha.water) = -2.28743e-19  Max(alpha.water) = 1
MULES: Correcting alpha.water
MULES: Correcting alpha.water
Phase-1 volume fraction = 0.249538  Min(alpha.water) = -1.06167e-07  Max(alpha.water) = 1.00002
DICPCG:  Solving for p_rgh, Initial residual = 0.0136619, Final residual = 0.000222989, No Iterations 1
time step continuity errors : sum local = 0.000342757, global = -1.72047e-08, cumulative = -0.000369
DICPCG:  Solving for p_rgh, Initial residual = 0.000271386, Final residual = 1.00897e-05, No Iterations 7
time step continuity errors : sum local = 1.53334e-05, global = -2.32524e-09, cumulative = -0.000369002
DICPCG:  Solving for p_rgh, Initial residual = 4.42875e-05, Final residual = 6.31328e-08, No Iterations 61
time step continuity errors : sum local = 9.60758e-08, global = -3.04835e-09, cumulative = -0.000369005
ExecutionTime = 1.01 s  ClockTime = 2 s

Courant Number mean: 0.11242 max: 0.941318
Interface Courant Number mean: 0.0149841 max: 0.941318
deltaT = 0.00213106
Time = 0.222296

PIMPLE: iteration 1
smoothSolver:  Solving for alpha.water, Initial residual = 0.00406963, Final residual = 9.95622e-09, No Iterations 3
Phase-1 volume fraction = 0.249538  Min(alpha.water) = -2.15947e-19  Max(alpha.water) = 1
MULES: Correcting alpha.water
MULES: Correcting alpha.water
Phase-1 volume fraction = 0.249538  Min(alpha.water) = -1.45971e-07  Max(alpha.water) = 1
DICPCG:  Solving for p_rgh, Initial residual = 0.0146213, Final residual = 0.000253879, No Iterations 1
time step continuity errors : sum local = 0.000444603, global = -1.75998e-08, cumulative = -0.000369023
DICPCG:  Solving for p_rgh, Initial residual = 0.000297217, Final residual = 1.01773e-05, No Iterations 7
time step continuity errors : sum local = 1.76041e-05, global = 7.80682e-09, cumulative = -0.000369015
DICPCG:  Solving for p_rgh, Initial residual = 5.02293e-05, Final residual = 6.62935e-08, No Iterations 61
time step continuity errors : sum local = 1.14856e-07, global = 3.73805e-09, cumulative = -0.000369011
ExecutionTime = 1.02 s  ClockTime = 2 s

Courant Number mean: 0.120533 max: 0.966391
Interface Courant Number mean: 0.0162896 max: 0.966391
deltaT = 0.00213106
Time = 0.224427

PIMPLE: iteration 1
smoothSolver:  Solving for alpha.water, Initial residual = 0.00403594, Final residual = 9.58734e-09, No Iterations 3
Phase-1 volume fraction = 0.249538  Min(alpha.water) = -2.09491e-19  Max(alpha.water) = 1
MULES: Correcting alpha.water
MULES: Correcting alpha.water
Phase-1 volume fraction = 0.249538  Min(alpha.water) = -1.68824e-07  Max(alpha.water) = 1
DICPCG:  Solving for p_rgh, Initial residual = 0.0141452, Final residual = 0.000274142, No Iterations 1
time step continuity errors : sum local = 0.00047168, global = -4.40406e-09, cumulative = -0.000369016
DICPCG:  Solving for p_rgh, Initial residual = 0.000311937, Final residual = 1.2392e-05, No Iterations 7
time step continuity errors : sum local = 2.10769e-05, global = 2.21876e-08, cumulative = -0.000368993
DICPCG:  Solving for p_rgh, Initial residual = 5.12558e-05, Final residual = 6.97728e-08, No Iterations 61
time step continuity errors : sum local = 1.18892e-07, global = 1.22534e-08, cumulative = -0.000368981
ExecutionTime = 1.03 s  ClockTime = 2 s

Courant Number mean: 0.120577 max: 0.923996
Interface Courant Number mean: 0.0171287 max: 0.923996
deltaT = 0.00232479
Time = 0.226752

PIMPLE: iteration 1
smoothSolver:  Solving for alpha.water, Initial residual = 0.00436655, Final residual = 3.04724e-10, No Iterations 4
Phase-1 volume fraction = 0.249538  Min(alpha.water) = -2.07822e-19  Max(alpha.water) = 1
MULES: Correcting alpha.water
MULES: Correcting alpha.water
Phase-1 volume fraction = 0.249538  Min(alpha.water) = -2.50993e-07  Max(alpha.water) = 1.00001
DICPCG:  Solving for p_rgh, Initial residual = 0.0153465, Final residual = 0.000301845, No Iterations 1
time step continuity errors : sum local = 0.00060973, global = 2.10383e-10, cumulative = -0.000368981
DICPCG:  Solving for p_rgh, Initial residual = 0.000356227, Final residual = 1.19804e-05, No Iterations 7
time step continuity errors : sum local = 2.38989e-05, global = 4.01183e-08, cumulative = -0.000368941
DICPCG:  Solving for p_rgh, Initial residual = 5.68354e-05, Final residual = 6.87489e-08, No Iterations 61
time step continuity errors : sum local = 1.37357e-07, global = 2.99506e-09, cumulative = -0.000368938
ExecutionTime = 1.04 s  ClockTime = 2 s

Courant Number mean: 0.131691 max: 0.981176
Interface Courant Number mean: 0.0192654 max: 0.981176
deltaT = 0.00232479
Time = 0.229077

PIMPLE: iteration 1
smoothSolver:  Solving for alpha.water, Initial residual = 0.00436652, Final residual = 2.90018e-10, No Iterations 4
Phase-1 volume fraction = 0.249538  Min(alpha.water) = -2.05508e-19  Max(alpha.water) = 1
MULES: Correcting alpha.water
MULES: Correcting alpha.water
Phase-1 volume fraction = 0.249538  Min(alpha.water) = -2.61874e-07  Max(alpha.water) = 1.00001
DICPCG:  Solving for p_rgh, Initial residual = 0.0145929, Final residual = 0.000322454, No Iterations 1
time step continuity errors : sum local = 0.000642174, global = -2.76552e-08, cumulative = -0.000368965
DICPCG:  Solving for p_rgh, Initial residual = 0.000367718, Final residual = 1.55858e-05, No Iterations 7
time step continuity errors : sum local = 3.06833e-05, global = 1.21302e-08, cumulative = -0.000368953
DICPCG:  Solving for p_rgh, Initial residual = 6.0774e-05, Final residual = 7.47879e-08, No Iterations 61
time step continuity errors : sum local = 1.47536e-07, global = 1.00159e-08, cumulative = -0.000368943
ExecutionTime = 1.05 s  ClockTime = 2 s

Courant Number mean: 0.131884 max: 0.965261
Interface Courant Number mean: 0.0202713 max: 0.910436
deltaT = 0.00232479
Time = 0.231402

PIMPLE: iteration 1
smoothSolver:  Solving for alpha.water, Initial residual = 0.00437614, Final residual = 2.78196e-10, No Iterations 4
Phase-1 volume fraction = 0.249538  Min(alpha.water) = -2.02628e-19  Max(alpha.water) = 1
MULES: Correcting alpha.water
MULES: Correcting alpha.water
Phase-1 volume fraction = 0.249538  Min(alpha.water) = -2.62482e-07  Max(alpha.water) = 1.00001
DICPCG:  Solving for p_rgh, Initial residual = 0.0145352, Final residual = 0.000312019, No Iterations 1
time step continuity errors : sum local = 0.000618289, global = -1.42046e-08, cumulative = -0.000368957
DICPCG:  Solving for p_rgh, Initial residual = 0.000356503, Final residual = 1.27008e-05, No Iterations 7
time step continuity errors : sum local = 2.48706e-05, global = 5.58836e-08, cumulative = -0.000368902
DICPCG:  Solving for p_rgh, Initial residual = 5.74038e-05, Final residual = 6.6973e-08, No Iterations 61
time step continuity errors : sum local = 1.31389e-07, global = 7.51367e-09, cumulative = -0.000368894
ExecutionTime = 1.07 s  ClockTime = 2 s

Courant Number mean: 0.132181 max: 0.94526
Interface Courant Number mean: 0.0201017 max: 0.867012
deltaT = 0.00232479
Time = 0.233726

PIMPLE: iteration 1
smoothSolver:  Solving for alpha.water, Initial residual = 0.0043626, Final residual = 2.74636e-10, No Iterations 4
Phase-1 volume fraction = 0.249538  Min(alpha.water) = -1.99265e-19  Max(alpha.water) = 1
MULES: Correcting alpha.water
MULES: Correcting alpha.water
Phase-1 volume fraction = 0.249538  Min(alpha.water) = -2.64116e-07  Max(alpha.water) = 1.00001
DICPCG:  Solving for p_rgh, Initial residual = 0.0144151, Final residual = 0.000339224, No Iterations 1
time step continuity errors : sum local = 0.00066378, global = -2.64508e-08, cumulative = -0.000368921
DICPCG:  Solving for p_rgh, Initial residual = 0.000384209, Final residual = 1.29524e-05, No Iterations 7
time step continuity errors : sum local = 2.50722e-05, global = 4.37196e-08, cumulative = -0.000368877
DICPCG:  Solving for p_rgh, Initial residual = 5.79029e-05, Final residual = 9.39137e-08, No Iterations 60
time step continuity errors : sum local = 1.8203e-07, global = 1.72318e-09, cumulative = -0.000368875
ExecutionTime = 1.08 s  ClockTime = 2 s

Courant Number mean: 0.13253 max: 0.921787
Interface Courant Number mean: 0.0208105 max: 0.877269
deltaT = 0.00271226
Time = 0.236439

PIMPLE: iteration 1
smoothSolver:  Solving for alpha.water, Initial residual = 0.00503813, Final residual = 8.61031e-10, No Iterations 4
Phase-1 volume fraction = 0.249538  Min(alpha.water) = -1.94793e-19  Max(alpha.water) = 1
MULES: Correcting alpha.water
MULES: Correcting alpha.water
Phase-1 volume fraction = 0.249538  Min(alpha.water) = -4.85356e-07  Max(alpha.water) = 1.00002
DICPCG:  Solving for p_rgh, Initial residual = 0.0152007, Final residual = 0.000379738, No Iterations 1
time step continuity errors : sum local = 0.000987173, global = -4.92281e-08, cumulative = -0.000368924
DICPCG:  Solving for p_rgh, Initial residual = 0.00043237, Final residual = 1.65682e-05, No Iterations 7
time step continuity errors : sum local = 4.25487e-05, global = 3.52932e-08, cumulative = -0.000368889
DICPCG:  Solving for p_rgh, Initial residual = 7.26613e-05, Final residual = 8.17779e-08, No Iterations 60
time step continuity errors : sum local = 2.10208e-07, global = -5.41067e-09, cumulative = -0.000368894
ExecutionTime = 1.09 s  ClockTime = 2 s

Courant Number mean: 0.155281 max: 1.04009
Interface Courant Number mean: 0.0239742 max: 1.03907
deltaT = 0.00271226
Time = 0.239151

PIMPLE: iteration 1
smoothSolver:  Solving for alpha.water, Initial residual = 0.00497731, Final residual = 9.39886e-10, No Iterations 4
Phase-1 volume fraction = 0.249538  Min(alpha.water) = -1.89866e-19  Max(alpha.water) = 1
MULES: Correcting alpha.water
MULES: Correcting alpha.water
Phase-1 volume fraction = 0.249538  Min(alpha.water) = -5.35435e-07  Max(alpha.water) = 1.00002
DICPCG:  Solving for p_rgh, Initial residual = 0.0153733, Final residual = 0.000364103, No Iterations 1
time step continuity errors : sum local = 0.000946916, global = -7.8318e-08, cumulative = -0.000368973
DICPCG:  Solving for p_rgh, Initial residual = 0.000415594, Final residual = 2.02591e-05, No Iterations 10
time step continuity errors : sum local = 5.20314e-05, global = -2.84086e-07, cumulative = -0.000369257
DICPCG:  Solving for p_rgh, Initial residual = 7.04227e-05, Final residual = 9.90301e-08, No Iterations 60
time step continuity errors : sum local = 2.54062e-07, global = -6.05459e-09, cumulative = -0.000369263
ExecutionTime = 1.1 s  ClockTime = 2 s

Courant Number mean: 0.155804 max: 1.04994
Interface Courant Number mean: 0.0244127 max: 1.04994
deltaT = 0.00271226
Time = 0.241863

PIMPLE: iteration 1
smoothSolver:  Solving for alpha.water, Initial residual = 0.00495353, Final residual = 1.13305e-09, No Iterations 4
Phase-1 volume fraction = 0.249538  Min(alpha.water) = -1.84575e-19  Max(alpha.water) = 1
MULES: Correcting alpha.water
MULES: Correcting alpha.water
Phase-1 volume fraction = 0.249538  Min(alpha.water) = -5.56817e-07  Max(alpha.water) = 1.00002
DICPCG:  Solving for p_rgh, Initial residual = 0.0152652, Final residual = 0.000360002, No Iterations 1
time step continuity errors : sum local = 0.000933735, global = -5.60007e-08, cumulative = -0.000369319
DICPCG:  Solving for p_rgh, Initial residual = 0.000410251, Final residual = 1.38682e-05, No Iterations 7
time step continuity errors : sum local = 3.55171e-05, global = 2.65411e-07, cumulative = -0.000369053
DICPCG:  Solving for p_rgh, Initial residual = 6.55077e-05, Final residual = 9.58779e-08, No Iterations 53
time step continuity errors : sum local = 2.45381e-07, global = -2.95063e-09, cumulative = -0.000369056
ExecutionTime = 1.11 s  ClockTime = 2 s

Courant Number mean: 0.156688 max: 1.08889
Interface Courant Number mean: 0.0246003 max: 1.05945
deltaT = 0.00271226
Time = 0.244575

PIMPLE: iteration 1
smoothSolver:  Solving for alpha.water, Initial residual = 0.00490595, Final residual = 1.454e-09, No Iterations 4
Phase-1 volume fraction = 0.249538  Min(alpha.water) = -1.29606e-08  Max(alpha.water) = 1
MULES: Correcting alpha.water
MULES: Correcting alpha.water
Phase-1 volume fraction = 0.249538  Min(alpha.water) = -5.80378e-07  Max(alpha.water) = 1.00002
DICPCG:  Solving for p_rgh, Initial residual = 0.0144933, Final residual = 0.000390062, No Iterations 1
time step continuity errors : sum local = 0.000999971, global = -7.90434e-08, cumulative = -0.000369135
DICPCG:  Solving for p_rgh, Initial residual = 0.000449656, Final residual = 1.72526e-05, No Iterations 7
time step continuity errors : sum local = 4.37189e-05, global = 3.68839e-08, cumulative = -0.000369099
DICPCG:  Solving for p_rgh, Initial residual = 6.96979e-05, Final residual = 8.27579e-08, No Iterations 59
time step continuity errors : sum local = 2.09414e-07, global = 3.36393e-09, cumulative = -0.000369095
ExecutionTime = 1.12 s  ClockTime = 2 s

Courant Number mean: 0.157998 max: 1.14374
Interface Courant Number mean: 0.0251162 max: 1.06334
deltaT = 0.00271226
Time = 0.247288

PIMPLE: iteration 1
smoothSolver:  Solving for alpha.water, Initial residual = 0.00488285, Final residual = 1.83153e-09, No Iterations 4
Phase-1 volume fraction = 0.249538  Min(alpha.water) = -1.73223e-19  Max(alpha.water) = 1
MULES: Correcting alpha.water
MULES: Correcting alpha.water
Phase-1 volume fraction = 0.249538  Min(alpha.water) = -6.0625e-07  Max(alpha.water) = 1.00003
DICPCG:  Solving for p_rgh, Initial residual = 0.0147285, Final residual = 0.000395342, No Iterations 1
time step continuity errors : sum local = 0.00101503, global = -7.95294e-08, cumulative = -0.000369175
DICPCG:  Solving for p_rgh, Initial residual = 0.000451667, Final residual = 2.04786e-05, No Iterations 7
time step continuity errors : sum local = 5.19435e-05, global = 8.61183e-08, cumulative = -0.000369089
DICPCG:  Solving for p_rgh, Initial residual = 7.39116e-05, Final residual = 8.16036e-08, No Iterations 59
time step continuity errors : sum local = 2.06889e-07, global = 4.84354e-10, cumulative = -0.000369088
ExecutionTime = 1.13 s  ClockTime = 2 s

Courant Number mean: 0.160003 max: 1.17823
Interface Courant Number mean: 0.0266632 max: 1.11711
deltaT = 0.00271226
Time = 0.25

PIMPLE: iteration 1
smoothSolver:  Solving for alpha.water, Initial residual = 0.00487071, Final residual = 1.99665e-09, No Iterations 4
Phase-1 volume fraction = 0.249538  Min(alpha.water) = -1.67315e-19  Max(alpha.water) = 1
MULES: Correcting alpha.water
MULES: Correcting alpha.water
Phase-1 volume fraction = 0.249538  Min(alpha.water) = -6.40391e-07  Max(alpha.water) = 1.00003
DICPCG:  Solving for p_rgh, Initial residual = 0.0148981, Final residual = 0.000428376, No Iterations 1
time step continuity errors : sum local = 0.00109641, global = -1.09836e-07, cumulative = -0.000369198
DICPCG:  Solving for p_rgh, Initial residual = 0.000490246, Final residual = 2.25051e-05, No Iterations 7
time step continuity errors : sum local = 5.69495e-05, global = 3.61374e-08, cumulative = -0.000369162
DICPCG:  Solving for p_rgh, Initial residual = 7.9031e-05, Final residual = 7.17906e-08, No Iterations 59
time step continuity errors : sum local = 1.81603e-07, global = 4.11766e-09, cumulative = -0.000369158
ExecutionTime = 1.18 s  ClockTime = 2 s

Courant Number mean: 0.162305 max: 1.17879
Interface Courant Number mean: 0.0275714 max: 1.17879
deltaT = 0.00227273
Time = 0.252273

PIMPLE: iteration 1
smoothSolver:  Solving for alpha.water, Initial residual = 0.00410507, Final residual = 6.40809e-10, No Iterations 4
Phase-1 volume fraction = 0.249538  Min(alpha.water) = -1.12489e-18  Max(alpha.water) = 1
MULES: Correcting alpha.water
MULES: Correcting alpha.water
Phase-1 volume fraction = 0.249538  Min(alpha.water) = -3.77481e-07  Max(alpha.water) = 1.00001
DICPCG:  Solving for p_rgh, Initial residual = 0.0131765, Final residual = 0.000401765, No Iterations 1
time step continuity errors : sum local = 0.00074364, global = -1.38636e-07, cumulative = -0.000369296
DICPCG:  Solving for p_rgh, Initial residual = 0.000450147, Final residual = 2.13272e-05, No Iterations 7
time step continuity errors : sum local = 3.90968e-05, global = 1.85813e-07, cumulative = -0.000369111
DICPCG:  Solving for p_rgh, Initial residual = 7.08643e-05, Final residual = 9.23285e-08, No Iterations 59
time step continuity errors : sum local = 1.69151e-07, global = -5.92939e-09, cumulative = -0.000369116
ExecutionTime = 1.19 s  ClockTime = 2 s

Courant Number mean: 0.137732 max: 0.981399
Interface Courant Number mean: 0.023311 max: 0.981399
deltaT = 0.00227273
Time = 0.254545

PIMPLE: iteration 1
smoothSolver:  Solving for alpha.water, Initial residual = 0.00407026, Final residual = 6.61445e-10, No Iterations 4
Phase-1 volume fraction = 0.249538  Min(alpha.water) = -1.88656e-18  Max(alpha.water) = 1
MULES: Correcting alpha.water
MULES: Correcting alpha.water
Phase-1 volume fraction = 0.249538  Min(alpha.water) = -3.35505e-07  Max(alpha.water) = 1.00001
DICPCG:  Solving for p_rgh, Initial residual = 0.0151247, Final residual = 0.000361571, No Iterations 1
time step continuity errors : sum local = 0.000694255, global = -1.79678e-07, cumulative = -0.000369296
DICPCG:  Solving for p_rgh, Initial residual = 0.00041919, Final residual = 1.69735e-05, No Iterations 7
time step continuity errors : sum local = 3.22071e-05, global = 1.43048e-07, cumulative = -0.000369153
DICPCG:  Solving for p_rgh, Initial residual = 7.24391e-05, Final residual = 9.00639e-08, No Iterations 53
time step continuity errors : sum local = 1.7089e-07, global = 1.8626e-09, cumulative = -0.000369151
ExecutionTime = 1.2 s  ClockTime = 2 s

Courant Number mean: 0.139912 max: 0.984755
Interface Courant Number mean: 0.0237821 max: 0.984755
deltaT = 0.00227273
Time = 0.256818

PIMPLE: iteration 1
smoothSolver:  Solving for alpha.water, Initial residual = 0.00400657, Final residual = 6.59342e-10, No Iterations 4
Phase-1 volume fraction = 0.249538  Min(alpha.water) = -1.76301e-18  Max(alpha.water) = 1
MULES: Correcting alpha.water
MULES: Correcting alpha.water
Phase-1 volume fraction = 0.249538  Min(alpha.water) = -3.49972e-07  Max(alpha.water) = 1.00001
DICPCG:  Solving for p_rgh, Initial residual = 0.0150174, Final residual = 0.000408649, No Iterations 1
time step continuity errors : sum local = 0.000777668, global = -1.56362e-07, cumulative = -0.000369308
DICPCG:  Solving for p_rgh, Initial residual = 0.000467121, Final residual = 2.11033e-05, No Iterations 8
time step continuity errors : sum local = 3.97005e-05, global = -8.45212e-08, cumulative = -0.000369392
DICPCG:  Solving for p_rgh, Initial residual = 8.02105e-05, Final residual = 8.13711e-08, No Iterations 51
time step continuity errors : sum local = 1.5301e-07, global = -2.58104e-08, cumulative = -0.000369418
ExecutionTime = 1.21 s  ClockTime = 2 s

Courant Number mean: 0.142057 max: 0.980784
Interface Courant Number mean: 0.0242129 max: 0.980784
deltaT = 0.00227273
Time = 0.259091

PIMPLE: iteration 1
smoothSolver:  Solving for alpha.water, Initial residual = 0.0040382, Final residual = 6.52097e-10, No Iterations 4
Phase-1 volume fraction = 0.249538  Min(alpha.water) = -1.64726e-18  Max(alpha.water) = 1
MULES: Correcting alpha.water
MULES: Correcting alpha.water
Phase-1 volume fraction = 0.249538  Min(alpha.water) = -3.62792e-07  Max(alpha.water) = 1.00001
DICPCG:  Solving for p_rgh, Initial residual = 0.0150957, Final residual = 0.000472961, No Iterations 1
time step continuity errors : sum local = 0.000894045, global = -2.87015e-07, cumulative = -0.000369705
DICPCG:  Solving for p_rgh, Initial residual = 0.000531347, Final residual = 1.9638e-05, No Iterations 7
time step continuity errors : sum local = 3.66945e-05, global = 1.16619e-07, cumulative = -0.000369588
DICPCG:  Solving for p_rgh, Initial residual = 9.33256e-05, Final residual = 7.66597e-08, No Iterations 54
time step continuity errors : sum local = 1.4321e-07, global = -4.80917e-11, cumulative = -0.000369588
ExecutionTime = 1.22 s  ClockTime = 2 s

Courant Number mean: 0.144486 max: 0.966174
Interface Courant Number mean: 0.0244883 max: 0.966174
deltaT = 0.00240642
Time = 0.261497

PIMPLE: iteration 1
smoothSolver:  Solving for alpha.water, Initial residual = 0.00428189, Final residual = 9.44255e-10, No Iterations 4
Phase-1 volume fraction = 0.249538  Min(alpha.water) = -1.5328e-18  Max(alpha.water) = 1
MULES: Correcting alpha.water
MULES: Correcting alpha.water
Phase-1 volume fraction = 0.249538  Min(alpha.water) = -5.12955e-07  Max(alpha.water) = 1.00002
DICPCG:  Solving for p_rgh, Initial residual = 0.0160464, Final residual = 0.000499908, No Iterations 1
time step continuity errors : sum local = 0.00104174, global = -2.4898e-07, cumulative = -0.000369837
DICPCG:  Solving for p_rgh, Initial residual = 0.00056839, Final residual = 2.76183e-05, No Iterations 8
time step continuity errors : sum local = 5.68574e-05, global = -4.63838e-07, cumulative = -0.000370301
DICPCG:  Solving for p_rgh, Initial residual = 0.000106023, Final residual = 8.16385e-08, No Iterations 60
time step continuity errors : sum local = 1.67791e-07, global = 8.07776e-10, cumulative = -0.0003703
ExecutionTime = 1.23 s  ClockTime = 3 s

Courant Number mean: 0.155491 max: 1.04531
Interface Courant Number mean: 0.024943 max: 1.02414
deltaT = 0.00226486
Time = 0.263762

PIMPLE: iteration 1
smoothSolver:  Solving for alpha.water, Initial residual = 0.0040756, Final residual = 6.18848e-10, No Iterations 4
Phase-1 volume fraction = 0.249538  Min(alpha.water) = -1.4317e-18  Max(alpha.water) = 1
MULES: Correcting alpha.water
MULES: Correcting alpha.water
Phase-1 volume fraction = 0.249538  Min(alpha.water) = -4.04248e-07  Max(alpha.water) = 1
DICPCG:  Solving for p_rgh, Initial residual = 0.0150253, Final residual = 0.000575976, No Iterations 1
time step continuity errors : sum local = 0.00105516, global = -3.0675e-07, cumulative = -0.000370607
DICPCG:  Solving for p_rgh, Initial residual = 0.000646081, Final residual = 2.83548e-05, No Iterations 7
time step continuity errors : sum local = 5.13944e-05, global = 1.8864e-07, cumulative = -0.000370419
DICPCG:  Solving for p_rgh, Initial residual = 0.000113892, Final residual = 7.91878e-08, No Iterations 60
time step continuity errors : sum local = 1.43337e-07, global = 3.59369e-09, cumulative = -0.000370415
ExecutionTime = 1.25 s  ClockTime = 3 s

Courant Number mean: 0.148685 max: 0.991333
Interface Courant Number mean: 0.0244452 max: 0.963011
deltaT = 0.00226486
Time = 0.266027

PIMPLE: iteration 1
smoothSolver:  Solving for alpha.water, Initial residual = 0.004052, Final residual = 6.5142e-10, No Iterations 4
Phase-1 volume fraction = 0.249538  Min(alpha.water) = -1.33692e-18  Max(alpha.water) = 1
MULES: Correcting alpha.water
MULES: Correcting alpha.water
Phase-1 volume fraction = 0.249538  Min(alpha.water) = -3.92026e-07  Max(alpha.water) = 1
DICPCG:  Solving for p_rgh, Initial residual = 0.015334, Final residual = 0.000626455, No Iterations 1
time step continuity errors : sum local = 0.00114333, global = -3.46915e-07, cumulative = -0.000370762
DICPCG:  Solving for p_rgh, Initial residual = 0.000696745, Final residual = 2.86818e-05, No Iterations 7
time step continuity errors : sum local = 5.17941e-05, global = 1.75863e-08, cumulative = -0.000370744
DICPCG:  Solving for p_rgh, Initial residual = 0.000126546, Final residual = 9.01434e-08, No Iterations 55
time step continuity errors : sum local = 1.62532e-07, global = 1.73033e-08, cumulative = -0.000370727
ExecutionTime = 1.26 s  ClockTime = 3 s

Courant Number mean: 0.151384 max: 0.984843
Interface Courant Number mean: 0.025485 max: 0.982389
deltaT = 0.00226486
Time = 0.268292

PIMPLE: iteration 1
smoothSolver:  Solving for alpha.water, Initial residual = 0.00399539, Final residual = 6.16025e-10, No Iterations 4
Phase-1 volume fraction = 0.249538  Min(alpha.water) = -1.2482e-18  Max(alpha.water) = 1
MULES: Correcting alpha.water
MULES: Correcting alpha.water
Phase-1 volume fraction = 0.249538  Min(alpha.water) = -3.97218e-07  Max(alpha.water) = 1
DICPCG:  Solving for p_rgh, Initial residual = 0.0152441, Final residual = 0.000739355, No Iterations 1
time step continuity errors : sum local = 0.00132817, global = -3.38223e-07, cumulative = -0.000371065
DICPCG:  Solving for p_rgh, Initial residual = 0.000811536, Final residual = 3.91663e-05, No Iterations 9
time step continuity errors : sum local = 6.9677e-05, global = -2.7e-06, cumulative = -0.000373765
DICPCG:  Solving for p_rgh, Initial residual = 0.000155227, Final residual = 9.66881e-08, No Iterations 60
time step continuity errors : sum local = 1.71634e-07, global = 9.26946e-09, cumulative = -0.000373756
ExecutionTime = 1.27 s  ClockTime = 3 s

Courant Number mean: 0.153757 max: 0.992238
Interface Courant Number mean: 0.0250892 max: 0.992238
deltaT = 0.00226486
Time = 0.270557

PIMPLE: iteration 1
smoothSolver:  Solving for alpha.water, Initial residual = 0.00402045, Final residual = 6.56481e-10, No Iterations 4
Phase-1 volume fraction = 0.249538  Min(alpha.water) = -1.16515e-18  Max(alpha.water) = 1
MULES: Correcting alpha.water
MULES: Correcting alpha.water
Phase-1 volume fraction = 0.249538  Min(alpha.water) = -3.82529e-06  Max(alpha.water) = 1
DICPCG:  Solving for p_rgh, Initial residual = 0.01573, Final residual = 0.000270138, No Iterations 2
time step continuity errors : sum local = 0.000484453, global = -3.59022e-07, cumulative = -0.000374115
DICPCG:  Solving for p_rgh, Initial residual = 0.00035268, Final residual = 1.63222e-05, No Iterations 10
time step continuity errors : sum local = 2.8988e-05, global = 2.26579e-07, cumulative = -0.000373888
DICPCG:  Solving for p_rgh, Initial residual = 7.52618e-05, Final residual = 9.23575e-08, No Iterations 59
time step continuity errors : sum local = 1.63692e-07, global = 5.68026e-09, cumulative = -0.000373883
ExecutionTime = 1.28 s  ClockTime = 3 s

Courant Number mean: 0.156218 max: 0.995432
Interface Courant Number mean: 0.0253132 max: 0.969045
deltaT = 0.00226486
Time = 0.272822

PIMPLE: iteration 1
smoothSolver:  Solving for alpha.water, Initial residual = 0.00398693, Final residual = 6.11127e-10, No Iterations 4
Phase-1 volume fraction = 0.249538  Min(alpha.water) = -1.08753e-18  Max(alpha.water) = 1
MULES: Correcting alpha.water
MULES: Correcting alpha.water
Phase-1 volume fraction = 0.249538  Min(alpha.water) = -6.1783e-07  Max(alpha.water) = 1
DICPCG:  Solving for p_rgh, Initial residual = 0.0151787, Final residual = 0.000281186, No Iterations 2
time step continuity errors : sum local = 0.000498535, global = -5.64873e-07, cumulative = -0.000374448
DICPCG:  Solving for p_rgh, Initial residual = 0.000373562, Final residual = 1.58187e-05, No Iterations 14
time step continuity errors : sum local = 2.77884e-05, global = -1.71629e-06, cumulative = -0.000376164
DICPCG:  Solving for p_rgh, Initial residual = 7.94724e-05, Final residual = 9.32201e-08, No Iterations 56
time step continuity errors : sum local = 1.63355e-07, global = 7.80313e-09, cumulative = -0.000376156
ExecutionTime = 1.29 s  ClockTime = 3 s

Courant Number mean: 0.15875 max: 0.986832
Interface Courant Number mean: 0.0257055 max: 0.982455
deltaT = 0.00226486
Time = 0.275087

PIMPLE: iteration 1
smoothSolver:  Solving for alpha.water, Initial residual = 0.004085, Final residual = 6.73501e-10, No Iterations 4
Phase-1 volume fraction = 0.249538  Min(alpha.water) = -1.015e-18  Max(alpha.water) = 1
MULES: Correcting alpha.water
MULES: Correcting alpha.water
Phase-1 volume fraction = 0.249538  Min(alpha.water) = -3.93403e-07  Max(alpha.water) = 1
DICPCG:  Solving for p_rgh, Initial residual = 0.0158211, Final residual = 0.000325461, No Iterations 2
time step continuity errors : sum local = 0.000576528, global = -5.28888e-07, cumulative = -0.000376685
DICPCG:  Solving for p_rgh, Initial residual = 0.000410248, Final residual = 1.95079e-05, No Iterations 14
time step continuity errors : sum local = 3.42149e-05, global = -3.3545e-06, cumulative = -0.000380039
DICPCG:  Solving for p_rgh, Initial residual = 8.77264e-05, Final residual = 9.66301e-08, No Iterations 52
time step continuity errors : sum local = 1.69066e-07, global = -3.56793e-08, cumulative = -0.000380075
ExecutionTime = 1.3 s  ClockTime = 3 s

Courant Number mean: 0.161218 max: 0.988692
Interface Courant Number mean: 0.0258941 max: 0.988692
deltaT = 0.00226486
Time = 0.277351

PIMPLE: iteration 1
smoothSolver:  Solving for alpha.water, Initial residual = 0.00408452, Final residual = 6.35904e-10, No Iterations 4
Phase-1 volume fraction = 0.249538  Min(alpha.water) = -9.47332e-19  Max(alpha.water) = 1
MULES: Correcting alpha.water
MULES: Correcting alpha.water
Phase-1 volume fraction = 0.249538  Min(alpha.water) = -1.03759e-06  Max(alpha.water) = 1
DICPCG:  Solving for p_rgh, Initial residual = 0.0153614, Final residual = 0.000338863, No Iterations 2
time step continuity errors : sum local = 0.000592896, global = -6.29517e-07, cumulative = -0.000380705
DICPCG:  Solving for p_rgh, Initial residual = 0.00043188, Final residual = 2.08915e-05, No Iterations 13
time step continuity errors : sum local = 3.62771e-05, global = 1.37548e-07, cumulative = -0.000380567
DICPCG:  Solving for p_rgh, Initial residual = 9.26242e-05, Final residual = 9.18319e-08, No Iterations 49
time step continuity errors : sum local = 1.59072e-07, global = -1.32791e-08, cumulative = -0.00038058
ExecutionTime = 1.31 s  ClockTime = 3 s

Courant Number mean: 0.163769 max: 0.991729
Interface Courant Number mean: 0.0256362 max: 0.965093
deltaT = 0.00226486
Time = 0.279616

PIMPLE: iteration 1
smoothSolver:  Solving for alpha.water, Initial residual = 0.00408011, Final residual = 6.41125e-10, No Iterations 4
Phase-1 volume fraction = 0.249538  Min(alpha.water) = -2.91446e-07  Max(alpha.water) = 1
MULES: Correcting alpha.water
MULES: Correcting alpha.water
Phase-1 volume fraction = 0.249538  Min(alpha.water) = -1.46221e-06  Max(alpha.water) = 1
DICPCG:  Solving for p_rgh, Initial residual = 0.0154775, Final residual = 0.000351589, No Iterations 2
time step continuity errors : sum local = 0.000617455, global = -8.20887e-07, cumulative = -0.000381401
DICPCG:  Solving for p_rgh, Initial residual = 0.000446685, Final residual = 1.98767e-05, No Iterations 15
time step continuity errors : sum local = 3.46149e-05, global = -7.68714e-06, cumulative = -0.000389088
DICPCG:  Solving for p_rgh, Initial residual = 9.43253e-05, Final residual = 8.67017e-08, No Iterations 51
time step continuity errors : sum local = 1.50592e-07, global = 2.87599e-09, cumulative = -0.000389085
ExecutionTime = 1.32 s  ClockTime = 3 s

Courant Number mean: 0.166224 max: 0.982333
Interface Courant Number mean: 0.0272257 max: 0.97735
deltaT = 0.00226486
Time = 0.281881

PIMPLE: iteration 1
smoothSolver:  Solving for alpha.water, Initial residual = 0.00414357, Final residual = 6.50241e-10, No Iterations 4
Phase-1 volume fraction = 0.249538  Min(alpha.water) = -3.42007e-08  Max(alpha.water) = 1
MULES: Correcting alpha.water
MULES: Correcting alpha.water
Phase-1 volume fraction = 0.249538  Min(alpha.water) = -1.94697e-06  Max(alpha.water) = 1
DICPCG:  Solving for p_rgh, Initial residual = 0.0166653, Final residual = 0.000380152, No Iterations 2
time step continuity errors : sum local = 0.000674866, global = -5.47787e-07, cumulative = -0.000389633
DICPCG:  Solving for p_rgh, Initial residual = 0.000463355, Final residual = 2.17787e-05, No Iterations 15
time step continuity errors : sum local = 3.83208e-05, global = -7.859e-06, cumulative = -0.000397492
DICPCG:  Solving for p_rgh, Initial residual = 9.76279e-05, Final residual = 9.44369e-08, No Iterations 53
time step continuity errors : sum local = 1.6573e-07, global = 6.66367e-09, cumulative = -0.000397486
ExecutionTime = 1.33 s  ClockTime = 3 s

Courant Number mean: 0.168423 max: 0.984323
Interface Courant Number mean: 0.0272835 max: 0.963125
deltaT = 0.00226486
Time = 0.284146

PIMPLE: iteration 1
smoothSolver:  Solving for alpha.water, Initial residual = 0.00409196, Final residual = 6.32998e-10, No Iterations 4
Phase-1 volume fraction = 0.249538  Min(alpha.water) = -7.70834e-19  Max(alpha.water) = 1
MULES: Correcting alpha.water
MULES: Correcting alpha.water
Phase-1 volume fraction = 0.249538  Min(alpha.water) = -5.1745e-07  Max(alpha.water) = 1
DICPCG:  Solving for p_rgh, Initial residual = 0.0167712, Final residual = 0.000391625, No Iterations 2
time step continuity errors : sum local = 0.000695067, global = -6.44294e-07, cumulative = -0.00039813
DICPCG:  Solving for p_rgh, Initial residual = 0.000484879, Final residual = 2.41777e-05, No Iterations 12
time step continuity errors : sum local = 4.25636e-05, global = 1.29767e-07, cumulative = -0.000398
DICPCG:  Solving for p_rgh, Initial residual = 9.93399e-05, Final residual = 8.97885e-08, No Iterations 48
time step continuity errors : sum local = 1.57734e-07, global = -4.85547e-08, cumulative = -0.000398049
ExecutionTime = 1.34 s  ClockTime = 3 s

Courant Number mean: 0.170765 max: 0.988884
Interface Courant Number mean: 0.0274689 max: 0.961283
deltaT = 0.00226486
Time = 0.286411

PIMPLE: iteration 1
smoothSolver:  Solving for alpha.water, Initial residual = 0.00414703, Final residual = 6.71603e-10, No Iterations 4
Phase-1 volume fraction = 0.249538  Min(alpha.water) = -7.19962e-19  Max(alpha.water) = 1
MULES: Correcting alpha.water
MULES: Correcting alpha.water
Phase-1 volume fraction = 0.249538  Min(alpha.water) = -7.04629e-07  Max(alpha.water) = 1
DICPCG:  Solving for p_rgh, Initial residual = 0.0169486, Final residual = 0.000378804, No Iterations 2
time step continuity errors : sum local = 0.000674073, global = -1.2539e-06, cumulative = -0.000399303
DICPCG:  Solving for p_rgh, Initial residual = 0.000468391, Final residual = 2.32703e-05, No Iterations 9
time step continuity errors : sum local = 4.10198e-05, global = -2.82312e-06, cumulative = -0.000402126
DICPCG:  Solving for p_rgh, Initial residual = 0.000101597, Final residual = 9.65703e-08, No Iterations 51
time step continuity errors : sum local = 1.69897e-07, global = 3.624e-08, cumulative = -0.000402089
ExecutionTime = 1.35 s  ClockTime = 3 s

Courant Number mean: 0.173176 max: 0.98348
Interface Courant Number mean: 0.0275963 max: 0.970107
deltaT = 0.00226486
Time = 0.288676

PIMPLE: iteration 1
smoothSolver:  Solving for alpha.water, Initial residual = 0.00411624, Final residual = 6.80685e-10, No Iterations 4
Phase-1 volume fraction = 0.249538  Min(alpha.water) = -6.72183e-19  Max(alpha.water) = 1
MULES: Correcting alpha.water
MULES: Correcting alpha.water
Phase-1 volume fraction = 0.249538  Min(alpha.water) = -3.331e-06  Max(alpha.water) = 1
DICPCG:  Solving for p_rgh, Initial residual = 0.0186342, Final residual = 0.000391065, No Iterations 2
time step continuity errors : sum local = 0.000706788, global = -1.10625e-06, cumulative = -0.000403196
DICPCG:  Solving for p_rgh, Initial residual = 0.000481978, Final residual = 2.16487e-05, No Iterations 9
time step continuity errors : sum local = 3.87508e-05, global = -1.65116e-06, cumulative = -0.000404847
DICPCG:  Solving for p_rgh, Initial residual = 0.000102627, Final residual = 9.96025e-08, No Iterations 58
time step continuity errors : sum local = 1.7794e-07, global = -2.5566e-10, cumulative = -0.000404847
ExecutionTime = 1.36 s  ClockTime = 3 s

Courant Number mean: 0.17571 max: 0.984784
Interface Courant Number mean: 0.027446 max: 0.939693
deltaT = 0.00226486
Time = 0.290941

PIMPLE: iteration 1
smoothSolver:  Solving for alpha.water, Initial residual = 0.00409601, Final residual = 6.66664e-10, No Iterations 4
Phase-1 volume fraction = 0.249538  Min(alpha.water) = -6.2733e-19  Max(alpha.water) = 1
MULES: Correcting alpha.water
MULES: Correcting alpha.water
Phase-1 volume fraction = 0.249538  Min(alpha.water) = -6.16019e-07  Max(alpha.water) = 1
DICPCG:  Solving for p_rgh, Initial residual = 0.0191073, Final residual = 0.00043009, No Iterations 2
time step continuity errors : sum local = 0.000778476, global = -1.51793e-06, cumulative = -0.000406365
DICPCG:  Solving for p_rgh, Initial residual = 0.000531754, Final residual = 2.44705e-05, No Iterations 13
time step continuity errors : sum local = 4.38636e-05, global = -6.44759e-06, cumulative = -0.000412813
DICPCG:  Solving for p_rgh, Initial residual = 0.000112848, Final residual = 8.83321e-08, No Iterations 58
time step continuity errors : sum local = 1.57988e-07, global = 6.93073e-09, cumulative = -0.000412806
ExecutionTime = 1.38 s  ClockTime = 3 s

Courant Number mean: 0.17823 max: 0.992494
Interface Courant Number mean: 0.0283838 max: 0.953027
deltaT = 0.00226486
Time = 0.293205

PIMPLE: iteration 1
smoothSolver:  Solving for alpha.water, Initial residual = 0.00417399, Final residual = 6.97099e-10, No Iterations 4
Phase-1 volume fraction = 0.249538  Min(alpha.water) = -5.85256e-19  Max(alpha.water) = 1
MULES: Correcting alpha.water
MULES: Correcting alpha.water
Phase-1 volume fraction = 0.249538  Min(alpha.water) = -3.02267e-06  Max(alpha.water) = 1
DICPCG:  Solving for p_rgh, Initial residual = 0.0185898, Final residual = 0.00042506, No Iterations 2
time step continuity errors : sum local = 0.000755803, global = -1.37799e-06, cumulative = -0.000414184
DICPCG:  Solving for p_rgh, Initial residual = 0.000516924, Final residual = 2.53348e-05, No Iterations 11
time step continuity errors : sum local = 4.46031e-05, global = -1.55267e-06, cumulative = -0.000415736
DICPCG:  Solving for p_rgh, Initial residual = 0.000112578, Final residual = 7.5135e-08, No Iterations 48
time step continuity errors : sum local = 1.32016e-07, global = 4.63766e-08, cumulative = -0.00041569
ExecutionTime = 1.39 s  ClockTime = 3 s

Courant Number mean: 0.180639 max: 1.00045
Interface Courant Number mean: 0.0275271 max: 0.971639
deltaT = 0.00226486
Time = 0.29547

PIMPLE: iteration 1
smoothSolver:  Solving for alpha.water, Initial residual = 0.00411444, Final residual = 7.06258e-10, No Iterations 4
Phase-1 volume fraction = 0.249538  Min(alpha.water) = -5.45793e-19  Max(alpha.water) = 1
MULES: Correcting alpha.water
MULES: Correcting alpha.water
Phase-1 volume fraction = 0.249538  Min(alpha.water) = -1.08562e-06  Max(alpha.water) = 1
DICPCG:  Solving for p_rgh, Initial residual = 0.0189692, Final residual = 0.000436733, No Iterations 2
time step continuity errors : sum local = 0.000767525, global = -1.70307e-06, cumulative = -0.000417393
DICPCG:  Solving for p_rgh, Initial residual = 0.000533584, Final residual = 2.40981e-05, No Iterations 13
time step continuity errors : sum local = 4.19932e-05, global = -6.1989e-06, cumulative = -0.000423592
DICPCG:  Solving for p_rgh, Initial residual = 0.000112361, Final residual = 8.4537e-08, No Iterations 53
time step continuity errors : sum local = 1.46972e-07, global = 2.14538e-08, cumulative = -0.000423571
ExecutionTime = 1.4 s  ClockTime = 3 s

Courant Number mean: 0.182983 max: 1.00915
Interface Courant Number mean: 0.0287116 max: 0.934629
deltaT = 0.00226486
Time = 0.297735

PIMPLE: iteration 1
smoothSolver:  Solving for alpha.water, Initial residual = 0.004221, Final residual = 7.21723e-10, No Iterations 4
Phase-1 volume fraction = 0.249538  Min(alpha.water) = -5.08766e-19  Max(alpha.water) = 1
MULES: Correcting alpha.water
MULES: Correcting alpha.water
Phase-1 volume fraction = 0.249538  Min(alpha.water) = -2.8184e-09  Max(alpha.water) = 1
DICPCG:  Solving for p_rgh, Initial residual = 0.0192498, Final residual = 0.000489761, No Iterations 2
time step continuity errors : sum local = 0.000852207, global = -1.74853e-06, cumulative = -0.000425319
DICPCG:  Solving for p_rgh, Initial residual = 0.000591991, Final residual = 2.84051e-05, No Iterations 10
time step continuity errors : sum local = 4.90087e-05, global = -2.44262e-06, cumulative = -0.000427762
DICPCG:  Solving for p_rgh, Initial residual = 0.000130437, Final residual = 7.82372e-08, No Iterations 46
time step continuity errors : sum local = 1.34717e-07, global = 1.04916e-08, cumulative = -0.000427751
ExecutionTime = 1.4 s  ClockTime = 3 s

Courant Number mean: 0.185206 max: 1.01221
Interface Courant Number mean: 0.028844 max: 0.95648
deltaT = 0.00226486
Time = 0.3

PIMPLE: iteration 1
smoothSolver:  Solving for alpha.water, Initial residual = 0.00421763, Final residual = 7.53345e-10, No Iterations 4
Phase-1 volume fraction = 0.249538  Min(alpha.water) = -4.74014e-19  Max(alpha.water) = 1
MULES: Correcting alpha.water
MULES: Correcting alpha.water
Phase-1 volume fraction = 0.249538  Min(alpha.water) = -2.98648e-06  Max(alpha.water) = 1
DICPCG:  Solving for p_rgh, Initial residual = 0.019417, Final residual = 0.000503031, No Iterations 2
time step continuity errors : sum local = 0.00086855, global = -2.08607e-06, cumulative = -0.000429837
DICPCG:  Solving for p_rgh, Initial residual = 0.00061381, Final residual = 2.28264e-05, No Iterations 9
time step continuity errors : sum local = 3.91228e-05, global = -5.59576e-07, cumulative = -0.000430397
DICPCG:  Solving for p_rgh, Initial residual = 0.000125588, Final residual = 9.1524e-08, No Iterations 55
time step continuity errors : sum local = 1.56593e-07, global = -7.51512e-09, cumulative = -0.000430404
ExecutionTime = 1.43 s  ClockTime = 3 s

Courant Number mean: 0.187793 max: 1.0232
Interface Courant Number mean: 0.0291327 max: 0.913095
deltaT = 0.00217391
Time = 0.302174

PIMPLE: iteration 1
smoothSolver:  Solving for alpha.water, Initial residual = 0.00405664, Final residual = 5.86577e-10, No Iterations 4
Phase-1 volume fraction = 0.249538  Min(alpha.water) = -4.42603e-19  Max(alpha.water) = 1
MULES: Correcting alpha.water
MULES: Correcting alpha.water
Phase-1 volume fraction = 0.249538  Min(alpha.water) = -1.51555e-07  Max(alpha.water) = 1
DICPCG:  Solving for p_rgh, Initial residual = 0.0187944, Final residual = 0.000480125, No Iterations 2
time step continuity errors : sum local = 0.000760187, global = -2.26615e-06, cumulative = -0.00043267
DICPCG:  Solving for p_rgh, Initial residual = 0.000571904, Final residual = 2.82996e-05, No Iterations 13
time step continuity errors : sum local = 4.44829e-05, global = -9.44195e-06, cumulative = -0.000442112
DICPCG:  Solving for p_rgh, Initial residual = 0.000125532, Final residual = 6.02258e-08, No Iterations 53
time step continuity errors : sum local = 9.44482e-08, global = 1.13523e-09, cumulative = -0.000442111
ExecutionTime = 1.45 s  ClockTime = 3 s

Courant Number mean: 0.18267 max: 0.998083
Interface Courant Number mean: 0.0284654 max: 0.89863
deltaT = 0.00217391
Time = 0.304348

PIMPLE: iteration 1
smoothSolver:  Solving for alpha.water, Initial residual = 0.00408958, Final residual = 6.06261e-10, No Iterations 4
Phase-1 volume fraction = 0.249538  Min(alpha.water) = -4.13077e-19  Max(alpha.water) = 1
MULES: Correcting alpha.water
MULES: Correcting alpha.water
Phase-1 volume fraction = 0.249538  Min(alpha.water) = -6.8859e-08  Max(alpha.water) = 1
DICPCG:  Solving for p_rgh, Initial residual = 0.0186838, Final residual = 0.000534407, No Iterations 2
time step continuity errors : sum local = 0.000841259, global = -1.87577e-06, cumulative = -0.000443987
DICPCG:  Solving for p_rgh, Initial residual = 0.000645264, Final residual = 2.55745e-05, No Iterations 9
time step continuity errors : sum local = 3.99446e-05, global = 5.81075e-07, cumulative = -0.000443406
DICPCG:  Solving for p_rgh, Initial residual = 0.00013096, Final residual = 8.54615e-08, No Iterations 58
time step continuity errors : sum local = 1.33243e-07, global = 6.54525e-09, cumulative = -0.000443399
ExecutionTime = 1.46 s  ClockTime = 3 s

Courant Number mean: 0.185388 max: 1.0075
Interface Courant Number mean: 0.027926 max: 0.919521
deltaT = 0.00217391
Time = 0.306522

PIMPLE: iteration 1
smoothSolver:  Solving for alpha.water, Initial residual = 0.00405009, Final residual = 6.23392e-10, No Iterations 4
Phase-1 volume fraction = 0.249538  Min(alpha.water) = -3.85312e-19  Max(alpha.water) = 1
MULES: Correcting alpha.water
MULES: Correcting alpha.water
Phase-1 volume fraction = 0.249538  Min(alpha.water) = -2.09588e-05  Max(alpha.water) = 1
DICPCG:  Solving for p_rgh, Initial residual = 0.0189234, Final residual = 0.00055524, No Iterations 2
time step continuity errors : sum local = 0.000865268, global = -2.75247e-06, cumulative = -0.000446152
DICPCG:  Solving for p_rgh, Initial residual = 0.000661828, Final residual = 3.21582e-05, No Iterations 9
time step continuity errors : sum local = 4.98365e-05, global = -2.94195e-06, cumulative = -0.000449094
DICPCG:  Solving for p_rgh, Initial residual = 0.000138121, Final residual = 7.41057e-08, No Iterations 47
time step continuity errors : sum local = 1.14655e-07, global = -2.03784e-08, cumulative = -0.000449114
ExecutionTime = 1.47 s  ClockTime = 3 s

Courant Number mean: 0.188042 max: 1.00712
Interface Courant Number mean: 0.0282491 max: 0.884227
deltaT = 0.00217391
Time = 0.308696

PIMPLE: iteration 1
smoothSolver:  Solving for alpha.water, Initial residual = 0.00410023, Final residual = 6.36539e-10, No Iterations 4
Phase-1 volume fraction = 0.249538  Min(alpha.water) = -7.94555e-06  Max(alpha.water) = 1
MULES: Correcting alpha.water
MULES: Correcting alpha.water
Phase-1 volume fraction = 0.249538  Min(alpha.water) = -7.94554e-06  Max(alpha.water) = 1
DICPCG:  Solving for p_rgh, Initial residual = 0.01876, Final residual = 0.000561602, No Iterations 2
time step continuity errors : sum local = 0.000875189, global = -2.78195e-06, cumulative = -0.000451896
DICPCG:  Solving for p_rgh, Initial residual = 0.000657056, Final residual = 2.89734e-05, No Iterations 10
time step continuity errors : sum local = 4.48545e-05, global = -5.50944e-06, cumulative = -0.000457406
DICPCG:  Solving for p_rgh, Initial residual = 0.000137647, Final residual = 9.3605e-08, No Iterations 47
time step continuity errors : sum local = 1.44652e-07, global = -1.42744e-08, cumulative = -0.00045742
ExecutionTime = 1.48 s  ClockTime = 3 s

Courant Number mean: 0.190519 max: 1.03121
Interface Courant Number mean: 0.0282361 max: 0.89825
deltaT = 0.00206522
Time = 0.310761

PIMPLE: iteration 1
smoothSolver:  Solving for alpha.water, Initial residual = 0.00387316, Final residual = 4.65468e-10, No Iterations 4
Phase-1 volume fraction = 0.249538  Min(alpha.water) = -4.90063e-06  Max(alpha.water) = 1
MULES: Correcting alpha.water
MULES: Correcting alpha.water
Phase-1 volume fraction = 0.249538  Min(alpha.water) = -4.90063e-06  Max(alpha.water) = 1
DICPCG:  Solving for p_rgh, Initial residual = 0.0187634, Final residual = 0.000557614, No Iterations 2
time step continuity errors : sum local = 0.000792017, global = -2.50487e-06, cumulative = -0.000459925
DICPCG:  Solving for p_rgh, Initial residual = 0.00066021, Final residual = 3.03254e-05, No Iterations 8
time step continuity errors : sum local = 4.28667e-05, global = -2.10669e-07, cumulative = -0.000460135
DICPCG:  Solving for p_rgh, Initial residual = 0.000134546, Final residual = 8.4012e-08, No Iterations 58
time step continuity errors : sum local = 1.18601e-07, global = 1.00383e-08, cumulative = -0.000460125
ExecutionTime = 1.49 s  ClockTime = 3 s

Courant Number mean: 0.183576 max: 0.992103
Interface Courant Number mean: 0.0269817 max: 0.827254
deltaT = 0.00206522
Time = 0.312826

PIMPLE: iteration 1
smoothSolver:  Solving for alpha.water, Initial residual = 0.00388645, Final residual = 4.76313e-10, No Iterations 4
Phase-1 volume fraction = 0.249538  Min(alpha.water) = -2.94628e-06  Max(alpha.water) = 1
MULES: Correcting alpha.water
MULES: Correcting alpha.water
Phase-1 volume fraction = 0.249538  Min(alpha.water) = -3.51043e-05  Max(alpha.water) = 1
DICPCG:  Solving for p_rgh, Initial residual = 0.0188833, Final residual = 0.000562652, No Iterations 2
time step continuity errors : sum local = 0.000799316, global = -2.94991e-06, cumulative = -0.000463075
DICPCG:  Solving for p_rgh, Initial residual = 0.00066148, Final residual = 3.22312e-05, No Iterations 15
time step continuity errors : sum local = 4.55478e-05, global = -1.23126e-05, cumulative = -0.000475388
DICPCG:  Solving for p_rgh, Initial residual = 0.000139026, Final residual = 7.05489e-08, No Iterations 58
time step continuity errors : sum local = 9.94736e-08, global = -2.09697e-09, cumulative = -0.00047539
ExecutionTime = 1.5 s  ClockTime = 3 s

Courant Number mean: 0.185609 max: 0.989878
Interface Courant Number mean: 0.0273376 max: 0.850194
deltaT = 0.00206522
Time = 0.314891

PIMPLE: iteration 1
smoothSolver:  Solving for alpha.water, Initial residual = 0.00393427, Final residual = 4.75797e-10, No Iterations 4
Phase-1 volume fraction = 0.249538  Min(alpha.water) = -1.74088e-06  Max(alpha.water) = 1
MULES: Correcting alpha.water
MULES: Correcting alpha.water
Phase-1 volume fraction = 0.249538  Min(alpha.water) = -1.74088e-06  Max(alpha.water) = 1
DICPCG:  Solving for p_rgh, Initial residual = 0.0188769, Final residual = 0.000602328, No Iterations 2
time step continuity errors : sum local = 0.000863466, global = -2.48179e-06, cumulative = -0.000477872
DICPCG:  Solving for p_rgh, Initial residual = 0.000706894, Final residual = 3.40159e-05, No Iterations 8
time step continuity errors : sum local = 4.85088e-05, global = 1.77867e-06, cumulative = -0.000476093
DICPCG:  Solving for p_rgh, Initial residual = 0.000143928, Final residual = 6.66099e-08, No Iterations 49
time step continuity errors : sum local = 9.48719e-08, global = -1.07722e-08, cumulative = -0.000476104
ExecutionTime = 1.51 s  ClockTime = 3 s

Courant Number mean: 0.188125 max: 1.00768
Interface Courant Number mean: 0.0276009 max: 0.848146
deltaT = 0.00206522
Time = 0.316957

PIMPLE: iteration 1
smoothSolver:  Solving for alpha.water, Initial residual = 0.00386547, Final residual = 4.79359e-10, No Iterations 4
Phase-1 volume fraction = 0.249538  Min(alpha.water) = -7.01919e-07  Max(alpha.water) = 1
MULES: Correcting alpha.water
MULES: Correcting alpha.water
Phase-1 volume fraction = 0.249538  Min(alpha.water) = -7.01919e-07  Max(alpha.water) = 1
DICPCG:  Solving for p_rgh, Initial residual = 0.0196897, Final residual = 0.000598972, No Iterations 2
time step continuity errors : sum local = 0.000868707, global = -3.62965e-06, cumulative = -0.000479734
DICPCG:  Solving for p_rgh, Initial residual = 0.000697269, Final residual = 3.30115e-05, No Iterations 11
time step continuity errors : sum local = 4.76777e-05, global = -9.03089e-06, cumulative = -0.000488764
DICPCG:  Solving for p_rgh, Initial residual = 0.000147576, Final residual = 8.46532e-08, No Iterations 55
time step continuity errors : sum local = 1.22055e-07, global = -8.21134e-09, cumulative = -0.000488773
ExecutionTime = 1.52 s  ClockTime = 3 s

Courant Number mean: 0.190324 max: 1.02254
Interface Courant Number mean: 0.0277662 max: 0.832031
deltaT = 0.00206522
Time = 0.319022

PIMPLE: iteration 1
smoothSolver:  Solving for alpha.water, Initial residual = 0.00390428, Final residual = 4.85977e-10, No Iterations 4
Phase-1 volume fraction = 0.249538  Min(alpha.water) = -2.55694e-19  Max(alpha.water) = 1
MULES: Correcting alpha.water
MULES: Correcting alpha.water
Phase-1 volume fraction = 0.249538  Min(alpha.water) = -1.02517e-07  Max(alpha.water) = 1
DICPCG:  Solving for p_rgh, Initial residual = 0.0201205, Final residual = 0.000570981, No Iterations 2
time step continuity errors : sum local = 0.000842217, global = -3.29285e-06, cumulative = -0.000492065
DICPCG:  Solving for p_rgh, Initial residual = 0.00066824, Final residual = 3.12147e-05, No Iterations 7
time step continuity errors : sum local = 4.57381e-05, global = -3.2246e-06, cumulative = -0.00049529
DICPCG:  Solving for p_rgh, Initial residual = 0.000142277, Final residual = 8.38129e-08, No Iterations 49
time step continuity errors : sum local = 1.22695e-07, global = 3.03919e-08, cumulative = -0.00049526
ExecutionTime = 1.53 s  ClockTime = 3 s

Courant Number mean: 0.192632 max: 1.02604
Interface Courant Number mean: 0.0258864 max: 0.824854
deltaT = 0.00206522
Time = 0.321087

PIMPLE: iteration 1
smoothSolver:  Solving for alpha.water, Initial residual = 0.00392484, Final residual = 4.94675e-10, No Iterations 4
Phase-1 volume fraction = 0.249538  Min(alpha.water) = -2.38613e-19  Max(alpha.water) = 1
MULES: Correcting alpha.water
MULES: Correcting alpha.water
Phase-1 volume fraction = 0.249538  Min(alpha.water) = -2.08032e-09  Max(alpha.water) = 1
DICPCG:  Solving for p_rgh, Initial residual = 0.0210316, Final residual = 0.000622119, No Iterations 2
time step continuity errors : sum local = 0.000918573, global = -3.68408e-06, cumulative = -0.000498944
DICPCG:  Solving for p_rgh, Initial residual = 0.000728219, Final residual = 3.12828e-05, No Iterations 7
time step continuity errors : sum local = 4.58909e-05, global = -4.34845e-06, cumulative = -0.000503292
DICPCG:  Solving for p_rgh, Initial residual = 0.000147554, Final residual = 7.94013e-08, No Iterations 47
time step continuity errors : sum local = 1.16381e-07, global = 3.06508e-08, cumulative = -0.000503262
ExecutionTime = 1.54 s  ClockTime = 3 s

Courant Number mean: 0.19507 max: 1.03198
Interface Courant Number mean: 0.0277581 max: 0.842878
deltaT = 0.00206522
Time = 0.323152

PIMPLE: iteration 1
smoothSolver:  Solving for alpha.water, Initial residual = 0.00386941, Final residual = 4.98297e-10, No Iterations 4
Phase-1 volume fraction = 0.249538  Min(alpha.water) = -2.30581e-19  Max(alpha.water) = 1
MULES: Correcting alpha.water
MULES: Correcting alpha.water
Phase-1 volume fraction = 0.249538  Min(alpha.water) = -1.62172e-09  Max(alpha.water) = 1
DICPCG:  Solving for p_rgh, Initial residual = 0.0211374, Final residual = 0.000618483, No Iterations 2
time step continuity errors : sum local = 0.00092461, global = -4.08773e-06, cumulative = -0.000507349
DICPCG:  Solving for p_rgh, Initial residual = 0.000727406, Final residual = 3.10824e-05, No Iterations 7
time step continuity errors : sum local = 4.62081e-05, global = -4.98721e-06, cumulative = -0.000512337
DICPCG:  Solving for p_rgh, Initial residual = 0.000151263, Final residual = 9.58268e-08, No Iterations 55
time step continuity errors : sum local = 1.42328e-07, global = -1.09276e-08, cumulative = -0.000512347
ExecutionTime = 1.55 s  ClockTime = 3 s

Courant Number mean: 0.197382 max: 1.05185
Interface Courant Number mean: 0.0277416 max: 0.834952
deltaT = 0.0019177
Time = 0.32507

PIMPLE: iteration 1
smoothSolver:  Solving for alpha.water, Initial residual = 0.0036309, Final residual = 3.0791e-10, No Iterations 4
Phase-1 volume fraction = 0.249538  Min(alpha.water) = -2.2891e-19  Max(alpha.water) = 1
MULES: Correcting alpha.water
MULES: Correcting alpha.water
Phase-1 volume fraction = 0.249538  Min(alpha.water) = -1.05271e-06  Max(alpha.water) = 1
DICPCG:  Solving for p_rgh, Initial residual = 0.0202979, Final residual = 0.000589415, No Iterations 2
time step continuity errors : sum local = 0.000774891, global = -3.63746e-06, cumulative = -0.000515985
DICPCG:  Solving for p_rgh, Initial residual = 0.000672586, Final residual = 3.2891e-05, No Iterations 7
time step continuity errors : sum local = 4.29961e-05, global = -7.44777e-06, cumulative = -0.000523433
DICPCG:  Solving for p_rgh, Initial residual = 0.0001374, Final residual = 9.6078e-08, No Iterations 55
time step continuity errors : sum local = 1.25515e-07, global = -3.47971e-10, cumulative = -0.000523433
ExecutionTime = 1.56 s  ClockTime = 3 s

Courant Number mean: 0.184976 max: 0.98469
Interface Courant Number mean: 0.025105 max: 0.758312
deltaT = 0.0019177
Time = 0.326988

PIMPLE: iteration 1
smoothSolver:  Solving for alpha.water, Initial residual = 0.00362617, Final residual = 3.16876e-10, No Iterations 4
Phase-1 volume fraction = 0.249538  Min(alpha.water) = -2.26543e-19  Max(alpha.water) = 1
MULES: Correcting alpha.water
MULES: Correcting alpha.water
Phase-1 volume fraction = 0.249538  Min(alpha.water) = -1.02788e-06  Max(alpha.water) = 1
DICPCG:  Solving for p_rgh, Initial residual = 0.020414, Final residual = 0.000642292, No Iterations 2
time step continuity errors : sum local = 0.00082776, global = -3.60072e-06, cumulative = -0.000527034
DICPCG:  Solving for p_rgh, Initial residual = 0.000750235, Final residual = 3.41354e-05, No Iterations 7
time step continuity errors : sum local = 4.37563e-05, global = 1.6446e-06, cumulative = -0.000525389
DICPCG:  Solving for p_rgh, Initial residual = 0.000150525, Final residual = 7.92865e-08, No Iterations 58
time step continuity errors : sum local = 1.01552e-07, global = 7.88078e-09, cumulative = -0.000525381
ExecutionTime = 1.58 s  ClockTime = 3 s

Courant Number mean: 0.186915 max: 0.99121
Interface Courant Number mean: 0.0262031 max: 0.774008
deltaT = 0.0019177
Time = 0.328905

PIMPLE: iteration 1
smoothSolver:  Solving for alpha.water, Initial residual = 0.00362944, Final residual = 3.20429e-10, No Iterations 4
Phase-1 volume fraction = 0.249538  Min(alpha.water) = -2.23556e-19  Max(alpha.water) = 1
MULES: Correcting alpha.water
MULES: Correcting alpha.water
Phase-1 volume fraction = 0.249538  Min(alpha.water) = -5.05594e-07  Max(alpha.water) = 1
DICPCG:  Solving for p_rgh, Initial residual = 0.020248, Final residual = 0.000640156, No Iterations 2
time step continuity errors : sum local = 0.000815603, global = -4.89456e-06, cumulative = -0.000530276
DICPCG:  Solving for p_rgh, Initial residual = 0.000737022, Final residual = 3.43668e-05, No Iterations 7
time step continuity errors : sum local = 4.35918e-05, global = -7.58884e-06, cumulative = -0.000537865
DICPCG:  Solving for p_rgh, Initial residual = 0.000146367, Final residual = 7.23337e-08, No Iterations 58
time step continuity errors : sum local = 9.16804e-08, global = 1.98198e-09, cumulative = -0.000537863
ExecutionTime = 1.58 s  ClockTime = 3 s

Courant Number mean: 0.188547 max: 0.995095
Interface Courant Number mean: 0.0252891 max: 0.774501
deltaT = 0.0019177
Time = 0.330823

PIMPLE: iteration 1
smoothSolver:  Solving for alpha.water, Initial residual = 0.0036693, Final residual = 3.19998e-10, No Iterations 4
Phase-1 volume fraction = 0.249538  Min(alpha.water) = -2.20026e-19  Max(alpha.water) = 1
MULES: Correcting alpha.water
MULES: Correcting alpha.water
Phase-1 volume fraction = 0.249538  Min(alpha.water) = -2.80539e-07  Max(alpha.water) = 1
DICPCG:  Solving for p_rgh, Initial residual = 0.0206566, Final residual = 0.000645766, No Iterations 2
time step continuity errors : sum local = 0.000818514, global = -4.95004e-06, cumulative = -0.000542813
DICPCG:  Solving for p_rgh, Initial residual = 0.000752661, Final residual = 3.21015e-05, No Iterations 7
time step continuity errors : sum local = 4.05255e-05, global = -3.09424e-06, cumulative = -0.000545907
DICPCG:  Solving for p_rgh, Initial residual = 0.000149178, Final residual = 8.15482e-08, No Iterations 46
time step continuity errors : sum local = 1.02868e-07, global = -2.19625e-08, cumulative = -0.000545929
ExecutionTime = 1.59 s  ClockTime = 3 s

Courant Number mean: 0.190187 max: 1.01396
Interface Courant Number mean: 0.0260904 max: 0.746088
deltaT = 0.0019177
Time = 0.332741

PIMPLE: iteration 1
smoothSolver:  Solving for alpha.water, Initial residual = 0.003643, Final residual = 3.11213e-10, No Iterations 4
Phase-1 volume fraction = 0.249538  Min(alpha.water) = -2.16026e-19  Max(alpha.water) = 1
MULES: Correcting alpha.water
MULES: Correcting alpha.water
Phase-1 volume fraction = 0.249538  Min(alpha.water) = -1.00441e-08  Max(alpha.water) = 1
DICPCG:  Solving for p_rgh, Initial residual = 0.021606, Final residual = 0.00069911, No Iterations 2
time step continuity errors : sum local = 0.000886178, global = -5.97802e-06, cumulative = -0.000551907
DICPCG:  Solving for p_rgh, Initial residual = 0.000806087, Final residual = 3.58521e-05, No Iterations 7
time step continuity errors : sum local = 4.53242e-05, global = -3.10485e-06, cumulative = -0.000555012
DICPCG:  Solving for p_rgh, Initial residual = 0.000165173, Final residual = 7.7104e-08, No Iterations 46
time step continuity errors : sum local = 9.7393e-08, global = -2.82512e-08, cumulative = -0.00055504
ExecutionTime = 1.61 s  ClockTime = 3 s

Courant Number mean: 0.191876 max: 1.02777
Interface Courant Number mean: 0.0264786 max: 0.763745
deltaT = 0.0019177
Time = 0.334658

PIMPLE: iteration 1
smoothSolver:  Solving for alpha.water, Initial residual = 0.0036417, Final residual = 3.16299e-10, No Iterations 4
Phase-1 volume fraction = 0.249538  Min(alpha.water) = -2.11621e-19  Max(alpha.water) = 1
MULES: Correcting alpha.water
MULES: Correcting alpha.water
Phase-1 volume fraction = 0.249538  Min(alpha.water) = -5.91809e-09  Max(alpha.water) = 1
DICPCG:  Solving for p_rgh, Initial residual = 0.0199535, Final residual = 0.000637526, No Iterations 2
time step continuity errors : sum local = 0.000814075, global = -6.9619e-06, cumulative = -0.000562002
DICPCG:  Solving for p_rgh, Initial residual = 0.000734384, Final residual = 3.4079e-05, No Iterations 7
time step continuity errors : sum local = 4.3377e-05, global = -7.66398e-06, cumulative = -0.000569666
DICPCG:  Solving for p_rgh, Initial residual = 0.000151463, Final residual = 7.20413e-08, No Iterations 58
time step continuity errors : sum local = 9.16244e-08, global = 4.36865e-09, cumulative = -0.000569662
ExecutionTime = 1.62 s  ClockTime = 3 s

Courant Number mean: 0.193243 max: 1.02726
Interface Courant Number mean: 0.025339 max: 0.769004
deltaT = 0.0019177
Time = 0.336576

PIMPLE: iteration 1
smoothSolver:  Solving for alpha.water, Initial residual = 0.0036426, Final residual = 3.19447e-10, No Iterations 4
Phase-1 volume fraction = 0.249538  Min(alpha.water) = -2.06874e-19  Max(alpha.water) = 1
MULES: Correcting alpha.water
MULES: Correcting alpha.water
Phase-1 volume fraction = 0.249538  Min(alpha.water) = -1.14212e-06  Max(alpha.water) = 1
DICPCG:  Solving for p_rgh, Initial residual = 0.0210494, Final residual = 0.000684755, No Iterations 2
time step continuity errors : sum local = 0.000864894, global = -7.84157e-06, cumulative = -0.000577503
DICPCG:  Solving for p_rgh, Initial residual = 0.000804245, Final residual = 3.71589e-05, No Iterations 7
time step continuity errors : sum local = 4.678e-05, global = 1.29706e-06, cumulative = -0.000576206
DICPCG:  Solving for p_rgh, Initial residual = 0.000160732, Final residual = 8.39141e-08, No Iterations 46
time step continuity errors : sum local = 1.05551e-07, global = -2.54773e-09, cumulative = -0.000576209
ExecutionTime = 1.63 s  ClockTime = 3 s

Courant Number mean: 0.194921 max: 1.03637
Interface Courant Number mean: 0.025909 max: 0.733869
deltaT = 0.0019177
Time = 0.338494

PIMPLE: iteration 1
smoothSolver:  Solving for alpha.water, Initial residual = 0.00363839, Final residual = 3.13013e-10, No Iterations 4
Phase-1 volume fraction = 0.249538  Min(alpha.water) = -2.01838e-19  Max(alpha.water) = 1
MULES: Correcting alpha.water
MULES: Correcting alpha.water
Phase-1 volume fraction = 0.249538  Min(alpha.water) = -2.20584e-07  Max(alpha.water) = 1
DICPCG:  Solving for p_rgh, Initial residual = 0.0213542, Final residual = 0.00072406, No Iterations 2
time step continuity errors : sum local = 0.000915932, global = -1.04072e-05, cumulative = -0.000586616
DICPCG:  Solving for p_rgh, Initial residual = 0.000828648, Final residual = 3.85844e-05, No Iterations 7
time step continuity errors : sum local = 4.86782e-05, global = -9.8185e-06, cumulative = -0.000596434
DICPCG:  Solving for p_rgh, Initial residual = 0.00016848, Final residual = 8.9822e-08, No Iterations 58
time step continuity errors : sum local = 1.13223e-07, global = 6.22099e-09, cumulative = -0.000596428
ExecutionTime = 1.64 s  ClockTime = 3 s

Courant Number mean: 0.196215 max: 1.05297
Interface Courant Number mean: 0.0258121 max: 0.75158
deltaT = 0.0019177
Time = 0.340411

PIMPLE: iteration 1
smoothSolver:  Solving for alpha.water, Initial residual = 0.00363958, Final residual = 3.14754e-10, No Iterations 4
Phase-1 volume fraction = 0.249538  Min(alpha.water) = -1.96571e-19  Max(alpha.water) = 1
MULES: Correcting alpha.water
MULES: Correcting alpha.water
Phase-1 volume fraction = 0.249538  Min(alpha.water) = -4.87881e-07  Max(alpha.water) = 1
DICPCG:  Solving for p_rgh, Initial residual = 0.0201173, Final residual = 0.000673014, No Iterations 2
time step continuity errors : sum local = 0.000851067, global = -1.10752e-05, cumulative = -0.000607503
DICPCG:  Solving for p_rgh, Initial residual = 0.000775251, Final residual = 3.41015e-05, No Iterations 7
time step continuity errors : sum local = 4.30537e-05, global = -5.49007e-07, cumulative = -0.000608052
DICPCG:  Solving for p_rgh, Initial residual = 0.000159604, Final residual = 8.38053e-08, No Iterations 58
time step continuity errors : sum local = 1.05719e-07, global = 6.14448e-09, cumulative = -0.000608046
ExecutionTime = 1.64 s  ClockTime = 3 s

Courant Number mean: 0.197517 max: 1.05785
Interface Courant Number mean: 0.026341 max: 0.761638
deltaT = 0.0019177
Time = 0.342329

PIMPLE: iteration 1
smoothSolver:  Solving for alpha.water, Initial residual = 0.00363385, Final residual = 3.20388e-10, No Iterations 4
Phase-1 volume fraction = 0.249538  Min(alpha.water) = -1.91119e-19  Max(alpha.water) = 1
MULES: Correcting alpha.water
MULES: Correcting alpha.water
Phase-1 volume fraction = 0.249538  Min(alpha.water) = -2.26829e-07  Max(alpha.water) = 1
DICPCG:  Solving for p_rgh, Initial residual = 0.0214266, Final residual = 0.000676663, No Iterations 2
time step continuity errors : sum local = 0.000864178, global = -1.41782e-05, cumulative = -0.000622224
DICPCG:  Solving for p_rgh, Initial residual = 0.000788148, Final residual = 3.74456e-05, No Iterations 7
time step continuity errors : sum local = 4.77133e-05, global = -2.6841e-06, cumulative = -0.000624909
DICPCG:  Solving for p_rgh, Initial residual = 0.000164102, Final residual = 9.64074e-08, No Iterations 56
time step continuity errors : sum local = 1.22749e-07, global = 5.26105e-09, cumulative = -0.000624903
ExecutionTime = 1.65 s  ClockTime = 3 s

Courant Number mean: 0.198833 max: 1.05548
Interface Courant Number mean: 0.0265685 max: 0.721103
deltaT = 0.0019177
Time = 0.344247

PIMPLE: iteration 1
smoothSolver:  Solving for alpha.water, Initial residual = 0.00361263, Final residual = 3.08352e-10, No Iterations 4
Phase-1 volume fraction = 0.249538  Min(alpha.water) = -1.85524e-19  Max(alpha.water) = 1
MULES: Correcting alpha.water
MULES: Correcting alpha.water
Phase-1 volume fraction = 0.249538  Min(alpha.water) = -4.54857e-08  Max(alpha.water) = 1
DICPCG:  Solving for p_rgh, Initial residual = 0.0210217, Final residual = 0.000726979, No Iterations 2
time step continuity errors : sum local = 0.00093222, global = -1.78293e-05, cumulative = -0.000642733
DICPCG:  Solving for p_rgh, Initial residual = 0.000842582, Final residual = 3.7951e-05, No Iterations 7
time step continuity errors : sum local = 4.85739e-05, global = -4.60243e-06, cumulative = -0.000647335
DICPCG:  Solving for p_rgh, Initial residual = 0.000171249, Final residual = 8.64685e-08, No Iterations 58
time step continuity errors : sum local = 1.10592e-07, global = -1.60621e-09, cumulative = -0.000647337
ExecutionTime = 1.66 s  ClockTime = 3 s

Courant Number mean: 0.199909 max: 1.06896
Interface Courant Number mean: 0.0253793 max: 0.737341
deltaT = 0.0019177
Time = 0.346165

PIMPLE: iteration 1
smoothSolver:  Solving for alpha.water, Initial residual = 0.00361412, Final residual = 3.02325e-10, No Iterations 4
Phase-1 volume fraction = 0.249538  Min(alpha.water) = -1.79829e-19  Max(alpha.water) = 1
MULES: Correcting alpha.water
MULES: Correcting alpha.water
Phase-1 volume fraction = 0.249538  Min(alpha.water) = -1.45965e-06  Max(alpha.water) = 1
DICPCG:  Solving for p_rgh, Initial residual = 0.0202785, Final residual = 0.000684159, No Iterations 2
time step continuity errors : sum local = 0.000880982, global = -2.12225e-05, cumulative = -0.000668559
DICPCG:  Solving for p_rgh, Initial residual = 0.000787447, Final residual = 3.65128e-05, No Iterations 7
time step continuity errors : sum local = 4.69464e-05, global = -5.18064e-07, cumulative = -0.000669077
DICPCG:  Solving for p_rgh, Initial residual = 0.000161503, Final residual = 8.66372e-08, No Iterations 46
time step continuity errors : sum local = 1.11304e-07, global = -2.4735e-08, cumulative = -0.000669102
ExecutionTime = 1.67 s  ClockTime = 3 s

Courant Number mean: 0.201 max: 1.07918
Interface Courant Number mean: 0.0257995 max: 0.753356
deltaT = 0.0019177
Time = 0.348082

PIMPLE: iteration 1
smoothSolver:  Solving for alpha.water, Initial residual = 0.00359468, Final residual = 3.02781e-10, No Iterations 4
Phase-1 volume fraction = 0.249538  Min(alpha.water) = -1.74069e-19  Max(alpha.water) = 1
MULES: Correcting alpha.water
MULES: Correcting alpha.water
Phase-1 volume fraction = 0.249538  Min(alpha.water) = -1.86236e-07  Max(alpha.water) = 1
DICPCG:  Solving for p_rgh, Initial residual = 0.0211451, Final residual = 0.000676813, No Iterations 2
time step continuity errors : sum local = 0.000875043, global = -2.55712e-05, cumulative = -0.000694673
DICPCG:  Solving for p_rgh, Initial residual = 0.000784738, Final residual = 2.96253e-05, No Iterations 8
time step continuity errors : sum local = 3.82418e-05, global = -4.84517e-06, cumulative = -0.000699518
DICPCG:  Solving for p_rgh, Initial residual = 0.000161907, Final residual = 9.11929e-08, No Iterations 56
time step continuity errors : sum local = 1.17607e-07, global = 3.58071e-09, cumulative = -0.000699515
ExecutionTime = 1.68 s  ClockTime = 3 s

Courant Number mean: 0.201881 max: 1.08474
Interface Courant Number mean: 0.0260373 max: 0.7184
deltaT = 0.0019177
Time = 0.35

PIMPLE: iteration 1
smoothSolver:  Solving for alpha.water, Initial residual = 0.00358013, Final residual = 3.06689e-10, No Iterations 4
Phase-1 volume fraction = 0.249538  Min(alpha.water) = -1.68279e-19  Max(alpha.water) = 1
MULES: Correcting alpha.water
MULES: Correcting alpha.water
Phase-1 volume fraction = 0.249538  Min(alpha.water) = -2.5227e-07  Max(alpha.water) = 1
DICPCG:  Solving for p_rgh, Initial residual = 0.0212512, Final residual = 0.000725427, No Iterations 2
time step continuity errors : sum local = 0.000946372, global = -3.09859e-05, cumulative = -0.000730501
DICPCG:  Solving for p_rgh, Initial residual = 0.000844883, Final residual = 3.1274e-05, No Iterations 8
time step continuity errors : sum local = 4.06779e-05, global = 2.02999e-06, cumulative = -0.000728471
DICPCG:  Solving for p_rgh, Initial residual = 0.000169476, Final residual = 9.05655e-08, No Iterations 48
time step continuity errors : sum local = 1.17678e-07, global = 1.09061e-08, cumulative = -0.00072846
ExecutionTime = 1.72 s  ClockTime = 3 s

Courant Number mean: 0.202844 max: 1.08533
Interface Courant Number mean: 0.0260871 max: 0.721208
deltaT = 0.00178571
Time = 0.351786

PIMPLE: iteration 1
smoothSolver:  Solving for alpha.water, Initial residual = 0.00332317, Final residual = 8.19415e-09, No Iterations 3
Phase-1 volume fraction = 0.249538  Min(alpha.water) = -1.62881e-19  Max(alpha.water) = 1
MULES: Correcting alpha.water
MULES: Correcting alpha.water
Phase-1 volume fraction = 0.249538  Min(alpha.water) = -2.70415e-06  Max(alpha.water) = 1
DICPCG:  Solving for p_rgh, Initial residual = 0.020383, Final residual = 0.000625985, No Iterations 2
time step continuity errors : sum local = 0.000738972, global = -3.12395e-05, cumulative = -0.000759699
DICPCG:  Solving for p_rgh, Initial residual = 0.000717192, Final residual = 3.47076e-05, No Iterations 7
time step continuity errors : sum local = 4.08417e-05, global = -2.7576e-06, cumulative = -0.000762457
DICPCG:  Solving for p_rgh, Initial residual = 0.000142135, Final residual = 7.84593e-08, No Iterations 47
time step continuity errors : sum local = 9.22581e-08, global = -1.8535e-09, cumulative = -0.000762459
ExecutionTime = 1.74 s  ClockTime = 3 s

Courant Number mean: 0.189569 max: 1.01966
Interface Courant Number mean: 0.0239571 max: 0.690956
deltaT = 0.00172194
Time = 0.353508

PIMPLE: iteration 1
smoothSolver:  Solving for alpha.water, Initial residual = 0.00319596, Final residual = 6.75898e-09, No Iterations 3
Phase-1 volume fraction = 0.249538  Min(alpha.water) = -1.57743e-19  Max(alpha.water) = 1
MULES: Correcting alpha.water
MULES: Correcting alpha.water
Phase-1 volume fraction = 0.249538  Min(alpha.water) = -1.32003e-06  Max(alpha.water) = 1
DICPCG:  Solving for p_rgh, Initial residual = 0.01994, Final residual = 0.000616092, No Iterations 2
time step continuity errors : sum local = 0.000681774, global = -3.10898e-05, cumulative = -0.000793548
DICPCG:  Solving for p_rgh, Initial residual = 0.000713242, Final residual = 2.82707e-05, No Iterations 8
time step continuity errors : sum local = 3.11693e-05, global = -2.10444e-06, cumulative = -0.000795653
DICPCG:  Solving for p_rgh, Initial residual = 0.000139277, Final residual = 9.31828e-08, No Iterations 47
time step continuity errors : sum local = 1.02639e-07, global = -1.67792e-08, cumulative = -0.00079567
ExecutionTime = 1.75 s  ClockTime = 4 s

Courant Number mean: 0.183307 max: 0.992784
Interface Courant Number mean: 0.0226634 max: 0.640254
deltaT = 0.00172194
Time = 0.35523

PIMPLE: iteration 1
smoothSolver:  Solving for alpha.water, Initial residual = 0.00320018, Final residual = 6.44621e-09, No Iterations 3
Phase-1 volume fraction = 0.249537  Min(alpha.water) = -1.52645e-19  Max(alpha.water) = 1
MULES: Correcting alpha.water
MULES: Correcting alpha.water
Phase-1 volume fraction = 0.249538  Min(alpha.water) = -5.70414e-09  Max(alpha.water) = 1
DICPCG:  Solving for p_rgh, Initial residual = 0.0204204, Final residual = 0.000639397, No Iterations 2
time step continuity errors : sum local = 0.000705435, global = -3.74104e-05, cumulative = -0.00083308
DICPCG:  Solving for p_rgh, Initial residual = 0.000738674, Final residual = 3.28586e-05, No Iterations 8
time step continuity errors : sum local = 3.61461e-05, global = 1.93089e-06, cumulative = -0.000831149
DICPCG:  Solving for p_rgh, Initial residual = 0.000146009, Final residual = 6.84528e-08, No Iterations 56
time step continuity errors : sum local = 7.52249e-08, global = -1.82047e-09, cumulative = -0.000831151
ExecutionTime = 1.76 s  ClockTime = 4 s

Courant Number mean: 0.183954 max: 0.998039
Interface Courant Number mean: 0.0226594 max: 0.634861
deltaT = 0.00172194
Time = 0.356952

PIMPLE: iteration 1
smoothSolver:  Solving for alpha.water, Initial residual = 0.00317107, Final residual = 6.57633e-09, No Iterations 3
Phase-1 volume fraction = 0.249537  Min(alpha.water) = -1.47582e-19  Max(alpha.water) = 1
MULES: Correcting alpha.water
MULES: Correcting alpha.water
Phase-1 volume fraction = 0.249537  Min(alpha.water) = -1.68594e-08  Max(alpha.water) = 1
DICPCG:  Solving for p_rgh, Initial residual = 0.020937, Final residual = 0.000587162, No Iterations 2
time step continuity errors : sum local = 0.000653021, global = -4.57241e-05, cumulative = -0.000876875
DICPCG:  Solving for p_rgh, Initial residual = 0.000664291, Final residual = 2.77296e-05, No Iterations 8
time step continuity errors : sum local = 3.07865e-05, global = -4.64854e-06, cumulative = -0.000881524
DICPCG:  Solving for p_rgh, Initial residual = 0.000131703, Final residual = 9.85458e-08, No Iterations 46
time step continuity errors : sum local = 1.09311e-07, global = -1.29498e-08, cumulative = -0.000881537
ExecutionTime = 1.77 s  ClockTime = 4 s

Courant Number mean: 0.18439 max: 0.995088
Interface Courant Number mean: 0.0228636 max: 0.651176
deltaT = 0.00172194
Time = 0.358673

PIMPLE: iteration 1
smoothSolver:  Solving for alpha.water, Initial residual = 0.00315935, Final residual = 6.66699e-09, No Iterations 3
Phase-1 volume fraction = 0.249537  Min(alpha.water) = -1.42571e-19  Max(alpha.water) = 1
MULES: Correcting alpha.water
MULES: Correcting alpha.water
Phase-1 volume fraction = 0.249537  Min(alpha.water) = -8.30313e-06  Max(alpha.water) = 1
DICPCG:  Solving for p_rgh, Initial residual = 0.0202125, Final residual = 0.000622958, No Iterations 2
time step continuity errors : sum local = 0.000676805, global = -4.94414e-05, cumulative = -0.000930978
DICPCG:  Solving for p_rgh, Initial residual = 0.000731205, Final residual = 3.10416e-05, No Iterations 8
time step continuity errors : sum local = 3.35703e-05, global = 8.33434e-08, cumulative = -0.000930895
DICPCG:  Solving for p_rgh, Initial residual = 0.000147992, Final residual = 9.22773e-08, No Iterations 56
time step continuity errors : sum local = 9.96956e-08, global = -2.50787e-09, cumulative = -0.000930897
ExecutionTime = 1.77 s  ClockTime = 4 s

Courant Number mean: 0.184745 max: 0.997372
Interface Courant Number mean: 0.0225964 max: 0.630909
deltaT = 0.00172194
Time = 0.360395

PIMPLE: iteration 1
smoothSolver:  Solving for alpha.water, Initial residual = 0.00317244, Final residual = 6.41904e-09, No Iterations 3
Phase-1 volume fraction = 0.249537  Min(alpha.water) = -1.37628e-19  Max(alpha.water) = 1
MULES: Correcting alpha.water
MULES: Correcting alpha.water
Phase-1 volume fraction = 0.249537  Min(alpha.water) = -9.37007e-07  Max(alpha.water) = 1
DICPCG:  Solving for p_rgh, Initial residual = 0.0205709, Final residual = 0.000648184, No Iterations 2
time step continuity errors : sum local = 0.000687106, global = -5.89827e-05, cumulative = -0.00098988
DICPCG:  Solving for p_rgh, Initial residual = 0.000757991, Final residual = 3.3773e-05, No Iterations 8
time step continuity errors : sum local = 3.56408e-05, global = 1.5277e-06, cumulative = -0.000988352
DICPCG:  Solving for p_rgh, Initial residual = 0.000150828, Final residual = 9.23429e-08, No Iterations 48
time step continuity errors : sum local = 9.73516e-08, global = 3.0582e-08, cumulative = -0.000988322
ExecutionTime = 1.78 s  ClockTime = 4 s

Courant Number mean: 0.185174 max: 1.00575
Interface Courant Number mean: 0.0232699 max: 0.654179
deltaT = 0.00172194
Time = 0.362117

PIMPLE: iteration 1
smoothSolver:  Solving for alpha.water, Initial residual = 0.00314932, Final residual = 6.24632e-09, No Iterations 3
Phase-1 volume fraction = 0.249536  Min(alpha.water) = -1.32762e-19  Max(alpha.water) = 1
MULES: Correcting alpha.water
MULES: Correcting alpha.water
Phase-1 volume fraction = 0.249536  Min(alpha.water) = -5.93208e-08  Max(alpha.water) = 1
DICPCG:  Solving for p_rgh, Initial residual = 0.0211908, Final residual = 0.000645276, No Iterations 2
time step continuity errors : sum local = 0.000676602, global = -6.7727e-05, cumulative = -0.00105605
DICPCG:  Solving for p_rgh, Initial residual = 0.00073335, Final residual = 3.08832e-05, No Iterations 8
time step continuity errors : sum local = 3.23193e-05, global = -4.40895e-06, cumulative = -0.00106046
DICPCG:  Solving for p_rgh, Initial residual = 0.000143683, Final residual = 9.5632e-08, No Iterations 46
time step continuity errors : sum local = 9.99869e-08, global = -4.50235e-09, cumulative = -0.00106046
ExecutionTime = 1.79 s  ClockTime = 4 s

Courant Number mean: 0.185352 max: 1.00817
Interface Courant Number mean: 0.0234065 max: 0.634832
deltaT = 0.00172194
Time = 0.363839

PIMPLE: iteration 1
smoothSolver:  Solving for alpha.water, Initial residual = 0.00313202, Final residual = 6.23078e-09, No Iterations 3
Phase-1 volume fraction = 0.249535  Min(alpha.water) = -1.27987e-19  Max(alpha.water) = 1
MULES: Correcting alpha.water
MULES: Correcting alpha.water
Phase-1 volume fraction = 0.249535  Min(alpha.water) = -4.94379e-08  Max(alpha.water) = 1
DICPCG:  Solving for p_rgh, Initial residual = 0.0214979, Final residual = 0.000672722, No Iterations 2
time step continuity errors : sum local = 0.000696239, global = -6.67829e-05, cumulative = -0.00112724
DICPCG:  Solving for p_rgh, Initial residual = 0.000784527, Final residual = 3.5608e-05, No Iterations 8
time step continuity errors : sum local = 3.67682e-05, global = -8.99476e-07, cumulative = -0.00112814
DICPCG:  Solving for p_rgh, Initial residual = 0.000159034, Final residual = 9.31355e-08, No Iterations 47
time step continuity errors : sum local = 9.60728e-08, global = -1.46885e-08, cumulative = -0.00112816
ExecutionTime = 1.8 s  ClockTime = 4 s

Courant Number mean: 0.185442 max: 1.00554
Interface Courant Number mean: 0.0221414 max: 0.62015
deltaT = 0.00172194
Time = 0.365561

PIMPLE: iteration 1
smoothSolver:  Solving for alpha.water, Initial residual = 0.00315729, Final residual = 6.14214e-09, No Iterations 3
Phase-1 volume fraction = 0.249533  Min(alpha.water) = -1.23312e-19  Max(alpha.water) = 1
MULES: Correcting alpha.water
MULES: Correcting alpha.water
Phase-1 volume fraction = 0.249534  Min(alpha.water) = -2.48512e-06  Max(alpha.water) = 1
DICPCG:  Solving for p_rgh, Initial residual = 0.0206002, Final residual = 0.000637309, No Iterations 2
time step continuity errors : sum local = 0.000649986, global = -7.22532e-05, cumulative = -0.00120041
DICPCG:  Solving for p_rgh, Initial residual = 0.00072446, Final residual = 3.19994e-05, No Iterations 8
time step continuity errors : sum local = 3.2556e-05, global = -6.33988e-07, cumulative = -0.00120105
DICPCG:  Solving for p_rgh, Initial residual = 0.000147215, Final residual = 7.01637e-08, No Iterations 57
time step continuity errors : sum local = 7.1315e-08, global = 1.65226e-09, cumulative = -0.00120104
ExecutionTime = 1.81 s  ClockTime = 4 s

Courant Number mean: 0.185457 max: 1.00315
Interface Courant Number mean: 0.0230794 max: 0.64103
deltaT = 0.00172194
Time = 0.367283

PIMPLE: iteration 1
smoothSolver:  Solving for alpha.water, Initial residual = 0.00314575, Final residual = 5.94744e-09, No Iterations 3
Phase-1 volume fraction = 0.249531  Min(alpha.water) = -1.18943e-19  Max(alpha.water) = 1
MULES: Correcting alpha.water
MULES: Correcting alpha.water
Phase-1 volume fraction = 0.249531  Min(alpha.water) = -2.95135e-08  Max(alpha.water) = 1
DICPCG:  Solving for p_rgh, Initial residual = 0.0199653, Final residual = 0.000635759, No Iterations 2
time step continuity errors : sum local = 0.000643318, global = -7.8035e-05, cumulative = -0.00127908
DICPCG:  Solving for p_rgh, Initial residual = 0.00072546, Final residual = 3.54035e-05, No Iterations 8
time step continuity errors : sum local = 3.57266e-05, global = -4.13909e-07, cumulative = -0.00127949
DICPCG:  Solving for p_rgh, Initial residual = 0.000142617, Final residual = 6.54836e-08, No Iterations 57
time step continuity errors : sum local = 6.60352e-08, global = 1.06933e-09, cumulative = -0.00127949
ExecutionTime = 1.82 s  ClockTime = 4 s

Courant Number mean: 0.185441 max: 1.00916
Interface Courant Number mean: 0.0231536 max: 0.617629
deltaT = 0.00172194
Time = 0.369005

PIMPLE: iteration 1
smoothSolver:  Solving for alpha.water, Initial residual = 0.00309666, Final residual = 5.86821e-09, No Iterations 3
Phase-1 volume fraction = 0.249526  Min(alpha.water) = -1.1855e-19  Max(alpha.water) = 1
MULES: Correcting alpha.water
MULES: Correcting alpha.water
Phase-1 volume fraction = 0.249527  Min(alpha.water) = -2.04282e-07  Max(alpha.water) = 1
DICPCG:  Solving for p_rgh, Initial residual = 0.0219822, Final residual = 0.000694071, No Iterations 2
time step continuity errors : sum local = 0.000689376, global = -7.54318e-05, cumulative = -0.00135492
DICPCG:  Solving for p_rgh, Initial residual = 0.000802018, Final residual = 3.17195e-05, No Iterations 9
time step continuity errors : sum local = 3.14253e-05, global = 9.41901e-07, cumulative = -0.00135398
DICPCG:  Solving for p_rgh, Initial residual = 0.000156651, Final residual = 9.3953e-08, No Iterations 47
time step continuity errors : sum local = 9.29933e-08, global = 6.63902e-09, cumulative = -0.00135398
ExecutionTime = 1.84 s  ClockTime = 4 s

Courant Number mean: 0.185452 max: 1.01007
Interface Courant Number mean: 0.0233148 max: 0.631509
deltaT = 0.00172194
Time = 0.370727

PIMPLE: iteration 1
smoothSolver:  Solving for alpha.water, Initial residual = 0.00309253, Final residual = 5.72629e-09, No Iterations 3
Phase-1 volume fraction = 0.249519  Min(alpha.water) = -1.17947e-19  Max(alpha.water) = 1
MULES: Correcting alpha.water
MULES: Correcting alpha.water
Phase-1 volume fraction = 0.249521  Min(alpha.water) = -3.28133e-07  Max(alpha.water) = 1
DICPCG:  Solving for p_rgh, Initial residual = 0.0209517, Final residual = 0.000631455, No Iterations 2
time step continuity errors : sum local = 0.000617651, global = -6.7111e-05, cumulative = -0.00142109
DICPCG:  Solving for p_rgh, Initial residual = 0.000719824, Final residual = 3.08515e-05, No Iterations 9
time step continuity errors : sum local = 3.01188e-05, global = -8.17737e-06, cumulative = -0.00142926
DICPCG:  Solving for p_rgh, Initial residual = 0.000145491, Final residual = 8.52074e-08, No Iterations 57
time step continuity errors : sum local = 8.31141e-08, global = 3.2942e-09, cumulative = -0.00142926
ExecutionTime = 1.85 s  ClockTime = 4 s

Courant Number mean: 0.18516 max: 1.00719
Interface Courant Number mean: 0.0230652 max: 0.626346
deltaT = 0.00172194
Time = 0.372449

PIMPLE: iteration 1
smoothSolver:  Solving for alpha.water, Initial residual = 0.00308332, Final residual = 5.45213e-09, No Iterations 3
Phase-1 volume fraction = 0.249509  Min(alpha.water) = -1.17153e-19  Max(alpha.water) = 1
MULES: Correcting alpha.water
MULES: Correcting alpha.water
Phase-1 volume fraction = 0.249512  Min(alpha.water) = -1.68185e-07  Max(alpha.water) = 1
DICPCG:  Solving for p_rgh, Initial residual = 0.0209647, Final residual = 0.00060631, No Iterations 2
time step continuity errors : sum local = 0.000582644, global = -5.19174e-05, cumulative = -0.00148118
DICPCG:  Solving for p_rgh, Initial residual = 0.00069106, Final residual = 3.37291e-05, No Iterations 9
time step continuity errors : sum local = 3.23531e-05, global = 4.88022e-06, cumulative = -0.0014763
DICPCG:  Solving for p_rgh, Initial residual = 0.000145703, Final residual = 6.1282e-08, No Iterations 58
time step continuity errors : sum local = 5.87275e-08, global = -4.33636e-10, cumulative = -0.0014763
ExecutionTime = 1.86 s  ClockTime = 4 s

Courant Number mean: 0.185081 max: 1.0055
Interface Courant Number mean: 0.0230106 max: 0.600855
deltaT = 0.00172194
Time = 0.374171

PIMPLE: iteration 1
smoothSolver:  Solving for alpha.water, Initial residual = 0.00305004, Final residual = 5.0082e-09, No Iterations 3
Phase-1 volume fraction = 0.249494  Min(alpha.water) = -1.16182e-19  Max(alpha.water) = 1
MULES: Correcting alpha.water
MULES: Correcting alpha.water
Phase-1 volume fraction = 0.249498  Min(alpha.water) = -2.97925e-07  Max(alpha.water) = 1
DICPCG:  Solving for p_rgh, Initial residual = 0.0219149, Final residual = 0.000650309, No Iterations 2
time step continuity errors : sum local = 0.000621693, global = -5.35778e-05, cumulative = -0.00152988
DICPCG:  Solving for p_rgh, Initial residual = 0.000743154, Final residual = 3.2267e-05, No Iterations 9
time step continuity errors : sum local = 3.07622e-05, global = -2.83754e-06, cumulative = -0.00153271
DICPCG:  Solving for p_rgh, Initial residual = 0.000154065, Final residual = 9.46589e-08, No Iterations 57
time step continuity errors : sum local = 9.01623e-08, global = 3.32845e-09, cumulative = -0.00153271
ExecutionTime = 1.87 s  ClockTime = 4 s

Courant Number mean: 0.184945 max: 1.00487
Interface Courant Number mean: 0.0232619 max: 0.613782
deltaT = 0.00172194
Time = 0.375893

PIMPLE: iteration 1
smoothSolver:  Solving for alpha.water, Initial residual = 0.00303864, Final residual = 4.79973e-09, No Iterations 3
Phase-1 volume fraction = 0.249471  Min(alpha.water) = -1.1505e-19  Max(alpha.water) = 1
MULES: Correcting alpha.water
MULES: Correcting alpha.water
Phase-1 volume fraction = 0.249477  Min(alpha.water) = -6.39186e-07  Max(alpha.water) = 1
DICPCG:  Solving for p_rgh, Initial residual = 0.021142, Final residual = 0.000632426, No Iterations 2
time step continuity errors : sum local = 0.000594422, global = -4.33713e-05, cumulative = -0.00157608
DICPCG:  Solving for p_rgh, Initial residual = 0.000730453, Final residual = 3.19625e-05, No Iterations 9
time step continuity errors : sum local = 2.99863e-05, global = -2.75443e-07, cumulative = -0.00157636
DICPCG:  Solving for p_rgh, Initial residual = 0.000155511, Final residual = 8.21316e-08, No Iterations 47
time step continuity errors : sum local = 7.69847e-08, global = -1.69983e-08, cumulative = -0.00157637
ExecutionTime = 1.88 s  ClockTime = 4 s

Courant Number mean: 0.184845 max: 1.01054
Interface Courant Number mean: 0.0231518 max: 0.615489
deltaT = 0.00172194
Time = 0.377615

PIMPLE: iteration 1
smoothSolver:  Solving for alpha.water, Initial residual = 0.00306581, Final residual = 4.42696e-09, No Iterations 3
Phase-1 volume fraction = 0.249441  Min(alpha.water) = -1.13772e-19  Max(alpha.water) = 1
MULES: Correcting alpha.water
MULES: Correcting alpha.water
Phase-1 volume fraction = 0.249448  Min(alpha.water) = -3.2488e-07  Max(alpha.water) = 1
DICPCG:  Solving for p_rgh, Initial residual = 0.0203647, Final residual = 0.000597085, No Iterations 2
time step continuity errors : sum local = 0.000558748, global = -3.39781e-05, cumulative = -0.00161035
DICPCG:  Solving for p_rgh, Initial residual = 0.000690591, Final residual = 2.63787e-05, No Iterations 10
time step continuity errors : sum local = 2.46084e-05, global = 2.55162e-06, cumulative = -0.0016078
DICPCG:  Solving for p_rgh, Initial residual = 0.000148855, Final residual = 9.84334e-08, No Iterations 47
time step continuity errors : sum local = 9.1745e-08, global = -8.12456e-09, cumulative = -0.00160781
ExecutionTime = 1.89 s  ClockTime = 4 s

Courant Number mean: 0.184916 max: 1.02154
Interface Courant Number mean: 0.0230689 max: 0.639297
deltaT = 0.00172194
Time = 0.379337

PIMPLE: iteration 1
smoothSolver:  Solving for alpha.water, Initial residual = 0.00303015, Final residual = 4.00393e-09, No Iterations 3
Phase-1 volume fraction = 0.2494  Min(alpha.water) = -1.12362e-19  Max(alpha.water) = 1
MULES: Correcting alpha.water
MULES: Correcting alpha.water
Phase-1 volume fraction = 0.249406  Min(alpha.water) = -4.75536e-08  Max(alpha.water) = 1
DICPCG:  Solving for p_rgh, Initial residual = 0.0217522, Final residual = 0.000624411, No Iterations 2
time step continuity errors : sum local = 0.000579441, global = -2.60557e-05, cumulative = -0.00163386
DICPCG:  Solving for p_rgh, Initial residual = 0.000725646, Final residual = 3.08572e-05, No Iterations 10
time step continuity errors : sum local = 2.85241e-05, global = 2.15482e-06, cumulative = -0.00163171
DICPCG:  Solving for p_rgh, Initial residual = 0.000159244, Final residual = 8.30909e-08, No Iterations 42
time step continuity errors : sum local = 7.67335e-08, global = -1.15973e-09, cumulative = -0.00163171
ExecutionTime = 1.89 s  ClockTime = 4 s

Courant Number mean: 0.185049 max: 1.03524
Interface Courant Number mean: 0.0231086 max: 0.618856
deltaT = 0.00172194
Time = 0.381059

PIMPLE: iteration 1
smoothSolver:  Solving for alpha.water, Initial residual = 0.00300255, Final residual = 3.66036e-09, No Iterations 3
Phase-1 volume fraction = 0.249343  Min(alpha.water) = -1.10831e-19  Max(alpha.water) = 1
MULES: Correcting alpha.water
MULES: Correcting alpha.water
Phase-1 volume fraction = 0.249348  Min(alpha.water) = -1.57389e-07  Max(alpha.water) = 1
DICPCG:  Solving for p_rgh, Initial residual = 0.0218695, Final residual = 0.000682019, No Iterations 2
time step continuity errors : sum local = 0.000624109, global = -1.5523e-05, cumulative = -0.00164723
DICPCG:  Solving for p_rgh, Initial residual = 0.00079289, Final residual = 3.8712e-05, No Iterations 10
time step continuity errors : sum local = 3.5271e-05, global = 6.66894e-06, cumulative = -0.00164056
DICPCG:  Solving for p_rgh, Initial residual = 0.000177247, Final residual = 8.01438e-08, No Iterations 59
time step continuity errors : sum local = 7.2941e-08, global = -2.93094e-09, cumulative = -0.00164057
ExecutionTime = 1.91 s  ClockTime = 4 s

Courant Number mean: 0.185522 max: 1.05098
Interface Courant Number mean: 0.0238295 max: 0.658474
deltaT = 0.00157844
Time = 0.382637

PIMPLE: iteration 1
smoothSolver:  Solving for alpha.water, Initial residual = 0.00273023, Final residual = 2.36182e-09, No Iterations 3
Phase-1 volume fraction = 0.249274  Min(alpha.water) = -1.09332e-19  Max(alpha.water) = 1
MULES: Correcting alpha.water
MULES: Correcting alpha.water
Phase-1 volume fraction = 0.249275  Min(alpha.water) = -7.62515e-07  Max(alpha.water) = 1
DICPCG:  Solving for p_rgh, Initial residual = 0.0189083, Final residual = 0.000588381, No Iterations 2
time step continuity errors : sum local = 0.000462951, global = -6.91e-06, cumulative = -0.00164748
DICPCG:  Solving for p_rgh, Initial residual = 0.000672442, Final residual = 3.28656e-05, No Iterations 12
time step continuity errors : sum local = 2.58015e-05, global = 7.18734e-06, cumulative = -0.00164029
DICPCG:  Solving for p_rgh, Initial residual = 0.000150147, Final residual = 6.85906e-08, No Iterations 59
time step continuity errors : sum local = 5.37953e-08, global = 2.24089e-10, cumulative = -0.00164029
ExecutionTime = 1.92 s  ClockTime = 4 s

Courant Number mean: 0.171027 max: 0.979012
Interface Courant Number mean: 0.0210258 max: 0.604036
deltaT = 0.00157844
Time = 0.384216

PIMPLE: iteration 1
smoothSolver:  Solving for alpha.water, Initial residual = 0.00269371, Final residual = 2.52083e-09, No Iterations 3
Phase-1 volume fraction = 0.249185  Min(alpha.water) = -1.07743e-19  Max(alpha.water) = 1
MULES: Correcting alpha.water
MULES: Correcting alpha.water
Phase-1 volume fraction = 0.249184  Min(alpha.water) = -8.2435e-07  Max(alpha.water) = 1
DICPCG:  Solving for p_rgh, Initial residual = 0.0198443, Final residual = 0.000550633, No Iterations 2
time step continuity errors : sum local = 0.000437729, global = -3.00985e-06, cumulative = -0.0016433
DICPCG:  Solving for p_rgh, Initial residual = 0.000649086, Final residual = 2.95474e-05, No Iterations 13
time step continuity errors : sum local = 2.33643e-05, global = 6.59813e-06, cumulative = -0.0016367
DICPCG:  Solving for p_rgh, Initial residual = 0.000155996, Final residual = 6.82936e-08, No Iterations 59
time step continuity errors : sum local = 5.39391e-08, global = -2.7501e-09, cumulative = -0.0016367
ExecutionTime = 1.93 s  ClockTime = 4 s

Courant Number mean: 0.172472 max: 0.996461
Interface Courant Number mean: 0.0206887 max: 0.648768
deltaT = 0.00157844
Time = 0.385794

PIMPLE: iteration 1
smoothSolver:  Solving for alpha.water, Initial residual = 0.00265992, Final residual = 2.62298e-09, No Iterations 3
Phase-1 volume fraction = 0.249083  Min(alpha.water) = -1.0607e-19  Max(alpha.water) = 1
MULES: Correcting alpha.water
MULES: Correcting alpha.water
Phase-1 volume fraction = 0.24908  Min(alpha.water) = -7.13405e-07  Max(alpha.water) = 1
DICPCG:  Solving for p_rgh, Initial residual = 0.0203679, Final residual = 0.000591201, No Iterations 2
time step continuity errors : sum local = 0.00047102, global = -1.06513e-07, cumulative = -0.00163681
DICPCG:  Solving for p_rgh, Initial residual = 0.000685837, Final residual = 3.15395e-05, No Iterations 13
time step continuity errors : sum local = 2.49668e-05, global = 5.7246e-06, cumulative = -0.00163109
DICPCG:  Solving for p_rgh, Initial residual = 0.000163809, Final residual = 7.12571e-08, No Iterations 59
time step continuity errors : sum local = 5.63449e-08, global = -2.95108e-09, cumulative = -0.00163109
ExecutionTime = 1.94 s  ClockTime = 4 s

Courant Number mean: 0.174485 max: 1.02118
Interface Courant Number mean: 0.0199291 max: 0.661615
deltaT = 0.00157844
Time = 0.387372

PIMPLE: iteration 1
smoothSolver:  Solving for alpha.water, Initial residual = 0.00262796, Final residual = 2.78159e-09, No Iterations 3
Phase-1 volume fraction = 0.248975  Min(alpha.water) = -1.04343e-19  Max(alpha.water) = 1
MULES: Correcting alpha.water
MULES: Correcting alpha.water
Phase-1 volume fraction = 0.248971  Min(alpha.water) = -4.50122e-07  Max(alpha.water) = 1
DICPCG:  Solving for p_rgh, Initial residual = 0.0194652, Final residual = 0.000571853, No Iterations 2
time step continuity errors : sum local = 0.000448379, global = 8.30964e-06, cumulative = -0.00162278
DICPCG:  Solving for p_rgh, Initial residual = 0.00067437, Final residual = 3.12174e-05, No Iterations 13
time step continuity errors : sum local = 2.4356e-05, global = 6.78325e-06, cumulative = -0.001616
DICPCG:  Solving for p_rgh, Initial residual = 0.000162431, Final residual = 7.45285e-08, No Iterations 59
time step continuity errors : sum local = 5.80837e-08, global = -2.18849e-09, cumulative = -0.001616
ExecutionTime = 1.95 s  ClockTime = 4 s

Courant Number mean: 0.177093 max: 1.05516
Interface Courant Number mean: 0.02007 max: 0.710491
deltaT = 0.00157844
Time = 0.388951

PIMPLE: iteration 1
smoothSolver:  Solving for alpha.water, Initial residual = 0.00258134, Final residual = 3.1881e-09, No Iterations 3
Phase-1 volume fraction = 0.248862  Min(alpha.water) = -9.30969e-10  Max(alpha.water) = 1
MULES: Correcting alpha.water
MULES: Correcting alpha.water
Phase-1 volume fraction = 0.248861  Min(alpha.water) = -2.96667e-07  Max(alpha.water) = 1
DICPCG:  Solving for p_rgh, Initial residual = 0.0188589, Final residual = 0.000516502, No Iterations 2
time step continuity errors : sum local = 0.000398173, global = -1.27539e-06, cumulative = -0.00161727
DICPCG:  Solving for p_rgh, Initial residual = 0.000629822, Final residual = 3.06747e-05, No Iterations 10
time step continuity errors : sum local = 2.35074e-05, global = -6.5465e-06, cumulative = -0.00162382
DICPCG:  Solving for p_rgh, Initial residual = 0.000147007, Final residual = 9.93856e-08, No Iterations 57
time step continuity errors : sum local = 7.61148e-08, global = 1.46486e-09, cumulative = -0.00162382
ExecutionTime = 1.96 s  ClockTime = 4 s

Courant Number mean: 0.179549 max: 1.08625
Interface Courant Number mean: 0.0194006 max: 0.748375
deltaT = 0.00138114
Time = 0.390332

PIMPLE: iteration 1
smoothSolver:  Solving for alpha.water, Initial residual = 0.00222267, Final residual = 1.83194e-09, No Iterations 3
Phase-1 volume fraction = 0.248772  Min(alpha.water) = -8.71423e-10  Max(alpha.water) = 1
MULES: Correcting alpha.water
MULES: Correcting alpha.water
Phase-1 volume fraction = 0.248773  Min(alpha.water) = -3.68543e-07  Max(alpha.water) = 1
DICPCG:  Solving for p_rgh, Initial residual = 0.0157316, Final residual = 0.000428194, No Iterations 2
time step continuity errors : sum local = 0.000262407, global = -1.69385e-05, cumulative = -0.00164076
DICPCG:  Solving for p_rgh, Initial residual = 0.000514387, Final residual = 2.09753e-05, No Iterations 29
time step continuity errors : sum local = 1.27808e-05, global = -2.29929e-06, cumulative = -0.00164306
DICPCG:  Solving for p_rgh, Initial residual = 0.000109837, Final residual = 9.91029e-08, No Iterations 57
time step continuity errors : sum local = 6.0427e-08, global = 7.32619e-10, cumulative = -0.00164306
ExecutionTime = 1.97 s  ClockTime = 4 s

Courant Number mean: 0.158614 max: 0.971557
Interface Courant Number mean: 0.0167253 max: 0.673976
deltaT = 0.00138114
Time = 0.391713

PIMPLE: iteration 1
smoothSolver:  Solving for alpha.water, Initial residual = 0.0021865, Final residual = 2.00765e-09, No Iterations 3
Phase-1 volume fraction = 0.248691  Min(alpha.water) = -8.10116e-10  Max(alpha.water) = 1
MULES: Correcting alpha.water
MULES: Correcting alpha.water
Phase-1 volume fraction = 0.248689  Min(alpha.water) = -8.45825e-07  Max(alpha.water) = 1
DICPCG:  Solving for p_rgh, Initial residual = 0.016633, Final residual = 0.000438065, No Iterations 2
time step continuity errors : sum local = 0.000262955, global = -4.89266e-06, cumulative = -0.00164795
DICPCG:  Solving for p_rgh, Initial residual = 0.00052416, Final residual = 2.50533e-05, No Iterations 28
time step continuity errors : sum local = 1.49513e-05, global = -2.34993e-06, cumulative = -0.0016503
DICPCG:  Solving for p_rgh, Initial residual = 0.000115851, Final residual = 8.22492e-08, No Iterations 57
time step continuity errors : sum local = 4.90887e-08, global = -2.723e-10, cumulative = -0.0016503
ExecutionTime = 1.98 s  ClockTime = 4 s

Courant Number mean: 0.159836 max: 0.991181
Interface Courant Number mean: 0.0166253 max: 0.683794
deltaT = 0.00138114
Time = 0.393094

PIMPLE: iteration 1
smoothSolver:  Solving for alpha.water, Initial residual = 0.00213691, Final residual = 2.17232e-09, No Iterations 3
Phase-1 volume fraction = 0.24861  Min(alpha.water) = -7.47662e-10  Max(alpha.water) = 1
MULES: Correcting alpha.water
MULES: Correcting alpha.water
Phase-1 volume fraction = 0.248607  Min(alpha.water) = -9.79758e-07  Max(alpha.water) = 1
DICPCG:  Solving for p_rgh, Initial residual = 0.0167743, Final residual = 0.000455317, No Iterations 2
time step continuity errors : sum local = 0.000266875, global = -1.49451e-05, cumulative = -0.00166524
DICPCG:  Solving for p_rgh, Initial residual = 0.000544807, Final residual = 2.28128e-05, No Iterations 29
time step continuity errors : sum local = 1.33017e-05, global = -2.17835e-06, cumulative = -0.00166742
DICPCG:  Solving for p_rgh, Initial residual = 0.000112399, Final residual = 8.64865e-08, No Iterations 57
time step continuity errors : sum local = 5.04594e-08, global = 3.20266e-09, cumulative = -0.00166742
ExecutionTime = 1.99 s  ClockTime = 4 s

Courant Number mean: 0.160618 max: 1.01641
Interface Courant Number mean: 0.0157828 max: 0.647242
deltaT = 0.00138114
Time = 0.394475

PIMPLE: iteration 1
smoothSolver:  Solving for alpha.water, Initial residual = 0.00210157, Final residual = 2.28958e-09, No Iterations 3
Phase-1 volume fraction = 0.24853  Min(alpha.water) = -6.80367e-10  Max(alpha.water) = 1
MULES: Correcting alpha.water
MULES: Correcting alpha.water
Phase-1 volume fraction = 0.248529  Min(alpha.water) = -7.45746e-07  Max(alpha.water) = 1
DICPCG:  Solving for p_rgh, Initial residual = 0.0164604, Final residual = 0.000428051, No Iterations 2
time step continuity errors : sum local = 0.000247261, global = -1.70012e-05, cumulative = -0.00168442
DICPCG:  Solving for p_rgh, Initial residual = 0.000509042, Final residual = 2.2662e-05, No Iterations 30
time step continuity errors : sum local = 1.30485e-05, global = -1.94994e-06, cumulative = -0.00168637
DICPCG:  Solving for p_rgh, Initial residual = 0.00011146, Final residual = 9.01486e-08, No Iterations 57
time step continuity errors : sum local = 5.19432e-08, global = 3.74172e-09, cumulative = -0.00168637
ExecutionTime = 2 s  ClockTime = 4 s

Courant Number mean: 0.160907 max: 1.03464
Interface Courant Number mean: 0.0155529 max: 0.660066
deltaT = 0.00138114
Time = 0.395857

PIMPLE: iteration 1
smoothSolver:  Solving for alpha.water, Initial residual = 0.00209986, Final residual = 2.32891e-09, No Iterations 3
Phase-1 volume fraction = 0.248458  Min(alpha.water) = -6.06094e-10  Max(alpha.water) = 1
MULES: Correcting alpha.water
MULES: Correcting alpha.water
Phase-1 volume fraction = 0.248457  Min(alpha.water) = -6.20031e-07  Max(alpha.water) = 1
DICPCG:  Solving for p_rgh, Initial residual = 0.0156124, Final residual = 0.000397036, No Iterations 2
time step continuity errors : sum local = 0.000228864, global = -2.09652e-05, cumulative = -0.00170733
DICPCG:  Solving for p_rgh, Initial residual = 0.000464762, Final residual = 2.02684e-05, No Iterations 31
time step continuity errors : sum local = 1.16545e-05, global = -1.14874e-06, cumulative = -0.00170848
DICPCG:  Solving for p_rgh, Initial residual = 0.000105605, Final residual = 9.26544e-08, No Iterations 55
time step continuity errors : sum local = 5.33088e-08, global = 1.18444e-09, cumulative = -0.00170848
ExecutionTime = 2.01 s  ClockTime = 4 s

Courant Number mean: 0.160603 max: 1.0454
Interface Courant Number mean: 0.0152521 max: 0.669813
deltaT = 0.00138114
Time = 0.397238

PIMPLE: iteration 1
smoothSolver:  Solving for alpha.water, Initial residual = 0.00207312, Final residual = 2.30201e-09, No Iterations 3
Phase-1 volume fraction = 0.248392  Min(alpha.water) = -5.30645e-10  Max(alpha.water) = 1
MULES: Correcting alpha.water
MULES: Correcting alpha.water
Phase-1 volume fraction = 0.248391  Min(alpha.water) = -6.11533e-07  Max(alpha.water) = 1
DICPCG:  Solving for p_rgh, Initial residual = 0.0148334, Final residual = 0.000384137, No Iterations 2
time step continuity errors : sum local = 0.000220279, global = -2.06149e-05, cumulative = -0.00172909
DICPCG:  Solving for p_rgh, Initial residual = 0.000448944, Final residual = 2.17445e-05, No Iterations 31
time step continuity errors : sum local = 1.24328e-05, global = -1.05488e-06, cumulative = -0.00173015
DICPCG:  Solving for p_rgh, Initial residual = 0.000102665, Final residual = 9.87223e-08, No Iterations 55
time step continuity errors : sum local = 5.64851e-08, global = 1.22458e-09, cumulative = -0.00173015
ExecutionTime = 2.03 s  ClockTime = 4 s

Courant Number mean: 0.159714 max: 1.04892
Interface Courant Number mean: 0.014607 max: 0.613505
deltaT = 0.00138114
Time = 0.398619

PIMPLE: iteration 1
smoothSolver:  Solving for alpha.water, Initial residual = 0.00204183, Final residual = 2.21842e-09, No Iterations 3
Phase-1 volume fraction = 0.248329  Min(alpha.water) = -4.58408e-10  Max(alpha.water) = 1
MULES: Correcting alpha.water
MULES: Correcting alpha.water
Phase-1 volume fraction = 0.248329  Min(alpha.water) = -6.30695e-07  Max(alpha.water) = 1
DICPCG:  Solving for p_rgh, Initial residual = 0.014073, Final residual = 0.000374838, No Iterations 2
time step continuity errors : sum local = 0.000214563, global = -1.53945e-05, cumulative = -0.00174554
DICPCG:  Solving for p_rgh, Initial residual = 0.000434371, Final residual = 2.16113e-05, No Iterations 29
time step continuity errors : sum local = 1.23291e-05, global = -2.31863e-06, cumulative = -0.00174786
DICPCG:  Solving for p_rgh, Initial residual = 9.75296e-05, Final residual = 8.85212e-08, No Iterations 44
time step continuity errors : sum local = 5.05126e-08, global = -2.26616e-09, cumulative = -0.00174786
ExecutionTime = 2.04 s  ClockTime = 4 s

Courant Number mean: 0.158371 max: 1.06132
Interface Courant Number mean: 0.0145394 max: 0.634319
deltaT = 0.00138114
Time = 0.4

PIMPLE: iteration 1
smoothSolver:  Solving for alpha.water, Initial residual = 0.00201087, Final residual = 2.16027e-09, No Iterations 3
Phase-1 volume fraction = 0.24827  Min(alpha.water) = -3.91713e-10  Max(alpha.water) = 1
MULES: Correcting alpha.water
MULES: Correcting alpha.water
Phase-1 volume fraction = 0.248267  Min(alpha.water) = -6.64156e-07  Max(alpha.water) = 1
DICPCG:  Solving for p_rgh, Initial residual = 0.0144151, Final residual = 0.00035594, No Iterations 2
time step continuity errors : sum local = 0.00020588, global = -9.05516e-06, cumulative = -0.00175692
DICPCG:  Solving for p_rgh, Initial residual = 0.000423918, Final residual = 1.75909e-05, No Iterations 29
time step continuity errors : sum local = 1.01411e-05, global = -1.9713e-06, cumulative = -0.00175889
DICPCG:  Solving for p_rgh, Initial residual = 9.01556e-05, Final residual = 8.39276e-08, No Iterations 45
time step continuity errors : sum local = 4.83807e-08, global = 1.09131e-09, cumulative = -0.00175889
ExecutionTime = 2.07 s  ClockTime = 4 s

Courant Number mean: 0.156661 max: 1.06509
Interface Courant Number mean: 0.0142126 max: 0.652594
deltaT = 0.00128205
Time = 0.401282

PIMPLE: iteration 1
smoothSolver:  Solving for alpha.water, Initial residual = 0.00184702, Final residual = 1.4254e-09, No Iterations 3
Phase-1 volume fraction = 0.248213  Min(alpha.water) = -3.35854e-10  Max(alpha.water) = 1
MULES: Correcting alpha.water
MULES: Correcting alpha.water
Phase-1 volume fraction = 0.24821  Min(alpha.water) = -5.37773e-07  Max(alpha.water) = 1
DICPCG:  Solving for p_rgh, Initial residual = 0.0127182, Final residual = 0.000330107, No Iterations 2
time step continuity errors : sum local = 0.000168082, global = -3.59703e-06, cumulative = -0.00176249
DICPCG:  Solving for p_rgh, Initial residual = 0.000381482, Final residual = 1.81917e-05, No Iterations 12
time step continuity errors : sum local = 9.23661e-06, global = -1.76023e-06, cumulative = -0.00176425
DICPCG:  Solving for p_rgh, Initial residual = 8.04801e-05, Final residual = 6.58845e-08, No Iterations 55
time step continuity errors : sum local = 3.34379e-08, global = -2.72607e-10, cumulative = -0.00176425
ExecutionTime = 2.09 s  ClockTime = 4 s

Courant Number mean: 0.143799 max: 0.986038
Interface Courant Number mean: 0.0131969 max: 0.63607
deltaT = 0.0013167
Time = 0.402599

PIMPLE: iteration 1
smoothSolver:  Solving for alpha.water, Initial residual = 0.00188773, Final residual = 1.55045e-09, No Iterations 3
Phase-1 volume fraction = 0.248156  Min(alpha.water) = -2.86415e-10  Max(alpha.water) = 1
MULES: Correcting alpha.water
MULES: Correcting alpha.water
Phase-1 volume fraction = 0.248154  Min(alpha.water) = -5.60425e-07  Max(alpha.water) = 1
DICPCG:  Solving for p_rgh, Initial residual = 0.0122615, Final residual = 0.000331779, No Iterations 2
time step continuity errors : sum local = 0.000176154, global = -3.11924e-06, cumulative = -0.00176737
DICPCG:  Solving for p_rgh, Initial residual = 0.000388253, Final residual = 1.87253e-05, No Iterations 11
time step continuity errors : sum local = 9.91054e-06, global = -1.84787e-06, cumulative = -0.00176921
DICPCG:  Solving for p_rgh, Initial residual = 8.28662e-05, Final residual = 9.13434e-08, No Iterations 49
time step continuity errors : sum local = 4.8308e-08, global = -2.23629e-09, cumulative = -0.00176922
ExecutionTime = 2.09 s  ClockTime = 4 s

Courant Number mean: 0.145774 max: 1.0028
Interface Courant Number mean: 0.0131513 max: 0.520128
deltaT = 0.0013167
Time = 0.403915

PIMPLE: iteration 1
smoothSolver:  Solving for alpha.water, Initial residual = 0.00188482, Final residual = 1.44217e-09, No Iterations 3
Phase-1 volume fraction = 0.248102  Min(alpha.water) = -2.43431e-10  Max(alpha.water) = 1
MULES: Correcting alpha.water
MULES: Correcting alpha.water
Phase-1 volume fraction = 0.248101  Min(alpha.water) = -5.19363e-07  Max(alpha.water) = 1
DICPCG:  Solving for p_rgh, Initial residual = 0.0117435, Final residual = 0.000332037, No Iterations 2
time step continuity errors : sum local = 0.000176718, global = -1.05636e-06, cumulative = -0.00177027
DICPCG:  Solving for p_rgh, Initial residual = 0.000395161, Final residual = 1.86589e-05, No Iterations 10
time step continuity errors : sum local = 9.89781e-06, global = -8.1035e-07, cumulative = -0.00177108
DICPCG:  Solving for p_rgh, Initial residual = 8.175e-05, Final residual = 9.8507e-08, No Iterations 54
time step continuity errors : sum local = 5.22262e-08, global = -2.61217e-09, cumulative = -0.00177109
ExecutionTime = 2.1 s  ClockTime = 4 s

Courant Number mean: 0.143753 max: 1.00338
Interface Courant Number mean: 0.0130787 max: 0.53993
deltaT = 0.0013167
Time = 0.405232

PIMPLE: iteration 1
smoothSolver:  Solving for alpha.water, Initial residual = 0.00188296, Final residual = 1.32861e-09, No Iterations 3
Phase-1 volume fraction = 0.248053  Min(alpha.water) = -2.06356e-10  Max(alpha.water) = 1
MULES: Correcting alpha.water
MULES: Correcting alpha.water
Phase-1 volume fraction = 0.248052  Min(alpha.water) = -3.0483e-07  Max(alpha.water) = 1
DICPCG:  Solving for p_rgh, Initial residual = 0.0120589, Final residual = 0.000334861, No Iterations 2
time step continuity errors : sum local = 0.000177264, global = -5.77417e-07, cumulative = -0.00177166
DICPCG:  Solving for p_rgh, Initial residual = 0.000407928, Final residual = 1.68971e-05, No Iterations 10
time step continuity errors : sum local = 8.91364e-06, global = -2.76358e-07, cumulative = -0.00177194
DICPCG:  Solving for p_rgh, Initial residual = 7.93327e-05, Final residual = 8.23219e-08, No Iterations 55
time step continuity errors : sum local = 4.34032e-08, global = -1.56919e-09, cumulative = -0.00177194
ExecutionTime = 2.11 s  ClockTime = 4 s

Courant Number mean: 0.141608 max: 1.00009
Interface Courant Number mean: 0.0127834 max: 0.558744
deltaT = 0.0013167
Time = 0.406549

PIMPLE: iteration 1
smoothSolver:  Solving for alpha.water, Initial residual = 0.00187321, Final residual = 1.20521e-09, No Iterations 3
Phase-1 volume fraction = 0.248006  Min(alpha.water) = -1.74947e-10  Max(alpha.water) = 1
MULES: Correcting alpha.water
MULES: Correcting alpha.water
Phase-1 volume fraction = 0.248006  Min(alpha.water) = -3.33742e-07  Max(alpha.water) = 1
DICPCG:  Solving for p_rgh, Initial residual = 0.0123267, Final residual = 0.000332815, No Iterations 2
time step continuity errors : sum local = 0.000176101, global = -6.83434e-06, cumulative = -0.00177877
DICPCG:  Solving for p_rgh, Initial residual = 0.000390844, Final residual = 1.78833e-05, No Iterations 11
time step continuity errors : sum local = 9.441e-06, global = -1.64879e-06, cumulative = -0.00178042
DICPCG:  Solving for p_rgh, Initial residual = 7.8532e-05, Final residual = 9.63522e-08, No Iterations 54
time step continuity errors : sum local = 5.08356e-08, global = -2.07896e-09, cumulative = -0.00178043
ExecutionTime = 2.12 s  ClockTime = 4 s

Courant Number mean: 0.139231 max: 0.990077
Interface Courant Number mean: 0.0128969 max: 0.573879
deltaT = 0.0013167
Time = 0.407866

PIMPLE: iteration 1
smoothSolver:  Solving for alpha.water, Initial residual = 0.00185754, Final residual = 1.06116e-09, No Iterations 3
Phase-1 volume fraction = 0.247962  Min(alpha.water) = -1.48634e-10  Max(alpha.water) = 1
MULES: Correcting alpha.water
MULES: Correcting alpha.water
Phase-1 volume fraction = 0.247961  Min(alpha.water) = -3.57574e-07  Max(alpha.water) = 1
DICPCG:  Solving for p_rgh, Initial residual = 0.013208, Final residual = 0.000326572, No Iterations 2
time step continuity errors : sum local = 0.000174892, global = -3.58835e-06, cumulative = -0.00178401
DICPCG:  Solving for p_rgh, Initial residual = 0.000380428, Final residual = 1.90048e-05, No Iterations 10
time step continuity errors : sum local = 1.01555e-05, global = -9.55043e-07, cumulative = -0.00178497
DICPCG:  Solving for p_rgh, Initial residual = 7.63254e-05, Final residual = 7.91184e-08, No Iterations 55
time step continuity errors : sum local = 4.22531e-08, global = -7.23462e-10, cumulative = -0.00178497
ExecutionTime = 2.13 s  ClockTime = 4 s

Courant Number mean: 0.1367 max: 0.977235
Interface Courant Number mean: 0.0126464 max: 0.584733
deltaT = 0.00135918
Time = 0.409225

PIMPLE: iteration 1
smoothSolver:  Solving for alpha.water, Initial residual = 0.00190357, Final residual = 1.05598e-09, No Iterations 3
Phase-1 volume fraction = 0.247916  Min(alpha.water) = -1.2609e-10  Max(alpha.water) = 1
MULES: Correcting alpha.water
MULES: Correcting alpha.water
Phase-1 volume fraction = 0.247916  Min(alpha.water) = -4.16576e-07  Max(alpha.water) = 1
DICPCG:  Solving for p_rgh, Initial residual = 0.0136009, Final residual = 0.000313858, No Iterations 2
time step continuity errors : sum local = 0.000177373, global = -1.65954e-06, cumulative = -0.00178663
DICPCG:  Solving for p_rgh, Initial residual = 0.000365127, Final residual = 1.80131e-05, No Iterations 10
time step continuity errors : sum local = 1.01672e-05, global = -6.32879e-07, cumulative = -0.00178726
DICPCG:  Solving for p_rgh, Initial residual = 7.33095e-05, Final residual = 9.62058e-08, No Iterations 55
time step continuity errors : sum local = 5.42663e-08, global = -3.85897e-10, cumulative = -0.00178726
ExecutionTime = 2.15 s  ClockTime = 4 s

Courant Number mean: 0.138265 max: 0.99629
Interface Courant Number mean: 0.0129403 max: 0.608643
deltaT = 0.00135918
Time = 0.410584

PIMPLE: iteration 1
smoothSolver:  Solving for alpha.water, Initial residual = 0.00189367, Final residual = 8.43347e-10, No Iterations 3
Phase-1 volume fraction = 0.247875  Min(alpha.water) = -1.07307e-10  Max(alpha.water) = 1
MULES: Correcting alpha.water
MULES: Correcting alpha.water
Phase-1 volume fraction = 0.247875  Min(alpha.water) = -4.26301e-07  Max(alpha.water) = 1
DICPCG:  Solving for p_rgh, Initial residual = 0.0137381, Final residual = 0.000286617, No Iterations 2
time step continuity errors : sum local = 0.000163688, global = -2.25134e-06, cumulative = -0.00178951
DICPCG:  Solving for p_rgh, Initial residual = 0.00034228, Final residual = 1.58378e-05, No Iterations 9
time step continuity errors : sum local = 9.04024e-06, global = 1.02633e-06, cumulative = -0.00178849
DICPCG:  Solving for p_rgh, Initial residual = 6.80041e-05, Final residual = 9.44708e-08, No Iterations 45
time step continuity errors : sum local = 5.38954e-08, global = -8.49919e-10, cumulative = -0.00178849
ExecutionTime = 2.16 s  ClockTime = 4 s

Courant Number mean: 0.135344 max: 0.987901
Interface Courant Number mean: 0.0128107 max: 0.611674
deltaT = 0.00135918
Time = 0.411943

PIMPLE: iteration 1
smoothSolver:  Solving for alpha.water, Initial residual = 0.00189134, Final residual = 6.43764e-10, No Iterations 3
Phase-1 volume fraction = 0.247836  Min(alpha.water) = -9.14043e-11  Max(alpha.water) = 1
MULES: Correcting alpha.water
MULES: Correcting alpha.water
Phase-1 volume fraction = 0.247837  Min(alpha.water) = -4.30872e-07  Max(alpha.water) = 1
DICPCG:  Solving for p_rgh, Initial residual = 0.0121974, Final residual = 0.000284503, No Iterations 2
time step continuity errors : sum local = 0.00016217, global = -1.57417e-06, cumulative = -0.00179006
DICPCG:  Solving for p_rgh, Initial residual = 0.000341461, Final residual = 1.52651e-05, No Iterations 9
time step continuity errors : sum local = 8.68896e-06, global = 2.23051e-06, cumulative = -0.00178783
DICPCG:  Solving for p_rgh, Initial residual = 6.45317e-05, Final residual = 8.19696e-08, No Iterations 45
time step continuity errors : sum local = 4.66312e-08, global = -2.63447e-09, cumulative = -0.00178783
ExecutionTime = 2.17 s  ClockTime = 4 s

Courant Number mean: 0.132455 max: 0.977222
Interface Courant Number mean: 0.0131736 max: 0.622544
deltaT = 0.00140952
Time = 0.413353

PIMPLE: iteration 1
smoothSolver:  Solving for alpha.water, Initial residual = 0.0019455, Final residual = 5.79598e-10, No Iterations 3
Phase-1 volume fraction = 0.247799  Min(alpha.water) = -7.73301e-11  Max(alpha.water) = 1
MULES: Correcting alpha.water
MULES: Correcting alpha.water
Phase-1 volume fraction = 0.2478  Min(alpha.water) = -4.36671e-07  Max(alpha.water) = 1
DICPCG:  Solving for p_rgh, Initial residual = 0.0120884, Final residual = 0.000291418, No Iterations 2
time step continuity errors : sum local = 0.00017804, global = -4.3384e-06, cumulative = -0.00179217
DICPCG:  Solving for p_rgh, Initial residual = 0.000353882, Final residual = 1.63771e-05, No Iterations 9
time step continuity errors : sum local = 9.98099e-06, global = 7.7625e-07, cumulative = -0.0017914
DICPCG:  Solving for p_rgh, Initial residual = 6.59095e-05, Final residual = 9.10641e-08, No Iterations 46
time step continuity errors : sum local = 5.54642e-08, global = 3.825e-10, cumulative = -0.0017914
ExecutionTime = 2.18 s  ClockTime = 4 s

Courant Number mean: 0.134207 max: 1.00071
Interface Courant Number mean: 0.0130417 max: 0.497103
deltaT = 0.00140952
Time = 0.414762

PIMPLE: iteration 1
smoothSolver:  Solving for alpha.water, Initial residual = 0.00192396, Final residual = 4.24184e-10, No Iterations 3
Phase-1 volume fraction = 0.247764  Min(alpha.water) = -6.52941e-11  Max(alpha.water) = 1
MULES: Correcting alpha.water
MULES: Correcting alpha.water
Phase-1 volume fraction = 0.247765  Min(alpha.water) = -6.23206e-08  Max(alpha.water) = 1
DICPCG:  Solving for p_rgh, Initial residual = 0.0115212, Final residual = 0.000300702, No Iterations 2
time step continuity errors : sum local = 0.000183345, global = -4.38753e-06, cumulative = -0.00179578
DICPCG:  Solving for p_rgh, Initial residual = 0.00036683, Final residual = 1.61138e-05, No Iterations 9
time step continuity errors : sum local = 9.79893e-06, global = 1.63339e-06, cumulative = -0.00179415
DICPCG:  Solving for p_rgh, Initial residual = 6.39836e-05, Final residual = 8.13936e-08, No Iterations 45
time step continuity errors : sum local = 4.94689e-08, global = -2.89775e-09, cumulative = -0.00179415
ExecutionTime = 2.2 s  ClockTime = 4 s

Courant Number mean: 0.131033 max: 0.98635
Interface Courant Number mean: 0.012983 max: 0.502165
deltaT = 0.00140952
Time = 0.416172

PIMPLE: iteration 1
smoothSolver:  Solving for alpha.water, Initial residual = 0.00189749, Final residual = 3.20583e-10, No Iterations 3
Phase-1 volume fraction = 0.247728  Min(alpha.water) = -5.50835e-11  Max(alpha.water) = 1
MULES: Correcting alpha.water
MULES: Correcting alpha.water
Phase-1 volume fraction = 0.247728  Min(alpha.water) = -1.32179e-07  Max(alpha.water) = 1
DICPCG:  Solving for p_rgh, Initial residual = 0.0122677, Final residual = 0.000326691, No Iterations 2
time step continuity errors : sum local = 0.000201494, global = -1.43234e-06, cumulative = -0.00179559
DICPCG:  Solving for p_rgh, Initial residual = 0.000393901, Final residual = 1.94252e-05, No Iterations 8
time step continuity errors : sum local = 1.19485e-05, global = 2.69168e-07, cumulative = -0.00179532
DICPCG:  Solving for p_rgh, Initial residual = 6.92879e-05, Final residual = 6.79979e-08, No Iterations 58
time step continuity errors : sum local = 4.18054e-08, global = 6.05812e-10, cumulative = -0.00179532
ExecutionTime = 2.21 s  ClockTime = 4 s

Courant Number mean: 0.12782 max: 0.970836
Interface Courant Number mean: 0.0129332 max: 0.505641
deltaT = 0.0014708
Time = 0.417642

PIMPLE: iteration 1
smoothSolver:  Solving for alpha.water, Initial residual = 0.00194996, Final residual = 3.31055e-10, No Iterations 3
Phase-1 volume fraction = 0.247688  Min(alpha.water) = -4.61486e-11  Max(alpha.water) = 1
MULES: Correcting alpha.water
MULES: Correcting alpha.water
Phase-1 volume fraction = 0.247688  Min(alpha.water) = -1.11893e-07  Max(alpha.water) = 1
DICPCG:  Solving for p_rgh, Initial residual = 0.0126722, Final residual = 0.000337722, No Iterations 2
time step continuity errors : sum local = 0.000228576, global = -4.76261e-06, cumulative = -0.00180008
DICPCG:  Solving for p_rgh, Initial residual = 0.000419151, Final residual = 1.84597e-05, No Iterations 10
time step continuity errors : sum local = 1.24615e-05, global = -1.85775e-06, cumulative = -0.00180194
DICPCG:  Solving for p_rgh, Initial residual = 7.3423e-05, Final residual = 7.79875e-08, No Iterations 57
time step continuity errors : sum local = 5.26074e-08, global = 3.2906e-10, cumulative = -0.00180194
ExecutionTime = 2.22 s  ClockTime = 4 s

Courant Number mean: 0.129679 max: 0.996298
Interface Courant Number mean: 0.0132156 max: 0.531126
deltaT = 0.0014708
Time = 0.419113

PIMPLE: iteration 1
smoothSolver:  Solving for alpha.water, Initial residual = 0.00193469, Final residual = 2.92675e-10, No Iterations 3
Phase-1 volume fraction = 0.247647  Min(alpha.water) = -3.86973e-11  Max(alpha.water) = 1
MULES: Correcting alpha.water
MULES: Correcting alpha.water
Phase-1 volume fraction = 0.247647  Min(alpha.water) = -7.36209e-08  Max(alpha.water) = 1
DICPCG:  Solving for p_rgh, Initial residual = 0.0127045, Final residual = 0.000313373, No Iterations 2
time step continuity errors : sum local = 0.000217493, global = 6.18419e-06, cumulative = -0.00179575
DICPCG:  Solving for p_rgh, Initial residual = 0.000392328, Final residual = 1.90291e-05, No Iterations 7
time step continuity errors : sum local = 1.317e-05, global = 2.48466e-06, cumulative = -0.00179327
DICPCG:  Solving for p_rgh, Initial residual = 7.16317e-05, Final residual = 8.87756e-08, No Iterations 46
time step continuity errors : sum local = 6.14139e-08, global = -1.87408e-09, cumulative = -0.00179327
ExecutionTime = 2.23 s  ClockTime = 4 s

Courant Number mean: 0.125988 max: 0.984657
Interface Courant Number mean: 0.0130177 max: 0.529405
deltaT = 0.0014708
Time = 0.420584

PIMPLE: iteration 1
smoothSolver:  Solving for alpha.water, Initial residual = 0.00192691, Final residual = 2.64767e-10, No Iterations 3
Phase-1 volume fraction = 0.247606  Min(alpha.water) = -3.24361e-11  Max(alpha.water) = 1
MULES: Correcting alpha.water
MULES: Correcting alpha.water
Phase-1 volume fraction = 0.247606  Min(alpha.water) = -4.89803e-08  Max(alpha.water) = 1
DICPCG:  Solving for p_rgh, Initial residual = 0.0126553, Final residual = 0.000297564, No Iterations 2
time step continuity errors : sum local = 0.000210365, global = 1.18618e-05, cumulative = -0.00178141
DICPCG:  Solving for p_rgh, Initial residual = 0.000366098, Final residual = 1.81597e-05, No Iterations 9
time step continuity errors : sum local = 1.28009e-05, global = 4.67667e-06, cumulative = -0.00177673
DICPCG:  Solving for p_rgh, Initial residual = 6.58945e-05, Final residual = 8.81252e-08, No Iterations 46
time step continuity errors : sum local = 6.20823e-08, global = 9.85915e-09, cumulative = -0.00177672
ExecutionTime = 2.25 s  ClockTime = 4 s

Courant Number mean: 0.122375 max: 0.966163
Interface Courant Number mean: 0.013048 max: 0.526249
deltaT = 0.00154821
Time = 0.422132

PIMPLE: iteration 1
smoothSolver:  Solving for alpha.water, Initial residual = 0.0020128, Final residual = 3.05342e-10, No Iterations 3
Phase-1 volume fraction = 0.247561  Min(alpha.water) = -2.69102e-11  Max(alpha.water) = 1
MULES: Correcting alpha.water
MULES: Correcting alpha.water
Phase-1 volume fraction = 0.247562  Min(alpha.water) = -3.73854e-08  Max(alpha.water) = 1
DICPCG:  Solving for p_rgh, Initial residual = 0.0135445, Final residual = 0.000289063, No Iterations 2
time step continuity errors : sum local = 0.000228715, global = 1.04867e-05, cumulative = -0.00176623
DICPCG:  Solving for p_rgh, Initial residual = 0.000354714, Final residual = 1.65989e-05, No Iterations 10
time step continuity errors : sum local = 1.30843e-05, global = 4.35126e-06, cumulative = -0.00176188
DICPCG:  Solving for p_rgh, Initial residual = 6.09026e-05, Final residual = 8.05296e-08, No Iterations 46
time step continuity errors : sum local = 6.34295e-08, global = -9.80746e-09, cumulative = -0.00176189
ExecutionTime = 2.26 s  ClockTime = 4 s

Courant Number mean: 0.124922 max: 0.988963
Interface Courant Number mean: 0.0137083 max: 0.55106
deltaT = 0.00154821
Time = 0.42368

PIMPLE: iteration 1
smoothSolver:  Solving for alpha.water, Initial residual = 0.00198843, Final residual = 2.70378e-10, No Iterations 3
Phase-1 volume fraction = 0.247515  Min(alpha.water) = -2.2261e-11  Max(alpha.water) = 1
MULES: Correcting alpha.water
MULES: Correcting alpha.water
Phase-1 volume fraction = 0.247514  Min(alpha.water) = -2.33023e-08  Max(alpha.water) = 1
DICPCG:  Solving for p_rgh, Initial residual = 0.013368, Final residual = 0.000288238, No Iterations 2
time step continuity errors : sum local = 0.000228819, global = 1.3509e-05, cumulative = -0.00174838
DICPCG:  Solving for p_rgh, Initial residual = 0.00035233, Final residual = 1.72478e-05, No Iterations 21
time step continuity errors : sum local = 1.36336e-05, global = 1.73308e-06, cumulative = -0.00174665
DICPCG:  Solving for p_rgh, Initial residual = 6.02253e-05, Final residual = 8.77492e-08, No Iterations 57
time step continuity errors : sum local = 6.92664e-08, global = -1.0484e-10, cumulative = -0.00174665
ExecutionTime = 2.27 s  ClockTime = 4 s

Courant Number mean: 0.121248 max: 0.970836
Interface Courant Number mean: 0.0135916 max: 0.546981
deltaT = 0.00154821
Time = 0.425229

PIMPLE: iteration 1
smoothSolver:  Solving for alpha.water, Initial residual = 0.00197584, Final residual = 2.41672e-10, No Iterations 3
Phase-1 volume fraction = 0.247466  Min(alpha.water) = -6.2219e-09  Max(alpha.water) = 1
MULES: Correcting alpha.water
MULES: Correcting alpha.water
Phase-1 volume fraction = 0.247465  Min(alpha.water) = -1.38169e-08  Max(alpha.water) = 1
DICPCG:  Solving for p_rgh, Initial residual = 0.0129511, Final residual = 0.000296315, No Iterations 2
time step continuity errors : sum local = 0.000233735, global = 1.19364e-05, cumulative = -0.00173471
DICPCG:  Solving for p_rgh, Initial residual = 0.000361292, Final residual = 1.79501e-05, No Iterations 10
time step continuity errors : sum local = 1.40997e-05, global = 4.77758e-06, cumulative = -0.00172994
DICPCG:  Solving for p_rgh, Initial residual = 5.77543e-05, Final residual = 9.93401e-08, No Iterations 55
time step continuity errors : sum local = 7.79748e-08, global = -8.05112e-10, cumulative = -0.00172994
ExecutionTime = 2.29 s  ClockTime = 4 s

Courant Number mean: 0.117697 max: 0.949329
Interface Courant Number mean: 0.0134132 max: 0.543671
deltaT = 0.00165142
Time = 0.42688

PIMPLE: iteration 1
smoothSolver:  Solving for alpha.water, Initial residual = 0.00209433, Final residual = 2.93127e-10, No Iterations 3
Phase-1 volume fraction = 0.247412  Min(alpha.water) = -7.167e-10  Max(alpha.water) = 1
MULES: Correcting alpha.water
MULES: Correcting alpha.water
Phase-1 volume fraction = 0.247412  Min(alpha.water) = -1.97566e-08  Max(alpha.water) = 1
DICPCG:  Solving for p_rgh, Initial residual = 0.0131146, Final residual = 0.000317013, No Iterations 2
time step continuity errors : sum local = 0.000278929, global = 1.64294e-05, cumulative = -0.00171351
DICPCG:  Solving for p_rgh, Initial residual = 0.000382501, Final residual = 1.81307e-05, No Iterations 10
time step continuity errors : sum local = 1.58727e-05, global = 5.43663e-06, cumulative = -0.00170807
DICPCG:  Solving for p_rgh, Initial residual = 6.26732e-05, Final residual = 7.8269e-08, No Iterations 57
time step continuity errors : sum local = 6.84623e-08, global = 5.10597e-11, cumulative = -0.00170807
ExecutionTime = 2.3 s  ClockTime = 5 s

Courant Number mean: 0.121699 max: 0.977529
Interface Courant Number mean: 0.0141727 max: 0.579427
deltaT = 0.00165142
Time = 0.428532

PIMPLE: iteration 1
smoothSolver:  Solving for alpha.water, Initial residual = 0.00207712, Final residual = 2.4162e-10, No Iterations 3
Phase-1 volume fraction = 0.247358  Min(alpha.water) = -1.20432e-11  Max(alpha.water) = 1
MULES: Correcting alpha.water
MULES: Correcting alpha.water
Phase-1 volume fraction = 0.247358  Min(alpha.water) = -1.70274e-08  Max(alpha.water) = 1
DICPCG:  Solving for p_rgh, Initial residual = 0.0130396, Final residual = 0.000318876, No Iterations 2
time step continuity errors : sum local = 0.000283502, global = 1.91791e-05, cumulative = -0.00168889
DICPCG:  Solving for p_rgh, Initial residual = 0.000383808, Final residual = 1.81403e-05, No Iterations 21
time step continuity errors : sum local = 1.60364e-05, global = 1.53659e-06, cumulative = -0.00168736
DICPCG:  Solving for p_rgh, Initial residual = 6.34113e-05, Final residual = 8.02899e-08, No Iterations 57
time step continuity errors : sum local = 7.08681e-08, global = -2.92787e-10, cumulative = -0.00168736
ExecutionTime = 2.31 s  ClockTime = 5 s

Courant Number mean: 0.11809 max: 0.93734
Interface Courant Number mean: 0.0142015 max: 0.578964
deltaT = 0.00178904
Time = 0.430321

PIMPLE: iteration 1
smoothSolver:  Solving for alpha.water, Initial residual = 0.00223394, Final residual = 3.07341e-10, No Iterations 3
Phase-1 volume fraction = 0.247301  Min(alpha.water) = -5.45135e-11  Max(alpha.water) = 1
MULES: Correcting alpha.water
MULES: Correcting alpha.water
Phase-1 volume fraction = 0.2473  Min(alpha.water) = -6.47148e-08  Max(alpha.water) = 1
DICPCG:  Solving for p_rgh, Initial residual = 0.0142171, Final residual = 0.00034958, No Iterations 2
time step continuity errors : sum local = 0.000353631, global = 2.54215e-05, cumulative = -0.00166193
DICPCG:  Solving for p_rgh, Initial residual = 0.000422341, Final residual = 1.87892e-05, No Iterations 10
time step continuity errors : sum local = 1.88897e-05, global = 6.31952e-06, cumulative = -0.00165562
DICPCG:  Solving for p_rgh, Initial residual = 6.90723e-05, Final residual = 9.50644e-08, No Iterations 56
time step continuity errors : sum local = 9.54849e-08, global = -1.16721e-09, cumulative = -0.00165562
ExecutionTime = 2.33 s  ClockTime = 5 s

Courant Number mean: 0.123879 max: 0.982119
Interface Courant Number mean: 0.0151524 max: 0.630633
deltaT = 0.00178904
Time = 0.43211

PIMPLE: iteration 1
smoothSolver:  Solving for alpha.water, Initial residual = 0.0022182, Final residual = 2.56491e-10, No Iterations 3
Phase-1 volume fraction = 0.247245  Min(alpha.water) = -4.21817e-11  Max(alpha.water) = 1
MULES: Correcting alpha.water
MULES: Correcting alpha.water
Phase-1 volume fraction = 0.247244  Min(alpha.water) = -2.38489e-08  Max(alpha.water) = 1
DICPCG:  Solving for p_rgh, Initial residual = 0.014208, Final residual = 0.000373725, No Iterations 2
time step continuity errors : sum local = 0.000376095, global = 2.74626e-05, cumulative = -0.00162815
DICPCG:  Solving for p_rgh, Initial residual = 0.000446794, Final residual = 2.09252e-05, No Iterations 10
time step continuity errors : sum local = 2.0937e-05, global = 7.56975e-06, cumulative = -0.00162058
DICPCG:  Solving for p_rgh, Initial residual = 7.30909e-05, Final residual = 8.32007e-08, No Iterations 47
time step continuity errors : sum local = 8.31859e-08, global = 1.45874e-09, cumulative = -0.00162058
ExecutionTime = 2.34 s  ClockTime = 5 s

Courant Number mean: 0.120085 max: 0.952567
Interface Courant Number mean: 0.0151604 max: 0.632303
deltaT = 0.00178904
Time = 0.433899

PIMPLE: iteration 1
smoothSolver:  Solving for alpha.water, Initial residual = 0.00220662, Final residual = 2.22416e-10, No Iterations 3
Phase-1 volume fraction = 0.24719  Min(alpha.water) = -3.3015e-11  Max(alpha.water) = 1
MULES: Correcting alpha.water
MULES: Correcting alpha.water
Phase-1 volume fraction = 0.247189  Min(alpha.water) = -1.78461e-08  Max(alpha.water) = 1
DICPCG:  Solving for p_rgh, Initial residual = 0.0141884, Final residual = 0.00038345, No Iterations 2
time step continuity errors : sum local = 0.000387066, global = 2.44746e-05, cumulative = -0.00159611
DICPCG:  Solving for p_rgh, Initial residual = 0.000453618, Final residual = 2.05724e-05, No Iterations 9
time step continuity errors : sum local = 2.06556e-05, global = 6.23666e-06, cumulative = -0.00158987
DICPCG:  Solving for p_rgh, Initial residual = 7.39691e-05, Final residual = 9.73508e-08, No Iterations 55
time step continuity errors : sum local = 9.76699e-08, global = -2.50403e-09, cumulative = -0.00158987
ExecutionTime = 2.35 s  ClockTime = 5 s

Courant Number mean: 0.116439 max: 0.917516
Interface Courant Number mean: 0.0149719 max: 0.633112
deltaT = 0.00201267
Time = 0.435911

PIMPLE: iteration 1
smoothSolver:  Solving for alpha.water, Initial residual = 0.00246387, Final residual = 3.8023e-10, No Iterations 3
Phase-1 volume fraction = 0.247132  Min(alpha.water) = -2.54548e-11  Max(alpha.water) = 1
MULES: Correcting alpha.water
MULES: Correcting alpha.water
Phase-1 volume fraction = 0.247131  Min(alpha.water) = -5.84618e-08  Max(alpha.water) = 1
DICPCG:  Solving for p_rgh, Initial residual = 0.0154923, Final residual = 0.000431585, No Iterations 2
time step continuity errors : sum local = 0.00053104, global = 3.22851e-05, cumulative = -0.00155759
DICPCG:  Solving for p_rgh, Initial residual = 0.000508402, Final residual = 2.27465e-05, No Iterations 9
time step continuity errors : sum local = 2.78374e-05, global = 8.61973e-06, cumulative = -0.00154897
DICPCG:  Solving for p_rgh, Initial residual = 8.51154e-05, Final residual = 7.87399e-08, No Iterations 48
time step continuity errors : sum local = 9.6276e-08, global = 3.81042e-09, cumulative = -0.00154897
ExecutionTime = 2.36 s  ClockTime = 5 s

Courant Number mean: 0.126629 max: 0.98801
Interface Courant Number mean: 0.0161203 max: 0.716937
deltaT = 0.00201267
Time = 0.437924

PIMPLE: iteration 1
smoothSolver:  Solving for alpha.water, Initial residual = 0.00245113, Final residual = 3.2858e-10, No Iterations 3
Phase-1 volume fraction = 0.247076  Min(alpha.water) = -1.98672e-11  Max(alpha.water) = 1
MULES: Correcting alpha.water
MULES: Correcting alpha.water
Phase-1 volume fraction = 0.247075  Min(alpha.water) = -7.60962e-08  Max(alpha.water) = 1
DICPCG:  Solving for p_rgh, Initial residual = 0.0149282, Final residual = 0.000437889, No Iterations 2
time step continuity errors : sum local = 0.000539149, global = 3.3779e-05, cumulative = -0.00151519
DICPCG:  Solving for p_rgh, Initial residual = 0.000511675, Final residual = 2.17565e-05, No Iterations 9
time step continuity errors : sum local = 2.66571e-05, global = 8.72196e-06, cumulative = -0.00150646
DICPCG:  Solving for p_rgh, Initial residual = 8.17412e-05, Final residual = 7.28078e-08, No Iterations 56
time step continuity errors : sum local = 8.91419e-08, global = -2.00334e-09, cumulative = -0.00150647
ExecutionTime = 2.38 s  ClockTime = 5 s

Courant Number mean: 0.122518 max: 0.950914
Interface Courant Number mean: 0.0157878 max: 0.7189
deltaT = 0.00201267
Time = 0.439937

PIMPLE: iteration 1
smoothSolver:  Solving for alpha.water, Initial residual = 0.00244219, Final residual = 2.88718e-10, No Iterations 3
Phase-1 volume fraction = 0.247024  Min(alpha.water) = -1.8161e-11  Max(alpha.water) = 1
MULES: Correcting alpha.water
MULES: Correcting alpha.water
Phase-1 volume fraction = 0.247023  Min(alpha.water) = -7.26685e-08  Max(alpha.water) = 1
DICPCG:  Solving for p_rgh, Initial residual = 0.0143645, Final residual = 0.000444744, No Iterations 2
time step continuity errors : sum local = 0.00054592, global = 3.63606e-05, cumulative = -0.00147011
DICPCG:  Solving for p_rgh, Initial residual = 0.000521706, Final residual = 2.24308e-05, No Iterations 9
time step continuity errors : sum local = 2.74105e-05, global = 8.95311e-06, cumulative = -0.00146115
DICPCG:  Solving for p_rgh, Initial residual = 7.87135e-05, Final residual = 9.82151e-08, No Iterations 55
time step continuity errors : sum local = 1.19924e-07, global = -2.73726e-09, cumulative = -0.00146116
ExecutionTime = 2.39 s  ClockTime = 5 s

Courant Number mean: 0.118689 max: 0.950604
Interface Courant Number mean: 0.0155377 max: 0.72225
deltaT = 0.00201267
Time = 0.441949

PIMPLE: iteration 1
smoothSolver:  Solving for alpha.water, Initial residual = 0.00243727, Final residual = 2.64288e-10, No Iterations 3
Phase-1 volume fraction = 0.246976  Min(alpha.water) = -1.63694e-11  Max(alpha.water) = 1
MULES: Correcting alpha.water
MULES: Correcting alpha.water
Phase-1 volume fraction = 0.246975  Min(alpha.water) = -6.42487e-07  Max(alpha.water) = 1
DICPCG:  Solving for p_rgh, Initial residual = 0.0140888, Final residual = 0.000442314, No Iterations 2
time step continuity errors : sum local = 0.000544923, global = 3.37803e-05, cumulative = -0.00142737
DICPCG:  Solving for p_rgh, Initial residual = 0.000514812, Final residual = 2.17704e-05, No Iterations 9
time step continuity errors : sum local = 2.67008e-05, global = 6.43406e-06, cumulative = -0.00142094
DICPCG:  Solving for p_rgh, Initial residual = 7.66262e-05, Final residual = 9.08477e-08, No Iterations 55
time step continuity errors : sum local = 1.11333e-07, global = -1.64463e-09, cumulative = -0.00142094
ExecutionTime = 2.4 s  ClockTime = 5 s

Courant Number mean: 0.115098 max: 0.962662
Interface Courant Number mean: 0.0154604 max: 0.727122
deltaT = 0.00201267
Time = 0.443962

PIMPLE: iteration 1
smoothSolver:  Solving for alpha.water, Initial residual = 0.00243264, Final residual = 2.50651e-10, No Iterations 3
Phase-1 volume fraction = 0.246932  Min(alpha.water) = -1.46289e-11  Max(alpha.water) = 1
MULES: Correcting alpha.water
MULES: Correcting alpha.water
Phase-1 volume fraction = 0.246931  Min(alpha.water) = -2.65967e-07  Max(alpha.water) = 1
DICPCG:  Solving for p_rgh, Initial residual = 0.0136777, Final residual = 0.000452841, No Iterations 2
time step continuity errors : sum local = 0.000554057, global = 3.57463e-05, cumulative = -0.0013852
DICPCG:  Solving for p_rgh, Initial residual = 0.000519888, Final residual = 2.22633e-05, No Iterations 9
time step continuity errors : sum local = 2.7132e-05, global = 6.57097e-06, cumulative = -0.00137863
DICPCG:  Solving for p_rgh, Initial residual = 7.64848e-05, Final residual = 9.52553e-08, No Iterations 45
time step continuity errors : sum local = 1.15984e-07, global = 9.41456e-09, cumulative = -0.00137862
ExecutionTime = 2.41 s  ClockTime = 5 s

Courant Number mean: 0.111737 max: 0.957797
Interface Courant Number mean: 0.0152464 max: 0.732427
deltaT = 0.00201267
Time = 0.445975

PIMPLE: iteration 1
smoothSolver:  Solving for alpha.water, Initial residual = 0.00242409, Final residual = 2.4542e-10, No Iterations 3
Phase-1 volume fraction = 0.246892  Min(alpha.water) = -1.30148e-11  Max(alpha.water) = 1
MULES: Correcting alpha.water
MULES: Correcting alpha.water
Phase-1 volume fraction = 0.246891  Min(alpha.water) = -5.73369e-08  Max(alpha.water) = 1
DICPCG:  Solving for p_rgh, Initial residual = 0.0135918, Final residual = 0.000455711, No Iterations 2
time step continuity errors : sum local = 0.000561075, global = 3.59469e-05, cumulative = -0.00134267
DICPCG:  Solving for p_rgh, Initial residual = 0.000519148, Final residual = 2.26948e-05, No Iterations 9
time step continuity errors : sum local = 2.78379e-05, global = 5.96778e-06, cumulative = -0.0013367
DICPCG:  Solving for p_rgh, Initial residual = 7.61962e-05, Final residual = 9.88702e-08, No Iterations 55
time step continuity errors : sum local = 1.21173e-07, global = -2.21969e-09, cumulative = -0.0013367
ExecutionTime = 2.42 s  ClockTime = 5 s

Courant Number mean: 0.1086 max: 0.941823
Interface Courant Number mean: 0.014917 max: 0.73729
deltaT = 0.00201267
Time = 0.447987

PIMPLE: iteration 1
smoothSolver:  Solving for alpha.water, Initial residual = 0.00241762, Final residual = 2.39905e-10, No Iterations 3
Phase-1 volume fraction = 0.246855  Min(alpha.water) = -1.1557e-11  Max(alpha.water) = 1
MULES: Correcting alpha.water
MULES: Correcting alpha.water
Phase-1 volume fraction = 0.246854  Min(alpha.water) = -4.05272e-08  Max(alpha.water) = 1
DICPCG:  Solving for p_rgh, Initial residual = 0.0134278, Final residual = 0.000456596, No Iterations 2
time step continuity errors : sum local = 0.000567726, global = 3.48509e-05, cumulative = -0.00130185
DICPCG:  Solving for p_rgh, Initial residual = 0.00051336, Final residual = 2.26652e-05, No Iterations 9
time step continuity errors : sum local = 2.80837e-05, global = 5.7641e-06, cumulative = -0.00129609
DICPCG:  Solving for p_rgh, Initial residual = 7.35879e-05, Final residual = 9.04523e-08, No Iterations 55
time step continuity errors : sum local = 1.11987e-07, global = -2.33284e-09, cumulative = -0.00129609
ExecutionTime = 2.43 s  ClockTime = 5 s

Courant Number mean: 0.105675 max: 0.921953
Interface Courant Number mean: 0.0149463 max: 0.741307
deltaT = 0.00201267
Time = 0.45

PIMPLE: iteration 1
smoothSolver:  Solving for alpha.water, Initial residual = 0.00241567, Final residual = 2.34034e-10, No Iterations 3
Phase-1 volume fraction = 0.246821  Min(alpha.water) = -1.02593e-11  Max(alpha.water) = 1
MULES: Correcting alpha.water
MULES: Correcting alpha.water
Phase-1 volume fraction = 0.24682  Min(alpha.water) = -3.87348e-08  Max(alpha.water) = 1
DICPCG:  Solving for p_rgh, Initial residual = 0.0128772, Final residual = 0.000457692, No Iterations 2
time step continuity errors : sum local = 0.000572931, global = 3.12545e-05, cumulative = -0.00126484
DICPCG:  Solving for p_rgh, Initial residual = 0.000509896, Final residual = 2.29113e-05, No Iterations 9
time step continuity errors : sum local = 2.85868e-05, global = 3.35892e-06, cumulative = -0.00126148
DICPCG:  Solving for p_rgh, Initial residual = 7.18886e-05, Final residual = 9.19013e-08, No Iterations 55
time step continuity errors : sum local = 1.14573e-07, global = -7.29067e-10, cumulative = -0.00126148
ExecutionTime = 2.48 s  ClockTime = 5 s

Courant Number mean: 0.102896 max: 0.900729
Interface Courant Number mean: 0.0144962 max: 0.744755
deltaT = 0.00227273
Time = 0.452273

PIMPLE: iteration 1
smoothSolver:  Solving for alpha.water, Initial residual = 0.00272071, Final residual = 4.78629e-10, No Iterations 3
Phase-1 volume fraction = 0.246786  Min(alpha.water) = -9.26803e-12  Max(alpha.water) = 1
MULES: Correcting alpha.water
MULES: Correcting alpha.water
Phase-1 volume fraction = 0.246785  Min(alpha.water) = -9.34494e-08  Max(alpha.water) = 1
DICPCG:  Solving for p_rgh, Initial residual = 0.0144562, Final residual = 0.00049316, No Iterations 2
time step continuity errors : sum local = 0.000771232, global = 3.78735e-05, cumulative = -0.0012236
DICPCG:  Solving for p_rgh, Initial residual = 0.000558481, Final residual = 2.74496e-05, No Iterations 9
time step continuity errors : sum local = 4.27574e-05, global = 3.6416e-06, cumulative = -0.00121996
DICPCG:  Solving for p_rgh, Initial residual = 8.25852e-05, Final residual = 9.57065e-08, No Iterations 55
time step continuity errors : sum local = 1.48925e-07, global = 2.97597e-10, cumulative = -0.00121996
ExecutionTime = 2.49 s  ClockTime = 5 s

Courant Number mean: 0.112886 max: 0.984097
Interface Courant Number mean: 0.0159619 max: 0.846143
deltaT = 0.00227273
Time = 0.454545

PIMPLE: iteration 1
smoothSolver:  Solving for alpha.water, Initial residual = 0.00271385, Final residual = 4.7107e-10, No Iterations 3
Phase-1 volume fraction = 0.246753  Min(alpha.water) = -8.58793e-12  Max(alpha.water) = 1
MULES: Correcting alpha.water
MULES: Correcting alpha.water
Phase-1 volume fraction = 0.246753  Min(alpha.water) = -1.0791e-07  Max(alpha.water) = 1
DICPCG:  Solving for p_rgh, Initial residual = 0.0145516, Final residual = 0.000486457, No Iterations 2
time step continuity errors : sum local = 0.000775733, global = 3.6751e-05, cumulative = -0.00118321
DICPCG:  Solving for p_rgh, Initial residual = 0.000549736, Final residual = 2.17647e-05, No Iterations 10
time step continuity errors : sum local = 3.46076e-05, global = 2.86225e-06, cumulative = -0.00118035
DICPCG:  Solving for p_rgh, Initial residual = 7.45102e-05, Final residual = 9.44886e-08, No Iterations 54
time step continuity errors : sum local = 1.50112e-07, global = -2.09233e-09, cumulative = -0.00118035
ExecutionTime = 2.5 s  ClockTime = 5 s

Courant Number mean: 0.109815 max: 0.943595
Interface Courant Number mean: 0.0160345 max: 0.850047
deltaT = 0.00239234
Time = 0.456938

PIMPLE: iteration 1
smoothSolver:  Solving for alpha.water, Initial residual = 0.00285138, Final residual = 6.32547e-10, No Iterations 3
Phase-1 volume fraction = 0.246722  Min(alpha.water) = -7.91176e-12  Max(alpha.water) = 1
MULES: Correcting alpha.water
MULES: Correcting alpha.water
Phase-1 volume fraction = 0.246721  Min(alpha.water) = -2.50765e-07  Max(alpha.water) = 1
DICPCG:  Solving for p_rgh, Initial residual = 0.0160851, Final residual = 0.00053013, No Iterations 2
time step continuity errors : sum local = 0.00095003, global = 4.39695e-05, cumulative = -0.00113638
DICPCG:  Solving for p_rgh, Initial residual = 0.000597111, Final residual = 2.875e-05, No Iterations 9
time step continuity errors : sum local = 5.13674e-05, global = 3.1079e-06, cumulative = -0.00113327
DICPCG:  Solving for p_rgh, Initial residual = 8.71749e-05, Final residual = 9.30413e-08, No Iterations 55
time step continuity errors : sum local = 1.66078e-07, global = 4.15745e-11, cumulative = -0.00113327
ExecutionTime = 2.51 s  ClockTime = 5 s

Courant Number mean: 0.11247 max: 0.942482
Interface Courant Number mean: 0.0170421 max: 0.90567
deltaT = 0.00253307
Time = 0.459471

PIMPLE: iteration 1
smoothSolver:  Solving for alpha.water, Initial residual = 0.00301743, Final residual = 8.83483e-10, No Iterations 3
Phase-1 volume fraction = 0.246691  Min(alpha.water) = -7.25078e-12  Max(alpha.water) = 1
MULES: Correcting alpha.water
MULES: Correcting alpha.water
Phase-1 volume fraction = 0.246691  Min(alpha.water) = -2.94786e-07  Max(alpha.water) = 1
DICPCG:  Solving for p_rgh, Initial residual = 0.0174255, Final residual = 0.000550495, No Iterations 2
time step continuity errors : sum local = 0.00112124, global = 5.5391e-05, cumulative = -0.00107788
DICPCG:  Solving for p_rgh, Initial residual = 0.000625251, Final residual = 2.81072e-05, No Iterations 9
time step continuity errors : sum local = 5.70655e-05, global = 7.87161e-06, cumulative = -0.00107001
DICPCG:  Solving for p_rgh, Initial residual = 9.54426e-05, Final residual = 9.47702e-08, No Iterations 55
time step continuity errors : sum local = 1.92226e-07, global = -5.92064e-09, cumulative = -0.00107002
ExecutionTime = 2.53 s  ClockTime = 5 s

Courant Number mean: 0.116026 max: 0.98674
Interface Courant Number mean: 0.0170039 max: 0.744818
deltaT = 0.00253307
Time = 0.462004

PIMPLE: iteration 1
smoothSolver:  Solving for alpha.water, Initial residual = 0.00302925, Final residual = 8.80754e-10, No Iterations 3
Phase-1 volume fraction = 0.246662  Min(alpha.water) = -6.64782e-12  Max(alpha.water) = 1
MULES: Correcting alpha.water
MULES: Correcting alpha.water
Phase-1 volume fraction = 0.246662  Min(alpha.water) = -2.15078e-07  Max(alpha.water) = 1
DICPCG:  Solving for p_rgh, Initial residual = 0.0174054, Final residual = 0.000538297, No Iterations 2
time step continuity errors : sum local = 0.00113522, global = 5.16052e-05, cumulative = -0.00101841
DICPCG:  Solving for p_rgh, Initial residual = 0.00060763, Final residual = 2.8448e-05, No Iterations 9
time step continuity errors : sum local = 5.97212e-05, global = 4.07952e-06, cumulative = -0.00101433
DICPCG:  Solving for p_rgh, Initial residual = 9.28623e-05, Final residual = 9.35823e-08, No Iterations 55
time step continuity errors : sum local = 1.96285e-07, global = -4.59826e-09, cumulative = -0.00101434
ExecutionTime = 2.54 s  ClockTime = 5 s

Courant Number mean: 0.113306 max: 1.00688
Interface Courant Number mean: 0.0168539 max: 0.744719
deltaT = 0.00253307
Time = 0.464537

PIMPLE: iteration 1
smoothSolver:  Solving for alpha.water, Initial residual = 0.00303333, Final residual = 8.79285e-10, No Iterations 3
Phase-1 volume fraction = 0.246636  Min(alpha.water) = -6.10201e-12  Max(alpha.water) = 1
MULES: Correcting alpha.water
MULES: Correcting alpha.water
Phase-1 volume fraction = 0.246635  Min(alpha.water) = -2.74277e-07  Max(alpha.water) = 1
DICPCG:  Solving for p_rgh, Initial residual = 0.0180231, Final residual = 0.000535615, No Iterations 2
time step continuity errors : sum local = 0.00116692, global = 3.91787e-05, cumulative = -0.000975159
DICPCG:  Solving for p_rgh, Initial residual = 0.000598187, Final residual = 2.43173e-05, No Iterations 10
time step continuity errors : sum local = 5.26401e-05, global = -2.00795e-06, cumulative = -0.000977166
DICPCG:  Solving for p_rgh, Initial residual = 8.53617e-05, Final residual = 9.86755e-08, No Iterations 54
time step continuity errors : sum local = 2.13399e-07, global = -8.59417e-09, cumulative = -0.000977175
ExecutionTime = 2.55 s  ClockTime = 5 s

Courant Number mean: 0.110695 max: 0.994381
Interface Courant Number mean: 0.0166955 max: 0.748604
deltaT = 0.00253307
Time = 0.46707

PIMPLE: iteration 1
smoothSolver:  Solving for alpha.water, Initial residual = 0.00302565, Final residual = 8.77861e-10, No Iterations 3
Phase-1 volume fraction = 0.24661  Min(alpha.water) = -5.6116e-12  Max(alpha.water) = 1
MULES: Correcting alpha.water
MULES: Correcting alpha.water
Phase-1 volume fraction = 0.24661  Min(alpha.water) = -2.66283e-07  Max(alpha.water) = 1
DICPCG:  Solving for p_rgh, Initial residual = 0.0176873, Final residual = 0.000561104, No Iterations 2
time step continuity errors : sum local = 0.00121694, global = 3.41095e-05, cumulative = -0.000943066
DICPCG:  Solving for p_rgh, Initial residual = 0.000622785, Final residual = 2.58029e-05, No Iterations 10
time step continuity errors : sum local = 5.5636e-05, global = -3.70746e-06, cumulative = -0.000946773
DICPCG:  Solving for p_rgh, Initial residual = 8.53677e-05, Final residual = 9.79256e-08, No Iterations 54
time step continuity errors : sum local = 2.10934e-07, global = -7.00122e-09, cumulative = -0.00094678
ExecutionTime = 2.55 s  ClockTime = 5 s

Courant Number mean: 0.108174 max: 0.94756
Interface Courant Number mean: 0.0164841 max: 0.752224
deltaT = 0.00274416
Time = 0.469814

PIMPLE: iteration 1
smoothSolver:  Solving for alpha.water, Initial residual = 0.00327485, Final residual = 1.40728e-09, No Iterations 3
Phase-1 volume fraction = 0.246584  Min(alpha.water) = -6.67765e-10  Max(alpha.water) = 1
MULES: Correcting alpha.water
MULES: Correcting alpha.water
Phase-1 volume fraction = 0.246586  Min(alpha.water) = -4.02369e-07  Max(alpha.water) = 1
DICPCG:  Solving for p_rgh, Initial residual = 0.0187268, Final residual = 0.000593988, No Iterations 2
time step continuity errors : sum local = 0.00147583, global = 5.35749e-05, cumulative = -0.000893205
DICPCG:  Solving for p_rgh, Initial residual = 0.000662339, Final residual = 2.61605e-05, No Iterations 10
time step continuity errors : sum local = 6.46229e-05, global = 1.05774e-07, cumulative = -0.000893099
DICPCG:  Solving for p_rgh, Initial residual = 9.33567e-05, Final residual = 8.52339e-08, No Iterations 30
time step continuity errors : sum local = 2.10297e-07, global = 1.75347e-08, cumulative = -0.000893082
ExecutionTime = 2.56 s  ClockTime = 5 s

Courant Number mean: 0.114508 max: 0.969354
Interface Courant Number mean: 0.0175942 max: 0.840086
deltaT = 0.00274416
Time = 0.472558

PIMPLE: iteration 1
smoothSolver:  Solving for alpha.water, Initial residual = 0.00327948, Final residual = 1.4035e-09, No Iterations 3
Phase-1 volume fraction = 0.246561  Min(alpha.water) = -3.70618e-10  Max(alpha.water) = 1
MULES: Correcting alpha.water
MULES: Correcting alpha.water
Phase-1 volume fraction = 0.246564  Min(alpha.water) = -3.4534e-08  Max(alpha.water) = 1
DICPCG:  Solving for p_rgh, Initial residual = 0.0191795, Final residual = 0.000591134, No Iterations 2
time step continuity errors : sum local = 0.00147459, global = 5.14972e-05, cumulative = -0.000841585
DICPCG:  Solving for p_rgh, Initial residual = 0.000655108, Final residual = 2.86671e-05, No Iterations 10
time step continuity errors : sum local = 7.11577e-05, global = -4.15237e-06, cumulative = -0.000845737
DICPCG:  Solving for p_rgh, Initial residual = 9.53991e-05, Final residual = 8.91811e-08, No Iterations 54
time step continuity errors : sum local = 2.21136e-07, global = -4.8746e-09, cumulative = -0.000845742
ExecutionTime = 2.57 s  ClockTime = 5 s

Courant Number mean: 0.111977 max: 0.933933
Interface Courant Number mean: 0.0174437 max: 0.824089
deltaT = 0.00304907
Time = 0.475607

PIMPLE: iteration 1
smoothSolver:  Solving for alpha.water, Initial residual = 0.00364451, Final residual = 2.57808e-09, No Iterations 3
Phase-1 volume fraction = 0.246537  Min(alpha.water) = -2.13278e-10  Max(alpha.water) = 1
MULES: Correcting alpha.water
MULES: Correcting alpha.water
Phase-1 volume fraction = 0.246539  Min(alpha.water) = -3.32571e-09  Max(alpha.water) = 1
DICPCG:  Solving for p_rgh, Initial residual = 0.0213173, Final residual = 0.000688505, No Iterations 2
time step continuity errors : sum local = 0.00204987, global = 6.68206e-05, cumulative = -0.000778921
DICPCG:  Solving for p_rgh, Initial residual = 0.00077102, Final residual = 3.27083e-05, No Iterations 10
time step continuity errors : sum local = 9.68799e-05, global = -6.36343e-06, cumulative = -0.000785285
DICPCG:  Solving for p_rgh, Initial residual = 0.000116133, Final residual = 9.31522e-08, No Iterations 42
time step continuity errors : sum local = 2.75541e-07, global = 2.15455e-08, cumulative = -0.000785263
ExecutionTime = 2.58 s  ClockTime = 5 s

Courant Number mean: 0.121439 max: 1.01703
Interface Courant Number mean: 0.0191618 max: 0.88285
deltaT = 0.00304907
Time = 0.478657

PIMPLE: iteration 1
smoothSolver:  Solving for alpha.water, Initial residual = 0.0036235, Final residual = 2.55582e-09, No Iterations 3
Phase-1 volume fraction = 0.246511  Min(alpha.water) = -1.08683e-10  Max(alpha.water) = 1
MULES: Correcting alpha.water
MULES: Correcting alpha.water
Phase-1 volume fraction = 0.246513  Min(alpha.water) = -8.87148e-10  Max(alpha.water) = 1
DICPCG:  Solving for p_rgh, Initial residual = 0.0207095, Final residual = 0.000755531, No Iterations 2
time step continuity errors : sum local = 0.0022338, global = 7.97742e-05, cumulative = -0.000705489
DICPCG:  Solving for p_rgh, Initial residual = 0.000832488, Final residual = 2.9793e-05, No Iterations 10
time step continuity errors : sum local = 8.76401e-05, global = -3.69216e-06, cumulative = -0.000709181
DICPCG:  Solving for p_rgh, Initial residual = 0.000117942, Final residual = 9.0847e-08, No Iterations 42
time step continuity errors : sum local = 2.66899e-07, global = 1.69242e-08, cumulative = -0.000709164
ExecutionTime = 2.59 s  ClockTime = 5 s

Courant Number mean: 0.118734 max: 1.0083
Interface Courant Number mean: 0.0188417 max: 0.854333
deltaT = 0.00304907
Time = 0.481706

PIMPLE: iteration 1
smoothSolver:  Solving for alpha.water, Initial residual = 0.00360908, Final residual = 2.53081e-09, No Iterations 3
Phase-1 volume fraction = 0.246485  Min(alpha.water) = -5.17487e-11  Max(alpha.water) = 1
MULES: Correcting alpha.water
MULES: Correcting alpha.water
Phase-1 volume fraction = 0.246486  Min(alpha.water) = -9.92169e-09  Max(alpha.water) = 1
DICPCG:  Solving for p_rgh, Initial residual = 0.0202722, Final residual = 0.000783584, No Iterations 2
time step continuity errors : sum local = 0.00227553, global = 8.22906e-05, cumulative = -0.000626874
DICPCG:  Solving for p_rgh, Initial residual = 0.00085797, Final residual = 4.14266e-05, No Iterations 9
time step continuity errors : sum local = 0.000119696, global = -6.87759e-06, cumulative = -0.000633751
DICPCG:  Solving for p_rgh, Initial residual = 0.00012233, Final residual = 9.18386e-08, No Iterations 54
time step continuity errors : sum local = 2.65034e-07, global = -1.22931e-08, cumulative = -0.000633763
ExecutionTime = 2.6 s  ClockTime = 5 s

Courant Number mean: 0.116309 max: 1.00354
Interface Courant Number mean: 0.0185892 max: 0.848418
deltaT = 0.00304907
Time = 0.484755

PIMPLE: iteration 1
smoothSolver:  Solving for alpha.water, Initial residual = 0.00361687, Final residual = 2.51049e-09, No Iterations 3
Phase-1 volume fraction = 0.246457  Min(alpha.water) = -4.65623e-11  Max(alpha.water) = 1
MULES: Correcting alpha.water
MULES: Correcting alpha.water
Phase-1 volume fraction = 0.246458  Min(alpha.water) = -4.55895e-08  Max(alpha.water) = 1
DICPCG:  Solving for p_rgh, Initial residual = 0.0196238, Final residual = 0.000792572, No Iterations 2
time step continuity errors : sum local = 0.00227221, global = 9.24498e-05, cumulative = -0.000541314
DICPCG:  Solving for p_rgh, Initial residual = 0.000869363, Final residual = 4.29386e-05, No Iterations 9
time step continuity errors : sum local = 0.000122525, global = -7.11483e-06, cumulative = -0.000548429
DICPCG:  Solving for p_rgh, Initial residual = 0.000123142, Final residual = 9.95752e-08, No Iterations 51
time step continuity errors : sum local = 2.83786e-07, global = -1.07698e-08, cumulative = -0.000548439
ExecutionTime = 2.62 s  ClockTime = 5 s

Courant Number mean: 0.114126 max: 0.998643
Interface Courant Number mean: 0.0183902 max: 0.852244
deltaT = 0.00304907
Time = 0.487804

PIMPLE: iteration 1
smoothSolver:  Solving for alpha.water, Initial residual = 0.00362031, Final residual = 2.49168e-09, No Iterations 3
Phase-1 volume fraction = 0.246427  Min(alpha.water) = -4.25836e-11  Max(alpha.water) = 1
MULES: Correcting alpha.water
MULES: Correcting alpha.water
Phase-1 volume fraction = 0.246428  Min(alpha.water) = -5.75375e-08  Max(alpha.water) = 1
DICPCG:  Solving for p_rgh, Initial residual = 0.018568, Final residual = 0.00079716, No Iterations 2
time step continuity errors : sum local = 0.00224502, global = 0.000122726, cumulative = -0.000425714
DICPCG:  Solving for p_rgh, Initial residual = 0.000882041, Final residual = 3.74812e-05, No Iterations 8
time step continuity errors : sum local = 0.000105074, global = 1.80864e-06, cumulative = -0.000423905
DICPCG:  Solving for p_rgh, Initial residual = 0.000122705, Final residual = 9.55155e-08, No Iterations 54
time step continuity errors : sum local = 2.67462e-07, global = -7.76898e-09, cumulative = -0.000423913
ExecutionTime = 2.62 s  ClockTime = 5 s

Courant Number mean: 0.112464 max: 1.01797
Interface Courant Number mean: 0.018302 max: 0.970056
deltaT = 0.00304907
Time = 0.490853

PIMPLE: iteration 1
smoothSolver:  Solving for alpha.water, Initial residual = 0.0036444, Final residual = 2.48346e-09, No Iterations 3
Phase-1 volume fraction = 0.246379  Min(alpha.water) = -3.98076e-11  Max(alpha.water) = 1
MULES: Correcting alpha.water
MULES: Correcting alpha.water
Phase-1 volume fraction = 0.24638  Min(alpha.water) = -6.19984e-09  Max(alpha.water) = 1
DICPCG:  Solving for p_rgh, Initial residual = 0.0178318, Final residual = 0.000783808, No Iterations 2
time step continuity errors : sum local = 0.00216572, global = 0.000115453, cumulative = -0.00030846
DICPCG:  Solving for p_rgh, Initial residual = 0.000854829, Final residual = 4.17724e-05, No Iterations 9
time step continuity errors : sum local = 0.000114944, global = -9.50144e-06, cumulative = -0.000317961
DICPCG:  Solving for p_rgh, Initial residual = 0.000124546, Final residual = 9.89741e-08, No Iterations 51
time step continuity errors : sum local = 2.72042e-07, global = -9.93639e-09, cumulative = -0.000317971
ExecutionTime = 2.63 s  ClockTime = 5 s

Courant Number mean: 0.110933 max: 1.06227
Interface Courant Number mean: 0.0181597 max: 1.06227
deltaT = 0.00304907
Time = 0.493902

PIMPLE: iteration 1
smoothSolver:  Solving for alpha.water, Initial residual = 0.00363083, Final residual = 2.49085e-09, No Iterations 3
Phase-1 volume fraction = 0.246307  Min(alpha.water) = -3.77547e-11  Max(alpha.water) = 1
MULES: Correcting alpha.water
MULES: Correcting alpha.water
Phase-1 volume fraction = 0.246309  Min(alpha.water) = -1.45551e-08  Max(alpha.water) = 1
DICPCG:  Solving for p_rgh, Initial residual = 0.0172979, Final residual = 0.000802209, No Iterations 2
time step continuity errors : sum local = 0.00218484, global = 0.000119339, cumulative = -0.000198632
DICPCG:  Solving for p_rgh, Initial residual = 0.000870355, Final residual = 4.06023e-05, No Iterations 9
time step continuity errors : sum local = 0.000110114, global = -1.13059e-05, cumulative = -0.000209938
DICPCG:  Solving for p_rgh, Initial residual = 0.000126518, Final residual = 9.85504e-08, No Iterations 51
time step continuity errors : sum local = 2.66958e-07, global = -7.91746e-09, cumulative = -0.000209946
ExecutionTime = 2.64 s  ClockTime = 5 s

Courant Number mean: 0.109251 max: 1.10993
Interface Courant Number mean: 0.017985 max: 1.10993
deltaT = 0.00304907
Time = 0.496951

PIMPLE: iteration 1
smoothSolver:  Solving for alpha.water, Initial residual = 0.00357469, Final residual = 2.5315e-09, No Iterations 3
Phase-1 volume fraction = 0.246218  Min(alpha.water) = -3.63671e-11  Max(alpha.water) = 1
MULES: Correcting alpha.water
MULES: Correcting alpha.water
Phase-1 volume fraction = 0.246219  Min(alpha.water) = -2.64673e-09  Max(alpha.water) = 1
DICPCG:  Solving for p_rgh, Initial residual = 0.0166396, Final residual = 0.00077052, No Iterations 2
time step continuity errors : sum local = 0.00208199, global = 0.000130421, cumulative = -7.95248e-05
DICPCG:  Solving for p_rgh, Initial residual = 0.000843348, Final residual = 3.98061e-05, No Iterations 9
time step continuity errors : sum local = 0.000107105, global = -8.78803e-06, cumulative = -8.83129e-05
DICPCG:  Solving for p_rgh, Initial residual = 0.000118921, Final residual = 7.89998e-08, No Iterations 51
time step continuity errors : sum local = 2.12307e-07, global = -5.69711e-09, cumulative = -8.83186e-05
ExecutionTime = 2.65 s  ClockTime = 5 s

Courant Number mean: 0.107495 max: 1.07688
Interface Courant Number mean: 0.0176182 max: 0.786567
deltaT = 0.00304907
Time = 0.5

PIMPLE: iteration 1
smoothSolver:  Solving for alpha.water, Initial residual = 0.00354526, Final residual = 2.5765e-09, No Iterations 3
Phase-1 volume fraction = 0.246119  Min(alpha.water) = -3.51314e-11  Max(alpha.water) = 1
MULES: Correcting alpha.water
MULES: Correcting alpha.water
Phase-1 volume fraction = 0.246119  Min(alpha.water) = -2.82931e-10  Max(alpha.water) = 1
DICPCG:  Solving for p_rgh, Initial residual = 0.0160247, Final residual = 0.00075519, No Iterations 2
time step continuity errors : sum local = 0.002017, global = 0.000141426, cumulative = 5.31074e-05
DICPCG:  Solving for p_rgh, Initial residual = 0.000835214, Final residual = 4.04443e-05, No Iterations 9
time step continuity errors : sum local = 0.000107613, global = -1.02466e-05, cumulative = 4.28608e-05
DICPCG:  Solving for p_rgh, Initial residual = 0.000114637, Final residual = 9.51772e-08, No Iterations 49
time step continuity errors : sum local = 2.52927e-07, global = -1.99429e-08, cumulative = 4.28409e-05
ExecutionTime = 2.69 s  ClockTime = 5 s

End

