/*---------------------------------------------------------------------------*\
| =========                 |                                                 |
| \\      /  F ield         | OpenFOAM: The Open Source CFD Toolbox           |
|  \\    /   O peration     | Version:  2512                                  |
|   \\  /    A nd           | Website:  www.openfoam.com                      |
|    \\/     M anipulation  |                                                 |
\*---------------------------------------------------------------------------*/
Build  : _bd2b6720-20260127 OPENFOAM=2512 version=2512
Arch   : "LSB;label=32;scalar=64"
Exec   : laplacianFoam
Date   : Oct 04 2026
Time   : 00:38:26
Host   : shark-VMware-Virtual-Platform
PID    : 18443
--> FOAM Warning : 
    From Foam::fileName Foam::cwd_L()
    in file POSIX.C at line 554
    PWD is not the cwd() - reverting to physical description
I/O    : uncollated
--> FOAM Warning : 
    From Foam::fileName Foam::cwd_L()
    in file POSIX.C at line 554
    PWD is not the cwd() - reverting to physical description
Case   : /mnt/hgfs/UbuntuShareFolder/.foamlab-build/town-training-20261004/flange-slow
nProcs : 1
trapFpe: Floating point exception trapping enabled (FOAM_SIGFPE).
memory pool : not available
fileModificationChecking : Monitoring run-time modified files using timeStampMaster (fileModificationSkew 5, maxFileModificationPolls 20)
allowSystemOperations : Allowing user-supplied system call operations

// * * * * * * * * * * * * * * * * * * * * * * * * * * * * * * * * * * * * * //
Create time

Create mesh for time = 0


SIMPLE: no convergence criteria found. Calculations will run for 3 steps.

Reading field T

Reading diffusivity DT

No finite volume options present

Calculating temperature distribution

Time = 0.005

DICPCG:  Solving for T, Initial residual = 1, Final residual = 1.4509e-07, No Iterations 3
DICPCG:  Solving for T, Initial residual = 0.00140834, Final residual = 6.72466e-08, No Iterations 2
DICPCG:  Solving for T, Initial residual = 2.22198e-05, Final residual = 1.17498e-07, No Iterations 1
ExecutionTime = 0.04 s  ClockTime = 0 s

Time = 0.01

DICPCG:  Solving for T, Initial residual = 0.210723, Final residual = 2.52294e-08, No Iterations 3
DICPCG:  Solving for T, Initial residual = 0.000642849, Final residual = 3.04548e-08, No Iterations 2
DICPCG:  Solving for T, Initial residual = 9.81753e-06, Final residual = 5.18148e-08, No Iterations 1
ExecutionTime = 0.04 s  ClockTime = 0 s

Time = 0.015

DICPCG:  Solving for T, Initial residual = 0.117262, Final residual = 1.33131e-08, No Iterations 3
DICPCG:  Solving for T, Initial residual = 0.000396161, Final residual = 1.86678e-08, No Iterations 2
DICPCG:  Solving for T, Initial residual = 5.87287e-06, Final residual = 3.08547e-08, No Iterations 1
ExecutionTime = 0.04 s  ClockTime = 0 s

Time = 0.02

DICPCG:  Solving for T, Initial residual = 0.0810093, Final residual = 8.8312e-09, No Iterations 3
DICPCG:  Solving for T, Initial residual = 0.000277565, Final residual = 1.29743e-08, No Iterations 2
DICPCG:  Solving for T, Initial residual = 3.99741e-06, Final residual = 2.08673e-08, No Iterations 1
ExecutionTime = 0.05 s  ClockTime = 0 s

Time = 0.025

DICPCG:  Solving for T, Initial residual = 0.0616025, Final residual = 6.46726e-09, No Iterations 3
DICPCG:  Solving for T, Initial residual = 0.000209586, Final residual = 7.63362e-07, No Iterations 1
DICPCG:  Solving for T, Initial residual = 3.04288e-06, Final residual = 1.77699e-08, No Iterations 1
ExecutionTime = 0.06 s  ClockTime = 0 s

Time = 0.03

DICPCG:  Solving for T, Initial residual = 0.0494326, Final residual = 8.46403e-07, No Iterations 2
DICPCG:  Solving for T, Initial residual = 0.00016571, Final residual = 5.88234e-07, No Iterations 1
DICPCG:  Solving for T, Initial residual = 2.32755e-06, Final residual = 1.36247e-08, No Iterations 1
ExecutionTime = 0.06 s  ClockTime = 0 s

Time = 0.035

DICPCG:  Solving for T, Initial residual = 0.0410101, Final residual = 6.83818e-07, No Iterations 2
DICPCG:  Solving for T, Initial residual = 0.000134902, Final residual = 4.65183e-07, No Iterations 1
DICPCG:  Solving for T, Initial residual = 1.84022e-06, Final residual = 1.07884e-08, No Iterations 1
ExecutionTime = 0.07 s  ClockTime = 0 s

Time = 0.04

DICPCG:  Solving for T, Initial residual = 0.0348496, Final residual = 5.67426e-07, No Iterations 2
DICPCG:  Solving for T, Initial residual = 0.00011222, Final residual = 3.7626e-07, No Iterations 1
DICPCG:  Solving for T, Initial residual = 1.49393e-06, Final residual = 8.77944e-09, No Iterations 1
ExecutionTime = 0.07 s  ClockTime = 0 s

Time = 0.045

DICPCG:  Solving for T, Initial residual = 0.0301811, Final residual = 4.8097e-07, No Iterations 2
DICPCG:  Solving for T, Initial residual = 9.51078e-05, Final residual = 3.10142e-07, No Iterations 1
DICPCG:  Solving for T, Initial residual = 1.24002e-06, Final residual = 7.30114e-09, No Iterations 1
ExecutionTime = 0.07 s  ClockTime = 0 s

Time = 0.05

DICPCG:  Solving for T, Initial residual = 0.0265447, Final residual = 4.14352e-07, No Iterations 2
DICPCG:  Solving for T, Initial residual = 8.17955e-05, Final residual = 2.6084e-07, No Iterations 1
DICPCG:  Solving for T, Initial residual = 1.05305e-06, Final residual = 6.18703e-09, No Iterations 1
ExecutionTime = 0.08 s  ClockTime = 0 s

Time = 0.055

DICPCG:  Solving for T, Initial residual = 0.023638, Final residual = 3.62151e-07, No Iterations 2
DICPCG:  Solving for T, Initial residual = 7.12026e-05, Final residual = 2.22877e-07, No Iterations 1
DICPCG:  Solving for T, Initial residual = 9.10605e-07, Final residual = 9.10605e-07, No Iterations 0
ExecutionTime = 0.08 s  ClockTime = 0 s

Time = 0.06

DICPCG:  Solving for T, Initial residual = 0.0212652, Final residual = 3.19756e-07, No Iterations 2
DICPCG:  Solving for T, Initial residual = 6.26725e-05, Final residual = 1.9325e-07, No Iterations 1
DICPCG:  Solving for T, Initial residual = 7.98113e-07, Final residual = 7.98113e-07, No Iterations 0
ExecutionTime = 0.08 s  ClockTime = 0 s

Time = 0.065

DICPCG:  Solving for T, Initial residual = 0.0192948, Final residual = 2.84659e-07, No Iterations 2
DICPCG:  Solving for T, Initial residual = 5.56778e-05, Final residual = 1.69868e-07, No Iterations 1
DICPCG:  Solving for T, Initial residual = 7.07919e-07, Final residual = 7.07919e-07, No Iterations 0
ExecutionTime = 0.09 s  ClockTime = 0 s

Time = 0.07

DICPCG:  Solving for T, Initial residual = 0.0176343, Final residual = 2.55483e-07, No Iterations 2
DICPCG:  Solving for T, Initial residual = 4.98375e-05, Final residual = 1.51371e-07, No Iterations 1
DICPCG:  Solving for T, Initial residual = 6.3575e-07, Final residual = 6.3575e-07, No Iterations 0
ExecutionTime = 0.09 s  ClockTime = 0 s

Time = 0.075

DICPCG:  Solving for T, Initial residual = 0.0162183, Final residual = 2.30757e-07, No Iterations 2
DICPCG:  Solving for T, Initial residual = 4.49037e-05, Final residual = 1.36429e-07, No Iterations 1
DICPCG:  Solving for T, Initial residual = 5.76882e-07, Final residual = 5.76882e-07, No Iterations 0
ExecutionTime = 0.09 s  ClockTime = 0 s

Time = 0.08

DICPCG:  Solving for T, Initial residual = 0.0149974, Final residual = 2.10083e-07, No Iterations 2
DICPCG:  Solving for T, Initial residual = 4.07357e-05, Final residual = 1.24321e-07, No Iterations 1
DICPCG:  Solving for T, Initial residual = 5.27465e-07, Final residual = 5.27465e-07, No Iterations 0
ExecutionTime = 0.09 s  ClockTime = 0 s

Time = 0.085

DICPCG:  Solving for T, Initial residual = 0.0139353, Final residual = 1.92758e-07, No Iterations 2
DICPCG:  Solving for T, Initial residual = 3.72316e-05, Final residual = 1.14486e-07, No Iterations 1
DICPCG:  Solving for T, Initial residual = 4.85615e-07, Final residual = 4.85615e-07, No Iterations 0
ExecutionTime = 0.11 s  ClockTime = 0 s

Time = 0.09

DICPCG:  Solving for T, Initial residual = 0.0130031, Final residual = 1.78502e-07, No Iterations 2
DICPCG:  Solving for T, Initial residual = 3.42251e-05, Final residual = 1.06126e-07, No Iterations 1
DICPCG:  Solving for T, Initial residual = 4.50037e-07, Final residual = 4.50037e-07, No Iterations 0
ExecutionTime = 0.11 s  ClockTime = 0 s

Time = 0.095

DICPCG:  Solving for T, Initial residual = 0.0121782, Final residual = 1.67437e-07, No Iterations 2
DICPCG:  Solving for T, Initial residual = 3.16158e-05, Final residual = 9.91038e-08, No Iterations 1
DICPCG:  Solving for T, Initial residual = 4.19562e-07, Final residual = 4.19562e-07, No Iterations 0
ExecutionTime = 0.12 s  ClockTime = 0 s

Time = 0.1

DICPCG:  Solving for T, Initial residual = 0.0114439, Final residual = 1.58663e-07, No Iterations 2
DICPCG:  Solving for T, Initial residual = 2.93608e-05, Final residual = 9.30819e-08, No Iterations 1
DICPCG:  Solving for T, Initial residual = 3.92787e-07, Final residual = 3.92787e-07, No Iterations 0
ExecutionTime = 0.17 s  ClockTime = 0 s

Time = 0.105

DICPCG:  Solving for T, Initial residual = 0.0107864, Final residual = 1.51679e-07, No Iterations 2
DICPCG:  Solving for T, Initial residual = 2.74482e-05, Final residual = 8.78745e-08, No Iterations 1
DICPCG:  Solving for T, Initial residual = 3.69095e-07, Final residual = 3.69095e-07, No Iterations 0
ExecutionTime = 0.19 s  ClockTime = 1 s

Time = 0.11

DICPCG:  Solving for T, Initial residual = 0.0101951, Final residual = 1.45663e-07, No Iterations 2
DICPCG:  Solving for T, Initial residual = 2.58491e-05, Final residual = 8.32926e-08, No Iterations 1
DICPCG:  Solving for T, Initial residual = 3.47998e-07, Final residual = 3.47998e-07, No Iterations 0
ExecutionTime = 0.19 s  ClockTime = 1 s

Time = 0.115

DICPCG:  Solving for T, Initial residual = 0.00966085, Final residual = 1.40299e-07, No Iterations 2
DICPCG:  Solving for T, Initial residual = 2.44957e-05, Final residual = 7.9211e-08, No Iterations 1
DICPCG:  Solving for T, Initial residual = 3.29283e-07, Final residual = 3.29283e-07, No Iterations 0
ExecutionTime = 0.19 s  ClockTime = 1 s

Time = 0.12

DICPCG:  Solving for T, Initial residual = 0.0091759, Final residual = 1.35499e-07, No Iterations 2
DICPCG:  Solving for T, Initial residual = 2.3318e-05, Final residual = 7.55475e-08, No Iterations 1
DICPCG:  Solving for T, Initial residual = 3.12613e-07, Final residual = 3.12613e-07, No Iterations 0
ExecutionTime = 0.2 s  ClockTime = 1 s

Time = 0.125

DICPCG:  Solving for T, Initial residual = 0.00873391, Final residual = 1.31322e-07, No Iterations 2
DICPCG:  Solving for T, Initial residual = 2.22611e-05, Final residual = 7.22354e-08, No Iterations 1
DICPCG:  Solving for T, Initial residual = 2.97545e-07, Final residual = 2.97545e-07, No Iterations 0
ExecutionTime = 0.2 s  ClockTime = 1 s

Time = 0.13

DICPCG:  Solving for T, Initial residual = 0.0083296, Final residual = 1.27841e-07, No Iterations 2
DICPCG:  Solving for T, Initial residual = 2.12844e-05, Final residual = 6.92191e-08, No Iterations 1
DICPCG:  Solving for T, Initial residual = 2.83943e-07, Final residual = 2.83943e-07, No Iterations 0
ExecutionTime = 0.2 s  ClockTime = 1 s

Time = 0.135

DICPCG:  Solving for T, Initial residual = 0.00795842, Final residual = 1.24771e-07, No Iterations 2
DICPCG:  Solving for T, Initial residual = 2.03972e-05, Final residual = 6.64654e-08, No Iterations 1
DICPCG:  Solving for T, Initial residual = 2.71427e-07, Final residual = 2.71427e-07, No Iterations 0
ExecutionTime = 0.22 s  ClockTime = 1 s

Time = 0.14

DICPCG:  Solving for T, Initial residual = 0.00761663, Final residual = 1.2218e-07, No Iterations 2
DICPCG:  Solving for T, Initial residual = 1.95731e-05, Final residual = 6.39443e-08, No Iterations 1
DICPCG:  Solving for T, Initial residual = 2.59965e-07, Final residual = 2.59965e-07, No Iterations 0
ExecutionTime = 0.22 s  ClockTime = 1 s

Time = 0.145

DICPCG:  Solving for T, Initial residual = 0.00730079, Final residual = 1.19974e-07, No Iterations 2
DICPCG:  Solving for T, Initial residual = 1.88081e-05, Final residual = 6.16264e-08, No Iterations 1
DICPCG:  Solving for T, Initial residual = 2.49355e-07, Final residual = 2.49355e-07, No Iterations 0
ExecutionTime = 0.22 s  ClockTime = 1 s

Time = 0.15

DICPCG:  Solving for T, Initial residual = 0.00700786, Final residual = 1.17955e-07, No Iterations 2
DICPCG:  Solving for T, Initial residual = 1.80921e-05, Final residual = 5.94723e-08, No Iterations 1
DICPCG:  Solving for T, Initial residual = 2.39499e-07, Final residual = 2.39499e-07, No Iterations 0
ExecutionTime = 0.23 s  ClockTime = 1 s

Time = 0.155

DICPCG:  Solving for T, Initial residual = 0.00673512, Final residual = 1.16171e-07, No Iterations 2
DICPCG:  Solving for T, Initial residual = 1.74251e-05, Final residual = 5.74809e-08, No Iterations 1
DICPCG:  Solving for T, Initial residual = 2.30243e-07, Final residual = 2.30243e-07, No Iterations 0
ExecutionTime = 0.23 s  ClockTime = 1 s

Time = 0.16

DICPCG:  Solving for T, Initial residual = 0.00648036, Final residual = 1.14574e-07, No Iterations 2
DICPCG:  Solving for T, Initial residual = 1.68002e-05, Final residual = 5.56397e-08, No Iterations 1
DICPCG:  Solving for T, Initial residual = 2.21539e-07, Final residual = 2.21539e-07, No Iterations 0
ExecutionTime = 0.24 s  ClockTime = 1 s

Time = 0.165

DICPCG:  Solving for T, Initial residual = 0.00624208, Final residual = 1.13141e-07, No Iterations 2
DICPCG:  Solving for T, Initial residual = 1.62111e-05, Final residual = 5.39392e-08, No Iterations 1
DICPCG:  Solving for T, Initial residual = 2.13355e-07, Final residual = 2.13355e-07, No Iterations 0
ExecutionTime = 0.24 s  ClockTime = 1 s

Time = 0.17

DICPCG:  Solving for T, Initial residual = 0.00601894, Final residual = 1.11799e-07, No Iterations 2
DICPCG:  Solving for T, Initial residual = 1.56572e-05, Final residual = 5.23373e-08, No Iterations 1
DICPCG:  Solving for T, Initial residual = 2.0564e-07, Final residual = 2.0564e-07, No Iterations 0
ExecutionTime = 0.25 s  ClockTime = 1 s

Time = 0.175

DICPCG:  Solving for T, Initial residual = 0.00580964, Final residual = 1.1054e-07, No Iterations 2
DICPCG:  Solving for T, Initial residual = 1.51388e-05, Final residual = 5.08273e-08, No Iterations 1
DICPCG:  Solving for T, Initial residual = 1.98381e-07, Final residual = 1.98381e-07, No Iterations 0
ExecutionTime = 0.25 s  ClockTime = 1 s

Time = 0.18

DICPCG:  Solving for T, Initial residual = 0.00561297, Final residual = 1.09363e-07, No Iterations 2
DICPCG:  Solving for T, Initial residual = 1.46503e-05, Final residual = 4.93981e-08, No Iterations 1
DICPCG:  Solving for T, Initial residual = 1.91569e-07, Final residual = 1.91569e-07, No Iterations 0
ExecutionTime = 0.25 s  ClockTime = 1 s

Time = 0.185

DICPCG:  Solving for T, Initial residual = 0.00542781, Final residual = 1.08257e-07, No Iterations 2
DICPCG:  Solving for T, Initial residual = 1.41875e-05, Final residual = 4.80466e-08, No Iterations 1
DICPCG:  Solving for T, Initial residual = 1.85224e-07, Final residual = 1.85224e-07, No Iterations 0
ExecutionTime = 0.26 s  ClockTime = 1 s

Time = 0.19

DICPCG:  Solving for T, Initial residual = 0.00525324, Final residual = 1.07206e-07, No Iterations 2
DICPCG:  Solving for T, Initial residual = 1.3748e-05, Final residual = 4.67681e-08, No Iterations 1
DICPCG:  Solving for T, Initial residual = 1.79244e-07, Final residual = 1.79244e-07, No Iterations 0
ExecutionTime = 0.26 s  ClockTime = 1 s

Time = 0.195

DICPCG:  Solving for T, Initial residual = 0.00508831, Final residual = 1.06213e-07, No Iterations 2
DICPCG:  Solving for T, Initial residual = 1.33303e-05, Final residual = 4.55696e-08, No Iterations 1
DICPCG:  Solving for T, Initial residual = 1.73606e-07, Final residual = 1.73606e-07, No Iterations 0
ExecutionTime = 0.27 s  ClockTime = 1 s

Time = 0.2

DICPCG:  Solving for T, Initial residual = 0.00493228, Final residual = 1.05261e-07, No Iterations 2
DICPCG:  Solving for T, Initial residual = 1.29309e-05, Final residual = 4.44279e-08, No Iterations 1
DICPCG:  Solving for T, Initial residual = 1.68222e-07, Final residual = 1.68222e-07, No Iterations 0
ExecutionTime = 0.33 s  ClockTime = 1 s

Time = 0.205

DICPCG:  Solving for T, Initial residual = 0.00478437, Final residual = 1.04328e-07, No Iterations 2
DICPCG:  Solving for T, Initial residual = 1.2548e-05, Final residual = 4.3342e-08, No Iterations 1
DICPCG:  Solving for T, Initial residual = 1.63088e-07, Final residual = 1.63088e-07, No Iterations 0
ExecutionTime = 0.33 s  ClockTime = 1 s

Time = 0.21

DICPCG:  Solving for T, Initial residual = 0.00464402, Final residual = 1.03419e-07, No Iterations 2
DICPCG:  Solving for T, Initial residual = 1.21808e-05, Final residual = 4.23036e-08, No Iterations 1
DICPCG:  Solving for T, Initial residual = 1.58176e-07, Final residual = 1.58176e-07, No Iterations 0
ExecutionTime = 0.34 s  ClockTime = 1 s

Time = 0.215

DICPCG:  Solving for T, Initial residual = 0.00451057, Final residual = 1.02549e-07, No Iterations 2
DICPCG:  Solving for T, Initial residual = 1.18284e-05, Final residual = 4.13078e-08, No Iterations 1
DICPCG:  Solving for T, Initial residual = 1.53508e-07, Final residual = 1.53508e-07, No Iterations 0
ExecutionTime = 0.34 s  ClockTime = 1 s

Time = 0.22

DICPCG:  Solving for T, Initial residual = 0.00438357, Final residual = 1.01723e-07, No Iterations 2
DICPCG:  Solving for T, Initial residual = 1.149e-05, Final residual = 4.03515e-08, No Iterations 1
DICPCG:  Solving for T, Initial residual = 1.49054e-07, Final residual = 1.49054e-07, No Iterations 0
ExecutionTime = 0.34 s  ClockTime = 1 s

Time = 0.225

DICPCG:  Solving for T, Initial residual = 0.00426254, Final residual = 1.00935e-07, No Iterations 2
DICPCG:  Solving for T, Initial residual = 1.11643e-05, Final residual = 3.94311e-08, No Iterations 1
DICPCG:  Solving for T, Initial residual = 1.44796e-07, Final residual = 1.44796e-07, No Iterations 0
ExecutionTime = 0.35 s  ClockTime = 1 s

Time = 0.23

DICPCG:  Solving for T, Initial residual = 0.00414709, Final residual = 1.00193e-07, No Iterations 2
DICPCG:  Solving for T, Initial residual = 1.08509e-05, Final residual = 3.8544e-08, No Iterations 1
DICPCG:  Solving for T, Initial residual = 1.40706e-07, Final residual = 1.40706e-07, No Iterations 0
ExecutionTime = 0.35 s  ClockTime = 1 s

Time = 0.235

DICPCG:  Solving for T, Initial residual = 0.00403686, Final residual = 9.94788e-08, No Iterations 2
DICPCG:  Solving for T, Initial residual = 1.05494e-05, Final residual = 3.76903e-08, No Iterations 1
DICPCG:  Solving for T, Initial residual = 1.36772e-07, Final residual = 1.36772e-07, No Iterations 0
ExecutionTime = 0.35 s  ClockTime = 1 s

Time = 0.24

DICPCG:  Solving for T, Initial residual = 0.00393155, Final residual = 9.87927e-08, No Iterations 2
DICPCG:  Solving for T, Initial residual = 1.0259e-05, Final residual = 3.68684e-08, No Iterations 1
DICPCG:  Solving for T, Initial residual = 1.32991e-07, Final residual = 1.32991e-07, No Iterations 0
ExecutionTime = 0.37 s  ClockTime = 1 s

Time = 0.245

DICPCG:  Solving for T, Initial residual = 0.00383081, Final residual = 9.8128e-08, No Iterations 2
DICPCG:  Solving for T, Initial residual = 9.97951e-06, Final residual = 3.60767e-08, No Iterations 1
DICPCG:  Solving for T, Initial residual = 1.2936e-07, Final residual = 1.2936e-07, No Iterations 0
ExecutionTime = 0.37 s  ClockTime = 1 s

Time = 0.25

DICPCG:  Solving for T, Initial residual = 0.00373436, Final residual = 9.74779e-08, No Iterations 2
DICPCG:  Solving for T, Initial residual = 9.71135e-06, Final residual = 3.53225e-08, No Iterations 1
DICPCG:  Solving for T, Initial residual = 1.25864e-07, Final residual = 1.25864e-07, No Iterations 0
ExecutionTime = 0.37 s  ClockTime = 1 s

Time = 0.255

DICPCG:  Solving for T, Initial residual = 0.00364194, Final residual = 9.6849e-08, No Iterations 2
DICPCG:  Solving for T, Initial residual = 9.45341e-06, Final residual = 3.45971e-08, No Iterations 1
DICPCG:  Solving for T, Initial residual = 1.22503e-07, Final residual = 1.22503e-07, No Iterations 0
ExecutionTime = 0.38 s  ClockTime = 1 s

Time = 0.26

DICPCG:  Solving for T, Initial residual = 0.00355331, Final residual = 9.62486e-08, No Iterations 2
DICPCG:  Solving for T, Initial residual = 9.20482e-06, Final residual = 3.38933e-08, No Iterations 1
DICPCG:  Solving for T, Initial residual = 1.19275e-07, Final residual = 1.19275e-07, No Iterations 0
ExecutionTime = 0.38 s  ClockTime = 1 s

Time = 0.265

DICPCG:  Solving for T, Initial residual = 0.00346823, Final residual = 9.56706e-08, No Iterations 2
DICPCG:  Solving for T, Initial residual = 8.96515e-06, Final residual = 3.32111e-08, No Iterations 1
DICPCG:  Solving for T, Initial residual = 1.16165e-07, Final residual = 1.16165e-07, No Iterations 0
ExecutionTime = 0.38 s  ClockTime = 1 s

Time = 0.27

DICPCG:  Solving for T, Initial residual = 0.00338651, Final residual = 9.51065e-08, No Iterations 2
DICPCG:  Solving for T, Initial residual = 8.73477e-06, Final residual = 3.25483e-08, No Iterations 1
DICPCG:  Solving for T, Initial residual = 1.13174e-07, Final residual = 1.13174e-07, No Iterations 0
ExecutionTime = 0.39 s  ClockTime = 1 s

Time = 0.275

DICPCG:  Solving for T, Initial residual = 0.00330792, Final residual = 9.45597e-08, No Iterations 2
DICPCG:  Solving for T, Initial residual = 8.51352e-06, Final residual = 3.19085e-08, No Iterations 1
DICPCG:  Solving for T, Initial residual = 1.10295e-07, Final residual = 1.10295e-07, No Iterations 0
ExecutionTime = 0.39 s  ClockTime = 1 s

Time = 0.28

DICPCG:  Solving for T, Initial residual = 0.00323231, Final residual = 9.40316e-08, No Iterations 2
DICPCG:  Solving for T, Initial residual = 8.29959e-06, Final residual = 3.12841e-08, No Iterations 1
DICPCG:  Solving for T, Initial residual = 1.07515e-07, Final residual = 1.07515e-07, No Iterations 0
ExecutionTime = 0.39 s  ClockTime = 1 s

Time = 0.285

DICPCG:  Solving for T, Initial residual = 0.00315951, Final residual = 9.35168e-08, No Iterations 2
DICPCG:  Solving for T, Initial residual = 8.09283e-06, Final residual = 3.0675e-08, No Iterations 1
DICPCG:  Solving for T, Initial residual = 1.04835e-07, Final residual = 1.04835e-07, No Iterations 0
ExecutionTime = 0.4 s  ClockTime = 1 s

Time = 0.29

DICPCG:  Solving for T, Initial residual = 0.00308939, Final residual = 9.30081e-08, No Iterations 2
DICPCG:  Solving for T, Initial residual = 7.89393e-06, Final residual = 3.00835e-08, No Iterations 1
DICPCG:  Solving for T, Initial residual = 1.02256e-07, Final residual = 1.02256e-07, No Iterations 0
ExecutionTime = 0.4 s  ClockTime = 1 s

Time = 0.295

DICPCG:  Solving for T, Initial residual = 0.00302181, Final residual = 9.25073e-08, No Iterations 2
DICPCG:  Solving for T, Initial residual = 7.70206e-06, Final residual = 2.95087e-08, No Iterations 1
DICPCG:  Solving for T, Initial residual = 9.97828e-08, Final residual = 9.97828e-08, No Iterations 0
ExecutionTime = 0.4 s  ClockTime = 1 s

Time = 0.3

DICPCG:  Solving for T, Initial residual = 0.00295661, Final residual = 9.20066e-08, No Iterations 2
DICPCG:  Solving for T, Initial residual = 7.51706e-06, Final residual = 2.8947e-08, No Iterations 1
DICPCG:  Solving for T, Initial residual = 9.74016e-08, Final residual = 9.74016e-08, No Iterations 0
ExecutionTime = 0.45 s  ClockTime = 1 s

Time = 0.305

DICPCG:  Solving for T, Initial residual = 0.00289367, Final residual = 9.1523e-08, No Iterations 2
DICPCG:  Solving for T, Initial residual = 7.33828e-06, Final residual = 2.84004e-08, No Iterations 1
DICPCG:  Solving for T, Initial residual = 9.50971e-08, Final residual = 9.50971e-08, No Iterations 0
ExecutionTime = 0.45 s  ClockTime = 1 s

Time = 0.31

DICPCG:  Solving for T, Initial residual = 0.00283287, Final residual = 9.10516e-08, No Iterations 2
DICPCG:  Solving for T, Initial residual = 7.16599e-06, Final residual = 2.78761e-08, No Iterations 1
DICPCG:  Solving for T, Initial residual = 9.28613e-08, Final residual = 9.28613e-08, No Iterations 0
ExecutionTime = 0.46 s  ClockTime = 1 s

Time = 0.315

DICPCG:  Solving for T, Initial residual = 0.00277409, Final residual = 9.05927e-08, No Iterations 2
DICPCG:  Solving for T, Initial residual = 6.99966e-06, Final residual = 2.73695e-08, No Iterations 1
DICPCG:  Solving for T, Initial residual = 9.06915e-08, Final residual = 9.06915e-08, No Iterations 0
ExecutionTime = 0.46 s  ClockTime = 1 s

Time = 0.32

DICPCG:  Solving for T, Initial residual = 0.00271724, Final residual = 9.01299e-08, No Iterations 2
DICPCG:  Solving for T, Initial residual = 6.83832e-06, Final residual = 2.68734e-08, No Iterations 1
DICPCG:  Solving for T, Initial residual = 8.8585e-08, Final residual = 8.8585e-08, No Iterations 0
ExecutionTime = 0.46 s  ClockTime = 1 s

Time = 0.325

DICPCG:  Solving for T, Initial residual = 0.00266221, Final residual = 8.96645e-08, No Iterations 2
DICPCG:  Solving for T, Initial residual = 6.68229e-06, Final residual = 2.63879e-08, No Iterations 1
DICPCG:  Solving for T, Initial residual = 8.65414e-08, Final residual = 8.65414e-08, No Iterations 0
ExecutionTime = 0.47 s  ClockTime = 1 s

Time = 0.33

DICPCG:  Solving for T, Initial residual = 0.00260896, Final residual = 8.91965e-08, No Iterations 2
DICPCG:  Solving for T, Initial residual = 6.53116e-06, Final residual = 2.59127e-08, No Iterations 1
DICPCG:  Solving for T, Initial residual = 8.45615e-08, Final residual = 8.45615e-08, No Iterations 0
ExecutionTime = 0.47 s  ClockTime = 1 s

Time = 0.335

DICPCG:  Solving for T, Initial residual = 0.00255739, Final residual = 8.87222e-08, No Iterations 2
DICPCG:  Solving for T, Initial residual = 6.38516e-06, Final residual = 2.54494e-08, No Iterations 1
DICPCG:  Solving for T, Initial residual = 8.26476e-08, Final residual = 8.26476e-08, No Iterations 0
ExecutionTime = 0.49 s  ClockTime = 1 s

Time = 0.34

DICPCG:  Solving for T, Initial residual = 0.00250745, Final residual = 8.82456e-08, No Iterations 2
DICPCG:  Solving for T, Initial residual = 6.24425e-06, Final residual = 2.4996e-08, No Iterations 1
DICPCG:  Solving for T, Initial residual = 8.07952e-08, Final residual = 8.07952e-08, No Iterations 0
ExecutionTime = 0.49 s  ClockTime = 1 s

Time = 0.345

DICPCG:  Solving for T, Initial residual = 0.00245904, Final residual = 8.77731e-08, No Iterations 2
DICPCG:  Solving for T, Initial residual = 6.10812e-06, Final residual = 2.45523e-08, No Iterations 1
DICPCG:  Solving for T, Initial residual = 7.89973e-08, Final residual = 7.89973e-08, No Iterations 0
ExecutionTime = 0.49 s  ClockTime = 1 s

Time = 0.35

DICPCG:  Solving for T, Initial residual = 0.00241213, Final residual = 8.73013e-08, No Iterations 2
DICPCG:  Solving for T, Initial residual = 5.9765e-06, Final residual = 2.41171e-08, No Iterations 1
DICPCG:  Solving for T, Initial residual = 7.72612e-08, Final residual = 7.72612e-08, No Iterations 0
ExecutionTime = 0.5 s  ClockTime = 1 s

Time = 0.355

DICPCG:  Solving for T, Initial residual = 0.00236664, Final residual = 8.68301e-08, No Iterations 2
DICPCG:  Solving for T, Initial residual = 5.84867e-06, Final residual = 2.36925e-08, No Iterations 1
DICPCG:  Solving for T, Initial residual = 7.5574e-08, Final residual = 7.5574e-08, No Iterations 0
ExecutionTime = 0.5 s  ClockTime = 1 s

Time = 0.36

DICPCG:  Solving for T, Initial residual = 0.00232251, Final residual = 8.63552e-08, No Iterations 2
DICPCG:  Solving for T, Initial residual = 5.72461e-06, Final residual = 2.32774e-08, No Iterations 1
DICPCG:  Solving for T, Initial residual = 7.39489e-08, Final residual = 7.39489e-08, No Iterations 0
ExecutionTime = 0.5 s  ClockTime = 1 s

Time = 0.365

DICPCG:  Solving for T, Initial residual = 0.0022797, Final residual = 8.58764e-08, No Iterations 2
DICPCG:  Solving for T, Initial residual = 5.60409e-06, Final residual = 2.28718e-08, No Iterations 1
DICPCG:  Solving for T, Initial residual = 7.23817e-08, Final residual = 7.23817e-08, No Iterations 0
ExecutionTime = 0.51 s  ClockTime = 1 s

Time = 0.37

DICPCG:  Solving for T, Initial residual = 0.00223815, Final residual = 8.53975e-08, No Iterations 2
DICPCG:  Solving for T, Initial residual = 5.48694e-06, Final residual = 2.24766e-08, No Iterations 1
DICPCG:  Solving for T, Initial residual = 7.08575e-08, Final residual = 7.08575e-08, No Iterations 0
ExecutionTime = 0.51 s  ClockTime = 1 s

Time = 0.375

DICPCG:  Solving for T, Initial residual = 0.0021978, Final residual = 8.49178e-08, No Iterations 2
DICPCG:  Solving for T, Initial residual = 5.37305e-06, Final residual = 2.20881e-08, No Iterations 1
DICPCG:  Solving for T, Initial residual = 6.9376e-08, Final residual = 6.9376e-08, No Iterations 0
ExecutionTime = 0.51 s  ClockTime = 1 s

Time = 0.38

DICPCG:  Solving for T, Initial residual = 0.00215861, Final residual = 8.44401e-08, No Iterations 2
DICPCG:  Solving for T, Initial residual = 5.26231e-06, Final residual = 2.1706e-08, No Iterations 1
DICPCG:  Solving for T, Initial residual = 6.79345e-08, Final residual = 6.79345e-08, No Iterations 0
ExecutionTime = 0.52 s  ClockTime = 1 s

Time = 0.385

DICPCG:  Solving for T, Initial residual = 0.00212052, Final residual = 8.39611e-08, No Iterations 2
DICPCG:  Solving for T, Initial residual = 5.15468e-06, Final residual = 2.13314e-08, No Iterations 1
DICPCG:  Solving for T, Initial residual = 6.6541e-08, Final residual = 6.6541e-08, No Iterations 0
ExecutionTime = 0.52 s  ClockTime = 1 s

Time = 0.39

DICPCG:  Solving for T, Initial residual = 0.0020835, Final residual = 8.34807e-08, No Iterations 2
DICPCG:  Solving for T, Initial residual = 5.05011e-06, Final residual = 2.09641e-08, No Iterations 1
DICPCG:  Solving for T, Initial residual = 6.51927e-08, Final residual = 6.51927e-08, No Iterations 0
ExecutionTime = 0.53 s  ClockTime = 1 s

Time = 0.395

DICPCG:  Solving for T, Initial residual = 0.00204751, Final residual = 8.30003e-08, No Iterations 2
DICPCG:  Solving for T, Initial residual = 4.94875e-06, Final residual = 2.06053e-08, No Iterations 1
DICPCG:  Solving for T, Initial residual = 6.38827e-08, Final residual = 6.38827e-08, No Iterations 0
ExecutionTime = 0.53 s  ClockTime = 1 s

Time = 0.4

DICPCG:  Solving for T, Initial residual = 0.00201252, Final residual = 8.25202e-08, No Iterations 2
DICPCG:  Solving for T, Initial residual = 4.85032e-06, Final residual = 2.02539e-08, No Iterations 1
DICPCG:  Solving for T, Initial residual = 6.26103e-08, Final residual = 6.26103e-08, No Iterations 0
ExecutionTime = 0.57 s  ClockTime = 1 s

Time = 0.405

DICPCG:  Solving for T, Initial residual = 0.00197846, Final residual = 8.20388e-08, No Iterations 2
DICPCG:  Solving for T, Initial residual = 4.7547e-06, Final residual = 1.99083e-08, No Iterations 1
DICPCG:  Solving for T, Initial residual = 6.13751e-08, Final residual = 6.13751e-08, No Iterations 0
ExecutionTime = 0.58 s  ClockTime = 1 s

Time = 0.41

DICPCG:  Solving for T, Initial residual = 0.00194533, Final residual = 8.15557e-08, No Iterations 2
DICPCG:  Solving for T, Initial residual = 4.66177e-06, Final residual = 1.95705e-08, No Iterations 1
DICPCG:  Solving for T, Initial residual = 6.0175e-08, Final residual = 6.0175e-08, No Iterations 0
ExecutionTime = 0.58 s  ClockTime = 1 s

Time = 0.415

DICPCG:  Solving for T, Initial residual = 0.00191306, Final residual = 8.10732e-08, No Iterations 2
DICPCG:  Solving for T, Initial residual = 4.57145e-06, Final residual = 1.92397e-08, No Iterations 1
DICPCG:  Solving for T, Initial residual = 5.90047e-08, Final residual = 5.90047e-08, No Iterations 0
ExecutionTime = 0.59 s  ClockTime = 1 s

Time = 0.42

DICPCG:  Solving for T, Initial residual = 0.00188165, Final residual = 8.05916e-08, No Iterations 2
DICPCG:  Solving for T, Initial residual = 4.48379e-06, Final residual = 1.89155e-08, No Iterations 1
DICPCG:  Solving for T, Initial residual = 5.78678e-08, Final residual = 5.78678e-08, No Iterations 0
ExecutionTime = 0.59 s  ClockTime = 1 s

Time = 0.425

DICPCG:  Solving for T, Initial residual = 0.00185106, Final residual = 8.01098e-08, No Iterations 2
DICPCG:  Solving for T, Initial residual = 4.3987e-06, Final residual = 1.85976e-08, No Iterations 1
DICPCG:  Solving for T, Initial residual = 5.67631e-08, Final residual = 5.67631e-08, No Iterations 0
ExecutionTime = 0.6 s  ClockTime = 1 s

Time = 0.43

DICPCG:  Solving for T, Initial residual = 0.00182127, Final residual = 7.96266e-08, No Iterations 2
DICPCG:  Solving for T, Initial residual = 4.3159e-06, Final residual = 1.82853e-08, No Iterations 1
DICPCG:  Solving for T, Initial residual = 5.56897e-08, Final residual = 5.56897e-08, No Iterations 0
ExecutionTime = 0.6 s  ClockTime = 1 s

Time = 0.435

DICPCG:  Solving for T, Initial residual = 0.00179225, Final residual = 7.91427e-08, No Iterations 2
DICPCG:  Solving for T, Initial residual = 4.23527e-06, Final residual = 1.79791e-08, No Iterations 1
DICPCG:  Solving for T, Initial residual = 5.46483e-08, Final residual = 5.46483e-08, No Iterations 0
ExecutionTime = 0.61 s  ClockTime = 1 s

Time = 0.44

DICPCG:  Solving for T, Initial residual = 0.00176398, Final residual = 7.86587e-08, No Iterations 2
DICPCG:  Solving for T, Initial residual = 4.15695e-06, Final residual = 1.76784e-08, No Iterations 1
DICPCG:  Solving for T, Initial residual = 5.36392e-08, Final residual = 5.36392e-08, No Iterations 0
ExecutionTime = 0.61 s  ClockTime = 1 s

Time = 0.445

DICPCG:  Solving for T, Initial residual = 0.00173643, Final residual = 7.81761e-08, No Iterations 2
DICPCG:  Solving for T, Initial residual = 4.08092e-06, Final residual = 1.73831e-08, No Iterations 1
DICPCG:  Solving for T, Initial residual = 5.26593e-08, Final residual = 5.26593e-08, No Iterations 0
ExecutionTime = 0.61 s  ClockTime = 1 s

Time = 0.45

DICPCG:  Solving for T, Initial residual = 0.00170957, Final residual = 7.76937e-08, No Iterations 2
DICPCG:  Solving for T, Initial residual = 4.00706e-06, Final residual = 1.70931e-08, No Iterations 1
DICPCG:  Solving for T, Initial residual = 5.17059e-08, Final residual = 5.17059e-08, No Iterations 0
ExecutionTime = 0.62 s  ClockTime = 1 s

Time = 0.455

DICPCG:  Solving for T, Initial residual = 0.00168339, Final residual = 7.72131e-08, No Iterations 2
DICPCG:  Solving for T, Initial residual = 3.93533e-06, Final residual = 1.68084e-08, No Iterations 1
DICPCG:  Solving for T, Initial residual = 5.07782e-08, Final residual = 5.07782e-08, No Iterations 0
ExecutionTime = 0.62 s  ClockTime = 1 s

Time = 0.46

DICPCG:  Solving for T, Initial residual = 0.00165786, Final residual = 7.67367e-08, No Iterations 2
DICPCG:  Solving for T, Initial residual = 3.86553e-06, Final residual = 1.65291e-08, No Iterations 1
DICPCG:  Solving for T, Initial residual = 4.98747e-08, Final residual = 4.98747e-08, No Iterations 0
ExecutionTime = 0.62 s  ClockTime = 1 s

Time = 0.465

DICPCG:  Solving for T, Initial residual = 0.00163297, Final residual = 7.62648e-08, No Iterations 2
DICPCG:  Solving for T, Initial residual = 3.79759e-06, Final residual = 1.62559e-08, No Iterations 1
DICPCG:  Solving for T, Initial residual = 4.89987e-08, Final residual = 4.89987e-08, No Iterations 0
ExecutionTime = 0.63 s  ClockTime = 1 s

Time = 0.47

DICPCG:  Solving for T, Initial residual = 0.00160868, Final residual = 7.57941e-08, No Iterations 2
DICPCG:  Solving for T, Initial residual = 3.73147e-06, Final residual = 1.59878e-08, No Iterations 1
DICPCG:  Solving for T, Initial residual = 4.81532e-08, Final residual = 4.81532e-08, No Iterations 0
ExecutionTime = 0.63 s  ClockTime = 1 s

Time = 0.475

DICPCG:  Solving for T, Initial residual = 0.00158498, Final residual = 7.53235e-08, No Iterations 2
DICPCG:  Solving for T, Initial residual = 3.6671e-06, Final residual = 1.57259e-08, No Iterations 1
DICPCG:  Solving for T, Initial residual = 4.73311e-08, Final residual = 4.73311e-08, No Iterations 0
ExecutionTime = 0.64 s  ClockTime = 1 s

Time = 0.48

DICPCG:  Solving for T, Initial residual = 0.00156186, Final residual = 7.4853e-08, No Iterations 2
DICPCG:  Solving for T, Initial residual = 3.60432e-06, Final residual = 1.54693e-08, No Iterations 1
DICPCG:  Solving for T, Initial residual = 4.65292e-08, Final residual = 4.65292e-08, No Iterations 0
ExecutionTime = 0.64 s  ClockTime = 1 s

Time = 0.485

DICPCG:  Solving for T, Initial residual = 0.00153929, Final residual = 7.43827e-08, No Iterations 2
DICPCG:  Solving for T, Initial residual = 3.54325e-06, Final residual = 1.52171e-08, No Iterations 1
DICPCG:  Solving for T, Initial residual = 4.57463e-08, Final residual = 4.57463e-08, No Iterations 0
ExecutionTime = 0.65 s  ClockTime = 1 s

Time = 0.49

DICPCG:  Solving for T, Initial residual = 0.00151725, Final residual = 7.39117e-08, No Iterations 2
DICPCG:  Solving for T, Initial residual = 3.48397e-06, Final residual = 1.49707e-08, No Iterations 1
DICPCG:  Solving for T, Initial residual = 4.49816e-08, Final residual = 4.49816e-08, No Iterations 0
ExecutionTime = 0.65 s  ClockTime = 1 s

Time = 0.495

DICPCG:  Solving for T, Initial residual = 0.00149573, Final residual = 7.34426e-08, No Iterations 2
DICPCG:  Solving for T, Initial residual = 3.42613e-06, Final residual = 1.47288e-08, No Iterations 1
DICPCG:  Solving for T, Initial residual = 4.42342e-08, Final residual = 4.42342e-08, No Iterations 0
ExecutionTime = 0.65 s  ClockTime = 1 s

Time = 0.5

DICPCG:  Solving for T, Initial residual = 0.00147471, Final residual = 7.29744e-08, No Iterations 2
DICPCG:  Solving for T, Initial residual = 3.36981e-06, Final residual = 1.44911e-08, No Iterations 1
DICPCG:  Solving for T, Initial residual = 4.35054e-08, Final residual = 4.35054e-08, No Iterations 0
ExecutionTime = 0.7 s  ClockTime = 2 s

Time = 0.505

DICPCG:  Solving for T, Initial residual = 0.00145417, Final residual = 7.25076e-08, No Iterations 2
DICPCG:  Solving for T, Initial residual = 3.31485e-06, Final residual = 1.42573e-08, No Iterations 1
DICPCG:  Solving for T, Initial residual = 4.27978e-08, Final residual = 4.27978e-08, No Iterations 0
ExecutionTime = 0.7 s  ClockTime = 2 s

Time = 0.51

DICPCG:  Solving for T, Initial residual = 0.00143409, Final residual = 7.2044e-08, No Iterations 2
DICPCG:  Solving for T, Initial residual = 3.26124e-06, Final residual = 1.4028e-08, No Iterations 1
DICPCG:  Solving for T, Initial residual = 4.21082e-08, Final residual = 4.21082e-08, No Iterations 0
ExecutionTime = 0.7 s  ClockTime = 2 s

Time = 0.515

DICPCG:  Solving for T, Initial residual = 0.00141446, Final residual = 7.15812e-08, No Iterations 2
DICPCG:  Solving for T, Initial residual = 3.20897e-06, Final residual = 1.38031e-08, No Iterations 1
DICPCG:  Solving for T, Initial residual = 4.1436e-08, Final residual = 4.1436e-08, No Iterations 0
ExecutionTime = 0.71 s  ClockTime = 2 s

Time = 0.52

DICPCG:  Solving for T, Initial residual = 0.00139526, Final residual = 7.11198e-08, No Iterations 2
DICPCG:  Solving for T, Initial residual = 3.15792e-06, Final residual = 1.35823e-08, No Iterations 1
DICPCG:  Solving for T, Initial residual = 4.07821e-08, Final residual = 4.07821e-08, No Iterations 0
ExecutionTime = 0.71 s  ClockTime = 2 s

Time = 0.525

DICPCG:  Solving for T, Initial residual = 0.00137649, Final residual = 7.06583e-08, No Iterations 2
DICPCG:  Solving for T, Initial residual = 3.1081e-06, Final residual = 1.33663e-08, No Iterations 1
DICPCG:  Solving for T, Initial residual = 4.01455e-08, Final residual = 4.01455e-08, No Iterations 0
ExecutionTime = 0.71 s  ClockTime = 2 s

Time = 0.53

DICPCG:  Solving for T, Initial residual = 0.00135814, Final residual = 7.02045e-08, No Iterations 2
DICPCG:  Solving for T, Initial residual = 3.05947e-06, Final residual = 1.3154e-08, No Iterations 1
DICPCG:  Solving for T, Initial residual = 3.9523e-08, Final residual = 3.9523e-08, No Iterations 0
ExecutionTime = 0.72 s  ClockTime = 2 s

Time = 0.535

DICPCG:  Solving for T, Initial residual = 0.00134019, Final residual = 6.97558e-08, No Iterations 2
DICPCG:  Solving for T, Initial residual = 3.01201e-06, Final residual = 1.29454e-08, No Iterations 1
DICPCG:  Solving for T, Initial residual = 3.89151e-08, Final residual = 3.89151e-08, No Iterations 0
ExecutionTime = 0.72 s  ClockTime = 2 s

Time = 0.54

DICPCG:  Solving for T, Initial residual = 0.00132264, Final residual = 6.93104e-08, No Iterations 2
DICPCG:  Solving for T, Initial residual = 2.9657e-06, Final residual = 1.27409e-08, No Iterations 1
DICPCG:  Solving for T, Initial residual = 3.83199e-08, Final residual = 3.83199e-08, No Iterations 0
ExecutionTime = 0.73 s  ClockTime = 2 s

Time = 0.545

DICPCG:  Solving for T, Initial residual = 0.00130549, Final residual = 6.88691e-08, No Iterations 2
DICPCG:  Solving for T, Initial residual = 2.92043e-06, Final residual = 1.25409e-08, No Iterations 1
DICPCG:  Solving for T, Initial residual = 3.7738e-08, Final residual = 3.7738e-08, No Iterations 0
ExecutionTime = 0.73 s  ClockTime = 2 s

Time = 0.55

DICPCG:  Solving for T, Initial residual = 0.0012887, Final residual = 6.84346e-08, No Iterations 2
DICPCG:  Solving for T, Initial residual = 2.87624e-06, Final residual = 1.23447e-08, No Iterations 1
DICPCG:  Solving for T, Initial residual = 3.71678e-08, Final residual = 3.71678e-08, No Iterations 0
ExecutionTime = 0.73 s  ClockTime = 2 s

Time = 0.555

DICPCG:  Solving for T, Initial residual = 0.00127229, Final residual = 6.8003e-08, No Iterations 2
DICPCG:  Solving for T, Initial residual = 2.833e-06, Final residual = 1.21521e-08, No Iterations 1
DICPCG:  Solving for T, Initial residual = 3.66093e-08, Final residual = 3.66093e-08, No Iterations 0
ExecutionTime = 0.74 s  ClockTime = 2 s

Time = 0.56

DICPCG:  Solving for T, Initial residual = 0.00125623, Final residual = 6.75724e-08, No Iterations 2
DICPCG:  Solving for T, Initial residual = 2.7907e-06, Final residual = 1.19636e-08, No Iterations 1
DICPCG:  Solving for T, Initial residual = 3.60621e-08, Final residual = 3.60621e-08, No Iterations 0
ExecutionTime = 0.74 s  ClockTime = 2 s

Time = 0.565

DICPCG:  Solving for T, Initial residual = 0.00124051, Final residual = 6.71438e-08, No Iterations 2
DICPCG:  Solving for T, Initial residual = 2.74927e-06, Final residual = 1.17795e-08, No Iterations 1
DICPCG:  Solving for T, Initial residual = 3.55259e-08, Final residual = 3.55259e-08, No Iterations 0
ExecutionTime = 0.74 s  ClockTime = 2 s

Time = 0.57

DICPCG:  Solving for T, Initial residual = 0.00122512, Final residual = 6.67191e-08, No Iterations 2
DICPCG:  Solving for T, Initial residual = 2.70878e-06, Final residual = 1.1599e-08, No Iterations 1
DICPCG:  Solving for T, Initial residual = 3.50002e-08, Final residual = 3.50002e-08, No Iterations 0
ExecutionTime = 0.74 s  ClockTime = 2 s

Time = 0.575

DICPCG:  Solving for T, Initial residual = 0.00121005, Final residual = 6.62981e-08, No Iterations 2
DICPCG:  Solving for T, Initial residual = 2.66922e-06, Final residual = 1.14221e-08, No Iterations 1
DICPCG:  Solving for T, Initial residual = 3.44848e-08, Final residual = 3.44848e-08, No Iterations 0
ExecutionTime = 0.76 s  ClockTime = 2 s

Time = 0.58

DICPCG:  Solving for T, Initial residual = 0.00119531, Final residual = 6.58803e-08, No Iterations 2
DICPCG:  Solving for T, Initial residual = 2.63061e-06, Final residual = 1.12485e-08, No Iterations 1
DICPCG:  Solving for T, Initial residual = 3.39798e-08, Final residual = 3.39798e-08, No Iterations 0
ExecutionTime = 0.76 s  ClockTime = 2 s

Time = 0.585

DICPCG:  Solving for T, Initial residual = 0.00118087, Final residual = 6.54658e-08, No Iterations 2
DICPCG:  Solving for T, Initial residual = 2.59285e-06, Final residual = 1.1078e-08, No Iterations 1
DICPCG:  Solving for T, Initial residual = 3.34853e-08, Final residual = 3.34853e-08, No Iterations 0
ExecutionTime = 0.76 s  ClockTime = 2 s

Time = 0.59

DICPCG:  Solving for T, Initial residual = 0.00116673, Final residual = 6.50572e-08, No Iterations 2
DICPCG:  Solving for T, Initial residual = 2.55588e-06, Final residual = 1.09105e-08, No Iterations 1
DICPCG:  Solving for T, Initial residual = 3.30016e-08, Final residual = 3.30016e-08, No Iterations 0
ExecutionTime = 0.77 s  ClockTime = 2 s

Time = 0.595

DICPCG:  Solving for T, Initial residual = 0.00115289, Final residual = 6.46547e-08, No Iterations 2
DICPCG:  Solving for T, Initial residual = 2.51966e-06, Final residual = 1.07459e-08, No Iterations 1
DICPCG:  Solving for T, Initial residual = 3.25276e-08, Final residual = 3.25276e-08, No Iterations 0
ExecutionTime = 0.77 s  ClockTime = 2 s

Time = 0.6

DICPCG:  Solving for T, Initial residual = 0.00113933, Final residual = 6.42559e-08, No Iterations 2
DICPCG:  Solving for T, Initial residual = 2.48418e-06, Final residual = 1.05842e-08, No Iterations 1
DICPCG:  Solving for T, Initial residual = 3.20644e-08, Final residual = 3.20644e-08, No Iterations 0
ExecutionTime = 0.81 s  ClockTime = 2 s

Time = 0.605

DICPCG:  Solving for T, Initial residual = 0.00112605, Final residual = 6.38634e-08, No Iterations 2
DICPCG:  Solving for T, Initial residual = 2.44946e-06, Final residual = 1.04259e-08, No Iterations 1
DICPCG:  Solving for T, Initial residual = 3.16137e-08, Final residual = 3.16137e-08, No Iterations 0
ExecutionTime = 0.82 s  ClockTime = 2 s

Time = 0.61

DICPCG:  Solving for T, Initial residual = 0.00111303, Final residual = 6.34763e-08, No Iterations 2
DICPCG:  Solving for T, Initial residual = 2.41551e-06, Final residual = 1.02703e-08, No Iterations 1
DICPCG:  Solving for T, Initial residual = 3.11718e-08, Final residual = 3.11718e-08, No Iterations 0
ExecutionTime = 0.83 s  ClockTime = 2 s

Time = 0.615

DICPCG:  Solving for T, Initial residual = 0.00110028, Final residual = 6.30916e-08, No Iterations 2
DICPCG:  Solving for T, Initial residual = 2.38229e-06, Final residual = 1.01175e-08, No Iterations 1
DICPCG:  Solving for T, Initial residual = 3.07402e-08, Final residual = 3.07402e-08, No Iterations 0
ExecutionTime = 0.83 s  ClockTime = 2 s

Time = 0.62

DICPCG:  Solving for T, Initial residual = 0.00108777, Final residual = 6.27077e-08, No Iterations 2
DICPCG:  Solving for T, Initial residual = 2.35002e-06, Final residual = 9.96733e-09, No Iterations 1
DICPCG:  Solving for T, Initial residual = 3.03169e-08, Final residual = 3.03169e-08, No Iterations 0
ExecutionTime = 0.83 s  ClockTime = 2 s

Time = 0.625

DICPCG:  Solving for T, Initial residual = 0.00107552, Final residual = 6.23251e-08, No Iterations 2
DICPCG:  Solving for T, Initial residual = 2.31856e-06, Final residual = 9.82025e-09, No Iterations 1
DICPCG:  Solving for T, Initial residual = 2.99028e-08, Final residual = 2.99028e-08, No Iterations 0
ExecutionTime = 0.84 s  ClockTime = 2 s

Time = 0.63

DICPCG:  Solving for T, Initial residual = 0.00106351, Final residual = 6.19444e-08, No Iterations 2
DICPCG:  Solving for T, Initial residual = 2.28775e-06, Final residual = 9.67572e-09, No Iterations 1
DICPCG:  Solving for T, Initial residual = 2.94966e-08, Final residual = 2.94966e-08, No Iterations 0
ExecutionTime = 0.84 s  ClockTime = 2 s

Time = 0.635

DICPCG:  Solving for T, Initial residual = 0.00105173, Final residual = 6.15655e-08, No Iterations 2
DICPCG:  Solving for T, Initial residual = 2.25761e-06, Final residual = 9.53373e-09, No Iterations 1
DICPCG:  Solving for T, Initial residual = 2.90986e-08, Final residual = 2.90986e-08, No Iterations 0
ExecutionTime = 0.85 s  ClockTime = 2 s

Time = 0.64

DICPCG:  Solving for T, Initial residual = 0.00104018, Final residual = 6.1188e-08, No Iterations 2
DICPCG:  Solving for T, Initial residual = 2.22808e-06, Final residual = 9.39413e-09, No Iterations 1
DICPCG:  Solving for T, Initial residual = 2.87112e-08, Final residual = 2.87112e-08, No Iterations 0
ExecutionTime = 0.85 s  ClockTime = 2 s

Time = 0.645

DICPCG:  Solving for T, Initial residual = 0.00102886, Final residual = 6.08132e-08, No Iterations 2
DICPCG:  Solving for T, Initial residual = 2.19916e-06, Final residual = 9.25692e-09, No Iterations 1
DICPCG:  Solving for T, Initial residual = 2.83327e-08, Final residual = 2.83327e-08, No Iterations 0
ExecutionTime = 0.86 s  ClockTime = 2 s

Time = 0.65

DICPCG:  Solving for T, Initial residual = 0.00101775, Final residual = 6.0447e-08, No Iterations 2
DICPCG:  Solving for T, Initial residual = 2.17089e-06, Final residual = 9.12203e-09, No Iterations 1
DICPCG:  Solving for T, Initial residual = 2.79611e-08, Final residual = 2.79611e-08, No Iterations 0
ExecutionTime = 0.86 s  ClockTime = 2 s

Time = 0.655

DICPCG:  Solving for T, Initial residual = 0.00100686, Final residual = 6.00858e-08, No Iterations 2
DICPCG:  Solving for T, Initial residual = 2.14325e-06, Final residual = 8.98937e-09, No Iterations 1
DICPCG:  Solving for T, Initial residual = 2.75965e-08, Final residual = 2.75965e-08, No Iterations 0
ExecutionTime = 0.86 s  ClockTime = 2 s

Time = 0.66

DICPCG:  Solving for T, Initial residual = 0.000996177, Final residual = 5.97292e-08, No Iterations 2
DICPCG:  Solving for T, Initial residual = 2.11616e-06, Final residual = 8.85901e-09, No Iterations 1
DICPCG:  Solving for T, Initial residual = 2.72382e-08, Final residual = 2.72382e-08, No Iterations 0
ExecutionTime = 0.87 s  ClockTime = 2 s

Time = 0.665

DICPCG:  Solving for T, Initial residual = 0.000985693, Final residual = 5.93756e-08, No Iterations 2
DICPCG:  Solving for T, Initial residual = 2.08959e-06, Final residual = 8.7308e-09, No Iterations 1
DICPCG:  Solving for T, Initial residual = 2.68863e-08, Final residual = 2.68863e-08, No Iterations 0
ExecutionTime = 0.87 s  ClockTime = 2 s

Time = 0.67

DICPCG:  Solving for T, Initial residual = 0.000975405, Final residual = 5.90241e-08, No Iterations 2
DICPCG:  Solving for T, Initial residual = 2.0635e-06, Final residual = 8.60469e-09, No Iterations 1
DICPCG:  Solving for T, Initial residual = 2.65417e-08, Final residual = 2.65417e-08, No Iterations 0
ExecutionTime = 0.87 s  ClockTime = 2 s

Time = 0.675

DICPCG:  Solving for T, Initial residual = 0.000965308, Final residual = 5.86741e-08, No Iterations 2
DICPCG:  Solving for T, Initial residual = 2.03793e-06, Final residual = 8.48073e-09, No Iterations 1
DICPCG:  Solving for T, Initial residual = 2.6204e-08, Final residual = 2.6204e-08, No Iterations 0
ExecutionTime = 0.88 s  ClockTime = 2 s

Time = 0.68

DICPCG:  Solving for T, Initial residual = 0.000955398, Final residual = 5.83269e-08, No Iterations 2
DICPCG:  Solving for T, Initial residual = 2.01293e-06, Final residual = 8.3593e-09, No Iterations 1
DICPCG:  Solving for T, Initial residual = 2.58723e-08, Final residual = 2.58723e-08, No Iterations 0
ExecutionTime = 0.88 s  ClockTime = 2 s

Time = 0.685

DICPCG:  Solving for T, Initial residual = 0.000945674, Final residual = 5.79827e-08, No Iterations 2
DICPCG:  Solving for T, Initial residual = 1.98839e-06, Final residual = 8.24014e-09, No Iterations 1
DICPCG:  Solving for T, Initial residual = 2.55463e-08, Final residual = 2.55463e-08, No Iterations 0
ExecutionTime = 0.89 s  ClockTime = 2 s

Time = 0.69

DICPCG:  Solving for T, Initial residual = 0.000936133, Final residual = 5.76414e-08, No Iterations 2
DICPCG:  Solving for T, Initial residual = 1.96428e-06, Final residual = 8.12318e-09, No Iterations 1
DICPCG:  Solving for T, Initial residual = 2.52261e-08, Final residual = 2.52261e-08, No Iterations 0
ExecutionTime = 0.89 s  ClockTime = 2 s

Time = 0.695

DICPCG:  Solving for T, Initial residual = 0.000926769, Final residual = 5.73039e-08, No Iterations 2
DICPCG:  Solving for T, Initial residual = 1.9406e-06, Final residual = 8.00843e-09, No Iterations 1
DICPCG:  Solving for T, Initial residual = 2.49116e-08, Final residual = 2.49116e-08, No Iterations 0
ExecutionTime = 0.89 s  ClockTime = 2 s

Time = 0.7

DICPCG:  Solving for T, Initial residual = 0.000917577, Final residual = 5.69705e-08, No Iterations 2
DICPCG:  Solving for T, Initial residual = 1.91737e-06, Final residual = 7.89635e-09, No Iterations 1
DICPCG:  Solving for T, Initial residual = 2.46023e-08, Final residual = 2.46023e-08, No Iterations 0
ExecutionTime = 0.94 s  ClockTime = 2 s

Time = 0.705

DICPCG:  Solving for T, Initial residual = 0.000908555, Final residual = 5.66405e-08, No Iterations 2
DICPCG:  Solving for T, Initial residual = 1.89456e-06, Final residual = 7.78686e-09, No Iterations 1
DICPCG:  Solving for T, Initial residual = 2.42985e-08, Final residual = 2.42985e-08, No Iterations 0
ExecutionTime = 0.94 s  ClockTime = 2 s

Time = 0.71

DICPCG:  Solving for T, Initial residual = 0.0008997, Final residual = 5.63143e-08, No Iterations 2
DICPCG:  Solving for T, Initial residual = 1.87216e-06, Final residual = 7.67951e-09, No Iterations 1
DICPCG:  Solving for T, Initial residual = 2.40004e-08, Final residual = 2.40004e-08, No Iterations 0
ExecutionTime = 0.95 s  ClockTime = 2 s

Time = 0.715

DICPCG:  Solving for T, Initial residual = 0.000891007, Final residual = 5.59926e-08, No Iterations 2
DICPCG:  Solving for T, Initial residual = 1.85018e-06, Final residual = 7.57427e-09, No Iterations 1
DICPCG:  Solving for T, Initial residual = 2.37075e-08, Final residual = 2.37075e-08, No Iterations 0
ExecutionTime = 0.95 s  ClockTime = 2 s

Time = 0.72

DICPCG:  Solving for T, Initial residual = 0.000882474, Final residual = 5.56775e-08, No Iterations 2
DICPCG:  Solving for T, Initial residual = 1.82857e-06, Final residual = 7.47102e-09, No Iterations 1
DICPCG:  Solving for T, Initial residual = 2.34201e-08, Final residual = 2.34201e-08, No Iterations 0
ExecutionTime = 0.96 s  ClockTime = 2 s

Time = 0.725

DICPCG:  Solving for T, Initial residual = 0.000874095, Final residual = 5.53657e-08, No Iterations 2
DICPCG:  Solving for T, Initial residual = 1.80734e-06, Final residual = 7.36953e-09, No Iterations 1
DICPCG:  Solving for T, Initial residual = 2.31378e-08, Final residual = 2.31378e-08, No Iterations 0
ExecutionTime = 0.96 s  ClockTime = 2 s

Time = 0.73

DICPCG:  Solving for T, Initial residual = 0.000865868, Final residual = 5.50566e-08, No Iterations 2
DICPCG:  Solving for T, Initial residual = 1.78648e-06, Final residual = 7.26995e-09, No Iterations 1
DICPCG:  Solving for T, Initial residual = 2.28605e-08, Final residual = 2.28605e-08, No Iterations 0
ExecutionTime = 0.97 s  ClockTime = 2 s

Time = 0.735

DICPCG:  Solving for T, Initial residual = 0.000857788, Final residual = 5.47502e-08, No Iterations 2
DICPCG:  Solving for T, Initial residual = 1.76601e-06, Final residual = 7.17233e-09, No Iterations 1
DICPCG:  Solving for T, Initial residual = 2.25895e-08, Final residual = 2.25895e-08, No Iterations 0
ExecutionTime = 0.97 s  ClockTime = 2 s

Time = 0.74

DICPCG:  Solving for T, Initial residual = 0.000849854, Final residual = 5.44483e-08, No Iterations 2
DICPCG:  Solving for T, Initial residual = 1.74596e-06, Final residual = 7.07645e-09, No Iterations 1
DICPCG:  Solving for T, Initial residual = 2.23231e-08, Final residual = 2.23231e-08, No Iterations 0
ExecutionTime = 0.97 s  ClockTime = 2 s

Time = 0.745

DICPCG:  Solving for T, Initial residual = 0.00084206, Final residual = 5.41488e-08, No Iterations 2
DICPCG:  Solving for T, Initial residual = 1.72628e-06, Final residual = 6.9823e-09, No Iterations 1
DICPCG:  Solving for T, Initial residual = 2.20616e-08, Final residual = 2.20616e-08, No Iterations 0
ExecutionTime = 0.98 s  ClockTime = 2 s

Time = 0.75

DICPCG:  Solving for T, Initial residual = 0.000834403, Final residual = 5.38519e-08, No Iterations 2
DICPCG:  Solving for T, Initial residual = 1.70694e-06, Final residual = 6.88985e-09, No Iterations 1
DICPCG:  Solving for T, Initial residual = 2.18053e-08, Final residual = 2.18053e-08, No Iterations 0
ExecutionTime = 0.98 s  ClockTime = 2 s

Time = 0.755

DICPCG:  Solving for T, Initial residual = 0.000826882, Final residual = 5.35571e-08, No Iterations 2
DICPCG:  Solving for T, Initial residual = 1.68793e-06, Final residual = 6.79909e-09, No Iterations 1
DICPCG:  Solving for T, Initial residual = 2.15545e-08, Final residual = 2.15545e-08, No Iterations 0
ExecutionTime = 0.98 s  ClockTime = 2 s

Time = 0.76

DICPCG:  Solving for T, Initial residual = 0.000819492, Final residual = 5.32639e-08, No Iterations 2
DICPCG:  Solving for T, Initial residual = 1.66927e-06, Final residual = 6.70993e-09, No Iterations 1
DICPCG:  Solving for T, Initial residual = 2.13086e-08, Final residual = 2.13086e-08, No Iterations 0
ExecutionTime = 0.99 s  ClockTime = 2 s

Time = 0.765

DICPCG:  Solving for T, Initial residual = 0.000812232, Final residual = 5.29739e-08, No Iterations 2
DICPCG:  Solving for T, Initial residual = 1.65094e-06, Final residual = 6.62226e-09, No Iterations 1
DICPCG:  Solving for T, Initial residual = 2.10672e-08, Final residual = 2.10672e-08, No Iterations 0
ExecutionTime = 0.99 s  ClockTime = 2 s

Time = 0.77

DICPCG:  Solving for T, Initial residual = 0.000805096, Final residual = 5.26863e-08, No Iterations 2
DICPCG:  Solving for T, Initial residual = 1.63295e-06, Final residual = 6.53604e-09, No Iterations 1
DICPCG:  Solving for T, Initial residual = 2.08304e-08, Final residual = 2.08304e-08, No Iterations 0
ExecutionTime = 1.01 s  ClockTime = 2 s

Time = 0.775

DICPCG:  Solving for T, Initial residual = 0.000798079, Final residual = 5.24017e-08, No Iterations 2
DICPCG:  Solving for T, Initial residual = 1.61527e-06, Final residual = 6.4512e-09, No Iterations 1
DICPCG:  Solving for T, Initial residual = 2.05977e-08, Final residual = 2.05977e-08, No Iterations 0
ExecutionTime = 1.01 s  ClockTime = 2 s

Time = 0.78

DICPCG:  Solving for T, Initial residual = 0.000791178, Final residual = 5.21212e-08, No Iterations 2
DICPCG:  Solving for T, Initial residual = 1.5979e-06, Final residual = 6.36774e-09, No Iterations 1
DICPCG:  Solving for T, Initial residual = 2.03693e-08, Final residual = 2.03693e-08, No Iterations 0
ExecutionTime = 1.01 s  ClockTime = 2 s

Time = 0.785

DICPCG:  Solving for T, Initial residual = 0.000784389, Final residual = 5.18422e-08, No Iterations 2
DICPCG:  Solving for T, Initial residual = 1.58082e-06, Final residual = 6.28563e-09, No Iterations 1
DICPCG:  Solving for T, Initial residual = 2.01454e-08, Final residual = 2.01454e-08, No Iterations 0
ExecutionTime = 1.01 s  ClockTime = 2 s

Time = 0.79

DICPCG:  Solving for T, Initial residual = 0.00077771, Final residual = 5.15644e-08, No Iterations 2
DICPCG:  Solving for T, Initial residual = 1.56401e-06, Final residual = 6.20519e-09, No Iterations 1
DICPCG:  Solving for T, Initial residual = 1.99266e-08, Final residual = 1.99266e-08, No Iterations 0
ExecutionTime = 1.03 s  ClockTime = 2 s

Time = 0.795

DICPCG:  Solving for T, Initial residual = 0.00077114, Final residual = 5.12889e-08, No Iterations 2
DICPCG:  Solving for T, Initial residual = 1.54746e-06, Final residual = 6.12645e-09, No Iterations 1
DICPCG:  Solving for T, Initial residual = 1.97123e-08, Final residual = 1.97123e-08, No Iterations 0
ExecutionTime = 1.03 s  ClockTime = 2 s

Time = 0.8

DICPCG:  Solving for T, Initial residual = 0.000764679, Final residual = 5.10176e-08, No Iterations 2
DICPCG:  Solving for T, Initial residual = 1.53119e-06, Final residual = 6.04901e-09, No Iterations 1
DICPCG:  Solving for T, Initial residual = 1.95012e-08, Final residual = 1.95012e-08, No Iterations 0
ExecutionTime = 1.06 s  ClockTime = 2 s

Time = 0.805

DICPCG:  Solving for T, Initial residual = 0.000758324, Final residual = 5.07493e-08, No Iterations 2
DICPCG:  Solving for T, Initial residual = 1.51516e-06, Final residual = 5.97278e-09, No Iterations 1
DICPCG:  Solving for T, Initial residual = 1.92937e-08, Final residual = 1.92937e-08, No Iterations 0
ExecutionTime = 1.07 s  ClockTime = 2 s

Time = 0.81

DICPCG:  Solving for T, Initial residual = 0.000752072, Final residual = 5.04838e-08, No Iterations 2
DICPCG:  Solving for T, Initial residual = 1.49939e-06, Final residual = 5.89778e-09, No Iterations 1
DICPCG:  Solving for T, Initial residual = 1.90894e-08, Final residual = 1.90894e-08, No Iterations 0
ExecutionTime = 1.07 s  ClockTime = 2 s

Time = 0.815

DICPCG:  Solving for T, Initial residual = 0.000745919, Final residual = 5.02203e-08, No Iterations 2
DICPCG:  Solving for T, Initial residual = 1.4839e-06, Final residual = 5.82408e-09, No Iterations 1
DICPCG:  Solving for T, Initial residual = 1.88883e-08, Final residual = 1.88883e-08, No Iterations 0
ExecutionTime = 1.08 s  ClockTime = 2 s

Time = 0.82

DICPCG:  Solving for T, Initial residual = 0.000739866, Final residual = 4.99587e-08, No Iterations 2
DICPCG:  Solving for T, Initial residual = 1.46869e-06, Final residual = 5.75164e-09, No Iterations 1
DICPCG:  Solving for T, Initial residual = 1.86905e-08, Final residual = 1.86905e-08, No Iterations 0
ExecutionTime = 1.08 s  ClockTime = 2 s

Time = 0.825

DICPCG:  Solving for T, Initial residual = 0.000733912, Final residual = 4.96997e-08, No Iterations 2
DICPCG:  Solving for T, Initial residual = 1.45372e-06, Final residual = 5.6804e-09, No Iterations 1
DICPCG:  Solving for T, Initial residual = 1.84964e-08, Final residual = 1.84964e-08, No Iterations 0
ExecutionTime = 1.09 s  ClockTime = 2 s

Time = 0.83

DICPCG:  Solving for T, Initial residual = 0.000728055, Final residual = 4.94438e-08, No Iterations 2
DICPCG:  Solving for T, Initial residual = 1.439e-06, Final residual = 5.61039e-09, No Iterations 1
DICPCG:  Solving for T, Initial residual = 1.83057e-08, Final residual = 1.83057e-08, No Iterations 0
ExecutionTime = 1.09 s  ClockTime = 2 s

Time = 0.835

DICPCG:  Solving for T, Initial residual = 0.000722293, Final residual = 4.91901e-08, No Iterations 2
DICPCG:  Solving for T, Initial residual = 1.42453e-06, Final residual = 5.54153e-09, No Iterations 1
DICPCG:  Solving for T, Initial residual = 1.81186e-08, Final residual = 1.81186e-08, No Iterations 0
ExecutionTime = 1.09 s  ClockTime = 2 s

Time = 0.84

DICPCG:  Solving for T, Initial residual = 0.000716624, Final residual = 4.89381e-08, No Iterations 2
DICPCG:  Solving for T, Initial residual = 1.41031e-06, Final residual = 5.47378e-09, No Iterations 1
DICPCG:  Solving for T, Initial residual = 1.79343e-08, Final residual = 1.79343e-08, No Iterations 0
ExecutionTime = 1.1 s  ClockTime = 2 s

Time = 0.845

DICPCG:  Solving for T, Initial residual = 0.000711045, Final residual = 4.86887e-08, No Iterations 2
DICPCG:  Solving for T, Initial residual = 1.39638e-06, Final residual = 5.40716e-09, No Iterations 1
DICPCG:  Solving for T, Initial residual = 1.77531e-08, Final residual = 1.77531e-08, No Iterations 0
ExecutionTime = 1.1 s  ClockTime = 2 s

Time = 0.85

DICPCG:  Solving for T, Initial residual = 0.000705557, Final residual = 4.8441e-08, No Iterations 2
DICPCG:  Solving for T, Initial residual = 1.3827e-06, Final residual = 5.34166e-09, No Iterations 1
DICPCG:  Solving for T, Initial residual = 1.75756e-08, Final residual = 1.75756e-08, No Iterations 0
ExecutionTime = 1.1 s  ClockTime = 2 s

Time = 0.855

DICPCG:  Solving for T, Initial residual = 0.000700157, Final residual = 4.81953e-08, No Iterations 2
DICPCG:  Solving for T, Initial residual = 1.36924e-06, Final residual = 5.27725e-09, No Iterations 1
DICPCG:  Solving for T, Initial residual = 1.74015e-08, Final residual = 1.74015e-08, No Iterations 0
ExecutionTime = 1.11 s  ClockTime = 2 s

Time = 0.86

DICPCG:  Solving for T, Initial residual = 0.000694842, Final residual = 4.79516e-08, No Iterations 2
DICPCG:  Solving for T, Initial residual = 1.35598e-06, Final residual = 5.21392e-09, No Iterations 1
DICPCG:  Solving for T, Initial residual = 1.72312e-08, Final residual = 1.72312e-08, No Iterations 0
ExecutionTime = 1.11 s  ClockTime = 2 s

Time = 0.865

DICPCG:  Solving for T, Initial residual = 0.000689611, Final residual = 4.77101e-08, No Iterations 2
DICPCG:  Solving for T, Initial residual = 1.34293e-06, Final residual = 5.15177e-09, No Iterations 1
DICPCG:  Solving for T, Initial residual = 1.7065e-08, Final residual = 1.7065e-08, No Iterations 0
ExecutionTime = 1.12 s  ClockTime = 2 s

Time = 0.87

DICPCG:  Solving for T, Initial residual = 0.000684462, Final residual = 4.74701e-08, No Iterations 2
DICPCG:  Solving for T, Initial residual = 1.33009e-06, Final residual = 5.09078e-09, No Iterations 1
DICPCG:  Solving for T, Initial residual = 1.69034e-08, Final residual = 1.69034e-08, No Iterations 0
ExecutionTime = 1.12 s  ClockTime = 2 s

Time = 0.875

DICPCG:  Solving for T, Initial residual = 0.000679394, Final residual = 4.7232e-08, No Iterations 2
DICPCG:  Solving for T, Initial residual = 1.31745e-06, Final residual = 5.03094e-09, No Iterations 1
DICPCG:  Solving for T, Initial residual = 1.67445e-08, Final residual = 1.67445e-08, No Iterations 0
ExecutionTime = 1.12 s  ClockTime = 2 s

Time = 0.88

DICPCG:  Solving for T, Initial residual = 0.000674404, Final residual = 4.69968e-08, No Iterations 2
DICPCG:  Solving for T, Initial residual = 1.30501e-06, Final residual = 4.97208e-09, No Iterations 1
DICPCG:  Solving for T, Initial residual = 1.65881e-08, Final residual = 1.65881e-08, No Iterations 0
ExecutionTime = 1.12 s  ClockTime = 2 s

Time = 0.885

DICPCG:  Solving for T, Initial residual = 0.000669493, Final residual = 4.67632e-08, No Iterations 2
DICPCG:  Solving for T, Initial residual = 1.29276e-06, Final residual = 4.91433e-09, No Iterations 1
DICPCG:  Solving for T, Initial residual = 1.64339e-08, Final residual = 1.64339e-08, No Iterations 0
ExecutionTime = 1.14 s  ClockTime = 2 s

Time = 0.89

DICPCG:  Solving for T, Initial residual = 0.000664657, Final residual = 4.65323e-08, No Iterations 2
DICPCG:  Solving for T, Initial residual = 1.28068e-06, Final residual = 4.85753e-09, No Iterations 1
DICPCG:  Solving for T, Initial residual = 1.62829e-08, Final residual = 1.62829e-08, No Iterations 0
ExecutionTime = 1.14 s  ClockTime = 3 s

Time = 0.895

DICPCG:  Solving for T, Initial residual = 0.000659897, Final residual = 4.63039e-08, No Iterations 2
DICPCG:  Solving for T, Initial residual = 1.26878e-06, Final residual = 4.80174e-09, No Iterations 1
DICPCG:  Solving for T, Initial residual = 1.61346e-08, Final residual = 1.61346e-08, No Iterations 0
ExecutionTime = 1.14 s  ClockTime = 3 s

Time = 0.9

DICPCG:  Solving for T, Initial residual = 0.000655209, Final residual = 4.60775e-08, No Iterations 2
DICPCG:  Solving for T, Initial residual = 1.25706e-06, Final residual = 4.7469e-09, No Iterations 1
DICPCG:  Solving for T, Initial residual = 1.59895e-08, Final residual = 1.59895e-08, No Iterations 0
ExecutionTime = 1.18 s  ClockTime = 3 s

Time = 0.905

DICPCG:  Solving for T, Initial residual = 0.000650593, Final residual = 4.58529e-08, No Iterations 2
DICPCG:  Solving for T, Initial residual = 1.24552e-06, Final residual = 4.69297e-09, No Iterations 1
DICPCG:  Solving for T, Initial residual = 1.5847e-08, Final residual = 1.5847e-08, No Iterations 0
ExecutionTime = 1.19 s  ClockTime = 3 s

Time = 0.91

DICPCG:  Solving for T, Initial residual = 0.000646048, Final residual = 4.56306e-08, No Iterations 2
DICPCG:  Solving for T, Initial residual = 1.23416e-06, Final residual = 4.64e-09, No Iterations 1
DICPCG:  Solving for T, Initial residual = 1.57076e-08, Final residual = 1.57076e-08, No Iterations 0
ExecutionTime = 1.19 s  ClockTime = 3 s

Time = 0.915

DICPCG:  Solving for T, Initial residual = 0.000641572, Final residual = 4.54097e-08, No Iterations 2
DICPCG:  Solving for T, Initial residual = 1.22298e-06, Final residual = 4.58797e-09, No Iterations 1
DICPCG:  Solving for T, Initial residual = 1.55707e-08, Final residual = 1.55707e-08, No Iterations 0
ExecutionTime = 1.19 s  ClockTime = 3 s

Time = 0.92

DICPCG:  Solving for T, Initial residual = 0.000637162, Final residual = 4.51902e-08, No Iterations 2
DICPCG:  Solving for T, Initial residual = 1.21198e-06, Final residual = 4.53678e-09, No Iterations 1
DICPCG:  Solving for T, Initial residual = 1.54358e-08, Final residual = 1.54358e-08, No Iterations 0
ExecutionTime = 1.2 s  ClockTime = 3 s

Time = 0.925

DICPCG:  Solving for T, Initial residual = 0.000632819, Final residual = 4.49725e-08, No Iterations 2
DICPCG:  Solving for T, Initial residual = 1.20116e-06, Final residual = 4.48646e-09, No Iterations 1
DICPCG:  Solving for T, Initial residual = 1.5303e-08, Final residual = 1.5303e-08, No Iterations 0
ExecutionTime = 1.2 s  ClockTime = 3 s

Time = 0.93

DICPCG:  Solving for T, Initial residual = 0.000628541, Final residual = 4.47564e-08, No Iterations 2
DICPCG:  Solving for T, Initial residual = 1.19051e-06, Final residual = 4.43704e-09, No Iterations 1
DICPCG:  Solving for T, Initial residual = 1.51725e-08, Final residual = 1.51725e-08, No Iterations 0
ExecutionTime = 1.22 s  ClockTime = 3 s

Time = 0.935

DICPCG:  Solving for T, Initial residual = 0.000624327, Final residual = 4.45421e-08, No Iterations 2
DICPCG:  Solving for T, Initial residual = 1.18003e-06, Final residual = 4.38841e-09, No Iterations 1
DICPCG:  Solving for T, Initial residual = 1.50446e-08, Final residual = 1.50446e-08, No Iterations 0
ExecutionTime = 1.22 s  ClockTime = 3 s

Time = 0.94

DICPCG:  Solving for T, Initial residual = 0.000620175, Final residual = 4.43291e-08, No Iterations 2
DICPCG:  Solving for T, Initial residual = 1.1697e-06, Final residual = 4.3406e-09, No Iterations 1
DICPCG:  Solving for T, Initial residual = 1.49186e-08, Final residual = 1.49186e-08, No Iterations 0
ExecutionTime = 1.22 s  ClockTime = 3 s

Time = 0.945

DICPCG:  Solving for T, Initial residual = 0.000616083, Final residual = 4.41174e-08, No Iterations 2
DICPCG:  Solving for T, Initial residual = 1.15951e-06, Final residual = 4.29365e-09, No Iterations 1
DICPCG:  Solving for T, Initial residual = 1.47942e-08, Final residual = 1.47942e-08, No Iterations 0
ExecutionTime = 1.23 s  ClockTime = 3 s

Time = 0.95

DICPCG:  Solving for T, Initial residual = 0.00061205, Final residual = 4.39071e-08, No Iterations 2
DICPCG:  Solving for T, Initial residual = 1.14946e-06, Final residual = 4.2476e-09, No Iterations 1
DICPCG:  Solving for T, Initial residual = 1.46721e-08, Final residual = 1.46721e-08, No Iterations 0
ExecutionTime = 1.23 s  ClockTime = 3 s

Time = 0.955

DICPCG:  Solving for T, Initial residual = 0.000608076, Final residual = 4.36986e-08, No Iterations 2
DICPCG:  Solving for T, Initial residual = 1.13958e-06, Final residual = 4.20237e-09, No Iterations 1
DICPCG:  Solving for T, Initial residual = 1.45516e-08, Final residual = 1.45516e-08, No Iterations 0
ExecutionTime = 1.23 s  ClockTime = 3 s

Time = 0.96

DICPCG:  Solving for T, Initial residual = 0.00060416, Final residual = 4.3492e-08, No Iterations 2
DICPCG:  Solving for T, Initial residual = 1.12984e-06, Final residual = 4.158e-09, No Iterations 1
DICPCG:  Solving for T, Initial residual = 1.44326e-08, Final residual = 1.44326e-08, No Iterations 0
ExecutionTime = 1.23 s  ClockTime = 3 s

Time = 0.965

DICPCG:  Solving for T, Initial residual = 0.0006003, Final residual = 4.32872e-08, No Iterations 2
DICPCG:  Solving for T, Initial residual = 1.12027e-06, Final residual = 4.11458e-09, No Iterations 1
DICPCG:  Solving for T, Initial residual = 1.43153e-08, Final residual = 1.43153e-08, No Iterations 0
ExecutionTime = 1.24 s  ClockTime = 3 s

Time = 0.97

DICPCG:  Solving for T, Initial residual = 0.000596496, Final residual = 4.3084e-08, No Iterations 2
DICPCG:  Solving for T, Initial residual = 1.11083e-06, Final residual = 4.07209e-09, No Iterations 1
DICPCG:  Solving for T, Initial residual = 1.41995e-08, Final residual = 1.41995e-08, No Iterations 0
ExecutionTime = 1.25 s  ClockTime = 3 s

Time = 0.975

DICPCG:  Solving for T, Initial residual = 0.000592746, Final residual = 4.2882e-08, No Iterations 2
DICPCG:  Solving for T, Initial residual = 1.10152e-06, Final residual = 4.0304e-09, No Iterations 1
DICPCG:  Solving for T, Initial residual = 1.40852e-08, Final residual = 1.40852e-08, No Iterations 0
ExecutionTime = 1.25 s  ClockTime = 3 s

Time = 0.98

DICPCG:  Solving for T, Initial residual = 0.00058905, Final residual = 4.2682e-08, No Iterations 2
DICPCG:  Solving for T, Initial residual = 1.09234e-06, Final residual = 3.98939e-09, No Iterations 1
DICPCG:  Solving for T, Initial residual = 1.39724e-08, Final residual = 1.39724e-08, No Iterations 0
ExecutionTime = 1.26 s  ClockTime = 3 s

Time = 0.985

DICPCG:  Solving for T, Initial residual = 0.000585407, Final residual = 4.24836e-08, No Iterations 2
DICPCG:  Solving for T, Initial residual = 1.08332e-06, Final residual = 3.94911e-09, No Iterations 1
DICPCG:  Solving for T, Initial residual = 1.38613e-08, Final residual = 1.38613e-08, No Iterations 0
ExecutionTime = 1.26 s  ClockTime = 3 s

Time = 0.99

DICPCG:  Solving for T, Initial residual = 0.000581814, Final residual = 4.22869e-08, No Iterations 2
DICPCG:  Solving for T, Initial residual = 1.07442e-06, Final residual = 3.9095e-09, No Iterations 1
DICPCG:  Solving for T, Initial residual = 1.37519e-08, Final residual = 1.37519e-08, No Iterations 0
ExecutionTime = 1.27 s  ClockTime = 3 s

Time = 0.995

DICPCG:  Solving for T, Initial residual = 0.000578271, Final residual = 4.20916e-08, No Iterations 2
DICPCG:  Solving for T, Initial residual = 1.06564e-06, Final residual = 3.87051e-09, No Iterations 1
DICPCG:  Solving for T, Initial residual = 1.36437e-08, Final residual = 1.36437e-08, No Iterations 0
ExecutionTime = 1.27 s  ClockTime = 3 s

Time = 1

DICPCG:  Solving for T, Initial residual = 0.000574777, Final residual = 4.18979e-08, No Iterations 2
DICPCG:  Solving for T, Initial residual = 1.05698e-06, Final residual = 3.83221e-09, No Iterations 1
DICPCG:  Solving for T, Initial residual = 1.35369e-08, Final residual = 1.35369e-08, No Iterations 0
ExecutionTime = 1.31 s  ClockTime = 3 s

Time = 1.005

DICPCG:  Solving for T, Initial residual = 0.00057133, Final residual = 4.17056e-08, No Iterations 2
DICPCG:  Solving for T, Initial residual = 1.04847e-06, Final residual = 3.79449e-09, No Iterations 1
DICPCG:  Solving for T, Initial residual = 1.34317e-08, Final residual = 1.34317e-08, No Iterations 0
ExecutionTime = 1.32 s  ClockTime = 3 s

Time = 1.01

DICPCG:  Solving for T, Initial residual = 0.00056793, Final residual = 4.15153e-08, No Iterations 2
DICPCG:  Solving for T, Initial residual = 1.04007e-06, Final residual = 3.75738e-09, No Iterations 1
DICPCG:  Solving for T, Initial residual = 1.33277e-08, Final residual = 1.33277e-08, No Iterations 0
ExecutionTime = 1.33 s  ClockTime = 3 s

Time = 1.015

DICPCG:  Solving for T, Initial residual = 0.000564575, Final residual = 4.13266e-08, No Iterations 2
DICPCG:  Solving for T, Initial residual = 1.03179e-06, Final residual = 3.72094e-09, No Iterations 1
DICPCG:  Solving for T, Initial residual = 1.3225e-08, Final residual = 1.3225e-08, No Iterations 0
ExecutionTime = 1.33 s  ClockTime = 3 s

Time = 1.02

DICPCG:  Solving for T, Initial residual = 0.000561266, Final residual = 4.11391e-08, No Iterations 2
DICPCG:  Solving for T, Initial residual = 1.02363e-06, Final residual = 3.68524e-09, No Iterations 1
DICPCG:  Solving for T, Initial residual = 1.31238e-08, Final residual = 1.31238e-08, No Iterations 0
ExecutionTime = 1.33 s  ClockTime = 3 s

Time = 1.025

DICPCG:  Solving for T, Initial residual = 0.000558002, Final residual = 4.09531e-08, No Iterations 2
DICPCG:  Solving for T, Initial residual = 1.01558e-06, Final residual = 3.65032e-09, No Iterations 1
DICPCG:  Solving for T, Initial residual = 1.30246e-08, Final residual = 1.30246e-08, No Iterations 0
ExecutionTime = 1.34 s  ClockTime = 3 s

Time = 1.03

DICPCG:  Solving for T, Initial residual = 0.000554783, Final residual = 4.07687e-08, No Iterations 2
DICPCG:  Solving for T, Initial residual = 1.00763e-06, Final residual = 3.6159e-09, No Iterations 1
DICPCG:  Solving for T, Initial residual = 1.2927e-08, Final residual = 1.2927e-08, No Iterations 0
ExecutionTime = 1.34 s  ClockTime = 3 s

Time = 1.035

DICPCG:  Solving for T, Initial residual = 0.000551607, Final residual = 4.05859e-08, No Iterations 2
DICPCG:  Solving for T, Initial residual = 9.99775e-07, Final residual = 9.99775e-07, No Iterations 0
DICPCG:  Solving for T, Initial residual = 9.99775e-07, Final residual = 9.99775e-07, No Iterations 0
ExecutionTime = 1.35 s  ClockTime = 3 s

Time = 1.04

DICPCG:  Solving for T, Initial residual = 0.000548476, Final residual = 4.03926e-08, No Iterations 2
DICPCG:  Solving for T, Initial residual = 9.92156e-07, Final residual = 9.92156e-07, No Iterations 0
DICPCG:  Solving for T, Initial residual = 9.92156e-07, Final residual = 9.92156e-07, No Iterations 0
ExecutionTime = 1.36 s  ClockTime = 3 s

Time = 1.045

DICPCG:  Solving for T, Initial residual = 0.000545385, Final residual = 4.0214e-08, No Iterations 2
DICPCG:  Solving for T, Initial residual = 9.84599e-07, Final residual = 9.84599e-07, No Iterations 0
DICPCG:  Solving for T, Initial residual = 9.84599e-07, Final residual = 9.84599e-07, No Iterations 0
ExecutionTime = 1.36 s  ClockTime = 3 s

Time = 1.05

DICPCG:  Solving for T, Initial residual = 0.000542334, Final residual = 4.00408e-08, No Iterations 2
DICPCG:  Solving for T, Initial residual = 9.77115e-07, Final residual = 9.77115e-07, No Iterations 0
DICPCG:  Solving for T, Initial residual = 9.77115e-07, Final residual = 9.77115e-07, No Iterations 0
ExecutionTime = 1.37 s  ClockTime = 3 s

Time = 1.055

DICPCG:  Solving for T, Initial residual = 0.000539323, Final residual = 3.98696e-08, No Iterations 2
DICPCG:  Solving for T, Initial residual = 9.69696e-07, Final residual = 9.69696e-07, No Iterations 0
DICPCG:  Solving for T, Initial residual = 9.69696e-07, Final residual = 9.69696e-07, No Iterations 0
ExecutionTime = 1.37 s  ClockTime = 3 s

Time = 1.06

DICPCG:  Solving for T, Initial residual = 0.000536349, Final residual = 3.96989e-08, No Iterations 2
DICPCG:  Solving for T, Initial residual = 9.62378e-07, Final residual = 9.62378e-07, No Iterations 0
DICPCG:  Solving for T, Initial residual = 9.62378e-07, Final residual = 9.62378e-07, No Iterations 0
ExecutionTime = 1.38 s  ClockTime = 3 s

Time = 1.065

DICPCG:  Solving for T, Initial residual = 0.000533413, Final residual = 3.95284e-08, No Iterations 2
DICPCG:  Solving for T, Initial residual = 9.55163e-07, Final residual = 9.55163e-07, No Iterations 0
DICPCG:  Solving for T, Initial residual = 9.55163e-07, Final residual = 9.55163e-07, No Iterations 0
ExecutionTime = 1.38 s  ClockTime = 3 s

Time = 1.07

DICPCG:  Solving for T, Initial residual = 0.000530515, Final residual = 3.93588e-08, No Iterations 2
DICPCG:  Solving for T, Initial residual = 9.4804e-07, Final residual = 9.4804e-07, No Iterations 0
DICPCG:  Solving for T, Initial residual = 9.4804e-07, Final residual = 9.4804e-07, No Iterations 0
ExecutionTime = 1.38 s  ClockTime = 3 s

Time = 1.075

DICPCG:  Solving for T, Initial residual = 0.000527654, Final residual = 3.91903e-08, No Iterations 2
DICPCG:  Solving for T, Initial residual = 9.41004e-07, Final residual = 9.41004e-07, No Iterations 0
DICPCG:  Solving for T, Initial residual = 9.41004e-07, Final residual = 9.41004e-07, No Iterations 0
ExecutionTime = 1.39 s  ClockTime = 3 s

Time = 1.08

DICPCG:  Solving for T, Initial residual = 0.00052483, Final residual = 3.90226e-08, No Iterations 2
DICPCG:  Solving for T, Initial residual = 9.34054e-07, Final residual = 9.34054e-07, No Iterations 0
DICPCG:  Solving for T, Initial residual = 9.34054e-07, Final residual = 9.34054e-07, No Iterations 0
ExecutionTime = 1.39 s  ClockTime = 3 s

Time = 1.085

DICPCG:  Solving for T, Initial residual = 0.000522041, Final residual = 3.88555e-08, No Iterations 2
DICPCG:  Solving for T, Initial residual = 9.27185e-07, Final residual = 9.27185e-07, No Iterations 0
DICPCG:  Solving for T, Initial residual = 9.27185e-07, Final residual = 9.27185e-07, No Iterations 0
ExecutionTime = 1.4 s  ClockTime = 3 s

Time = 1.09

DICPCG:  Solving for T, Initial residual = 0.000519288, Final residual = 3.86893e-08, No Iterations 2
DICPCG:  Solving for T, Initial residual = 9.20423e-07, Final residual = 9.20423e-07, No Iterations 0
DICPCG:  Solving for T, Initial residual = 9.20423e-07, Final residual = 9.20423e-07, No Iterations 0
ExecutionTime = 1.4 s  ClockTime = 3 s

Time = 1.095

DICPCG:  Solving for T, Initial residual = 0.000516569, Final residual = 3.85242e-08, No Iterations 2
DICPCG:  Solving for T, Initial residual = 9.13747e-07, Final residual = 9.13747e-07, No Iterations 0
DICPCG:  Solving for T, Initial residual = 9.13747e-07, Final residual = 9.13747e-07, No Iterations 0
ExecutionTime = 1.4 s  ClockTime = 3 s

Time = 1.1

DICPCG:  Solving for T, Initial residual = 0.000513885, Final residual = 3.83602e-08, No Iterations 2
DICPCG:  Solving for T, Initial residual = 9.07156e-07, Final residual = 9.07156e-07, No Iterations 0
DICPCG:  Solving for T, Initial residual = 9.07156e-07, Final residual = 9.07156e-07, No Iterations 0
ExecutionTime = 1.46 s  ClockTime = 3 s

Time = 1.105

DICPCG:  Solving for T, Initial residual = 0.000511234, Final residual = 3.81973e-08, No Iterations 2
DICPCG:  Solving for T, Initial residual = 9.00645e-07, Final residual = 9.00645e-07, No Iterations 0
DICPCG:  Solving for T, Initial residual = 9.00645e-07, Final residual = 9.00645e-07, No Iterations 0
ExecutionTime = 1.47 s  ClockTime = 3 s

Time = 1.11

DICPCG:  Solving for T, Initial residual = 0.000508616, Final residual = 3.80354e-08, No Iterations 2
DICPCG:  Solving for T, Initial residual = 8.94211e-07, Final residual = 8.94211e-07, No Iterations 0
DICPCG:  Solving for T, Initial residual = 8.94211e-07, Final residual = 8.94211e-07, No Iterations 0
ExecutionTime = 1.48 s  ClockTime = 3 s

Time = 1.115

DICPCG:  Solving for T, Initial residual = 0.00050603, Final residual = 3.78749e-08, No Iterations 2
DICPCG:  Solving for T, Initial residual = 8.87874e-07, Final residual = 8.87874e-07, No Iterations 0
DICPCG:  Solving for T, Initial residual = 8.87874e-07, Final residual = 8.87874e-07, No Iterations 0
ExecutionTime = 1.5 s  ClockTime = 3 s

Time = 1.12

DICPCG:  Solving for T, Initial residual = 0.000503474, Final residual = 3.77156e-08, No Iterations 2
DICPCG:  Solving for T, Initial residual = 8.81611e-07, Final residual = 8.81611e-07, No Iterations 0
DICPCG:  Solving for T, Initial residual = 8.81611e-07, Final residual = 8.81611e-07, No Iterations 0
ExecutionTime = 1.51 s  ClockTime = 3 s

Time = 1.125

DICPCG:  Solving for T, Initial residual = 0.000500948, Final residual = 3.75574e-08, No Iterations 2
DICPCG:  Solving for T, Initial residual = 8.75437e-07, Final residual = 8.75437e-07, No Iterations 0
DICPCG:  Solving for T, Initial residual = 8.75437e-07, Final residual = 8.75437e-07, No Iterations 0
ExecutionTime = 1.52 s  ClockTime = 3 s

Time = 1.13

DICPCG:  Solving for T, Initial residual = 0.000498452, Final residual = 3.74007e-08, No Iterations 2
DICPCG:  Solving for T, Initial residual = 8.69334e-07, Final residual = 8.69334e-07, No Iterations 0
DICPCG:  Solving for T, Initial residual = 8.69334e-07, Final residual = 8.69334e-07, No Iterations 0
ExecutionTime = 1.53 s  ClockTime = 3 s

Time = 1.135

DICPCG:  Solving for T, Initial residual = 0.000495987, Final residual = 3.7245e-08, No Iterations 2
DICPCG:  Solving for T, Initial residual = 8.63303e-07, Final residual = 8.63303e-07, No Iterations 0
DICPCG:  Solving for T, Initial residual = 8.63303e-07, Final residual = 8.63303e-07, No Iterations 0
ExecutionTime = 1.54 s  ClockTime = 3 s

Time = 1.14

DICPCG:  Solving for T, Initial residual = 0.000493551, Final residual = 3.70905e-08, No Iterations 2
DICPCG:  Solving for T, Initial residual = 8.57367e-07, Final residual = 8.57367e-07, No Iterations 0
DICPCG:  Solving for T, Initial residual = 8.57367e-07, Final residual = 8.57367e-07, No Iterations 0
ExecutionTime = 1.56 s  ClockTime = 3 s

Time = 1.145

DICPCG:  Solving for T, Initial residual = 0.000491146, Final residual = 3.69373e-08, No Iterations 2
DICPCG:  Solving for T, Initial residual = 8.51542e-07, Final residual = 8.51542e-07, No Iterations 0
DICPCG:  Solving for T, Initial residual = 8.51542e-07, Final residual = 8.51542e-07, No Iterations 0
ExecutionTime = 1.57 s  ClockTime = 3 s

Time = 1.15

DICPCG:  Solving for T, Initial residual = 0.000488769, Final residual = 3.67851e-08, No Iterations 2
DICPCG:  Solving for T, Initial residual = 8.45795e-07, Final residual = 8.45795e-07, No Iterations 0
DICPCG:  Solving for T, Initial residual = 8.45795e-07, Final residual = 8.45795e-07, No Iterations 0
ExecutionTime = 1.58 s  ClockTime = 3 s

Time = 1.155

DICPCG:  Solving for T, Initial residual = 0.000486421, Final residual = 3.66342e-08, No Iterations 2
DICPCG:  Solving for T, Initial residual = 8.40121e-07, Final residual = 8.40121e-07, No Iterations 0
DICPCG:  Solving for T, Initial residual = 8.40121e-07, Final residual = 8.40121e-07, No Iterations 0
ExecutionTime = 1.59 s  ClockTime = 3 s

Time = 1.16

DICPCG:  Solving for T, Initial residual = 0.000484101, Final residual = 3.64843e-08, No Iterations 2
DICPCG:  Solving for T, Initial residual = 8.34521e-07, Final residual = 8.34521e-07, No Iterations 0
DICPCG:  Solving for T, Initial residual = 8.34521e-07, Final residual = 8.34521e-07, No Iterations 0
ExecutionTime = 1.61 s  ClockTime = 3 s

Time = 1.165

DICPCG:  Solving for T, Initial residual = 0.000481808, Final residual = 3.63358e-08, No Iterations 2
DICPCG:  Solving for T, Initial residual = 8.28995e-07, Final residual = 8.28995e-07, No Iterations 0
DICPCG:  Solving for T, Initial residual = 8.28995e-07, Final residual = 8.28995e-07, No Iterations 0
ExecutionTime = 1.62 s  ClockTime = 3 s

Time = 1.17

DICPCG:  Solving for T, Initial residual = 0.000479543, Final residual = 3.61885e-08, No Iterations 2
DICPCG:  Solving for T, Initial residual = 8.23529e-07, Final residual = 8.23529e-07, No Iterations 0
DICPCG:  Solving for T, Initial residual = 8.23529e-07, Final residual = 8.23529e-07, No Iterations 0
ExecutionTime = 1.63 s  ClockTime = 4 s

Time = 1.175

DICPCG:  Solving for T, Initial residual = 0.000477303, Final residual = 3.60422e-08, No Iterations 2
DICPCG:  Solving for T, Initial residual = 8.18128e-07, Final residual = 8.18128e-07, No Iterations 0
DICPCG:  Solving for T, Initial residual = 8.18128e-07, Final residual = 8.18128e-07, No Iterations 0
ExecutionTime = 1.64 s  ClockTime = 4 s

Time = 1.18

DICPCG:  Solving for T, Initial residual = 0.00047509, Final residual = 3.58969e-08, No Iterations 2
DICPCG:  Solving for T, Initial residual = 8.12792e-07, Final residual = 8.12792e-07, No Iterations 0
DICPCG:  Solving for T, Initial residual = 8.12792e-07, Final residual = 8.12792e-07, No Iterations 0
ExecutionTime = 1.65 s  ClockTime = 4 s

Time = 1.185

DICPCG:  Solving for T, Initial residual = 0.000472902, Final residual = 3.57526e-08, No Iterations 2
DICPCG:  Solving for T, Initial residual = 8.07574e-07, Final residual = 8.07574e-07, No Iterations 0
DICPCG:  Solving for T, Initial residual = 8.07574e-07, Final residual = 8.07574e-07, No Iterations 0
ExecutionTime = 1.67 s  ClockTime = 4 s

Time = 1.19

DICPCG:  Solving for T, Initial residual = 0.00047074, Final residual = 3.56094e-08, No Iterations 2
DICPCG:  Solving for T, Initial residual = 8.02422e-07, Final residual = 8.02422e-07, No Iterations 0
DICPCG:  Solving for T, Initial residual = 8.02422e-07, Final residual = 8.02422e-07, No Iterations 0
ExecutionTime = 1.67 s  ClockTime = 4 s

Time = 1.195

DICPCG:  Solving for T, Initial residual = 0.000468603, Final residual = 3.54673e-08, No Iterations 2
DICPCG:  Solving for T, Initial residual = 7.97328e-07, Final residual = 7.97328e-07, No Iterations 0
DICPCG:  Solving for T, Initial residual = 7.97328e-07, Final residual = 7.97328e-07, No Iterations 0
ExecutionTime = 1.68 s  ClockTime = 4 s

Time = 1.2

DICPCG:  Solving for T, Initial residual = 0.00046649, Final residual = 3.53263e-08, No Iterations 2
DICPCG:  Solving for T, Initial residual = 7.9229e-07, Final residual = 7.9229e-07, No Iterations 0
DICPCG:  Solving for T, Initial residual = 7.9229e-07, Final residual = 7.9229e-07, No Iterations 0
ExecutionTime = 1.79 s  ClockTime = 4 s

Time = 1.205

DICPCG:  Solving for T, Initial residual = 0.000464401, Final residual = 3.51862e-08, No Iterations 2
DICPCG:  Solving for T, Initial residual = 7.87306e-07, Final residual = 7.87306e-07, No Iterations 0
DICPCG:  Solving for T, Initial residual = 7.87306e-07, Final residual = 7.87306e-07, No Iterations 0
ExecutionTime = 1.8 s  ClockTime = 4 s

Time = 1.21

DICPCG:  Solving for T, Initial residual = 0.000462335, Final residual = 3.50471e-08, No Iterations 2
DICPCG:  Solving for T, Initial residual = 7.82374e-07, Final residual = 7.82374e-07, No Iterations 0
DICPCG:  Solving for T, Initial residual = 7.82374e-07, Final residual = 7.82374e-07, No Iterations 0
ExecutionTime = 1.81 s  ClockTime = 4 s

Time = 1.215

DICPCG:  Solving for T, Initial residual = 0.000460292, Final residual = 3.49089e-08, No Iterations 2
DICPCG:  Solving for T, Initial residual = 7.77496e-07, Final residual = 7.77496e-07, No Iterations 0
DICPCG:  Solving for T, Initial residual = 7.77496e-07, Final residual = 7.77496e-07, No Iterations 0
ExecutionTime = 1.81 s  ClockTime = 4 s

Time = 1.22

DICPCG:  Solving for T, Initial residual = 0.000458271, Final residual = 3.47716e-08, No Iterations 2
DICPCG:  Solving for T, Initial residual = 7.72677e-07, Final residual = 7.72677e-07, No Iterations 0
DICPCG:  Solving for T, Initial residual = 7.72677e-07, Final residual = 7.72677e-07, No Iterations 0
ExecutionTime = 1.82 s  ClockTime = 4 s

Time = 1.225

DICPCG:  Solving for T, Initial residual = 0.000456271, Final residual = 3.46354e-08, No Iterations 2
DICPCG:  Solving for T, Initial residual = 7.67919e-07, Final residual = 7.67919e-07, No Iterations 0
DICPCG:  Solving for T, Initial residual = 7.67919e-07, Final residual = 7.67919e-07, No Iterations 0
ExecutionTime = 1.83 s  ClockTime = 4 s

Time = 1.23

DICPCG:  Solving for T, Initial residual = 0.000454293, Final residual = 3.45e-08, No Iterations 2
DICPCG:  Solving for T, Initial residual = 7.63208e-07, Final residual = 7.63208e-07, No Iterations 0
DICPCG:  Solving for T, Initial residual = 7.63208e-07, Final residual = 7.63208e-07, No Iterations 0
ExecutionTime = 1.83 s  ClockTime = 4 s

Time = 1.235

DICPCG:  Solving for T, Initial residual = 0.000452336, Final residual = 3.43656e-08, No Iterations 2
DICPCG:  Solving for T, Initial residual = 7.5855e-07, Final residual = 7.5855e-07, No Iterations 0
DICPCG:  Solving for T, Initial residual = 7.5855e-07, Final residual = 7.5855e-07, No Iterations 0
ExecutionTime = 1.83 s  ClockTime = 4 s

Time = 1.24

DICPCG:  Solving for T, Initial residual = 0.000450401, Final residual = 3.42322e-08, No Iterations 2
DICPCG:  Solving for T, Initial residual = 7.53944e-07, Final residual = 7.53944e-07, No Iterations 0
DICPCG:  Solving for T, Initial residual = 7.53944e-07, Final residual = 7.53944e-07, No Iterations 0
ExecutionTime = 1.85 s  ClockTime = 4 s

Time = 1.245

DICPCG:  Solving for T, Initial residual = 0.000448487, Final residual = 3.40998e-08, No Iterations 2
DICPCG:  Solving for T, Initial residual = 7.49386e-07, Final residual = 7.49386e-07, No Iterations 0
DICPCG:  Solving for T, Initial residual = 7.49386e-07, Final residual = 7.49386e-07, No Iterations 0
ExecutionTime = 1.86 s  ClockTime = 4 s

Time = 1.25

DICPCG:  Solving for T, Initial residual = 0.000446594, Final residual = 3.39684e-08, No Iterations 2
DICPCG:  Solving for T, Initial residual = 7.44874e-07, Final residual = 7.44874e-07, No Iterations 0
DICPCG:  Solving for T, Initial residual = 7.44874e-07, Final residual = 7.44874e-07, No Iterations 0
ExecutionTime = 1.86 s  ClockTime = 4 s

Time = 1.255

DICPCG:  Solving for T, Initial residual = 0.000444721, Final residual = 3.38379e-08, No Iterations 2
DICPCG:  Solving for T, Initial residual = 7.40411e-07, Final residual = 7.40411e-07, No Iterations 0
DICPCG:  Solving for T, Initial residual = 7.40411e-07, Final residual = 7.40411e-07, No Iterations 0
ExecutionTime = 1.86 s  ClockTime = 4 s

Time = 1.26

DICPCG:  Solving for T, Initial residual = 0.000442869, Final residual = 3.37085e-08, No Iterations 2
DICPCG:  Solving for T, Initial residual = 7.36005e-07, Final residual = 7.36005e-07, No Iterations 0
DICPCG:  Solving for T, Initial residual = 7.36005e-07, Final residual = 7.36005e-07, No Iterations 0
ExecutionTime = 1.87 s  ClockTime = 4 s

Time = 1.265

DICPCG:  Solving for T, Initial residual = 0.000441036, Final residual = 3.358e-08, No Iterations 2
DICPCG:  Solving for T, Initial residual = 7.31651e-07, Final residual = 7.31651e-07, No Iterations 0
DICPCG:  Solving for T, Initial residual = 7.31651e-07, Final residual = 7.31651e-07, No Iterations 0
ExecutionTime = 1.87 s  ClockTime = 4 s

Time = 1.27

DICPCG:  Solving for T, Initial residual = 0.000439223, Final residual = 3.34524e-08, No Iterations 2
DICPCG:  Solving for T, Initial residual = 7.27345e-07, Final residual = 7.27345e-07, No Iterations 0
DICPCG:  Solving for T, Initial residual = 7.27345e-07, Final residual = 7.27345e-07, No Iterations 0
ExecutionTime = 1.88 s  ClockTime = 4 s

Time = 1.275

DICPCG:  Solving for T, Initial residual = 0.000437429, Final residual = 3.33258e-08, No Iterations 2
DICPCG:  Solving for T, Initial residual = 7.23088e-07, Final residual = 7.23088e-07, No Iterations 0
DICPCG:  Solving for T, Initial residual = 7.23088e-07, Final residual = 7.23088e-07, No Iterations 0
ExecutionTime = 1.89 s  ClockTime = 4 s

Time = 1.28

DICPCG:  Solving for T, Initial residual = 0.000435654, Final residual = 3.32002e-08, No Iterations 2
DICPCG:  Solving for T, Initial residual = 7.18874e-07, Final residual = 7.18874e-07, No Iterations 0
DICPCG:  Solving for T, Initial residual = 7.18874e-07, Final residual = 7.18874e-07, No Iterations 0
ExecutionTime = 1.9 s  ClockTime = 4 s

Time = 1.285

DICPCG:  Solving for T, Initial residual = 0.000433898, Final residual = 3.30756e-08, No Iterations 2
DICPCG:  Solving for T, Initial residual = 7.14702e-07, Final residual = 7.14702e-07, No Iterations 0
DICPCG:  Solving for T, Initial residual = 7.14702e-07, Final residual = 7.14702e-07, No Iterations 0
ExecutionTime = 1.9 s  ClockTime = 4 s

Time = 1.29

DICPCG:  Solving for T, Initial residual = 0.00043216, Final residual = 3.29519e-08, No Iterations 2
DICPCG:  Solving for T, Initial residual = 7.10571e-07, Final residual = 7.10571e-07, No Iterations 0
DICPCG:  Solving for T, Initial residual = 7.10571e-07, Final residual = 7.10571e-07, No Iterations 0
ExecutionTime = 1.91 s  ClockTime = 4 s

Time = 1.295

DICPCG:  Solving for T, Initial residual = 0.00043044, Final residual = 3.28292e-08, No Iterations 2
DICPCG:  Solving for T, Initial residual = 7.06481e-07, Final residual = 7.06481e-07, No Iterations 0
DICPCG:  Solving for T, Initial residual = 7.06481e-07, Final residual = 7.06481e-07, No Iterations 0
ExecutionTime = 1.92 s  ClockTime = 4 s

Time = 1.3

DICPCG:  Solving for T, Initial residual = 0.000428738, Final residual = 3.27073e-08, No Iterations 2
DICPCG:  Solving for T, Initial residual = 7.02431e-07, Final residual = 7.02431e-07, No Iterations 0
DICPCG:  Solving for T, Initial residual = 7.02431e-07, Final residual = 7.02431e-07, No Iterations 0
ExecutionTime = 1.98 s  ClockTime = 4 s

Time = 1.305

DICPCG:  Solving for T, Initial residual = 0.000427053, Final residual = 3.25862e-08, No Iterations 2
DICPCG:  Solving for T, Initial residual = 6.98421e-07, Final residual = 6.98421e-07, No Iterations 0
DICPCG:  Solving for T, Initial residual = 6.98421e-07, Final residual = 6.98421e-07, No Iterations 0
ExecutionTime = 1.99 s  ClockTime = 4 s

Time = 1.31

DICPCG:  Solving for T, Initial residual = 0.000425386, Final residual = 3.2466e-08, No Iterations 2
DICPCG:  Solving for T, Initial residual = 6.94453e-07, Final residual = 6.94453e-07, No Iterations 0
DICPCG:  Solving for T, Initial residual = 6.94453e-07, Final residual = 6.94453e-07, No Iterations 0
ExecutionTime = 1.99 s  ClockTime = 4 s

Time = 1.315

DICPCG:  Solving for T, Initial residual = 0.000423735, Final residual = 3.23467e-08, No Iterations 2
DICPCG:  Solving for T, Initial residual = 6.90531e-07, Final residual = 6.90531e-07, No Iterations 0
DICPCG:  Solving for T, Initial residual = 6.90531e-07, Final residual = 6.90531e-07, No Iterations 0
ExecutionTime = 2 s  ClockTime = 4 s

Time = 1.32

DICPCG:  Solving for T, Initial residual = 0.000422101, Final residual = 3.22282e-08, No Iterations 2
DICPCG:  Solving for T, Initial residual = 6.8666e-07, Final residual = 6.8666e-07, No Iterations 0
DICPCG:  Solving for T, Initial residual = 6.8666e-07, Final residual = 6.8666e-07, No Iterations 0
ExecutionTime = 2 s  ClockTime = 4 s

Time = 1.325

DICPCG:  Solving for T, Initial residual = 0.000420483, Final residual = 3.21105e-08, No Iterations 2
DICPCG:  Solving for T, Initial residual = 6.82835e-07, Final residual = 6.82835e-07, No Iterations 0
DICPCG:  Solving for T, Initial residual = 6.82835e-07, Final residual = 6.82835e-07, No Iterations 0
ExecutionTime = 2.01 s  ClockTime = 4 s

Time = 1.33

DICPCG:  Solving for T, Initial residual = 0.000418881, Final residual = 3.19936e-08, No Iterations 2
DICPCG:  Solving for T, Initial residual = 6.79057e-07, Final residual = 6.79057e-07, No Iterations 0
DICPCG:  Solving for T, Initial residual = 6.79057e-07, Final residual = 6.79057e-07, No Iterations 0
ExecutionTime = 2.02 s  ClockTime = 4 s

Time = 1.335

DICPCG:  Solving for T, Initial residual = 0.000417295, Final residual = 3.18777e-08, No Iterations 2
DICPCG:  Solving for T, Initial residual = 6.75313e-07, Final residual = 6.75313e-07, No Iterations 0
DICPCG:  Solving for T, Initial residual = 6.75313e-07, Final residual = 6.75313e-07, No Iterations 0
ExecutionTime = 2.02 s  ClockTime = 4 s

Time = 1.34

DICPCG:  Solving for T, Initial residual = 0.000415725, Final residual = 3.17625e-08, No Iterations 2
DICPCG:  Solving for T, Initial residual = 6.71605e-07, Final residual = 6.71605e-07, No Iterations 0
DICPCG:  Solving for T, Initial residual = 6.71605e-07, Final residual = 6.71605e-07, No Iterations 0
ExecutionTime = 2.03 s  ClockTime = 4 s

Time = 1.345

DICPCG:  Solving for T, Initial residual = 0.00041417, Final residual = 3.16481e-08, No Iterations 2
DICPCG:  Solving for T, Initial residual = 6.67942e-07, Final residual = 6.67942e-07, No Iterations 0
DICPCG:  Solving for T, Initial residual = 6.67942e-07, Final residual = 6.67942e-07, No Iterations 0
ExecutionTime = 2.03 s  ClockTime = 4 s

Time = 1.35

DICPCG:  Solving for T, Initial residual = 0.00041263, Final residual = 3.15345e-08, No Iterations 2
DICPCG:  Solving for T, Initial residual = 6.64337e-07, Final residual = 6.64337e-07, No Iterations 0
DICPCG:  Solving for T, Initial residual = 6.64337e-07, Final residual = 6.64337e-07, No Iterations 0
ExecutionTime = 2.04 s  ClockTime = 4 s

Time = 1.355

DICPCG:  Solving for T, Initial residual = 0.000411104, Final residual = 3.14218e-08, No Iterations 2
DICPCG:  Solving for T, Initial residual = 6.60767e-07, Final residual = 6.60767e-07, No Iterations 0
DICPCG:  Solving for T, Initial residual = 6.60767e-07, Final residual = 6.60767e-07, No Iterations 0
ExecutionTime = 2.04 s  ClockTime = 4 s

Time = 1.36

DICPCG:  Solving for T, Initial residual = 0.000409594, Final residual = 3.13098e-08, No Iterations 2
DICPCG:  Solving for T, Initial residual = 6.57235e-07, Final residual = 6.57235e-07, No Iterations 0
DICPCG:  Solving for T, Initial residual = 6.57235e-07, Final residual = 6.57235e-07, No Iterations 0
ExecutionTime = 2.04 s  ClockTime = 4 s

Time = 1.365

DICPCG:  Solving for T, Initial residual = 0.000408098, Final residual = 3.11986e-08, No Iterations 2
DICPCG:  Solving for T, Initial residual = 6.53738e-07, Final residual = 6.53738e-07, No Iterations 0
DICPCG:  Solving for T, Initial residual = 6.53738e-07, Final residual = 6.53738e-07, No Iterations 0
ExecutionTime = 2.06 s  ClockTime = 4 s

Time = 1.37

DICPCG:  Solving for T, Initial residual = 0.000406616, Final residual = 3.10881e-08, No Iterations 2
DICPCG:  Solving for T, Initial residual = 6.50275e-07, Final residual = 6.50275e-07, No Iterations 0
DICPCG:  Solving for T, Initial residual = 6.50275e-07, Final residual = 6.50275e-07, No Iterations 0
ExecutionTime = 2.07 s  ClockTime = 4 s

Time = 1.375

DICPCG:  Solving for T, Initial residual = 0.000405148, Final residual = 3.09784e-08, No Iterations 2
DICPCG:  Solving for T, Initial residual = 6.46843e-07, Final residual = 6.46843e-07, No Iterations 0
DICPCG:  Solving for T, Initial residual = 6.46843e-07, Final residual = 6.46843e-07, No Iterations 0
ExecutionTime = 2.07 s  ClockTime = 4 s

Time = 1.38

DICPCG:  Solving for T, Initial residual = 0.000403693, Final residual = 3.08693e-08, No Iterations 2
DICPCG:  Solving for T, Initial residual = 6.43448e-07, Final residual = 6.43448e-07, No Iterations 0
DICPCG:  Solving for T, Initial residual = 6.43448e-07, Final residual = 6.43448e-07, No Iterations 0
ExecutionTime = 2.08 s  ClockTime = 4 s

Time = 1.385

DICPCG:  Solving for T, Initial residual = 0.000402252, Final residual = 3.0761e-08, No Iterations 2
DICPCG:  Solving for T, Initial residual = 6.40122e-07, Final residual = 6.40122e-07, No Iterations 0
DICPCG:  Solving for T, Initial residual = 6.40122e-07, Final residual = 6.40122e-07, No Iterations 0
ExecutionTime = 2.08 s  ClockTime = 4 s

Time = 1.39

DICPCG:  Solving for T, Initial residual = 0.000400825, Final residual = 3.06534e-08, No Iterations 2
DICPCG:  Solving for T, Initial residual = 6.36826e-07, Final residual = 6.36826e-07, No Iterations 0
DICPCG:  Solving for T, Initial residual = 6.36826e-07, Final residual = 6.36826e-07, No Iterations 0
ExecutionTime = 2.09 s  ClockTime = 4 s

Time = 1.395

DICPCG:  Solving for T, Initial residual = 0.000399411, Final residual = 3.05466e-08, No Iterations 2
DICPCG:  Solving for T, Initial residual = 6.33558e-07, Final residual = 6.33558e-07, No Iterations 0
DICPCG:  Solving for T, Initial residual = 6.33558e-07, Final residual = 6.33558e-07, No Iterations 0
ExecutionTime = 2.09 s  ClockTime = 4 s

Time = 1.4

DICPCG:  Solving for T, Initial residual = 0.00039801, Final residual = 3.04405e-08, No Iterations 2
DICPCG:  Solving for T, Initial residual = 6.30319e-07, Final residual = 6.30319e-07, No Iterations 0
DICPCG:  Solving for T, Initial residual = 6.30319e-07, Final residual = 6.30319e-07, No Iterations 0
ExecutionTime = 2.15 s  ClockTime = 5 s

Time = 1.405

DICPCG:  Solving for T, Initial residual = 0.000396622, Final residual = 3.03351e-08, No Iterations 2
DICPCG:  Solving for T, Initial residual = 6.2711e-07, Final residual = 6.2711e-07, No Iterations 0
DICPCG:  Solving for T, Initial residual = 6.2711e-07, Final residual = 6.2711e-07, No Iterations 0
ExecutionTime = 2.16 s  ClockTime = 5 s

Time = 1.41

DICPCG:  Solving for T, Initial residual = 0.000395247, Final residual = 3.02305e-08, No Iterations 2
DICPCG:  Solving for T, Initial residual = 6.23933e-07, Final residual = 6.23933e-07, No Iterations 0
DICPCG:  Solving for T, Initial residual = 6.23933e-07, Final residual = 6.23933e-07, No Iterations 0
ExecutionTime = 2.16 s  ClockTime = 5 s

Time = 1.415

DICPCG:  Solving for T, Initial residual = 0.000393884, Final residual = 3.01266e-08, No Iterations 2
DICPCG:  Solving for T, Initial residual = 6.20793e-07, Final residual = 6.20793e-07, No Iterations 0
DICPCG:  Solving for T, Initial residual = 6.20793e-07, Final residual = 6.20793e-07, No Iterations 0
ExecutionTime = 2.17 s  ClockTime = 5 s

Time = 1.42

DICPCG:  Solving for T, Initial residual = 0.000392534, Final residual = 3.00235e-08, No Iterations 2
DICPCG:  Solving for T, Initial residual = 6.1768e-07, Final residual = 6.1768e-07, No Iterations 0
DICPCG:  Solving for T, Initial residual = 6.1768e-07, Final residual = 6.1768e-07, No Iterations 0
ExecutionTime = 2.17 s  ClockTime = 5 s

Time = 1.425

DICPCG:  Solving for T, Initial residual = 0.000391196, Final residual = 2.99211e-08, No Iterations 2
DICPCG:  Solving for T, Initial residual = 6.14596e-07, Final residual = 6.14596e-07, No Iterations 0
DICPCG:  Solving for T, Initial residual = 6.14596e-07, Final residual = 6.14596e-07, No Iterations 0
ExecutionTime = 2.18 s  ClockTime = 5 s

Time = 1.43

DICPCG:  Solving for T, Initial residual = 0.00038987, Final residual = 2.98193e-08, No Iterations 2
DICPCG:  Solving for T, Initial residual = 6.11538e-07, Final residual = 6.11538e-07, No Iterations 0
DICPCG:  Solving for T, Initial residual = 6.11538e-07, Final residual = 6.11538e-07, No Iterations 0
ExecutionTime = 2.19 s  ClockTime = 5 s

Time = 1.435

DICPCG:  Solving for T, Initial residual = 0.000388556, Final residual = 2.97182e-08, No Iterations 2
DICPCG:  Solving for T, Initial residual = 6.08505e-07, Final residual = 6.08505e-07, No Iterations 0
DICPCG:  Solving for T, Initial residual = 6.08505e-07, Final residual = 6.08505e-07, No Iterations 0
ExecutionTime = 2.19 s  ClockTime = 5 s

Time = 1.44

DICPCG:  Solving for T, Initial residual = 0.000387254, Final residual = 2.96178e-08, No Iterations 2
DICPCG:  Solving for T, Initial residual = 6.05497e-07, Final residual = 6.05497e-07, No Iterations 0
DICPCG:  Solving for T, Initial residual = 6.05497e-07, Final residual = 6.05497e-07, No Iterations 0
ExecutionTime = 2.2 s  ClockTime = 5 s

Time = 1.445

DICPCG:  Solving for T, Initial residual = 0.000385963, Final residual = 2.9518e-08, No Iterations 2
DICPCG:  Solving for T, Initial residual = 6.02515e-07, Final residual = 6.02515e-07, No Iterations 0
DICPCG:  Solving for T, Initial residual = 6.02515e-07, Final residual = 6.02515e-07, No Iterations 0
ExecutionTime = 2.21 s  ClockTime = 5 s

Time = 1.45

DICPCG:  Solving for T, Initial residual = 0.000384683, Final residual = 2.94189e-08, No Iterations 2
DICPCG:  Solving for T, Initial residual = 5.99564e-07, Final residual = 5.99564e-07, No Iterations 0
DICPCG:  Solving for T, Initial residual = 5.99564e-07, Final residual = 5.99564e-07, No Iterations 0
ExecutionTime = 2.21 s  ClockTime = 5 s

Time = 1.455

DICPCG:  Solving for T, Initial residual = 0.000383414, Final residual = 2.93204e-08, No Iterations 2
DICPCG:  Solving for T, Initial residual = 5.96639e-07, Final residual = 5.96639e-07, No Iterations 0
DICPCG:  Solving for T, Initial residual = 5.96639e-07, Final residual = 5.96639e-07, No Iterations 0
ExecutionTime = 2.22 s  ClockTime = 5 s

Time = 1.46

DICPCG:  Solving for T, Initial residual = 0.000382156, Final residual = 2.92225e-08, No Iterations 2
DICPCG:  Solving for T, Initial residual = 5.93744e-07, Final residual = 5.93744e-07, No Iterations 0
DICPCG:  Solving for T, Initial residual = 5.93744e-07, Final residual = 5.93744e-07, No Iterations 0
ExecutionTime = 2.22 s  ClockTime = 5 s

Time = 1.465

DICPCG:  Solving for T, Initial residual = 0.000380909, Final residual = 2.91252e-08, No Iterations 2
DICPCG:  Solving for T, Initial residual = 5.90873e-07, Final residual = 5.90873e-07, No Iterations 0
DICPCG:  Solving for T, Initial residual = 5.90873e-07, Final residual = 5.90873e-07, No Iterations 0
ExecutionTime = 2.23 s  ClockTime = 5 s

Time = 1.47

DICPCG:  Solving for T, Initial residual = 0.000379672, Final residual = 2.90285e-08, No Iterations 2
DICPCG:  Solving for T, Initial residual = 5.88028e-07, Final residual = 5.88028e-07, No Iterations 0
DICPCG:  Solving for T, Initial residual = 5.88028e-07, Final residual = 5.88028e-07, No Iterations 0
ExecutionTime = 2.23 s  ClockTime = 5 s

Time = 1.475

DICPCG:  Solving for T, Initial residual = 0.000378445, Final residual = 2.89325e-08, No Iterations 2
DICPCG:  Solving for T, Initial residual = 5.85219e-07, Final residual = 5.85219e-07, No Iterations 0
DICPCG:  Solving for T, Initial residual = 5.85219e-07, Final residual = 5.85219e-07, No Iterations 0
ExecutionTime = 2.23 s  ClockTime = 5 s

Time = 1.48

DICPCG:  Solving for T, Initial residual = 0.000377229, Final residual = 2.88371e-08, No Iterations 2
DICPCG:  Solving for T, Initial residual = 5.82436e-07, Final residual = 5.82436e-07, No Iterations 0
DICPCG:  Solving for T, Initial residual = 5.82436e-07, Final residual = 5.82436e-07, No Iterations 0
ExecutionTime = 2.25 s  ClockTime = 5 s

Time = 1.485

DICPCG:  Solving for T, Initial residual = 0.000376023, Final residual = 2.87423e-08, No Iterations 2
DICPCG:  Solving for T, Initial residual = 5.79678e-07, Final residual = 5.79678e-07, No Iterations 0
DICPCG:  Solving for T, Initial residual = 5.79678e-07, Final residual = 5.79678e-07, No Iterations 0
ExecutionTime = 2.25 s  ClockTime = 5 s

Time = 1.49

DICPCG:  Solving for T, Initial residual = 0.000374826, Final residual = 2.86481e-08, No Iterations 2
DICPCG:  Solving for T, Initial residual = 5.76952e-07, Final residual = 5.76952e-07, No Iterations 0
DICPCG:  Solving for T, Initial residual = 5.76952e-07, Final residual = 5.76952e-07, No Iterations 0
ExecutionTime = 2.26 s  ClockTime = 5 s

Time = 1.495

DICPCG:  Solving for T, Initial residual = 0.00037364, Final residual = 2.85545e-08, No Iterations 2
DICPCG:  Solving for T, Initial residual = 5.74247e-07, Final residual = 5.74247e-07, No Iterations 0
DICPCG:  Solving for T, Initial residual = 5.74247e-07, Final residual = 5.74247e-07, No Iterations 0
ExecutionTime = 2.26 s  ClockTime = 5 s

Time = 1.5

DICPCG:  Solving for T, Initial residual = 0.000372463, Final residual = 2.84615e-08, No Iterations 2
DICPCG:  Solving for T, Initial residual = 5.71565e-07, Final residual = 5.71565e-07, No Iterations 0
DICPCG:  Solving for T, Initial residual = 5.71565e-07, Final residual = 5.71565e-07, No Iterations 0
ExecutionTime = 2.32 s  ClockTime = 5 s

Time = 1.505

DICPCG:  Solving for T, Initial residual = 0.000371296, Final residual = 2.8369e-08, No Iterations 2
DICPCG:  Solving for T, Initial residual = 5.68906e-07, Final residual = 5.68906e-07, No Iterations 0
DICPCG:  Solving for T, Initial residual = 5.68906e-07, Final residual = 5.68906e-07, No Iterations 0
ExecutionTime = 2.33 s  ClockTime = 5 s

Time = 1.51

DICPCG:  Solving for T, Initial residual = 0.000370138, Final residual = 2.82772e-08, No Iterations 2
DICPCG:  Solving for T, Initial residual = 5.66271e-07, Final residual = 5.66271e-07, No Iterations 0
DICPCG:  Solving for T, Initial residual = 5.66271e-07, Final residual = 5.66271e-07, No Iterations 0
ExecutionTime = 2.34 s  ClockTime = 5 s

Time = 1.515

DICPCG:  Solving for T, Initial residual = 0.000368989, Final residual = 2.81859e-08, No Iterations 2
DICPCG:  Solving for T, Initial residual = 5.63657e-07, Final residual = 5.63657e-07, No Iterations 0
DICPCG:  Solving for T, Initial residual = 5.63657e-07, Final residual = 5.63657e-07, No Iterations 0
ExecutionTime = 2.34 s  ClockTime = 5 s

Time = 1.52

DICPCG:  Solving for T, Initial residual = 0.00036785, Final residual = 2.80953e-08, No Iterations 2
DICPCG:  Solving for T, Initial residual = 5.61064e-07, Final residual = 5.61064e-07, No Iterations 0
DICPCG:  Solving for T, Initial residual = 5.61064e-07, Final residual = 5.61064e-07, No Iterations 0
ExecutionTime = 2.35 s  ClockTime = 5 s

Time = 1.525

DICPCG:  Solving for T, Initial residual = 0.00036672, Final residual = 2.80051e-08, No Iterations 2
DICPCG:  Solving for T, Initial residual = 5.5849e-07, Final residual = 5.5849e-07, No Iterations 0
DICPCG:  Solving for T, Initial residual = 5.5849e-07, Final residual = 5.5849e-07, No Iterations 0
ExecutionTime = 2.35 s  ClockTime = 5 s

Time = 1.53

DICPCG:  Solving for T, Initial residual = 0.000365599, Final residual = 2.79155e-08, No Iterations 2
DICPCG:  Solving for T, Initial residual = 5.55938e-07, Final residual = 5.55938e-07, No Iterations 0
DICPCG:  Solving for T, Initial residual = 5.55938e-07, Final residual = 5.55938e-07, No Iterations 0
ExecutionTime = 2.36 s  ClockTime = 5 s

Time = 1.535

DICPCG:  Solving for T, Initial residual = 0.000364487, Final residual = 2.78265e-08, No Iterations 2
DICPCG:  Solving for T, Initial residual = 5.53408e-07, Final residual = 5.53408e-07, No Iterations 0
DICPCG:  Solving for T, Initial residual = 5.53408e-07, Final residual = 5.53408e-07, No Iterations 0
ExecutionTime = 2.37 s  ClockTime = 5 s

Time = 1.54

DICPCG:  Solving for T, Initial residual = 0.000363384, Final residual = 2.7738e-08, No Iterations 2
DICPCG:  Solving for T, Initial residual = 5.50899e-07, Final residual = 5.50899e-07, No Iterations 0
DICPCG:  Solving for T, Initial residual = 5.50899e-07, Final residual = 5.50899e-07, No Iterations 0
ExecutionTime = 2.38 s  ClockTime = 5 s

Time = 1.545

DICPCG:  Solving for T, Initial residual = 0.00036229, Final residual = 2.76501e-08, No Iterations 2
DICPCG:  Solving for T, Initial residual = 5.48411e-07, Final residual = 5.48411e-07, No Iterations 0
DICPCG:  Solving for T, Initial residual = 5.48411e-07, Final residual = 5.48411e-07, No Iterations 0
ExecutionTime = 2.38 s  ClockTime = 5 s

Time = 1.55

DICPCG:  Solving for T, Initial residual = 0.000361203, Final residual = 2.75627e-08, No Iterations 2
DICPCG:  Solving for T, Initial residual = 5.45944e-07, Final residual = 5.45944e-07, No Iterations 0
DICPCG:  Solving for T, Initial residual = 5.45944e-07, Final residual = 5.45944e-07, No Iterations 0
ExecutionTime = 2.39 s  ClockTime = 5 s

Time = 1.555

DICPCG:  Solving for T, Initial residual = 0.000360125, Final residual = 2.74758e-08, No Iterations 2
DICPCG:  Solving for T, Initial residual = 5.43523e-07, Final residual = 5.43523e-07, No Iterations 0
DICPCG:  Solving for T, Initial residual = 5.43523e-07, Final residual = 5.43523e-07, No Iterations 0
ExecutionTime = 2.39 s  ClockTime = 5 s

Time = 1.56

DICPCG:  Solving for T, Initial residual = 0.000359056, Final residual = 2.73894e-08, No Iterations 2
DICPCG:  Solving for T, Initial residual = 5.41125e-07, Final residual = 5.41125e-07, No Iterations 0
DICPCG:  Solving for T, Initial residual = 5.41125e-07, Final residual = 5.41125e-07, No Iterations 0
ExecutionTime = 2.4 s  ClockTime = 5 s

Time = 1.565

DICPCG:  Solving for T, Initial residual = 0.000357995, Final residual = 2.73036e-08, No Iterations 2
DICPCG:  Solving for T, Initial residual = 5.38754e-07, Final residual = 5.38754e-07, No Iterations 0
DICPCG:  Solving for T, Initial residual = 5.38754e-07, Final residual = 5.38754e-07, No Iterations 0
ExecutionTime = 2.4 s  ClockTime = 5 s

Time = 1.57

DICPCG:  Solving for T, Initial residual = 0.000356942, Final residual = 2.72183e-08, No Iterations 2
DICPCG:  Solving for T, Initial residual = 5.36406e-07, Final residual = 5.36406e-07, No Iterations 0
DICPCG:  Solving for T, Initial residual = 5.36406e-07, Final residual = 5.36406e-07, No Iterations 0
ExecutionTime = 2.41 s  ClockTime = 5 s

Time = 1.575

DICPCG:  Solving for T, Initial residual = 0.000355897, Final residual = 2.71335e-08, No Iterations 2
DICPCG:  Solving for T, Initial residual = 5.34075e-07, Final residual = 5.34075e-07, No Iterations 0
DICPCG:  Solving for T, Initial residual = 5.34075e-07, Final residual = 5.34075e-07, No Iterations 0
ExecutionTime = 2.41 s  ClockTime = 5 s

Time = 1.58

DICPCG:  Solving for T, Initial residual = 0.00035486, Final residual = 2.70492e-08, No Iterations 2
DICPCG:  Solving for T, Initial residual = 5.31765e-07, Final residual = 5.31765e-07, No Iterations 0
DICPCG:  Solving for T, Initial residual = 5.31765e-07, Final residual = 5.31765e-07, No Iterations 0
ExecutionTime = 2.41 s  ClockTime = 5 s

Time = 1.585

DICPCG:  Solving for T, Initial residual = 0.000353831, Final residual = 2.69654e-08, No Iterations 2
DICPCG:  Solving for T, Initial residual = 5.29476e-07, Final residual = 5.29476e-07, No Iterations 0
DICPCG:  Solving for T, Initial residual = 5.29476e-07, Final residual = 5.29476e-07, No Iterations 0
ExecutionTime = 2.42 s  ClockTime = 5 s

Time = 1.59

DICPCG:  Solving for T, Initial residual = 0.000352809, Final residual = 2.68821e-08, No Iterations 2
DICPCG:  Solving for T, Initial residual = 5.27205e-07, Final residual = 5.27205e-07, No Iterations 0
DICPCG:  Solving for T, Initial residual = 5.27205e-07, Final residual = 5.27205e-07, No Iterations 0
ExecutionTime = 2.43 s  ClockTime = 5 s

Time = 1.595

DICPCG:  Solving for T, Initial residual = 0.000351795, Final residual = 2.67993e-08, No Iterations 2
DICPCG:  Solving for T, Initial residual = 5.24952e-07, Final residual = 5.24952e-07, No Iterations 0
DICPCG:  Solving for T, Initial residual = 5.24952e-07, Final residual = 5.24952e-07, No Iterations 0
ExecutionTime = 2.44 s  ClockTime = 5 s

Time = 1.6

DICPCG:  Solving for T, Initial residual = 0.000350789, Final residual = 2.6717e-08, No Iterations 2
DICPCG:  Solving for T, Initial residual = 5.22718e-07, Final residual = 5.22718e-07, No Iterations 0
DICPCG:  Solving for T, Initial residual = 5.22718e-07, Final residual = 5.22718e-07, No Iterations 0
ExecutionTime = 2.49 s  ClockTime = 5 s

Time = 1.605

DICPCG:  Solving for T, Initial residual = 0.00034979, Final residual = 2.66351e-08, No Iterations 2
DICPCG:  Solving for T, Initial residual = 5.20519e-07, Final residual = 5.20519e-07, No Iterations 0
DICPCG:  Solving for T, Initial residual = 5.20519e-07, Final residual = 5.20519e-07, No Iterations 0
ExecutionTime = 2.5 s  ClockTime = 5 s

Time = 1.61

DICPCG:  Solving for T, Initial residual = 0.000348798, Final residual = 2.65537e-08, No Iterations 2
DICPCG:  Solving for T, Initial residual = 5.18335e-07, Final residual = 5.18335e-07, No Iterations 0
DICPCG:  Solving for T, Initial residual = 5.18335e-07, Final residual = 5.18335e-07, No Iterations 0
ExecutionTime = 2.5 s  ClockTime = 5 s

Time = 1.615

DICPCG:  Solving for T, Initial residual = 0.000347812, Final residual = 2.64726e-08, No Iterations 2
DICPCG:  Solving for T, Initial residual = 5.16166e-07, Final residual = 5.16166e-07, No Iterations 0
DICPCG:  Solving for T, Initial residual = 5.16166e-07, Final residual = 5.16166e-07, No Iterations 0
ExecutionTime = 2.51 s  ClockTime = 5 s

Time = 1.62

DICPCG:  Solving for T, Initial residual = 0.000346833, Final residual = 2.6392e-08, No Iterations 2
DICPCG:  Solving for T, Initial residual = 5.14017e-07, Final residual = 5.14017e-07, No Iterations 0
DICPCG:  Solving for T, Initial residual = 5.14017e-07, Final residual = 5.14017e-07, No Iterations 0
ExecutionTime = 2.51 s  ClockTime = 5 s

Time = 1.625

DICPCG:  Solving for T, Initial residual = 0.000345861, Final residual = 2.63119e-08, No Iterations 2
DICPCG:  Solving for T, Initial residual = 5.11886e-07, Final residual = 5.11886e-07, No Iterations 0
DICPCG:  Solving for T, Initial residual = 5.11886e-07, Final residual = 5.11886e-07, No Iterations 0
ExecutionTime = 2.52 s  ClockTime = 5 s

Time = 1.63

DICPCG:  Solving for T, Initial residual = 0.000344896, Final residual = 2.62322e-08, No Iterations 2
DICPCG:  Solving for T, Initial residual = 5.09771e-07, Final residual = 5.09771e-07, No Iterations 0
DICPCG:  Solving for T, Initial residual = 5.09771e-07, Final residual = 5.09771e-07, No Iterations 0
ExecutionTime = 2.53 s  ClockTime = 5 s

Time = 1.635

DICPCG:  Solving for T, Initial residual = 0.000343939, Final residual = 2.6153e-08, No Iterations 2
DICPCG:  Solving for T, Initial residual = 5.07674e-07, Final residual = 5.07674e-07, No Iterations 0
DICPCG:  Solving for T, Initial residual = 5.07674e-07, Final residual = 5.07674e-07, No Iterations 0
ExecutionTime = 2.53 s  ClockTime = 5 s

Time = 1.64

DICPCG:  Solving for T, Initial residual = 0.000342987, Final residual = 2.60742e-08, No Iterations 2
DICPCG:  Solving for T, Initial residual = 5.05598e-07, Final residual = 5.05598e-07, No Iterations 0
DICPCG:  Solving for T, Initial residual = 5.05598e-07, Final residual = 5.05598e-07, No Iterations 0
ExecutionTime = 2.54 s  ClockTime = 5 s

Time = 1.645

DICPCG:  Solving for T, Initial residual = 0.000342042, Final residual = 2.59959e-08, No Iterations 2
DICPCG:  Solving for T, Initial residual = 5.0354e-07, Final residual = 5.0354e-07, No Iterations 0
DICPCG:  Solving for T, Initial residual = 5.0354e-07, Final residual = 5.0354e-07, No Iterations 0
ExecutionTime = 2.54 s  ClockTime = 5 s

Time = 1.65

DICPCG:  Solving for T, Initial residual = 0.000341103, Final residual = 2.59179e-08, No Iterations 2
DICPCG:  Solving for T, Initial residual = 5.015e-07, Final residual = 5.015e-07, No Iterations 0
DICPCG:  Solving for T, Initial residual = 5.015e-07, Final residual = 5.015e-07, No Iterations 0
ExecutionTime = 2.54 s  ClockTime = 5 s

Time = 1.655

DICPCG:  Solving for T, Initial residual = 0.000340171, Final residual = 2.58404e-08, No Iterations 2
DICPCG:  Solving for T, Initial residual = 4.99476e-07, Final residual = 4.99476e-07, No Iterations 0
DICPCG:  Solving for T, Initial residual = 4.99476e-07, Final residual = 4.99476e-07, No Iterations 0
ExecutionTime = 2.55 s  ClockTime = 5 s

Time = 1.66

DICPCG:  Solving for T, Initial residual = 0.000339245, Final residual = 2.57633e-08, No Iterations 2
DICPCG:  Solving for T, Initial residual = 4.97473e-07, Final residual = 4.97473e-07, No Iterations 0
DICPCG:  Solving for T, Initial residual = 4.97473e-07, Final residual = 4.97473e-07, No Iterations 0
ExecutionTime = 2.56 s  ClockTime = 5 s

Time = 1.665

DICPCG:  Solving for T, Initial residual = 0.000338325, Final residual = 2.56866e-08, No Iterations 2
DICPCG:  Solving for T, Initial residual = 4.95483e-07, Final residual = 4.95483e-07, No Iterations 0
DICPCG:  Solving for T, Initial residual = 4.95483e-07, Final residual = 4.95483e-07, No Iterations 0
ExecutionTime = 2.56 s  ClockTime = 5 s

Time = 1.67

DICPCG:  Solving for T, Initial residual = 0.000337412, Final residual = 2.56104e-08, No Iterations 2
DICPCG:  Solving for T, Initial residual = 4.93506e-07, Final residual = 4.93506e-07, No Iterations 0
DICPCG:  Solving for T, Initial residual = 4.93506e-07, Final residual = 4.93506e-07, No Iterations 0
ExecutionTime = 2.57 s  ClockTime = 5 s

Time = 1.675

DICPCG:  Solving for T, Initial residual = 0.000336505, Final residual = 2.55345e-08, No Iterations 2
DICPCG:  Solving for T, Initial residual = 4.91543e-07, Final residual = 4.91543e-07, No Iterations 0
DICPCG:  Solving for T, Initial residual = 4.91543e-07, Final residual = 4.91543e-07, No Iterations 0
ExecutionTime = 2.57 s  ClockTime = 5 s

Time = 1.68

DICPCG:  Solving for T, Initial residual = 0.000335603, Final residual = 2.54591e-08, No Iterations 2
DICPCG:  Solving for T, Initial residual = 4.89592e-07, Final residual = 4.89592e-07, No Iterations 0
DICPCG:  Solving for T, Initial residual = 4.89592e-07, Final residual = 4.89592e-07, No Iterations 0
ExecutionTime = 2.57 s  ClockTime = 5 s

Time = 1.685

DICPCG:  Solving for T, Initial residual = 0.000334708, Final residual = 2.5384e-08, No Iterations 2
DICPCG:  Solving for T, Initial residual = 4.87663e-07, Final residual = 4.87663e-07, No Iterations 0
DICPCG:  Solving for T, Initial residual = 4.87663e-07, Final residual = 4.87663e-07, No Iterations 0
ExecutionTime = 2.58 s  ClockTime = 5 s

Time = 1.69

DICPCG:  Solving for T, Initial residual = 0.000333818, Final residual = 2.53093e-08, No Iterations 2
DICPCG:  Solving for T, Initial residual = 4.85755e-07, Final residual = 4.85755e-07, No Iterations 0
DICPCG:  Solving for T, Initial residual = 4.85755e-07, Final residual = 4.85755e-07, No Iterations 0
ExecutionTime = 2.59 s  ClockTime = 5 s

Time = 1.695

DICPCG:  Solving for T, Initial residual = 0.000332934, Final residual = 2.5235e-08, No Iterations 2
DICPCG:  Solving for T, Initial residual = 4.83861e-07, Final residual = 4.83861e-07, No Iterations 0
DICPCG:  Solving for T, Initial residual = 4.83861e-07, Final residual = 4.83861e-07, No Iterations 0
ExecutionTime = 2.59 s  ClockTime = 5 s

Time = 1.7

DICPCG:  Solving for T, Initial residual = 0.000332054, Final residual = 2.51611e-08, No Iterations 2
DICPCG:  Solving for T, Initial residual = 4.81978e-07, Final residual = 4.81978e-07, No Iterations 0
DICPCG:  Solving for T, Initial residual = 4.81978e-07, Final residual = 4.81978e-07, No Iterations 0
ExecutionTime = 2.64 s  ClockTime = 6 s

Time = 1.705

DICPCG:  Solving for T, Initial residual = 0.00033118, Final residual = 2.50875e-08, No Iterations 2
DICPCG:  Solving for T, Initial residual = 4.80111e-07, Final residual = 4.80111e-07, No Iterations 0
DICPCG:  Solving for T, Initial residual = 4.80111e-07, Final residual = 4.80111e-07, No Iterations 0
ExecutionTime = 2.65 s  ClockTime = 6 s

Time = 1.71

DICPCG:  Solving for T, Initial residual = 0.000330312, Final residual = 2.50143e-08, No Iterations 2
DICPCG:  Solving for T, Initial residual = 4.78266e-07, Final residual = 4.78266e-07, No Iterations 0
DICPCG:  Solving for T, Initial residual = 4.78266e-07, Final residual = 4.78266e-07, No Iterations 0
ExecutionTime = 2.65 s  ClockTime = 6 s

Time = 1.715

DICPCG:  Solving for T, Initial residual = 0.000329449, Final residual = 2.49415e-08, No Iterations 2
DICPCG:  Solving for T, Initial residual = 4.76438e-07, Final residual = 4.76438e-07, No Iterations 0
DICPCG:  Solving for T, Initial residual = 4.76438e-07, Final residual = 4.76438e-07, No Iterations 0
ExecutionTime = 2.66 s  ClockTime = 6 s

Time = 1.72

DICPCG:  Solving for T, Initial residual = 0.000328592, Final residual = 2.48691e-08, No Iterations 2
DICPCG:  Solving for T, Initial residual = 4.74621e-07, Final residual = 4.74621e-07, No Iterations 0
DICPCG:  Solving for T, Initial residual = 4.74621e-07, Final residual = 4.74621e-07, No Iterations 0
ExecutionTime = 2.67 s  ClockTime = 6 s

Time = 1.725

DICPCG:  Solving for T, Initial residual = 0.00032774, Final residual = 2.47971e-08, No Iterations 2
DICPCG:  Solving for T, Initial residual = 4.72817e-07, Final residual = 4.72817e-07, No Iterations 0
DICPCG:  Solving for T, Initial residual = 4.72817e-07, Final residual = 4.72817e-07, No Iterations 0
ExecutionTime = 2.68 s  ClockTime = 6 s

Time = 1.73

DICPCG:  Solving for T, Initial residual = 0.000326894, Final residual = 2.47254e-08, No Iterations 2
DICPCG:  Solving for T, Initial residual = 4.71022e-07, Final residual = 4.71022e-07, No Iterations 0
DICPCG:  Solving for T, Initial residual = 4.71022e-07, Final residual = 4.71022e-07, No Iterations 0
ExecutionTime = 2.68 s  ClockTime = 6 s

Time = 1.735

DICPCG:  Solving for T, Initial residual = 0.000326053, Final residual = 2.46541e-08, No Iterations 2
DICPCG:  Solving for T, Initial residual = 4.6924e-07, Final residual = 4.6924e-07, No Iterations 0
DICPCG:  Solving for T, Initial residual = 4.6924e-07, Final residual = 4.6924e-07, No Iterations 0
ExecutionTime = 2.68 s  ClockTime = 6 s

Time = 1.74

DICPCG:  Solving for T, Initial residual = 0.000325217, Final residual = 2.45832e-08, No Iterations 2
DICPCG:  Solving for T, Initial residual = 4.6747e-07, Final residual = 4.6747e-07, No Iterations 0
DICPCG:  Solving for T, Initial residual = 4.6747e-07, Final residual = 4.6747e-07, No Iterations 0
ExecutionTime = 2.69 s  ClockTime = 6 s

Time = 1.745

DICPCG:  Solving for T, Initial residual = 0.000324387, Final residual = 2.45126e-08, No Iterations 2
DICPCG:  Solving for T, Initial residual = 4.6572e-07, Final residual = 4.6572e-07, No Iterations 0
DICPCG:  Solving for T, Initial residual = 4.6572e-07, Final residual = 4.6572e-07, No Iterations 0
ExecutionTime = 2.69 s  ClockTime = 6 s

Time = 1.75

DICPCG:  Solving for T, Initial residual = 0.000323561, Final residual = 2.44424e-08, No Iterations 2
DICPCG:  Solving for T, Initial residual = 4.63987e-07, Final residual = 4.63987e-07, No Iterations 0
DICPCG:  Solving for T, Initial residual = 4.63987e-07, Final residual = 4.63987e-07, No Iterations 0
ExecutionTime = 2.71 s  ClockTime = 6 s

Time = 1.755

DICPCG:  Solving for T, Initial residual = 0.000322741, Final residual = 2.43725e-08, No Iterations 2
DICPCG:  Solving for T, Initial residual = 4.62265e-07, Final residual = 4.62265e-07, No Iterations 0
DICPCG:  Solving for T, Initial residual = 4.62265e-07, Final residual = 4.62265e-07, No Iterations 0
ExecutionTime = 2.71 s  ClockTime = 6 s

Time = 1.76

DICPCG:  Solving for T, Initial residual = 0.000321925, Final residual = 2.4303e-08, No Iterations 2
DICPCG:  Solving for T, Initial residual = 4.60556e-07, Final residual = 4.60556e-07, No Iterations 0
DICPCG:  Solving for T, Initial residual = 4.60556e-07, Final residual = 4.60556e-07, No Iterations 0
ExecutionTime = 2.71 s  ClockTime = 6 s

Time = 1.765

DICPCG:  Solving for T, Initial residual = 0.000321114, Final residual = 2.42339e-08, No Iterations 2
DICPCG:  Solving for T, Initial residual = 4.58861e-07, Final residual = 4.58861e-07, No Iterations 0
DICPCG:  Solving for T, Initial residual = 4.58861e-07, Final residual = 4.58861e-07, No Iterations 0
ExecutionTime = 2.72 s  ClockTime = 6 s

Time = 1.77

DICPCG:  Solving for T, Initial residual = 0.000320309, Final residual = 2.41651e-08, No Iterations 2
DICPCG:  Solving for T, Initial residual = 4.57178e-07, Final residual = 4.57178e-07, No Iterations 0
DICPCG:  Solving for T, Initial residual = 4.57178e-07, Final residual = 4.57178e-07, No Iterations 0
ExecutionTime = 2.73 s  ClockTime = 6 s

Time = 1.775

DICPCG:  Solving for T, Initial residual = 0.000319508, Final residual = 2.40966e-08, No Iterations 2
DICPCG:  Solving for T, Initial residual = 4.55508e-07, Final residual = 4.55508e-07, No Iterations 0
DICPCG:  Solving for T, Initial residual = 4.55508e-07, Final residual = 4.55508e-07, No Iterations 0
ExecutionTime = 2.73 s  ClockTime = 6 s

Time = 1.78

DICPCG:  Solving for T, Initial residual = 0.000318711, Final residual = 2.40285e-08, No Iterations 2
DICPCG:  Solving for T, Initial residual = 4.53849e-07, Final residual = 4.53849e-07, No Iterations 0
DICPCG:  Solving for T, Initial residual = 4.53849e-07, Final residual = 4.53849e-07, No Iterations 0
ExecutionTime = 2.74 s  ClockTime = 6 s

Time = 1.785

DICPCG:  Solving for T, Initial residual = 0.000317919, Final residual = 2.39608e-08, No Iterations 2
DICPCG:  Solving for T, Initial residual = 4.52198e-07, Final residual = 4.52198e-07, No Iterations 0
DICPCG:  Solving for T, Initial residual = 4.52198e-07, Final residual = 4.52198e-07, No Iterations 0
ExecutionTime = 2.74 s  ClockTime = 6 s

Time = 1.79

DICPCG:  Solving for T, Initial residual = 0.000317131, Final residual = 2.38933e-08, No Iterations 2
DICPCG:  Solving for T, Initial residual = 4.50556e-07, Final residual = 4.50556e-07, No Iterations 0
DICPCG:  Solving for T, Initial residual = 4.50556e-07, Final residual = 4.50556e-07, No Iterations 0
ExecutionTime = 2.74 s  ClockTime = 6 s

Time = 1.795

DICPCG:  Solving for T, Initial residual = 0.000316348, Final residual = 2.38262e-08, No Iterations 2
DICPCG:  Solving for T, Initial residual = 4.48926e-07, Final residual = 4.48926e-07, No Iterations 0
DICPCG:  Solving for T, Initial residual = 4.48926e-07, Final residual = 4.48926e-07, No Iterations 0
ExecutionTime = 2.75 s  ClockTime = 6 s

Time = 1.8

DICPCG:  Solving for T, Initial residual = 0.000315569, Final residual = 2.37594e-08, No Iterations 2
DICPCG:  Solving for T, Initial residual = 4.47315e-07, Final residual = 4.47315e-07, No Iterations 0
DICPCG:  Solving for T, Initial residual = 4.47315e-07, Final residual = 4.47315e-07, No Iterations 0
ExecutionTime = 2.8 s  ClockTime = 6 s

Time = 1.805

DICPCG:  Solving for T, Initial residual = 0.000314795, Final residual = 2.36929e-08, No Iterations 2
DICPCG:  Solving for T, Initial residual = 4.45715e-07, Final residual = 4.45715e-07, No Iterations 0
DICPCG:  Solving for T, Initial residual = 4.45715e-07, Final residual = 4.45715e-07, No Iterations 0
ExecutionTime = 2.8 s  ClockTime = 6 s

Time = 1.81

DICPCG:  Solving for T, Initial residual = 0.000314025, Final residual = 2.36268e-08, No Iterations 2
DICPCG:  Solving for T, Initial residual = 4.44127e-07, Final residual = 4.44127e-07, No Iterations 0
DICPCG:  Solving for T, Initial residual = 4.44127e-07, Final residual = 4.44127e-07, No Iterations 0
ExecutionTime = 2.81 s  ClockTime = 6 s

Time = 1.815

DICPCG:  Solving for T, Initial residual = 0.00031326, Final residual = 2.3561e-08, No Iterations 2
DICPCG:  Solving for T, Initial residual = 4.4255e-07, Final residual = 4.4255e-07, No Iterations 0
DICPCG:  Solving for T, Initial residual = 4.4255e-07, Final residual = 4.4255e-07, No Iterations 0
ExecutionTime = 2.81 s  ClockTime = 6 s

Time = 1.82

DICPCG:  Solving for T, Initial residual = 0.0003125, Final residual = 2.34955e-08, No Iterations 2
DICPCG:  Solving for T, Initial residual = 4.40983e-07, Final residual = 4.40983e-07, No Iterations 0
DICPCG:  Solving for T, Initial residual = 4.40983e-07, Final residual = 4.40983e-07, No Iterations 0
ExecutionTime = 2.82 s  ClockTime = 6 s

Time = 1.825

DICPCG:  Solving for T, Initial residual = 0.000311744, Final residual = 2.34304e-08, No Iterations 2
DICPCG:  Solving for T, Initial residual = 4.39424e-07, Final residual = 4.39424e-07, No Iterations 0
DICPCG:  Solving for T, Initial residual = 4.39424e-07, Final residual = 4.39424e-07, No Iterations 0
ExecutionTime = 2.83 s  ClockTime = 6 s

Time = 1.83

DICPCG:  Solving for T, Initial residual = 0.000310992, Final residual = 2.33656e-08, No Iterations 2
DICPCG:  Solving for T, Initial residual = 4.37874e-07, Final residual = 4.37874e-07, No Iterations 0
DICPCG:  Solving for T, Initial residual = 4.37874e-07, Final residual = 4.37874e-07, No Iterations 0
ExecutionTime = 2.83 s  ClockTime = 6 s

Time = 1.835

DICPCG:  Solving for T, Initial residual = 0.000310244, Final residual = 2.3301e-08, No Iterations 2
DICPCG:  Solving for T, Initial residual = 4.36332e-07, Final residual = 4.36332e-07, No Iterations 0
DICPCG:  Solving for T, Initial residual = 4.36332e-07, Final residual = 4.36332e-07, No Iterations 0
ExecutionTime = 2.83 s  ClockTime = 6 s

Time = 1.84

DICPCG:  Solving for T, Initial residual = 0.0003095, Final residual = 2.32368e-08, No Iterations 2
DICPCG:  Solving for T, Initial residual = 4.34799e-07, Final residual = 4.34799e-07, No Iterations 0
DICPCG:  Solving for T, Initial residual = 4.34799e-07, Final residual = 4.34799e-07, No Iterations 0
ExecutionTime = 2.84 s  ClockTime = 6 s

Time = 1.845

DICPCG:  Solving for T, Initial residual = 0.00030876, Final residual = 2.31729e-08, No Iterations 2
DICPCG:  Solving for T, Initial residual = 4.33274e-07, Final residual = 4.33274e-07, No Iterations 0
DICPCG:  Solving for T, Initial residual = 4.33274e-07, Final residual = 4.33274e-07, No Iterations 0
ExecutionTime = 2.86 s  ClockTime = 6 s

Time = 1.85

DICPCG:  Solving for T, Initial residual = 0.000308024, Final residual = 2.31092e-08, No Iterations 2
DICPCG:  Solving for T, Initial residual = 4.31758e-07, Final residual = 4.31758e-07, No Iterations 0
DICPCG:  Solving for T, Initial residual = 4.31758e-07, Final residual = 4.31758e-07, No Iterations 0
ExecutionTime = 2.86 s  ClockTime = 6 s

Time = 1.855

DICPCG:  Solving for T, Initial residual = 0.000307293, Final residual = 2.3046e-08, No Iterations 2
DICPCG:  Solving for T, Initial residual = 4.3025e-07, Final residual = 4.3025e-07, No Iterations 0
DICPCG:  Solving for T, Initial residual = 4.3025e-07, Final residual = 4.3025e-07, No Iterations 0
ExecutionTime = 2.86 s  ClockTime = 6 s

Time = 1.86

DICPCG:  Solving for T, Initial residual = 0.000306565, Final residual = 2.2983e-08, No Iterations 2
DICPCG:  Solving for T, Initial residual = 4.28751e-07, Final residual = 4.28751e-07, No Iterations 0
DICPCG:  Solving for T, Initial residual = 4.28751e-07, Final residual = 4.28751e-07, No Iterations 0
ExecutionTime = 2.87 s  ClockTime = 6 s

Time = 1.865

DICPCG:  Solving for T, Initial residual = 0.000305842, Final residual = 2.29203e-08, No Iterations 2
DICPCG:  Solving for T, Initial residual = 4.27259e-07, Final residual = 4.27259e-07, No Iterations 0
DICPCG:  Solving for T, Initial residual = 4.27259e-07, Final residual = 4.27259e-07, No Iterations 0
ExecutionTime = 2.88 s  ClockTime = 6 s

Time = 1.87

DICPCG:  Solving for T, Initial residual = 0.000305122, Final residual = 2.28579e-08, No Iterations 2
DICPCG:  Solving for T, Initial residual = 4.25777e-07, Final residual = 4.25777e-07, No Iterations 0
DICPCG:  Solving for T, Initial residual = 4.25777e-07, Final residual = 4.25777e-07, No Iterations 0
ExecutionTime = 2.88 s  ClockTime = 6 s

Time = 1.875

DICPCG:  Solving for T, Initial residual = 0.000304407, Final residual = 2.27958e-08, No Iterations 2
DICPCG:  Solving for T, Initial residual = 4.24305e-07, Final residual = 4.24305e-07, No Iterations 0
DICPCG:  Solving for T, Initial residual = 4.24305e-07, Final residual = 4.24305e-07, No Iterations 0
ExecutionTime = 2.89 s  ClockTime = 6 s

Time = 1.88

DICPCG:  Solving for T, Initial residual = 0.000303695, Final residual = 2.2734e-08, No Iterations 2
DICPCG:  Solving for T, Initial residual = 4.2284e-07, Final residual = 4.2284e-07, No Iterations 0
DICPCG:  Solving for T, Initial residual = 4.2284e-07, Final residual = 4.2284e-07, No Iterations 0
ExecutionTime = 2.89 s  ClockTime = 6 s

Time = 1.885

DICPCG:  Solving for T, Initial residual = 0.000302986, Final residual = 2.26725e-08, No Iterations 2
DICPCG:  Solving for T, Initial residual = 4.21383e-07, Final residual = 4.21383e-07, No Iterations 0
DICPCG:  Solving for T, Initial residual = 4.21383e-07, Final residual = 4.21383e-07, No Iterations 0
ExecutionTime = 2.9 s  ClockTime = 6 s

Time = 1.89

DICPCG:  Solving for T, Initial residual = 0.000302282, Final residual = 9.98051e-07, No Iterations 1
DICPCG:  Solving for T, Initial residual = 1.12566e-06, Final residual = 2.85239e-08, No Iterations 1
DICPCG:  Solving for T, Initial residual = 3.81699e-08, Final residual = 3.81699e-08, No Iterations 0
ExecutionTime = 2.91 s  ClockTime = 6 s

Time = 1.895

DICPCG:  Solving for T, Initial residual = 0.00030158, Final residual = 9.95446e-07, No Iterations 1
DICPCG:  Solving for T, Initial residual = 1.1227e-06, Final residual = 2.84004e-08, No Iterations 1
DICPCG:  Solving for T, Initial residual = 3.80457e-08, Final residual = 3.80457e-08, No Iterations 0
ExecutionTime = 2.92 s  ClockTime = 6 s

Time = 1.9

DICPCG:  Solving for T, Initial residual = 0.000300883, Final residual = 9.92926e-07, No Iterations 1
DICPCG:  Solving for T, Initial residual = 1.11983e-06, Final residual = 2.83015e-08, No Iterations 1
DICPCG:  Solving for T, Initial residual = 3.79364e-08, Final residual = 3.79364e-08, No Iterations 0
ExecutionTime = 2.98 s  ClockTime = 6 s

Time = 1.905

DICPCG:  Solving for T, Initial residual = 0.000300189, Final residual = 9.90453e-07, No Iterations 1
DICPCG:  Solving for T, Initial residual = 1.117e-06, Final residual = 2.82124e-08, No Iterations 1
DICPCG:  Solving for T, Initial residual = 3.78316e-08, Final residual = 3.78316e-08, No Iterations 0
ExecutionTime = 2.99 s  ClockTime = 6 s

Time = 1.91

DICPCG:  Solving for T, Initial residual = 0.000299499, Final residual = 9.88008e-07, No Iterations 1
DICPCG:  Solving for T, Initial residual = 1.11421e-06, Final residual = 2.81274e-08, No Iterations 1
DICPCG:  Solving for T, Initial residual = 3.77277e-08, Final residual = 3.77277e-08, No Iterations 0
ExecutionTime = 2.99 s  ClockTime = 6 s

Time = 1.915

DICPCG:  Solving for T, Initial residual = 0.000298812, Final residual = 9.85583e-07, No Iterations 1
DICPCG:  Solving for T, Initial residual = 1.11143e-06, Final residual = 2.80442e-08, No Iterations 1
DICPCG:  Solving for T, Initial residual = 3.76239e-08, Final residual = 3.76239e-08, No Iterations 0
ExecutionTime = 2.99 s  ClockTime = 6 s

Time = 1.92

DICPCG:  Solving for T, Initial residual = 0.000298129, Final residual = 9.83175e-07, No Iterations 1
DICPCG:  Solving for T, Initial residual = 1.10866e-06, Final residual = 2.7962e-08, No Iterations 1
DICPCG:  Solving for T, Initial residual = 3.752e-08, Final residual = 3.752e-08, No Iterations 0
ExecutionTime = 3 s  ClockTime = 6 s

Time = 1.925

DICPCG:  Solving for T, Initial residual = 0.00029745, Final residual = 9.80781e-07, No Iterations 1
DICPCG:  Solving for T, Initial residual = 1.1059e-06, Final residual = 2.78804e-08, No Iterations 1
DICPCG:  Solving for T, Initial residual = 3.74159e-08, Final residual = 3.74159e-08, No Iterations 0
ExecutionTime = 3.01 s  ClockTime = 6 s

Time = 1.93

DICPCG:  Solving for T, Initial residual = 0.000296773, Final residual = 9.78399e-07, No Iterations 1
DICPCG:  Solving for T, Initial residual = 1.10315e-06, Final residual = 2.77992e-08, No Iterations 1
DICPCG:  Solving for T, Initial residual = 3.73116e-08, Final residual = 3.73116e-08, No Iterations 0
ExecutionTime = 3.01 s  ClockTime = 6 s

Time = 1.935

DICPCG:  Solving for T, Initial residual = 0.0002961, Final residual = 9.7603e-07, No Iterations 1
DICPCG:  Solving for T, Initial residual = 1.10041e-06, Final residual = 2.77184e-08, No Iterations 1
DICPCG:  Solving for T, Initial residual = 3.72074e-08, Final residual = 3.72074e-08, No Iterations 0
ExecutionTime = 3.02 s  ClockTime = 6 s

Time = 1.94

DICPCG:  Solving for T, Initial residual = 0.00029543, Final residual = 9.73672e-07, No Iterations 1
DICPCG:  Solving for T, Initial residual = 1.09769e-06, Final residual = 2.76379e-08, No Iterations 1
DICPCG:  Solving for T, Initial residual = 3.71034e-08, Final residual = 3.71034e-08, No Iterations 0
ExecutionTime = 3.02 s  ClockTime = 6 s

Time = 1.945

DICPCG:  Solving for T, Initial residual = 0.000294764, Final residual = 9.71327e-07, No Iterations 1
DICPCG:  Solving for T, Initial residual = 1.09497e-06, Final residual = 2.75577e-08, No Iterations 1
DICPCG:  Solving for T, Initial residual = 3.69997e-08, Final residual = 3.69997e-08, No Iterations 0
ExecutionTime = 3.03 s  ClockTime = 6 s

Time = 1.95

DICPCG:  Solving for T, Initial residual = 0.000294102, Final residual = 9.68993e-07, No Iterations 1
DICPCG:  Solving for T, Initial residual = 1.09226e-06, Final residual = 2.74779e-08, No Iterations 1
DICPCG:  Solving for T, Initial residual = 3.68961e-08, Final residual = 3.68961e-08, No Iterations 0
ExecutionTime = 3.04 s  ClockTime = 6 s

Time = 1.955

DICPCG:  Solving for T, Initial residual = 0.000293442, Final residual = 9.6667e-07, No Iterations 1
DICPCG:  Solving for T, Initial residual = 1.08957e-06, Final residual = 2.73984e-08, No Iterations 1
DICPCG:  Solving for T, Initial residual = 3.67929e-08, Final residual = 3.67929e-08, No Iterations 0
ExecutionTime = 3.04 s  ClockTime = 6 s

Time = 1.96

DICPCG:  Solving for T, Initial residual = 0.000292786, Final residual = 9.64359e-07, No Iterations 1
DICPCG:  Solving for T, Initial residual = 1.08688e-06, Final residual = 2.73193e-08, No Iterations 1
DICPCG:  Solving for T, Initial residual = 3.669e-08, Final residual = 3.669e-08, No Iterations 0
ExecutionTime = 3.04 s  ClockTime = 6 s

Time = 1.965

DICPCG:  Solving for T, Initial residual = 0.000292134, Final residual = 9.62058e-07, No Iterations 1
DICPCG:  Solving for T, Initial residual = 1.08421e-06, Final residual = 2.72405e-08, No Iterations 1
DICPCG:  Solving for T, Initial residual = 3.65875e-08, Final residual = 3.65875e-08, No Iterations 0
ExecutionTime = 3.05 s  ClockTime = 6 s

Time = 1.97

DICPCG:  Solving for T, Initial residual = 0.000291484, Final residual = 9.59769e-07, No Iterations 1
DICPCG:  Solving for T, Initial residual = 1.08155e-06, Final residual = 2.71621e-08, No Iterations 1
DICPCG:  Solving for T, Initial residual = 3.64853e-08, Final residual = 3.64853e-08, No Iterations 0
ExecutionTime = 3.05 s  ClockTime = 6 s

Time = 1.975

DICPCG:  Solving for T, Initial residual = 0.000290839, Final residual = 9.5749e-07, No Iterations 1
DICPCG:  Solving for T, Initial residual = 1.0789e-06, Final residual = 2.7084e-08, No Iterations 1
DICPCG:  Solving for T, Initial residual = 3.63834e-08, Final residual = 3.63834e-08, No Iterations 0
ExecutionTime = 3.07 s  ClockTime = 6 s

Time = 1.98

DICPCG:  Solving for T, Initial residual = 0.000290196, Final residual = 9.55221e-07, No Iterations 1
DICPCG:  Solving for T, Initial residual = 1.07627e-06, Final residual = 2.70063e-08, No Iterations 1
DICPCG:  Solving for T, Initial residual = 3.62819e-08, Final residual = 3.62819e-08, No Iterations 0
ExecutionTime = 3.07 s  ClockTime = 6 s

Time = 1.985

DICPCG:  Solving for T, Initial residual = 0.000289556, Final residual = 9.52963e-07, No Iterations 1
DICPCG:  Solving for T, Initial residual = 1.07364e-06, Final residual = 2.69288e-08, No Iterations 1
DICPCG:  Solving for T, Initial residual = 3.61808e-08, Final residual = 3.61808e-08, No Iterations 0
ExecutionTime = 3.08 s  ClockTime = 6 s

Time = 1.99

DICPCG:  Solving for T, Initial residual = 0.00028892, Final residual = 9.50716e-07, No Iterations 1
DICPCG:  Solving for T, Initial residual = 1.07103e-06, Final residual = 2.68517e-08, No Iterations 1
DICPCG:  Solving for T, Initial residual = 3.608e-08, Final residual = 3.608e-08, No Iterations 0
ExecutionTime = 3.08 s  ClockTime = 6 s

Time = 1.995

DICPCG:  Solving for T, Initial residual = 0.000288287, Final residual = 9.48478e-07, No Iterations 1
DICPCG:  Solving for T, Initial residual = 1.06843e-06, Final residual = 2.6775e-08, No Iterations 1
DICPCG:  Solving for T, Initial residual = 3.59796e-08, Final residual = 3.59796e-08, No Iterations 0
ExecutionTime = 3.08 s  ClockTime = 6 s

Time = 2

DICPCG:  Solving for T, Initial residual = 0.000287657, Final residual = 9.46251e-07, No Iterations 1
DICPCG:  Solving for T, Initial residual = 1.06583e-06, Final residual = 2.66987e-08, No Iterations 1
DICPCG:  Solving for T, Initial residual = 3.58796e-08, Final residual = 3.58796e-08, No Iterations 0
ExecutionTime = 3.14 s  ClockTime = 7 s

Time = 2.005

DICPCG:  Solving for T, Initial residual = 0.00028703, Final residual = 9.44032e-07, No Iterations 1
DICPCG:  Solving for T, Initial residual = 1.06325e-06, Final residual = 2.66227e-08, No Iterations 1
DICPCG:  Solving for T, Initial residual = 3.578e-08, Final residual = 3.578e-08, No Iterations 0
ExecutionTime = 3.14 s  ClockTime = 7 s

Time = 2.01

DICPCG:  Solving for T, Initial residual = 0.000286405, Final residual = 9.41824e-07, No Iterations 1
DICPCG:  Solving for T, Initial residual = 1.06068e-06, Final residual = 2.65473e-08, No Iterations 1
DICPCG:  Solving for T, Initial residual = 3.56807e-08, Final residual = 3.56807e-08, No Iterations 0
ExecutionTime = 3.15 s  ClockTime = 7 s

Time = 2.015

DICPCG:  Solving for T, Initial residual = 0.000285784, Final residual = 9.39625e-07, No Iterations 1
DICPCG:  Solving for T, Initial residual = 1.05812e-06, Final residual = 2.64721e-08, No Iterations 1
DICPCG:  Solving for T, Initial residual = 3.55817e-08, Final residual = 3.55817e-08, No Iterations 0
ExecutionTime = 3.15 s  ClockTime = 7 s

Time = 2.02

DICPCG:  Solving for T, Initial residual = 0.000285166, Final residual = 9.37435e-07, No Iterations 1
DICPCG:  Solving for T, Initial residual = 1.05557e-06, Final residual = 2.63973e-08, No Iterations 1
DICPCG:  Solving for T, Initial residual = 3.54832e-08, Final residual = 3.54832e-08, No Iterations 0
ExecutionTime = 3.16 s  ClockTime = 7 s

Time = 2.025

DICPCG:  Solving for T, Initial residual = 0.000284551, Final residual = 9.35255e-07, No Iterations 1
DICPCG:  Solving for T, Initial residual = 1.05304e-06, Final residual = 2.63229e-08, No Iterations 1
DICPCG:  Solving for T, Initial residual = 3.5385e-08, Final residual = 3.5385e-08, No Iterations 0
ExecutionTime = 3.16 s  ClockTime = 7 s

Time = 2.03

DICPCG:  Solving for T, Initial residual = 0.000283939, Final residual = 9.33084e-07, No Iterations 1
DICPCG:  Solving for T, Initial residual = 1.05051e-06, Final residual = 2.62488e-08, No Iterations 1
DICPCG:  Solving for T, Initial residual = 3.52872e-08, Final residual = 3.52872e-08, No Iterations 0
ExecutionTime = 3.16 s  ClockTime = 7 s

Time = 2.035

DICPCG:  Solving for T, Initial residual = 0.000283329, Final residual = 9.30923e-07, No Iterations 1
DICPCG:  Solving for T, Initial residual = 1.048e-06, Final residual = 2.61751e-08, No Iterations 1
DICPCG:  Solving for T, Initial residual = 3.51899e-08, Final residual = 3.51899e-08, No Iterations 0
ExecutionTime = 3.18 s  ClockTime = 7 s

Time = 2.04

DICPCG:  Solving for T, Initial residual = 0.000282723, Final residual = 9.28771e-07, No Iterations 1
DICPCG:  Solving for T, Initial residual = 1.0455e-06, Final residual = 2.61017e-08, No Iterations 1
DICPCG:  Solving for T, Initial residual = 3.50929e-08, Final residual = 3.50929e-08, No Iterations 0
ExecutionTime = 3.18 s  ClockTime = 7 s

Time = 2.045

DICPCG:  Solving for T, Initial residual = 0.000282119, Final residual = 9.26629e-07, No Iterations 1
DICPCG:  Solving for T, Initial residual = 1.04301e-06, Final residual = 2.60286e-08, No Iterations 1
DICPCG:  Solving for T, Initial residual = 3.49963e-08, Final residual = 3.49963e-08, No Iterations 0
ExecutionTime = 3.19 s  ClockTime = 7 s

Time = 2.05

DICPCG:  Solving for T, Initial residual = 0.000281519, Final residual = 9.24495e-07, No Iterations 1
DICPCG:  Solving for T, Initial residual = 1.04053e-06, Final residual = 2.59559e-08, No Iterations 1
DICPCG:  Solving for T, Initial residual = 3.49002e-08, Final residual = 3.49002e-08, No Iterations 0
ExecutionTime = 3.19 s  ClockTime = 7 s

Time = 2.055

DICPCG:  Solving for T, Initial residual = 0.000280921, Final residual = 9.22372e-07, No Iterations 1
DICPCG:  Solving for T, Initial residual = 1.03807e-06, Final residual = 2.58834e-08, No Iterations 1
DICPCG:  Solving for T, Initial residual = 3.48044e-08, Final residual = 3.48044e-08, No Iterations 0
ExecutionTime = 3.19 s  ClockTime = 7 s

Time = 2.06

DICPCG:  Solving for T, Initial residual = 0.000280325, Final residual = 9.20256e-07, No Iterations 1
DICPCG:  Solving for T, Initial residual = 1.03561e-06, Final residual = 2.58112e-08, No Iterations 1
DICPCG:  Solving for T, Initial residual = 3.47091e-08, Final residual = 3.47091e-08, No Iterations 0
ExecutionTime = 3.2 s  ClockTime = 7 s

Time = 2.065

DICPCG:  Solving for T, Initial residual = 0.000279732, Final residual = 9.18149e-07, No Iterations 1
DICPCG:  Solving for T, Initial residual = 1.03317e-06, Final residual = 2.57395e-08, No Iterations 1
DICPCG:  Solving for T, Initial residual = 3.46141e-08, Final residual = 3.46141e-08, No Iterations 0
ExecutionTime = 3.2 s  ClockTime = 7 s

Time = 2.07

DICPCG:  Solving for T, Initial residual = 0.000279142, Final residual = 9.16051e-07, No Iterations 1
DICPCG:  Solving for T, Initial residual = 1.03073e-06, Final residual = 2.56681e-08, No Iterations 1
DICPCG:  Solving for T, Initial residual = 3.45194e-08, Final residual = 3.45194e-08, No Iterations 0
ExecutionTime = 3.21 s  ClockTime = 7 s

Time = 2.075

DICPCG:  Solving for T, Initial residual = 0.000278555, Final residual = 9.13961e-07, No Iterations 1
DICPCG:  Solving for T, Initial residual = 1.02831e-06, Final residual = 2.5597e-08, No Iterations 1
DICPCG:  Solving for T, Initial residual = 3.44252e-08, Final residual = 3.44252e-08, No Iterations 0
ExecutionTime = 3.21 s  ClockTime = 7 s

Time = 2.08

DICPCG:  Solving for T, Initial residual = 0.00027797, Final residual = 9.1188e-07, No Iterations 1
DICPCG:  Solving for T, Initial residual = 1.0259e-06, Final residual = 2.55262e-08, No Iterations 1
DICPCG:  Solving for T, Initial residual = 3.43314e-08, Final residual = 3.43314e-08, No Iterations 0
ExecutionTime = 3.21 s  ClockTime = 7 s

Time = 2.085

DICPCG:  Solving for T, Initial residual = 0.000277388, Final residual = 9.09807e-07, No Iterations 1
DICPCG:  Solving for T, Initial residual = 1.0235e-06, Final residual = 2.54558e-08, No Iterations 1
DICPCG:  Solving for T, Initial residual = 3.42379e-08, Final residual = 3.42379e-08, No Iterations 0
ExecutionTime = 3.23 s  ClockTime = 7 s

Time = 2.09

DICPCG:  Solving for T, Initial residual = 0.000276809, Final residual = 9.07743e-07, No Iterations 1
DICPCG:  Solving for T, Initial residual = 1.0211e-06, Final residual = 2.53857e-08, No Iterations 1
DICPCG:  Solving for T, Initial residual = 3.41448e-08, Final residual = 3.41448e-08, No Iterations 0
ExecutionTime = 3.23 s  ClockTime = 7 s

Time = 2.095

DICPCG:  Solving for T, Initial residual = 0.000276232, Final residual = 9.05687e-07, No Iterations 1
DICPCG:  Solving for T, Initial residual = 1.01872e-06, Final residual = 2.53159e-08, No Iterations 1
DICPCG:  Solving for T, Initial residual = 3.40522e-08, Final residual = 3.40522e-08, No Iterations 0
ExecutionTime = 3.24 s  ClockTime = 7 s

Time = 2.1

DICPCG:  Solving for T, Initial residual = 0.000275658, Final residual = 9.03639e-07, No Iterations 1
DICPCG:  Solving for T, Initial residual = 1.01635e-06, Final residual = 2.52464e-08, No Iterations 1
DICPCG:  Solving for T, Initial residual = 3.39599e-08, Final residual = 3.39599e-08, No Iterations 0
ExecutionTime = 3.28 s  ClockTime = 7 s

Time = 2.105

DICPCG:  Solving for T, Initial residual = 0.000275085, Final residual = 9.01599e-07, No Iterations 1
DICPCG:  Solving for T, Initial residual = 1.01398e-06, Final residual = 2.51771e-08, No Iterations 1
DICPCG:  Solving for T, Initial residual = 3.3868e-08, Final residual = 3.3868e-08, No Iterations 0
ExecutionTime = 3.28 s  ClockTime = 7 s

Time = 2.11

DICPCG:  Solving for T, Initial residual = 0.000274515, Final residual = 8.99568e-07, No Iterations 1
DICPCG:  Solving for T, Initial residual = 1.01163e-06, Final residual = 2.51082e-08, No Iterations 1
DICPCG:  Solving for T, Initial residual = 3.37764e-08, Final residual = 3.37764e-08, No Iterations 0
ExecutionTime = 3.3 s  ClockTime = 7 s

Time = 2.115

DICPCG:  Solving for T, Initial residual = 0.000273948, Final residual = 8.97545e-07, No Iterations 1
DICPCG:  Solving for T, Initial residual = 1.00928e-06, Final residual = 2.50396e-08, No Iterations 1
DICPCG:  Solving for T, Initial residual = 3.36853e-08, Final residual = 3.36853e-08, No Iterations 0
ExecutionTime = 3.3 s  ClockTime = 7 s

Time = 2.12

DICPCG:  Solving for T, Initial residual = 0.000273384, Final residual = 8.95531e-07, No Iterations 1
DICPCG:  Solving for T, Initial residual = 1.00695e-06, Final residual = 2.49715e-08, No Iterations 1
DICPCG:  Solving for T, Initial residual = 3.35945e-08, Final residual = 3.35945e-08, No Iterations 0
ExecutionTime = 3.31 s  ClockTime = 7 s

Time = 2.125

DICPCG:  Solving for T, Initial residual = 0.000272821, Final residual = 8.93524e-07, No Iterations 1
DICPCG:  Solving for T, Initial residual = 1.00462e-06, Final residual = 2.49038e-08, No Iterations 1
DICPCG:  Solving for T, Initial residual = 3.3504e-08, Final residual = 3.3504e-08, No Iterations 0
ExecutionTime = 3.31 s  ClockTime = 7 s

Time = 2.13

DICPCG:  Solving for T, Initial residual = 0.000272261, Final residual = 8.91526e-07, No Iterations 1
DICPCG:  Solving for T, Initial residual = 1.00231e-06, Final residual = 2.48363e-08, No Iterations 1
DICPCG:  Solving for T, Initial residual = 3.34139e-08, Final residual = 3.34139e-08, No Iterations 0
ExecutionTime = 3.32 s  ClockTime = 7 s

Time = 2.135

DICPCG:  Solving for T, Initial residual = 0.000271704, Final residual = 8.89534e-07, No Iterations 1
DICPCG:  Solving for T, Initial residual = 1e-06, Final residual = 2.47691e-08, No Iterations 1
DICPCG:  Solving for T, Initial residual = 3.33242e-08, Final residual = 3.33242e-08, No Iterations 0
ExecutionTime = 3.32 s  ClockTime = 7 s

Time = 2.14

DICPCG:  Solving for T, Initial residual = 0.000271148, Final residual = 8.8755e-07, No Iterations 1
DICPCG:  Solving for T, Initial residual = 9.97706e-07, Final residual = 9.97706e-07, No Iterations 0
DICPCG:  Solving for T, Initial residual = 9.97706e-07, Final residual = 9.97706e-07, No Iterations 0
ExecutionTime = 3.33 s  ClockTime = 7 s

Time = 2.145

DICPCG:  Solving for T, Initial residual = 0.000270597, Final residual = 8.8833e-07, No Iterations 1
DICPCG:  Solving for T, Initial residual = 9.9751e-07, Final residual = 9.9751e-07, No Iterations 0
DICPCG:  Solving for T, Initial residual = 9.9751e-07, Final residual = 9.9751e-07, No Iterations 0
ExecutionTime = 3.33 s  ClockTime = 7 s

Time = 2.15

DICPCG:  Solving for T, Initial residual = 0.000270047, Final residual = 8.8795e-07, No Iterations 1
DICPCG:  Solving for T, Initial residual = 9.96519e-07, Final residual = 9.96519e-07, No Iterations 0
DICPCG:  Solving for T, Initial residual = 9.96519e-07, Final residual = 9.96519e-07, No Iterations 0
ExecutionTime = 3.34 s  ClockTime = 7 s

Time = 2.155

DICPCG:  Solving for T, Initial residual = 0.0002695, Final residual = 8.87014e-07, No Iterations 1
DICPCG:  Solving for T, Initial residual = 9.95062e-07, Final residual = 9.95062e-07, No Iterations 0
DICPCG:  Solving for T, Initial residual = 9.95062e-07, Final residual = 9.95062e-07, No Iterations 0
ExecutionTime = 3.34 s  ClockTime = 7 s

Time = 2.16

DICPCG:  Solving for T, Initial residual = 0.000268955, Final residual = 8.85779e-07, No Iterations 1
DICPCG:  Solving for T, Initial residual = 9.93388e-07, Final residual = 9.93388e-07, No Iterations 0
DICPCG:  Solving for T, Initial residual = 9.93388e-07, Final residual = 9.93388e-07, No Iterations 0
ExecutionTime = 3.34 s  ClockTime = 7 s

Time = 2.165

DICPCG:  Solving for T, Initial residual = 0.000268411, Final residual = 8.84371e-07, No Iterations 1
DICPCG:  Solving for T, Initial residual = 9.91618e-07, Final residual = 9.91618e-07, No Iterations 0
DICPCG:  Solving for T, Initial residual = 9.91618e-07, Final residual = 9.91618e-07, No Iterations 0
ExecutionTime = 3.35 s  ClockTime = 7 s

Time = 2.17

DICPCG:  Solving for T, Initial residual = 0.00026787, Final residual = 8.82852e-07, No Iterations 1
DICPCG:  Solving for T, Initial residual = 9.89755e-07, Final residual = 9.89755e-07, No Iterations 0
DICPCG:  Solving for T, Initial residual = 9.89755e-07, Final residual = 9.89755e-07, No Iterations 0
ExecutionTime = 3.36 s  ClockTime = 7 s

Time = 2.175

DICPCG:  Solving for T, Initial residual = 0.00026733, Final residual = 8.81259e-07, No Iterations 1
DICPCG:  Solving for T, Initial residual = 9.87828e-07, Final residual = 9.87828e-07, No Iterations 0
DICPCG:  Solving for T, Initial residual = 9.87828e-07, Final residual = 9.87828e-07, No Iterations 0
ExecutionTime = 3.36 s  ClockTime = 7 s

Time = 2.18

DICPCG:  Solving for T, Initial residual = 0.000266793, Final residual = 8.79615e-07, No Iterations 1
DICPCG:  Solving for T, Initial residual = 9.85857e-07, Final residual = 9.85857e-07, No Iterations 0
DICPCG:  Solving for T, Initial residual = 9.85857e-07, Final residual = 9.85857e-07, No Iterations 0
ExecutionTime = 3.37 s  ClockTime = 7 s

Time = 2.185

DICPCG:  Solving for T, Initial residual = 0.000266258, Final residual = 8.77935e-07, No Iterations 1
DICPCG:  Solving for T, Initial residual = 9.83854e-07, Final residual = 9.83854e-07, No Iterations 0
DICPCG:  Solving for T, Initial residual = 9.83854e-07, Final residual = 9.83854e-07, No Iterations 0
ExecutionTime = 3.37 s  ClockTime = 7 s

Time = 2.19

DICPCG:  Solving for T, Initial residual = 0.000265726, Final residual = 8.76228e-07, No Iterations 1
DICPCG:  Solving for T, Initial residual = 9.81829e-07, Final residual = 9.81829e-07, No Iterations 0
DICPCG:  Solving for T, Initial residual = 9.81829e-07, Final residual = 9.81829e-07, No Iterations 0
ExecutionTime = 3.38 s  ClockTime = 7 s

Time = 2.195

DICPCG:  Solving for T, Initial residual = 0.000265195, Final residual = 8.745e-07, No Iterations 1
DICPCG:  Solving for T, Initial residual = 9.79787e-07, Final residual = 9.79787e-07, No Iterations 0
DICPCG:  Solving for T, Initial residual = 9.79787e-07, Final residual = 9.79787e-07, No Iterations 0
ExecutionTime = 3.39 s  ClockTime = 7 s

Time = 2.2

DICPCG:  Solving for T, Initial residual = 0.000264666, Final residual = 8.72758e-07, No Iterations 1
DICPCG:  Solving for T, Initial residual = 9.77732e-07, Final residual = 9.77732e-07, No Iterations 0
DICPCG:  Solving for T, Initial residual = 9.77732e-07, Final residual = 9.77732e-07, No Iterations 0
ExecutionTime = 3.43 s  ClockTime = 7 s

Time = 2.205

DICPCG:  Solving for T, Initial residual = 0.00026414, Final residual = 8.71005e-07, No Iterations 1
DICPCG:  Solving for T, Initial residual = 9.75668e-07, Final residual = 9.75668e-07, No Iterations 0
DICPCG:  Solving for T, Initial residual = 9.75668e-07, Final residual = 9.75668e-07, No Iterations 0
ExecutionTime = 3.44 s  ClockTime = 7 s

Time = 2.21

DICPCG:  Solving for T, Initial residual = 0.000263615, Final residual = 8.69244e-07, No Iterations 1
DICPCG:  Solving for T, Initial residual = 9.73599e-07, Final residual = 9.73599e-07, No Iterations 0
DICPCG:  Solving for T, Initial residual = 9.73599e-07, Final residual = 9.73599e-07, No Iterations 0
ExecutionTime = 3.45 s  ClockTime = 7 s

Time = 2.215

DICPCG:  Solving for T, Initial residual = 0.000263093, Final residual = 8.67478e-07, No Iterations 1
DICPCG:  Solving for T, Initial residual = 9.71525e-07, Final residual = 9.71525e-07, No Iterations 0
DICPCG:  Solving for T, Initial residual = 9.71525e-07, Final residual = 9.71525e-07, No Iterations 0
ExecutionTime = 3.45 s  ClockTime = 7 s

Time = 2.22

DICPCG:  Solving for T, Initial residual = 0.000262572, Final residual = 8.65707e-07, No Iterations 1
DICPCG:  Solving for T, Initial residual = 9.6945e-07, Final residual = 9.6945e-07, No Iterations 0
DICPCG:  Solving for T, Initial residual = 9.6945e-07, Final residual = 9.6945e-07, No Iterations 0
ExecutionTime = 3.46 s  ClockTime = 7 s

Time = 2.225

DICPCG:  Solving for T, Initial residual = 0.000262054, Final residual = 8.63934e-07, No Iterations 1
DICPCG:  Solving for T, Initial residual = 9.67376e-07, Final residual = 9.67376e-07, No Iterations 0
DICPCG:  Solving for T, Initial residual = 9.67376e-07, Final residual = 9.67376e-07, No Iterations 0
ExecutionTime = 3.46 s  ClockTime = 7 s

Time = 2.23

DICPCG:  Solving for T, Initial residual = 0.000261538, Final residual = 8.6216e-07, No Iterations 1
DICPCG:  Solving for T, Initial residual = 9.65302e-07, Final residual = 9.65302e-07, No Iterations 0
DICPCG:  Solving for T, Initial residual = 9.65302e-07, Final residual = 9.65302e-07, No Iterations 0
ExecutionTime = 3.46 s  ClockTime = 7 s

Time = 2.235

DICPCG:  Solving for T, Initial residual = 0.000261024, Final residual = 8.60386e-07, No Iterations 1
DICPCG:  Solving for T, Initial residual = 9.63229e-07, Final residual = 9.63229e-07, No Iterations 0
DICPCG:  Solving for T, Initial residual = 9.63229e-07, Final residual = 9.63229e-07, No Iterations 0
ExecutionTime = 3.47 s  ClockTime = 7 s

Time = 2.24

DICPCG:  Solving for T, Initial residual = 0.000260512, Final residual = 8.58613e-07, No Iterations 1
DICPCG:  Solving for T, Initial residual = 9.61159e-07, Final residual = 9.61159e-07, No Iterations 0
DICPCG:  Solving for T, Initial residual = 9.61159e-07, Final residual = 9.61159e-07, No Iterations 0
ExecutionTime = 3.47 s  ClockTime = 7 s

Time = 2.245

DICPCG:  Solving for T, Initial residual = 0.000260002, Final residual = 8.56841e-07, No Iterations 1
DICPCG:  Solving for T, Initial residual = 9.59091e-07, Final residual = 9.59091e-07, No Iterations 0
DICPCG:  Solving for T, Initial residual = 9.59091e-07, Final residual = 9.59091e-07, No Iterations 0
ExecutionTime = 3.47 s  ClockTime = 7 s

Time = 2.25

DICPCG:  Solving for T, Initial residual = 0.000259494, Final residual = 8.5507e-07, No Iterations 1
DICPCG:  Solving for T, Initial residual = 9.57026e-07, Final residual = 9.57026e-07, No Iterations 0
DICPCG:  Solving for T, Initial residual = 9.57026e-07, Final residual = 9.57026e-07, No Iterations 0
ExecutionTime = 3.48 s  ClockTime = 7 s

Time = 2.255

DICPCG:  Solving for T, Initial residual = 0.000258987, Final residual = 8.53302e-07, No Iterations 1
DICPCG:  Solving for T, Initial residual = 9.54965e-07, Final residual = 9.54965e-07, No Iterations 0
DICPCG:  Solving for T, Initial residual = 9.54965e-07, Final residual = 9.54965e-07, No Iterations 0
ExecutionTime = 3.5 s  ClockTime = 7 s

Time = 2.26

DICPCG:  Solving for T, Initial residual = 0.000258483, Final residual = 8.51536e-07, No Iterations 1
DICPCG:  Solving for T, Initial residual = 9.52906e-07, Final residual = 9.52906e-07, No Iterations 0
DICPCG:  Solving for T, Initial residual = 9.52906e-07, Final residual = 9.52906e-07, No Iterations 0
ExecutionTime = 3.5 s  ClockTime = 7 s

Time = 2.265

DICPCG:  Solving for T, Initial residual = 0.00025798, Final residual = 8.49772e-07, No Iterations 1
DICPCG:  Solving for T, Initial residual = 9.5085e-07, Final residual = 9.5085e-07, No Iterations 0
DICPCG:  Solving for T, Initial residual = 9.5085e-07, Final residual = 9.5085e-07, No Iterations 0
ExecutionTime = 3.5 s  ClockTime = 7 s

Time = 2.27

DICPCG:  Solving for T, Initial residual = 0.000257479, Final residual = 8.48011e-07, No Iterations 1
DICPCG:  Solving for T, Initial residual = 9.488e-07, Final residual = 9.488e-07, No Iterations 0
DICPCG:  Solving for T, Initial residual = 9.488e-07, Final residual = 9.488e-07, No Iterations 0
ExecutionTime = 3.51 s  ClockTime = 7 s

Time = 2.275

DICPCG:  Solving for T, Initial residual = 0.00025698, Final residual = 8.46253e-07, No Iterations 1
DICPCG:  Solving for T, Initial residual = 9.46754e-07, Final residual = 9.46754e-07, No Iterations 0
DICPCG:  Solving for T, Initial residual = 9.46754e-07, Final residual = 9.46754e-07, No Iterations 0
ExecutionTime = 3.51 s  ClockTime = 7 s

Time = 2.28

DICPCG:  Solving for T, Initial residual = 0.000256483, Final residual = 8.44499e-07, No Iterations 1
DICPCG:  Solving for T, Initial residual = 9.44712e-07, Final residual = 9.44712e-07, No Iterations 0
DICPCG:  Solving for T, Initial residual = 9.44712e-07, Final residual = 9.44712e-07, No Iterations 0
ExecutionTime = 3.52 s  ClockTime = 7 s

Time = 2.285

DICPCG:  Solving for T, Initial residual = 0.000255987, Final residual = 8.42749e-07, No Iterations 1
DICPCG:  Solving for T, Initial residual = 9.42676e-07, Final residual = 9.42676e-07, No Iterations 0
DICPCG:  Solving for T, Initial residual = 9.42676e-07, Final residual = 9.42676e-07, No Iterations 0
ExecutionTime = 3.53 s  ClockTime = 7 s

Time = 2.29

DICPCG:  Solving for T, Initial residual = 0.000255494, Final residual = 8.41002e-07, No Iterations 1
DICPCG:  Solving for T, Initial residual = 9.40645e-07, Final residual = 9.40645e-07, No Iterations 0
DICPCG:  Solving for T, Initial residual = 9.40645e-07, Final residual = 9.40645e-07, No Iterations 0
ExecutionTime = 3.53 s  ClockTime = 7 s

Time = 2.295

DICPCG:  Solving for T, Initial residual = 0.000255002, Final residual = 8.3926e-07, No Iterations 1
DICPCG:  Solving for T, Initial residual = 9.38622e-07, Final residual = 9.38622e-07, No Iterations 0
DICPCG:  Solving for T, Initial residual = 9.38622e-07, Final residual = 9.38622e-07, No Iterations 0
ExecutionTime = 3.54 s  ClockTime = 7 s

Time = 2.3

DICPCG:  Solving for T, Initial residual = 0.000254513, Final residual = 8.37523e-07, No Iterations 1
DICPCG:  Solving for T, Initial residual = 9.36609e-07, Final residual = 9.36609e-07, No Iterations 0
DICPCG:  Solving for T, Initial residual = 9.36609e-07, Final residual = 9.36609e-07, No Iterations 0
ExecutionTime = 3.59 s  ClockTime = 7 s

Time = 2.305

DICPCG:  Solving for T, Initial residual = 0.000254025, Final residual = 8.3579e-07, No Iterations 1
DICPCG:  Solving for T, Initial residual = 9.34601e-07, Final residual = 9.34601e-07, No Iterations 0
DICPCG:  Solving for T, Initial residual = 9.34601e-07, Final residual = 9.34601e-07, No Iterations 0
ExecutionTime = 3.6 s  ClockTime = 7 s

Time = 2.31

DICPCG:  Solving for T, Initial residual = 0.000253539, Final residual = 8.34062e-07, No Iterations 1
DICPCG:  Solving for T, Initial residual = 9.32599e-07, Final residual = 9.32599e-07, No Iterations 0
DICPCG:  Solving for T, Initial residual = 9.32599e-07, Final residual = 9.32599e-07, No Iterations 0
ExecutionTime = 3.6 s  ClockTime = 7 s

Time = 2.315

DICPCG:  Solving for T, Initial residual = 0.000253055, Final residual = 8.32338e-07, No Iterations 1
DICPCG:  Solving for T, Initial residual = 9.30603e-07, Final residual = 9.30603e-07, No Iterations 0
DICPCG:  Solving for T, Initial residual = 9.30603e-07, Final residual = 9.30603e-07, No Iterations 0
ExecutionTime = 3.61 s  ClockTime = 7 s

Time = 2.32

DICPCG:  Solving for T, Initial residual = 0.000252572, Final residual = 8.30619e-07, No Iterations 1
DICPCG:  Solving for T, Initial residual = 9.28612e-07, Final residual = 9.28612e-07, No Iterations 0
DICPCG:  Solving for T, Initial residual = 9.28612e-07, Final residual = 9.28612e-07, No Iterations 0
ExecutionTime = 3.61 s  ClockTime = 7 s

Time = 2.325

DICPCG:  Solving for T, Initial residual = 0.000252092, Final residual = 8.28904e-07, No Iterations 1
DICPCG:  Solving for T, Initial residual = 9.26626e-07, Final residual = 9.26626e-07, No Iterations 0
DICPCG:  Solving for T, Initial residual = 9.26626e-07, Final residual = 9.26626e-07, No Iterations 0
ExecutionTime = 3.62 s  ClockTime = 7 s

Time = 2.33

DICPCG:  Solving for T, Initial residual = 0.000251613, Final residual = 8.27194e-07, No Iterations 1
DICPCG:  Solving for T, Initial residual = 9.24646e-07, Final residual = 9.24646e-07, No Iterations 0
DICPCG:  Solving for T, Initial residual = 9.24646e-07, Final residual = 9.24646e-07, No Iterations 0
ExecutionTime = 3.63 s  ClockTime = 7 s

Time = 2.335

DICPCG:  Solving for T, Initial residual = 0.000251136, Final residual = 8.25487e-07, No Iterations 1
DICPCG:  Solving for T, Initial residual = 9.22672e-07, Final residual = 9.22672e-07, No Iterations 0
DICPCG:  Solving for T, Initial residual = 9.22672e-07, Final residual = 9.22672e-07, No Iterations 0
ExecutionTime = 3.63 s  ClockTime = 7 s

Time = 2.34

DICPCG:  Solving for T, Initial residual = 0.00025066, Final residual = 8.23786e-07, No Iterations 1
DICPCG:  Solving for T, Initial residual = 9.20704e-07, Final residual = 9.20704e-07, No Iterations 0
DICPCG:  Solving for T, Initial residual = 9.20704e-07, Final residual = 9.20704e-07, No Iterations 0
ExecutionTime = 3.63 s  ClockTime = 7 s

Time = 2.345

DICPCG:  Solving for T, Initial residual = 0.000250187, Final residual = 8.2209e-07, No Iterations 1
DICPCG:  Solving for T, Initial residual = 9.18742e-07, Final residual = 9.18742e-07, No Iterations 0
DICPCG:  Solving for T, Initial residual = 9.18742e-07, Final residual = 9.18742e-07, No Iterations 0
ExecutionTime = 3.64 s  ClockTime = 7 s

Time = 2.35

DICPCG:  Solving for T, Initial residual = 0.000249715, Final residual = 8.20397e-07, No Iterations 1
DICPCG:  Solving for T, Initial residual = 9.16786e-07, Final residual = 9.16786e-07, No Iterations 0
DICPCG:  Solving for T, Initial residual = 9.16786e-07, Final residual = 9.16786e-07, No Iterations 0
ExecutionTime = 3.65 s  ClockTime = 8 s

Time = 2.355

DICPCG:  Solving for T, Initial residual = 0.000249244, Final residual = 8.18709e-07, No Iterations 1
DICPCG:  Solving for T, Initial residual = 9.14834e-07, Final residual = 9.14834e-07, No Iterations 0
DICPCG:  Solving for T, Initial residual = 9.14834e-07, Final residual = 9.14834e-07, No Iterations 0
ExecutionTime = 3.66 s  ClockTime = 8 s

Time = 2.36

DICPCG:  Solving for T, Initial residual = 0.000248775, Final residual = 8.17024e-07, No Iterations 1
DICPCG:  Solving for T, Initial residual = 9.12886e-07, Final residual = 9.12886e-07, No Iterations 0
DICPCG:  Solving for T, Initial residual = 9.12886e-07, Final residual = 9.12886e-07, No Iterations 0
ExecutionTime = 3.66 s  ClockTime = 8 s

Time = 2.365

DICPCG:  Solving for T, Initial residual = 0.000248307, Final residual = 8.15344e-07, No Iterations 1
DICPCG:  Solving for T, Initial residual = 9.10943e-07, Final residual = 9.10943e-07, No Iterations 0
DICPCG:  Solving for T, Initial residual = 9.10943e-07, Final residual = 9.10943e-07, No Iterations 0
ExecutionTime = 3.67 s  ClockTime = 8 s

Time = 2.37

DICPCG:  Solving for T, Initial residual = 0.00024784, Final residual = 8.13667e-07, No Iterations 1
DICPCG:  Solving for T, Initial residual = 9.09005e-07, Final residual = 9.09005e-07, No Iterations 0
DICPCG:  Solving for T, Initial residual = 9.09005e-07, Final residual = 9.09005e-07, No Iterations 0
ExecutionTime = 3.67 s  ClockTime = 8 s

Time = 2.375

DICPCG:  Solving for T, Initial residual = 0.000247376, Final residual = 8.11996e-07, No Iterations 1
DICPCG:  Solving for T, Initial residual = 9.07074e-07, Final residual = 9.07074e-07, No Iterations 0
DICPCG:  Solving for T, Initial residual = 9.07074e-07, Final residual = 9.07074e-07, No Iterations 0
ExecutionTime = 3.68 s  ClockTime = 8 s

Time = 2.38

DICPCG:  Solving for T, Initial residual = 0.000246913, Final residual = 8.10329e-07, No Iterations 1
DICPCG:  Solving for T, Initial residual = 9.05149e-07, Final residual = 9.05149e-07, No Iterations 0
DICPCG:  Solving for T, Initial residual = 9.05149e-07, Final residual = 9.05149e-07, No Iterations 0
ExecutionTime = 3.69 s  ClockTime = 8 s

Time = 2.385

DICPCG:  Solving for T, Initial residual = 0.000246451, Final residual = 8.08667e-07, No Iterations 1
DICPCG:  Solving for T, Initial residual = 9.0323e-07, Final residual = 9.0323e-07, No Iterations 0
DICPCG:  Solving for T, Initial residual = 9.0323e-07, Final residual = 9.0323e-07, No Iterations 0
ExecutionTime = 3.7 s  ClockTime = 8 s

Time = 2.39

DICPCG:  Solving for T, Initial residual = 0.000245992, Final residual = 8.0701e-07, No Iterations 1
DICPCG:  Solving for T, Initial residual = 9.01316e-07, Final residual = 9.01316e-07, No Iterations 0
DICPCG:  Solving for T, Initial residual = 9.01316e-07, Final residual = 9.01316e-07, No Iterations 0
ExecutionTime = 3.7 s  ClockTime = 8 s

Time = 2.395

DICPCG:  Solving for T, Initial residual = 0.000245533, Final residual = 8.05357e-07, No Iterations 1
DICPCG:  Solving for T, Initial residual = 8.99407e-07, Final residual = 8.99407e-07, No Iterations 0
DICPCG:  Solving for T, Initial residual = 8.99407e-07, Final residual = 8.99407e-07, No Iterations 0
ExecutionTime = 3.71 s  ClockTime = 8 s

Time = 2.4

DICPCG:  Solving for T, Initial residual = 0.000245076, Final residual = 8.03709e-07, No Iterations 1
DICPCG:  Solving for T, Initial residual = 8.97504e-07, Final residual = 8.97504e-07, No Iterations 0
DICPCG:  Solving for T, Initial residual = 8.97504e-07, Final residual = 8.97504e-07, No Iterations 0
ExecutionTime = 3.77 s  ClockTime = 8 s

Time = 2.405

DICPCG:  Solving for T, Initial residual = 0.000244621, Final residual = 8.02066e-07, No Iterations 1
DICPCG:  Solving for T, Initial residual = 8.95607e-07, Final residual = 8.95607e-07, No Iterations 0
DICPCG:  Solving for T, Initial residual = 8.95607e-07, Final residual = 8.95607e-07, No Iterations 0
ExecutionTime = 3.77 s  ClockTime = 8 s

Time = 2.41

DICPCG:  Solving for T, Initial residual = 0.000244168, Final residual = 8.00428e-07, No Iterations 1
DICPCG:  Solving for T, Initial residual = 8.93716e-07, Final residual = 8.93716e-07, No Iterations 0
DICPCG:  Solving for T, Initial residual = 8.93716e-07, Final residual = 8.93716e-07, No Iterations 0
ExecutionTime = 3.77 s  ClockTime = 8 s

Time = 2.415

DICPCG:  Solving for T, Initial residual = 0.000243716, Final residual = 7.98795e-07, No Iterations 1
DICPCG:  Solving for T, Initial residual = 8.9183e-07, Final residual = 8.9183e-07, No Iterations 0
DICPCG:  Solving for T, Initial residual = 8.9183e-07, Final residual = 8.9183e-07, No Iterations 0
ExecutionTime = 3.79 s  ClockTime = 8 s

Time = 2.42

DICPCG:  Solving for T, Initial residual = 0.000243265, Final residual = 7.97166e-07, No Iterations 1
DICPCG:  Solving for T, Initial residual = 8.89951e-07, Final residual = 8.89951e-07, No Iterations 0
DICPCG:  Solving for T, Initial residual = 8.89951e-07, Final residual = 8.89951e-07, No Iterations 0
ExecutionTime = 3.8 s  ClockTime = 8 s

Time = 2.425

DICPCG:  Solving for T, Initial residual = 0.000242816, Final residual = 7.95543e-07, No Iterations 1
DICPCG:  Solving for T, Initial residual = 8.88077e-07, Final residual = 8.88077e-07, No Iterations 0
DICPCG:  Solving for T, Initial residual = 8.88077e-07, Final residual = 8.88077e-07, No Iterations 0
ExecutionTime = 3.8 s  ClockTime = 8 s

Time = 2.43

DICPCG:  Solving for T, Initial residual = 0.000242369, Final residual = 7.93925e-07, No Iterations 1
DICPCG:  Solving for T, Initial residual = 8.8621e-07, Final residual = 8.8621e-07, No Iterations 0
DICPCG:  Solving for T, Initial residual = 8.8621e-07, Final residual = 8.8621e-07, No Iterations 0
ExecutionTime = 3.8 s  ClockTime = 8 s

Time = 2.435

DICPCG:  Solving for T, Initial residual = 0.000241924, Final residual = 7.92312e-07, No Iterations 1
DICPCG:  Solving for T, Initial residual = 8.8435e-07, Final residual = 8.8435e-07, No Iterations 0
DICPCG:  Solving for T, Initial residual = 8.8435e-07, Final residual = 8.8435e-07, No Iterations 0
ExecutionTime = 3.81 s  ClockTime = 8 s

Time = 2.44

DICPCG:  Solving for T, Initial residual = 0.00024148, Final residual = 7.90704e-07, No Iterations 1
DICPCG:  Solving for T, Initial residual = 8.82496e-07, Final residual = 8.82496e-07, No Iterations 0
DICPCG:  Solving for T, Initial residual = 8.82496e-07, Final residual = 8.82496e-07, No Iterations 0
ExecutionTime = 3.81 s  ClockTime = 8 s

Time = 2.445

DICPCG:  Solving for T, Initial residual = 0.000241037, Final residual = 7.89101e-07, No Iterations 1
DICPCG:  Solving for T, Initial residual = 8.80647e-07, Final residual = 8.80647e-07, No Iterations 0
DICPCG:  Solving for T, Initial residual = 8.80647e-07, Final residual = 8.80647e-07, No Iterations 0
ExecutionTime = 3.82 s  ClockTime = 8 s

Time = 2.45

DICPCG:  Solving for T, Initial residual = 0.000240596, Final residual = 7.87503e-07, No Iterations 1
DICPCG:  Solving for T, Initial residual = 8.78804e-07, Final residual = 8.78804e-07, No Iterations 0
DICPCG:  Solving for T, Initial residual = 8.78804e-07, Final residual = 8.78804e-07, No Iterations 0
ExecutionTime = 3.82 s  ClockTime = 8 s

Time = 2.455

DICPCG:  Solving for T, Initial residual = 0.000240157, Final residual = 7.85909e-07, No Iterations 1
DICPCG:  Solving for T, Initial residual = 8.76967e-07, Final residual = 8.76967e-07, No Iterations 0
DICPCG:  Solving for T, Initial residual = 8.76967e-07, Final residual = 8.76967e-07, No Iterations 0
ExecutionTime = 3.83 s  ClockTime = 8 s

Time = 2.46

DICPCG:  Solving for T, Initial residual = 0.000239719, Final residual = 7.84321e-07, No Iterations 1
DICPCG:  Solving for T, Initial residual = 8.75137e-07, Final residual = 8.75137e-07, No Iterations 0
DICPCG:  Solving for T, Initial residual = 8.75137e-07, Final residual = 8.75137e-07, No Iterations 0
ExecutionTime = 3.84 s  ClockTime = 8 s

Time = 2.465

DICPCG:  Solving for T, Initial residual = 0.000239282, Final residual = 7.82736e-07, No Iterations 1
DICPCG:  Solving for T, Initial residual = 8.73314e-07, Final residual = 8.73314e-07, No Iterations 0
DICPCG:  Solving for T, Initial residual = 8.73314e-07, Final residual = 8.73314e-07, No Iterations 0
ExecutionTime = 3.84 s  ClockTime = 8 s

Time = 2.47

DICPCG:  Solving for T, Initial residual = 0.000238847, Final residual = 7.81157e-07, No Iterations 1
DICPCG:  Solving for T, Initial residual = 8.71496e-07, Final residual = 8.71496e-07, No Iterations 0
DICPCG:  Solving for T, Initial residual = 8.71496e-07, Final residual = 8.71496e-07, No Iterations 0
ExecutionTime = 3.84 s  ClockTime = 8 s

Time = 2.475

DICPCG:  Solving for T, Initial residual = 0.000238413, Final residual = 7.79582e-07, No Iterations 1
DICPCG:  Solving for T, Initial residual = 8.69683e-07, Final residual = 8.69683e-07, No Iterations 0
DICPCG:  Solving for T, Initial residual = 8.69683e-07, Final residual = 8.69683e-07, No Iterations 0
ExecutionTime = 3.84 s  ClockTime = 8 s

Time = 2.48

DICPCG:  Solving for T, Initial residual = 0.000237981, Final residual = 7.78012e-07, No Iterations 1
DICPCG:  Solving for T, Initial residual = 8.67876e-07, Final residual = 8.67876e-07, No Iterations 0
DICPCG:  Solving for T, Initial residual = 8.67876e-07, Final residual = 8.67876e-07, No Iterations 0
ExecutionTime = 3.86 s  ClockTime = 8 s

Time = 2.485

DICPCG:  Solving for T, Initial residual = 0.000237551, Final residual = 7.76446e-07, No Iterations 1
DICPCG:  Solving for T, Initial residual = 8.66075e-07, Final residual = 8.66075e-07, No Iterations 0
DICPCG:  Solving for T, Initial residual = 8.66075e-07, Final residual = 8.66075e-07, No Iterations 0
ExecutionTime = 3.86 s  ClockTime = 8 s

Time = 2.49

DICPCG:  Solving for T, Initial residual = 0.000237121, Final residual = 7.74885e-07, No Iterations 1
DICPCG:  Solving for T, Initial residual = 8.64279e-07, Final residual = 8.64279e-07, No Iterations 0
DICPCG:  Solving for T, Initial residual = 8.64279e-07, Final residual = 8.64279e-07, No Iterations 0
ExecutionTime = 3.87 s  ClockTime = 8 s

Time = 2.495

DICPCG:  Solving for T, Initial residual = 0.000236694, Final residual = 7.73329e-07, No Iterations 1
DICPCG:  Solving for T, Initial residual = 8.62488e-07, Final residual = 8.62488e-07, No Iterations 0
DICPCG:  Solving for T, Initial residual = 8.62488e-07, Final residual = 8.62488e-07, No Iterations 0
ExecutionTime = 3.87 s  ClockTime = 8 s

Time = 2.5

DICPCG:  Solving for T, Initial residual = 0.000236267, Final residual = 7.71777e-07, No Iterations 1
DICPCG:  Solving for T, Initial residual = 8.60703e-07, Final residual = 8.60703e-07, No Iterations 0
DICPCG:  Solving for T, Initial residual = 8.60703e-07, Final residual = 8.60703e-07, No Iterations 0
ExecutionTime = 3.92 s  ClockTime = 8 s

Time = 2.505

DICPCG:  Solving for T, Initial residual = 0.000235842, Final residual = 7.7023e-07, No Iterations 1
DICPCG:  Solving for T, Initial residual = 8.58925e-07, Final residual = 8.58925e-07, No Iterations 0
DICPCG:  Solving for T, Initial residual = 8.58925e-07, Final residual = 8.58925e-07, No Iterations 0
ExecutionTime = 3.92 s  ClockTime = 8 s

Time = 2.51

DICPCG:  Solving for T, Initial residual = 0.000235419, Final residual = 7.68688e-07, No Iterations 1
DICPCG:  Solving for T, Initial residual = 8.57153e-07, Final residual = 8.57153e-07, No Iterations 0
DICPCG:  Solving for T, Initial residual = 8.57153e-07, Final residual = 8.57153e-07, No Iterations 0
ExecutionTime = 3.93 s  ClockTime = 8 s

Time = 2.515

DICPCG:  Solving for T, Initial residual = 0.000234996, Final residual = 7.6715e-07, No Iterations 1
DICPCG:  Solving for T, Initial residual = 8.55387e-07, Final residual = 8.55387e-07, No Iterations 0
DICPCG:  Solving for T, Initial residual = 8.55387e-07, Final residual = 8.55387e-07, No Iterations 0
ExecutionTime = 3.93 s  ClockTime = 8 s

Time = 2.52

DICPCG:  Solving for T, Initial residual = 0.000234575, Final residual = 7.65616e-07, No Iterations 1
DICPCG:  Solving for T, Initial residual = 8.53626e-07, Final residual = 8.53626e-07, No Iterations 0
DICPCG:  Solving for T, Initial residual = 8.53626e-07, Final residual = 8.53626e-07, No Iterations 0
ExecutionTime = 3.94 s  ClockTime = 8 s

Time = 2.525

DICPCG:  Solving for T, Initial residual = 0.000234156, Final residual = 7.64088e-07, No Iterations 1
DICPCG:  Solving for T, Initial residual = 8.51871e-07, Final residual = 8.51871e-07, No Iterations 0
DICPCG:  Solving for T, Initial residual = 8.51871e-07, Final residual = 8.51871e-07, No Iterations 0
ExecutionTime = 3.95 s  ClockTime = 8 s

Time = 2.53

DICPCG:  Solving for T, Initial residual = 0.000233738, Final residual = 7.62563e-07, No Iterations 1
DICPCG:  Solving for T, Initial residual = 8.50121e-07, Final residual = 8.50121e-07, No Iterations 0
DICPCG:  Solving for T, Initial residual = 8.50121e-07, Final residual = 8.50121e-07, No Iterations 0
ExecutionTime = 3.95 s  ClockTime = 8 s

Time = 2.535

DICPCG:  Solving for T, Initial residual = 0.000233321, Final residual = 7.61044e-07, No Iterations 1
DICPCG:  Solving for T, Initial residual = 8.48376e-07, Final residual = 8.48376e-07, No Iterations 0
DICPCG:  Solving for T, Initial residual = 8.48376e-07, Final residual = 8.48376e-07, No Iterations 0
ExecutionTime = 3.96 s  ClockTime = 8 s

Time = 2.54

DICPCG:  Solving for T, Initial residual = 0.000232905, Final residual = 7.59528e-07, No Iterations 1
DICPCG:  Solving for T, Initial residual = 8.46635e-07, Final residual = 8.46635e-07, No Iterations 0
DICPCG:  Solving for T, Initial residual = 8.46635e-07, Final residual = 8.46635e-07, No Iterations 0
ExecutionTime = 3.96 s  ClockTime = 8 s

Time = 2.545

DICPCG:  Solving for T, Initial residual = 0.000232491, Final residual = 7.58015e-07, No Iterations 1
DICPCG:  Solving for T, Initial residual = 8.449e-07, Final residual = 8.449e-07, No Iterations 0
DICPCG:  Solving for T, Initial residual = 8.449e-07, Final residual = 8.449e-07, No Iterations 0
ExecutionTime = 3.97 s  ClockTime = 8 s

Time = 2.55

DICPCG:  Solving for T, Initial residual = 0.000232077, Final residual = 7.56507e-07, No Iterations 1
DICPCG:  Solving for T, Initial residual = 8.4317e-07, Final residual = 8.4317e-07, No Iterations 0
DICPCG:  Solving for T, Initial residual = 8.4317e-07, Final residual = 8.4317e-07, No Iterations 0
ExecutionTime = 3.97 s  ClockTime = 8 s

Time = 2.555

DICPCG:  Solving for T, Initial residual = 0.000231665, Final residual = 7.55003e-07, No Iterations 1
DICPCG:  Solving for T, Initial residual = 8.41445e-07, Final residual = 8.41445e-07, No Iterations 0
DICPCG:  Solving for T, Initial residual = 8.41445e-07, Final residual = 8.41445e-07, No Iterations 0
ExecutionTime = 3.98 s  ClockTime = 8 s

Time = 2.56

DICPCG:  Solving for T, Initial residual = 0.000231254, Final residual = 7.53503e-07, No Iterations 1
DICPCG:  Solving for T, Initial residual = 8.39725e-07, Final residual = 8.39725e-07, No Iterations 0
DICPCG:  Solving for T, Initial residual = 8.39725e-07, Final residual = 8.39725e-07, No Iterations 0
ExecutionTime = 3.98 s  ClockTime = 8 s

Time = 2.565

DICPCG:  Solving for T, Initial residual = 0.000230844, Final residual = 7.52007e-07, No Iterations 1
DICPCG:  Solving for T, Initial residual = 8.38011e-07, Final residual = 8.38011e-07, No Iterations 0
DICPCG:  Solving for T, Initial residual = 8.38011e-07, Final residual = 8.38011e-07, No Iterations 0
ExecutionTime = 4 s  ClockTime = 8 s

Time = 2.57

DICPCG:  Solving for T, Initial residual = 0.000230435, Final residual = 7.50516e-07, No Iterations 1
DICPCG:  Solving for T, Initial residual = 8.36302e-07, Final residual = 8.36302e-07, No Iterations 0
DICPCG:  Solving for T, Initial residual = 8.36302e-07, Final residual = 8.36302e-07, No Iterations 0
ExecutionTime = 4 s  ClockTime = 8 s

Time = 2.575

DICPCG:  Solving for T, Initial residual = 0.000230028, Final residual = 7.49029e-07, No Iterations 1
DICPCG:  Solving for T, Initial residual = 8.34598e-07, Final residual = 8.34598e-07, No Iterations 0
DICPCG:  Solving for T, Initial residual = 8.34598e-07, Final residual = 8.34598e-07, No Iterations 0
ExecutionTime = 4 s  ClockTime = 8 s

Time = 2.58

DICPCG:  Solving for T, Initial residual = 0.000229622, Final residual = 7.47547e-07, No Iterations 1
DICPCG:  Solving for T, Initial residual = 8.329e-07, Final residual = 8.329e-07, No Iterations 0
DICPCG:  Solving for T, Initial residual = 8.329e-07, Final residual = 8.329e-07, No Iterations 0
ExecutionTime = 4.01 s  ClockTime = 8 s

Time = 2.585

DICPCG:  Solving for T, Initial residual = 0.000229218, Final residual = 7.46069e-07, No Iterations 1
DICPCG:  Solving for T, Initial residual = 8.31207e-07, Final residual = 8.31207e-07, No Iterations 0
DICPCG:  Solving for T, Initial residual = 8.31207e-07, Final residual = 8.31207e-07, No Iterations 0
ExecutionTime = 4.01 s  ClockTime = 8 s

Time = 2.59

DICPCG:  Solving for T, Initial residual = 0.000228814, Final residual = 7.44595e-07, No Iterations 1
DICPCG:  Solving for T, Initial residual = 8.2952e-07, Final residual = 8.2952e-07, No Iterations 0
DICPCG:  Solving for T, Initial residual = 8.2952e-07, Final residual = 8.2952e-07, No Iterations 0
ExecutionTime = 4.01 s  ClockTime = 8 s

Time = 2.595

DICPCG:  Solving for T, Initial residual = 0.000228412, Final residual = 7.43125e-07, No Iterations 1
DICPCG:  Solving for T, Initial residual = 8.27838e-07, Final residual = 8.27838e-07, No Iterations 0
DICPCG:  Solving for T, Initial residual = 8.27838e-07, Final residual = 8.27838e-07, No Iterations 0
ExecutionTime = 4.02 s  ClockTime = 8 s

Time = 2.6

DICPCG:  Solving for T, Initial residual = 0.000228012, Final residual = 7.41661e-07, No Iterations 1
DICPCG:  Solving for T, Initial residual = 8.2616e-07, Final residual = 8.2616e-07, No Iterations 0
DICPCG:  Solving for T, Initial residual = 8.2616e-07, Final residual = 8.2616e-07, No Iterations 0
ExecutionTime = 4.06 s  ClockTime = 8 s

Time = 2.605

DICPCG:  Solving for T, Initial residual = 0.000227612, Final residual = 7.402e-07, No Iterations 1
DICPCG:  Solving for T, Initial residual = 8.24488e-07, Final residual = 8.24488e-07, No Iterations 0
DICPCG:  Solving for T, Initial residual = 8.24488e-07, Final residual = 8.24488e-07, No Iterations 0
ExecutionTime = 4.07 s  ClockTime = 8 s

Time = 2.61

DICPCG:  Solving for T, Initial residual = 0.000227214, Final residual = 7.38744e-07, No Iterations 1
DICPCG:  Solving for T, Initial residual = 8.22822e-07, Final residual = 8.22822e-07, No Iterations 0
DICPCG:  Solving for T, Initial residual = 8.22822e-07, Final residual = 8.22822e-07, No Iterations 0
ExecutionTime = 4.08 s  ClockTime = 8 s

Time = 2.615

DICPCG:  Solving for T, Initial residual = 0.000226817, Final residual = 7.37293e-07, No Iterations 1
DICPCG:  Solving for T, Initial residual = 8.2116e-07, Final residual = 8.2116e-07, No Iterations 0
DICPCG:  Solving for T, Initial residual = 8.2116e-07, Final residual = 8.2116e-07, No Iterations 0
ExecutionTime = 4.08 s  ClockTime = 8 s

Time = 2.62

DICPCG:  Solving for T, Initial residual = 0.000226421, Final residual = 7.35845e-07, No Iterations 1
DICPCG:  Solving for T, Initial residual = 8.19504e-07, Final residual = 8.19504e-07, No Iterations 0
DICPCG:  Solving for T, Initial residual = 8.19504e-07, Final residual = 8.19504e-07, No Iterations 0
ExecutionTime = 4.08 s  ClockTime = 8 s

Time = 2.625

DICPCG:  Solving for T, Initial residual = 0.000226027, Final residual = 7.34402e-07, No Iterations 1
DICPCG:  Solving for T, Initial residual = 8.17853e-07, Final residual = 8.17853e-07, No Iterations 0
DICPCG:  Solving for T, Initial residual = 8.17853e-07, Final residual = 8.17853e-07, No Iterations 0
ExecutionTime = 4.09 s  ClockTime = 8 s

Time = 2.63

DICPCG:  Solving for T, Initial residual = 0.000225633, Final residual = 7.32964e-07, No Iterations 1
DICPCG:  Solving for T, Initial residual = 8.16207e-07, Final residual = 8.16207e-07, No Iterations 0
DICPCG:  Solving for T, Initial residual = 8.16207e-07, Final residual = 8.16207e-07, No Iterations 0
ExecutionTime = 4.09 s  ClockTime = 8 s

Time = 2.635

DICPCG:  Solving for T, Initial residual = 0.000225241, Final residual = 7.3153e-07, No Iterations 1
DICPCG:  Solving for T, Initial residual = 8.14566e-07, Final residual = 8.14566e-07, No Iterations 0
DICPCG:  Solving for T, Initial residual = 8.14566e-07, Final residual = 8.14566e-07, No Iterations 0
ExecutionTime = 4.09 s  ClockTime = 8 s

Time = 2.64

DICPCG:  Solving for T, Initial residual = 0.00022485, Final residual = 7.301e-07, No Iterations 1
DICPCG:  Solving for T, Initial residual = 8.1293e-07, Final residual = 8.1293e-07, No Iterations 0
DICPCG:  Solving for T, Initial residual = 8.1293e-07, Final residual = 8.1293e-07, No Iterations 0
ExecutionTime = 4.1 s  ClockTime = 8 s

Time = 2.645

DICPCG:  Solving for T, Initial residual = 0.000224461, Final residual = 7.28674e-07, No Iterations 1
DICPCG:  Solving for T, Initial residual = 8.11298e-07, Final residual = 8.11298e-07, No Iterations 0
DICPCG:  Solving for T, Initial residual = 8.11298e-07, Final residual = 8.11298e-07, No Iterations 0
ExecutionTime = 4.1 s  ClockTime = 8 s

Time = 2.65

DICPCG:  Solving for T, Initial residual = 0.000224072, Final residual = 7.27252e-07, No Iterations 1
DICPCG:  Solving for T, Initial residual = 8.09671e-07, Final residual = 8.09671e-07, No Iterations 0
DICPCG:  Solving for T, Initial residual = 8.09671e-07, Final residual = 8.09671e-07, No Iterations 0
ExecutionTime = 4.11 s  ClockTime = 8 s

Time = 2.655

DICPCG:  Solving for T, Initial residual = 0.000223685, Final residual = 7.25835e-07, No Iterations 1
DICPCG:  Solving for T, Initial residual = 8.08049e-07, Final residual = 8.08049e-07, No Iterations 0
DICPCG:  Solving for T, Initial residual = 8.08049e-07, Final residual = 8.08049e-07, No Iterations 0
ExecutionTime = 4.11 s  ClockTime = 8 s

Time = 2.66

DICPCG:  Solving for T, Initial residual = 0.000223299, Final residual = 7.24421e-07, No Iterations 1
DICPCG:  Solving for T, Initial residual = 8.06431e-07, Final residual = 8.06431e-07, No Iterations 0
DICPCG:  Solving for T, Initial residual = 8.06431e-07, Final residual = 8.06431e-07, No Iterations 0
ExecutionTime = 4.12 s  ClockTime = 8 s

Time = 2.665

DICPCG:  Solving for T, Initial residual = 0.000222914, Final residual = 7.23012e-07, No Iterations 1
DICPCG:  Solving for T, Initial residual = 8.04818e-07, Final residual = 8.04818e-07, No Iterations 0
DICPCG:  Solving for T, Initial residual = 8.04818e-07, Final residual = 8.04818e-07, No Iterations 0
ExecutionTime = 4.12 s  ClockTime = 8 s

Time = 2.67

DICPCG:  Solving for T, Initial residual = 0.00022253, Final residual = 7.21607e-07, No Iterations 1
DICPCG:  Solving for T, Initial residual = 8.0321e-07, Final residual = 8.0321e-07, No Iterations 0
DICPCG:  Solving for T, Initial residual = 8.0321e-07, Final residual = 8.0321e-07, No Iterations 0
ExecutionTime = 4.13 s  ClockTime = 8 s

Time = 2.675

DICPCG:  Solving for T, Initial residual = 0.000222147, Final residual = 7.20206e-07, No Iterations 1
DICPCG:  Solving for T, Initial residual = 8.01607e-07, Final residual = 8.01607e-07, No Iterations 0
DICPCG:  Solving for T, Initial residual = 8.01607e-07, Final residual = 8.01607e-07, No Iterations 0
ExecutionTime = 4.14 s  ClockTime = 8 s

Time = 2.68

DICPCG:  Solving for T, Initial residual = 0.000221766, Final residual = 7.18809e-07, No Iterations 1
DICPCG:  Solving for T, Initial residual = 8.00008e-07, Final residual = 8.00008e-07, No Iterations 0
DICPCG:  Solving for T, Initial residual = 8.00008e-07, Final residual = 8.00008e-07, No Iterations 0
ExecutionTime = 4.14 s  ClockTime = 8 s

Time = 2.685

DICPCG:  Solving for T, Initial residual = 0.000221385, Final residual = 7.17416e-07, No Iterations 1
DICPCG:  Solving for T, Initial residual = 7.98413e-07, Final residual = 7.98413e-07, No Iterations 0
DICPCG:  Solving for T, Initial residual = 7.98413e-07, Final residual = 7.98413e-07, No Iterations 0
ExecutionTime = 4.14 s  ClockTime = 8 s

Time = 2.69

DICPCG:  Solving for T, Initial residual = 0.000221006, Final residual = 7.16026e-07, No Iterations 1
DICPCG:  Solving for T, Initial residual = 7.96823e-07, Final residual = 7.96823e-07, No Iterations 0
DICPCG:  Solving for T, Initial residual = 7.96823e-07, Final residual = 7.96823e-07, No Iterations 0
ExecutionTime = 4.15 s  ClockTime = 8 s

Time = 2.695

DICPCG:  Solving for T, Initial residual = 0.000220627, Final residual = 7.1464e-07, No Iterations 1
DICPCG:  Solving for T, Initial residual = 7.95238e-07, Final residual = 7.95238e-07, No Iterations 0
DICPCG:  Solving for T, Initial residual = 7.95238e-07, Final residual = 7.95238e-07, No Iterations 0
ExecutionTime = 4.15 s  ClockTime = 8 s

Time = 2.7

DICPCG:  Solving for T, Initial residual = 0.00022025, Final residual = 7.13258e-07, No Iterations 1
DICPCG:  Solving for T, Initial residual = 7.93657e-07, Final residual = 7.93657e-07, No Iterations 0
DICPCG:  Solving for T, Initial residual = 7.93657e-07, Final residual = 7.93657e-07, No Iterations 0
ExecutionTime = 4.21 s  ClockTime = 9 s

Time = 2.705

DICPCG:  Solving for T, Initial residual = 0.000219874, Final residual = 7.11879e-07, No Iterations 1
DICPCG:  Solving for T, Initial residual = 7.92082e-07, Final residual = 7.92082e-07, No Iterations 0
DICPCG:  Solving for T, Initial residual = 7.92082e-07, Final residual = 7.92082e-07, No Iterations 0
ExecutionTime = 4.22 s  ClockTime = 9 s

Time = 2.71

DICPCG:  Solving for T, Initial residual = 0.000219499, Final residual = 7.10505e-07, No Iterations 1
DICPCG:  Solving for T, Initial residual = 7.90513e-07, Final residual = 7.90513e-07, No Iterations 0
DICPCG:  Solving for T, Initial residual = 7.90513e-07, Final residual = 7.90513e-07, No Iterations 0
ExecutionTime = 4.23 s  ClockTime = 9 s

Time = 2.715

DICPCG:  Solving for T, Initial residual = 0.000219125, Final residual = 7.09135e-07, No Iterations 1
DICPCG:  Solving for T, Initial residual = 7.88949e-07, Final residual = 7.88949e-07, No Iterations 0
DICPCG:  Solving for T, Initial residual = 7.88949e-07, Final residual = 7.88949e-07, No Iterations 0
ExecutionTime = 4.24 s  ClockTime = 9 s

Time = 2.72

DICPCG:  Solving for T, Initial residual = 0.000218752, Final residual = 7.07768e-07, No Iterations 1
DICPCG:  Solving for T, Initial residual = 7.87389e-07, Final residual = 7.87389e-07, No Iterations 0
DICPCG:  Solving for T, Initial residual = 7.87389e-07, Final residual = 7.87389e-07, No Iterations 0
ExecutionTime = 4.25 s  ClockTime = 9 s

Time = 2.725

DICPCG:  Solving for T, Initial residual = 0.00021838, Final residual = 7.06405e-07, No Iterations 1
DICPCG:  Solving for T, Initial residual = 7.85835e-07, Final residual = 7.85835e-07, No Iterations 0
DICPCG:  Solving for T, Initial residual = 7.85835e-07, Final residual = 7.85835e-07, No Iterations 0
ExecutionTime = 4.26 s  ClockTime = 9 s

Time = 2.73

DICPCG:  Solving for T, Initial residual = 0.000218009, Final residual = 7.05046e-07, No Iterations 1
DICPCG:  Solving for T, Initial residual = 7.84287e-07, Final residual = 7.84287e-07, No Iterations 0
DICPCG:  Solving for T, Initial residual = 7.84287e-07, Final residual = 7.84287e-07, No Iterations 0
ExecutionTime = 4.26 s  ClockTime = 9 s

Time = 2.735

DICPCG:  Solving for T, Initial residual = 0.00021764, Final residual = 7.03691e-07, No Iterations 1
DICPCG:  Solving for T, Initial residual = 7.82743e-07, Final residual = 7.82743e-07, No Iterations 0
DICPCG:  Solving for T, Initial residual = 7.82743e-07, Final residual = 7.82743e-07, No Iterations 0
ExecutionTime = 4.27 s  ClockTime = 9 s

Time = 2.74

DICPCG:  Solving for T, Initial residual = 0.000217271, Final residual = 7.0234e-07, No Iterations 1
DICPCG:  Solving for T, Initial residual = 7.81204e-07, Final residual = 7.81204e-07, No Iterations 0
DICPCG:  Solving for T, Initial residual = 7.81204e-07, Final residual = 7.81204e-07, No Iterations 0
ExecutionTime = 4.27 s  ClockTime = 9 s

Time = 2.745

DICPCG:  Solving for T, Initial residual = 0.000216904, Final residual = 7.00993e-07, No Iterations 1
DICPCG:  Solving for T, Initial residual = 7.7967e-07, Final residual = 7.7967e-07, No Iterations 0
DICPCG:  Solving for T, Initial residual = 7.7967e-07, Final residual = 7.7967e-07, No Iterations 0
ExecutionTime = 4.28 s  ClockTime = 9 s

Time = 2.75

DICPCG:  Solving for T, Initial residual = 0.000216537, Final residual = 6.99649e-07, No Iterations 1
DICPCG:  Solving for T, Initial residual = 7.78141e-07, Final residual = 7.78141e-07, No Iterations 0
DICPCG:  Solving for T, Initial residual = 7.78141e-07, Final residual = 7.78141e-07, No Iterations 0
ExecutionTime = 4.29 s  ClockTime = 9 s

Time = 2.755

DICPCG:  Solving for T, Initial residual = 0.000216172, Final residual = 6.9831e-07, No Iterations 1
DICPCG:  Solving for T, Initial residual = 7.76617e-07, Final residual = 7.76617e-07, No Iterations 0
DICPCG:  Solving for T, Initial residual = 7.76617e-07, Final residual = 7.76617e-07, No Iterations 0
ExecutionTime = 4.3 s  ClockTime = 9 s

Time = 2.76

DICPCG:  Solving for T, Initial residual = 0.000215808, Final residual = 6.96974e-07, No Iterations 1
DICPCG:  Solving for T, Initial residual = 7.751e-07, Final residual = 7.751e-07, No Iterations 0
DICPCG:  Solving for T, Initial residual = 7.751e-07, Final residual = 7.751e-07, No Iterations 0
ExecutionTime = 4.3 s  ClockTime = 9 s

Time = 2.765

DICPCG:  Solving for T, Initial residual = 0.000215445, Final residual = 6.95642e-07, No Iterations 1
DICPCG:  Solving for T, Initial residual = 7.73587e-07, Final residual = 7.73587e-07, No Iterations 0
DICPCG:  Solving for T, Initial residual = 7.73587e-07, Final residual = 7.73587e-07, No Iterations 0
ExecutionTime = 4.31 s  ClockTime = 9 s

Time = 2.77

DICPCG:  Solving for T, Initial residual = 0.000215083, Final residual = 6.94314e-07, No Iterations 1
DICPCG:  Solving for T, Initial residual = 7.72078e-07, Final residual = 7.72078e-07, No Iterations 0
DICPCG:  Solving for T, Initial residual = 7.72078e-07, Final residual = 7.72078e-07, No Iterations 0
ExecutionTime = 4.31 s  ClockTime = 9 s

Time = 2.775

DICPCG:  Solving for T, Initial residual = 0.000214722, Final residual = 6.92989e-07, No Iterations 1
DICPCG:  Solving for T, Initial residual = 7.70573e-07, Final residual = 7.70573e-07, No Iterations 0
DICPCG:  Solving for T, Initial residual = 7.70573e-07, Final residual = 7.70573e-07, No Iterations 0
ExecutionTime = 4.31 s  ClockTime = 9 s

Time = 2.78

DICPCG:  Solving for T, Initial residual = 0.000214362, Final residual = 6.91668e-07, No Iterations 1
DICPCG:  Solving for T, Initial residual = 7.69073e-07, Final residual = 7.69073e-07, No Iterations 0
DICPCG:  Solving for T, Initial residual = 7.69073e-07, Final residual = 7.69073e-07, No Iterations 0
ExecutionTime = 4.33 s  ClockTime = 9 s

Time = 2.785

DICPCG:  Solving for T, Initial residual = 0.000214003, Final residual = 6.90351e-07, No Iterations 1
DICPCG:  Solving for T, Initial residual = 7.67576e-07, Final residual = 7.67576e-07, No Iterations 0
DICPCG:  Solving for T, Initial residual = 7.67576e-07, Final residual = 7.67576e-07, No Iterations 0
ExecutionTime = 4.33 s  ClockTime = 9 s

Time = 2.79

DICPCG:  Solving for T, Initial residual = 0.000213645, Final residual = 6.89038e-07, No Iterations 1
DICPCG:  Solving for T, Initial residual = 7.66084e-07, Final residual = 7.66084e-07, No Iterations 0
DICPCG:  Solving for T, Initial residual = 7.66084e-07, Final residual = 7.66084e-07, No Iterations 0
ExecutionTime = 4.33 s  ClockTime = 9 s

Time = 2.795

DICPCG:  Solving for T, Initial residual = 0.000213288, Final residual = 6.87729e-07, No Iterations 1
DICPCG:  Solving for T, Initial residual = 7.64597e-07, Final residual = 7.64597e-07, No Iterations 0
DICPCG:  Solving for T, Initial residual = 7.64597e-07, Final residual = 7.64597e-07, No Iterations 0
ExecutionTime = 4.34 s  ClockTime = 9 s

Time = 2.8

DICPCG:  Solving for T, Initial residual = 0.000212932, Final residual = 6.86423e-07, No Iterations 1
DICPCG:  Solving for T, Initial residual = 7.63114e-07, Final residual = 7.63114e-07, No Iterations 0
DICPCG:  Solving for T, Initial residual = 7.63114e-07, Final residual = 7.63114e-07, No Iterations 0
ExecutionTime = 4.39 s  ClockTime = 9 s

Time = 2.805

DICPCG:  Solving for T, Initial residual = 0.000212577, Final residual = 6.85122e-07, No Iterations 1
DICPCG:  Solving for T, Initial residual = 7.61635e-07, Final residual = 7.61635e-07, No Iterations 0
DICPCG:  Solving for T, Initial residual = 7.61635e-07, Final residual = 7.61635e-07, No Iterations 0
ExecutionTime = 4.4 s  ClockTime = 9 s

Time = 2.81

DICPCG:  Solving for T, Initial residual = 0.000212223, Final residual = 6.83824e-07, No Iterations 1
DICPCG:  Solving for T, Initial residual = 7.6016e-07, Final residual = 7.6016e-07, No Iterations 0
DICPCG:  Solving for T, Initial residual = 7.6016e-07, Final residual = 7.6016e-07, No Iterations 0
ExecutionTime = 4.4 s  ClockTime = 9 s

Time = 2.815

DICPCG:  Solving for T, Initial residual = 0.00021187, Final residual = 6.8253e-07, No Iterations 1
DICPCG:  Solving for T, Initial residual = 7.58691e-07, Final residual = 7.58691e-07, No Iterations 0
DICPCG:  Solving for T, Initial residual = 7.58691e-07, Final residual = 7.58691e-07, No Iterations 0
ExecutionTime = 4.41 s  ClockTime = 9 s

Time = 2.82

DICPCG:  Solving for T, Initial residual = 0.000211519, Final residual = 6.81239e-07, No Iterations 1
DICPCG:  Solving for T, Initial residual = 7.57226e-07, Final residual = 7.57226e-07, No Iterations 0
DICPCG:  Solving for T, Initial residual = 7.57226e-07, Final residual = 7.57226e-07, No Iterations 0
ExecutionTime = 4.41 s  ClockTime = 9 s

Time = 2.825

DICPCG:  Solving for T, Initial residual = 0.000211168, Final residual = 6.79952e-07, No Iterations 1
DICPCG:  Solving for T, Initial residual = 7.55765e-07, Final residual = 7.55765e-07, No Iterations 0
DICPCG:  Solving for T, Initial residual = 7.55765e-07, Final residual = 7.55765e-07, No Iterations 0
ExecutionTime = 4.42 s  ClockTime = 9 s

Time = 2.83

DICPCG:  Solving for T, Initial residual = 0.000210818, Final residual = 6.78669e-07, No Iterations 1
DICPCG:  Solving for T, Initial residual = 7.54309e-07, Final residual = 7.54309e-07, No Iterations 0
DICPCG:  Solving for T, Initial residual = 7.54309e-07, Final residual = 7.54309e-07, No Iterations 0
ExecutionTime = 4.42 s  ClockTime = 9 s

Time = 2.835

DICPCG:  Solving for T, Initial residual = 0.000210469, Final residual = 6.77389e-07, No Iterations 1
DICPCG:  Solving for T, Initial residual = 7.52859e-07, Final residual = 7.52859e-07, No Iterations 0
DICPCG:  Solving for T, Initial residual = 7.52859e-07, Final residual = 7.52859e-07, No Iterations 0
ExecutionTime = 4.43 s  ClockTime = 9 s

Time = 2.84

DICPCG:  Solving for T, Initial residual = 0.000210121, Final residual = 6.76113e-07, No Iterations 1
DICPCG:  Solving for T, Initial residual = 7.51413e-07, Final residual = 7.51413e-07, No Iterations 0
DICPCG:  Solving for T, Initial residual = 7.51413e-07, Final residual = 7.51413e-07, No Iterations 0
ExecutionTime = 4.43 s  ClockTime = 9 s

Time = 2.845

DICPCG:  Solving for T, Initial residual = 0.000209774, Final residual = 6.7484e-07, No Iterations 1
DICPCG:  Solving for T, Initial residual = 7.49971e-07, Final residual = 7.49971e-07, No Iterations 0
DICPCG:  Solving for T, Initial residual = 7.49971e-07, Final residual = 7.49971e-07, No Iterations 0
ExecutionTime = 4.43 s  ClockTime = 9 s

Time = 2.85

DICPCG:  Solving for T, Initial residual = 0.000209428, Final residual = 6.73571e-07, No Iterations 1
DICPCG:  Solving for T, Initial residual = 7.48534e-07, Final residual = 7.48534e-07, No Iterations 0
DICPCG:  Solving for T, Initial residual = 7.48534e-07, Final residual = 7.48534e-07, No Iterations 0
ExecutionTime = 4.44 s  ClockTime = 9 s

Time = 2.855

DICPCG:  Solving for T, Initial residual = 0.000209083, Final residual = 6.72305e-07, No Iterations 1
DICPCG:  Solving for T, Initial residual = 7.47101e-07, Final residual = 7.47101e-07, No Iterations 0
DICPCG:  Solving for T, Initial residual = 7.47101e-07, Final residual = 7.47101e-07, No Iterations 0
ExecutionTime = 4.44 s  ClockTime = 9 s

Time = 2.86

DICPCG:  Solving for T, Initial residual = 0.000208739, Final residual = 6.71043e-07, No Iterations 1
DICPCG:  Solving for T, Initial residual = 7.45671e-07, Final residual = 7.45671e-07, No Iterations 0
DICPCG:  Solving for T, Initial residual = 7.45671e-07, Final residual = 7.45671e-07, No Iterations 0
ExecutionTime = 4.45 s  ClockTime = 9 s

Time = 2.865

DICPCG:  Solving for T, Initial residual = 0.000208396, Final residual = 6.69784e-07, No Iterations 1
DICPCG:  Solving for T, Initial residual = 7.44247e-07, Final residual = 7.44247e-07, No Iterations 0
DICPCG:  Solving for T, Initial residual = 7.44247e-07, Final residual = 7.44247e-07, No Iterations 0
ExecutionTime = 4.46 s  ClockTime = 9 s

Time = 2.87

DICPCG:  Solving for T, Initial residual = 0.000208054, Final residual = 6.68529e-07, No Iterations 1
DICPCG:  Solving for T, Initial residual = 7.42827e-07, Final residual = 7.42827e-07, No Iterations 0
DICPCG:  Solving for T, Initial residual = 7.42827e-07, Final residual = 7.42827e-07, No Iterations 0
ExecutionTime = 4.46 s  ClockTime = 9 s

Time = 2.875

DICPCG:  Solving for T, Initial residual = 0.000207713, Final residual = 6.67277e-07, No Iterations 1
DICPCG:  Solving for T, Initial residual = 7.41411e-07, Final residual = 7.41411e-07, No Iterations 0
DICPCG:  Solving for T, Initial residual = 7.41411e-07, Final residual = 7.41411e-07, No Iterations 0
ExecutionTime = 4.46 s  ClockTime = 9 s

Time = 2.88

DICPCG:  Solving for T, Initial residual = 0.000207373, Final residual = 6.66029e-07, No Iterations 1
DICPCG:  Solving for T, Initial residual = 7.39998e-07, Final residual = 7.39998e-07, No Iterations 0
DICPCG:  Solving for T, Initial residual = 7.39998e-07, Final residual = 7.39998e-07, No Iterations 0
ExecutionTime = 4.46 s  ClockTime = 9 s

Time = 2.885

DICPCG:  Solving for T, Initial residual = 0.000207034, Final residual = 6.64784e-07, No Iterations 1
DICPCG:  Solving for T, Initial residual = 7.3859e-07, Final residual = 7.3859e-07, No Iterations 0
DICPCG:  Solving for T, Initial residual = 7.3859e-07, Final residual = 7.3859e-07, No Iterations 0
ExecutionTime = 4.48 s  ClockTime = 9 s

Time = 2.89

DICPCG:  Solving for T, Initial residual = 0.000206695, Final residual = 6.63543e-07, No Iterations 1
DICPCG:  Solving for T, Initial residual = 7.37185e-07, Final residual = 7.37185e-07, No Iterations 0
DICPCG:  Solving for T, Initial residual = 7.37185e-07, Final residual = 7.37185e-07, No Iterations 0
ExecutionTime = 4.48 s  ClockTime = 9 s

Time = 2.895

DICPCG:  Solving for T, Initial residual = 0.000206358, Final residual = 6.62306e-07, No Iterations 1
DICPCG:  Solving for T, Initial residual = 7.35784e-07, Final residual = 7.35784e-07, No Iterations 0
DICPCG:  Solving for T, Initial residual = 7.35784e-07, Final residual = 7.35784e-07, No Iterations 0
ExecutionTime = 4.49 s  ClockTime = 9 s

Time = 2.9

DICPCG:  Solving for T, Initial residual = 0.000206021, Final residual = 6.61071e-07, No Iterations 1
DICPCG:  Solving for T, Initial residual = 7.34388e-07, Final residual = 7.34388e-07, No Iterations 0
DICPCG:  Solving for T, Initial residual = 7.34388e-07, Final residual = 7.34388e-07, No Iterations 0
ExecutionTime = 4.54 s  ClockTime = 9 s

Time = 2.905

DICPCG:  Solving for T, Initial residual = 0.000205686, Final residual = 6.5984e-07, No Iterations 1
DICPCG:  Solving for T, Initial residual = 7.32996e-07, Final residual = 7.32996e-07, No Iterations 0
DICPCG:  Solving for T, Initial residual = 7.32996e-07, Final residual = 7.32996e-07, No Iterations 0
ExecutionTime = 4.55 s  ClockTime = 9 s

Time = 2.91

DICPCG:  Solving for T, Initial residual = 0.000205351, Final residual = 6.58613e-07, No Iterations 1
DICPCG:  Solving for T, Initial residual = 7.31607e-07, Final residual = 7.31607e-07, No Iterations 0
DICPCG:  Solving for T, Initial residual = 7.31607e-07, Final residual = 7.31607e-07, No Iterations 0
ExecutionTime = 4.56 s  ClockTime = 9 s

Time = 2.915

DICPCG:  Solving for T, Initial residual = 0.000205017, Final residual = 6.57388e-07, No Iterations 1
DICPCG:  Solving for T, Initial residual = 7.30221e-07, Final residual = 7.30221e-07, No Iterations 0
DICPCG:  Solving for T, Initial residual = 7.30221e-07, Final residual = 7.30221e-07, No Iterations 0
ExecutionTime = 4.56 s  ClockTime = 9 s

Time = 2.92

DICPCG:  Solving for T, Initial residual = 0.000204684, Final residual = 6.56166e-07, No Iterations 1
DICPCG:  Solving for T, Initial residual = 7.28839e-07, Final residual = 7.28839e-07, No Iterations 0
DICPCG:  Solving for T, Initial residual = 7.28839e-07, Final residual = 7.28839e-07, No Iterations 0
ExecutionTime = 4.57 s  ClockTime = 9 s

Time = 2.925

DICPCG:  Solving for T, Initial residual = 0.000204351, Final residual = 6.54947e-07, No Iterations 1
DICPCG:  Solving for T, Initial residual = 7.27461e-07, Final residual = 7.27461e-07, No Iterations 0
DICPCG:  Solving for T, Initial residual = 7.27461e-07, Final residual = 7.27461e-07, No Iterations 0
ExecutionTime = 4.57 s  ClockTime = 9 s

Time = 2.93

DICPCG:  Solving for T, Initial residual = 0.00020402, Final residual = 6.53731e-07, No Iterations 1
DICPCG:  Solving for T, Initial residual = 7.26086e-07, Final residual = 7.26086e-07, No Iterations 0
DICPCG:  Solving for T, Initial residual = 7.26086e-07, Final residual = 7.26086e-07, No Iterations 0
ExecutionTime = 4.57 s  ClockTime = 9 s

Time = 2.935

DICPCG:  Solving for T, Initial residual = 0.000203689, Final residual = 6.52519e-07, No Iterations 1
DICPCG:  Solving for T, Initial residual = 7.24714e-07, Final residual = 7.24714e-07, No Iterations 0
DICPCG:  Solving for T, Initial residual = 7.24714e-07, Final residual = 7.24714e-07, No Iterations 0
ExecutionTime = 4.58 s  ClockTime = 9 s

Time = 2.94

DICPCG:  Solving for T, Initial residual = 0.000203359, Final residual = 6.5131e-07, No Iterations 1
DICPCG:  Solving for T, Initial residual = 7.23346e-07, Final residual = 7.23346e-07, No Iterations 0
DICPCG:  Solving for T, Initial residual = 7.23346e-07, Final residual = 7.23346e-07, No Iterations 0
ExecutionTime = 4.58 s  ClockTime = 9 s

Time = 2.945

DICPCG:  Solving for T, Initial residual = 0.00020303, Final residual = 6.50105e-07, No Iterations 1
DICPCG:  Solving for T, Initial residual = 7.21983e-07, Final residual = 7.21983e-07, No Iterations 0
DICPCG:  Solving for T, Initial residual = 7.21983e-07, Final residual = 7.21983e-07, No Iterations 0
ExecutionTime = 4.59 s  ClockTime = 9 s

Time = 2.95

DICPCG:  Solving for T, Initial residual = 0.000202702, Final residual = 6.48903e-07, No Iterations 1
DICPCG:  Solving for T, Initial residual = 7.20623e-07, Final residual = 7.20623e-07, No Iterations 0
DICPCG:  Solving for T, Initial residual = 7.20623e-07, Final residual = 7.20623e-07, No Iterations 0
ExecutionTime = 4.59 s  ClockTime = 9 s

Time = 2.955

DICPCG:  Solving for T, Initial residual = 0.000202375, Final residual = 6.47705e-07, No Iterations 1
DICPCG:  Solving for T, Initial residual = 7.19267e-07, Final residual = 7.19267e-07, No Iterations 0
DICPCG:  Solving for T, Initial residual = 7.19267e-07, Final residual = 7.19267e-07, No Iterations 0
ExecutionTime = 4.6 s  ClockTime = 9 s

Time = 2.96

DICPCG:  Solving for T, Initial residual = 0.000202048, Final residual = 6.4651e-07, No Iterations 1
DICPCG:  Solving for T, Initial residual = 7.17915e-07, Final residual = 7.17915e-07, No Iterations 0
DICPCG:  Solving for T, Initial residual = 7.17915e-07, Final residual = 7.17915e-07, No Iterations 0
ExecutionTime = 4.6 s  ClockTime = 9 s

Time = 2.965

DICPCG:  Solving for T, Initial residual = 0.000201722, Final residual = 6.45318e-07, No Iterations 1
DICPCG:  Solving for T, Initial residual = 7.16566e-07, Final residual = 7.16566e-07, No Iterations 0
DICPCG:  Solving for T, Initial residual = 7.16566e-07, Final residual = 7.16566e-07, No Iterations 0
ExecutionTime = 4.61 s  ClockTime = 9 s

Time = 2.97

DICPCG:  Solving for T, Initial residual = 0.000201398, Final residual = 6.4413e-07, No Iterations 1
DICPCG:  Solving for T, Initial residual = 7.15221e-07, Final residual = 7.15221e-07, No Iterations 0
DICPCG:  Solving for T, Initial residual = 7.15221e-07, Final residual = 7.15221e-07, No Iterations 0
ExecutionTime = 4.61 s  ClockTime = 9 s

Time = 2.975

DICPCG:  Solving for T, Initial residual = 0.000201074, Final residual = 6.42945e-07, No Iterations 1
DICPCG:  Solving for T, Initial residual = 7.1388e-07, Final residual = 7.1388e-07, No Iterations 0
DICPCG:  Solving for T, Initial residual = 7.1388e-07, Final residual = 7.1388e-07, No Iterations 0
ExecutionTime = 4.61 s  ClockTime = 9 s

Time = 2.98

DICPCG:  Solving for T, Initial residual = 0.000200751, Final residual = 6.41764e-07, No Iterations 1
DICPCG:  Solving for T, Initial residual = 7.12542e-07, Final residual = 7.12542e-07, No Iterations 0
DICPCG:  Solving for T, Initial residual = 7.12542e-07, Final residual = 7.12542e-07, No Iterations 0
ExecutionTime = 4.62 s  ClockTime = 9 s

Time = 2.985

DICPCG:  Solving for T, Initial residual = 0.000200429, Final residual = 6.40586e-07, No Iterations 1
DICPCG:  Solving for T, Initial residual = 7.11208e-07, Final residual = 7.11208e-07, No Iterations 0
DICPCG:  Solving for T, Initial residual = 7.11208e-07, Final residual = 7.11208e-07, No Iterations 0
ExecutionTime = 4.62 s  ClockTime = 9 s

Time = 2.99

DICPCG:  Solving for T, Initial residual = 0.000200107, Final residual = 6.39411e-07, No Iterations 1
DICPCG:  Solving for T, Initial residual = 7.09878e-07, Final residual = 7.09878e-07, No Iterations 0
DICPCG:  Solving for T, Initial residual = 7.09878e-07, Final residual = 7.09878e-07, No Iterations 0
ExecutionTime = 4.63 s  ClockTime = 9 s

Time = 2.995

DICPCG:  Solving for T, Initial residual = 0.000199787, Final residual = 6.3824e-07, No Iterations 1
DICPCG:  Solving for T, Initial residual = 7.08551e-07, Final residual = 7.08551e-07, No Iterations 0
DICPCG:  Solving for T, Initial residual = 7.08551e-07, Final residual = 7.08551e-07, No Iterations 0
ExecutionTime = 4.64 s  ClockTime = 9 s

Time = 3

DICPCG:  Solving for T, Initial residual = 0.000199467, Final residual = 6.37072e-07, No Iterations 1
DICPCG:  Solving for T, Initial residual = 7.07228e-07, Final residual = 7.07228e-07, No Iterations 0
DICPCG:  Solving for T, Initial residual = 7.07228e-07, Final residual = 7.07228e-07, No Iterations 0
ExecutionTime = 4.68 s  ClockTime = 10 s

End

