/*---------------------------------------------------------------------------*\
| =========                 |                                                 |
| \\      /  F ield         | OpenFOAM: The Open Source CFD Toolbox           |
|  \\    /   O peration     | Version:  2512                                  |
|   \\  /    A nd           | Website:  www.openfoam.com                      |
|    \\/     M anipulation  |                                                 |
\*---------------------------------------------------------------------------*/
Build  : _bd2b6720-20260127 OPENFOAM=2512 version=2512
Arch   : "LSB;label=32;scalar=64"
Exec   : laplacianFoam
Date   : Oct 04 2026
Time   : 00:38:38
Host   : shark-VMware-Virtual-Platform
PID    : 18453
--> FOAM Warning : 
    From Foam::fileName Foam::cwd_L()
    in file POSIX.C at line 554
    PWD is not the cwd() - reverting to physical description
I/O    : uncollated
--> FOAM Warning : 
    From Foam::fileName Foam::cwd_L()
    in file POSIX.C at line 554
    PWD is not the cwd() - reverting to physical description
Case   : /mnt/hgfs/UbuntuShareFolder/.foamlab-build/town-training-20261004/flange-fast
nProcs : 1
trapFpe: Floating point exception trapping enabled (FOAM_SIGFPE).
memory pool : not available
fileModificationChecking : Monitoring run-time modified files using timeStampMaster (fileModificationSkew 5, maxFileModificationPolls 20)
allowSystemOperations : Allowing user-supplied system call operations

// * * * * * * * * * * * * * * * * * * * * * * * * * * * * * * * * * * * * * //
Create time

Create mesh for time = 0


SIMPLE: no convergence criteria found. Calculations will run for 3 steps.

Reading field T

Reading diffusivity DT

No finite volume options present

Calculating temperature distribution

Time = 0.005

DICPCG:  Solving for T, Initial residual = 1, Final residual = 4.26744e-07, No Iterations 8
DICPCG:  Solving for T, Initial residual = 0.0115612, Final residual = 7.58174e-07, No Iterations 5
DICPCG:  Solving for T, Initial residual = 0.000611699, Final residual = 9.00026e-07, No Iterations 3
ExecutionTime = 0.07 s  ClockTime = 0 s

Time = 0.01

DICPCG:  Solving for T, Initial residual = 0.176036, Final residual = 3.14677e-07, No Iterations 7
DICPCG:  Solving for T, Initial residual = 0.00408721, Final residual = 3.62948e-07, No Iterations 5
DICPCG:  Solving for T, Initial residual = 0.000242791, Final residual = 4.06069e-07, No Iterations 3
ExecutionTime = 0.07 s  ClockTime = 0 s

Time = 0.015

DICPCG:  Solving for T, Initial residual = 0.0870223, Final residual = 2.35263e-07, No Iterations 7
DICPCG:  Solving for T, Initial residual = 0.00225972, Final residual = 9.60514e-07, No Iterations 4
DICPCG:  Solving for T, Initial residual = 0.000145976, Final residual = 3.25414e-07, No Iterations 3
ExecutionTime = 0.08 s  ClockTime = 0 s

Time = 0.02

DICPCG:  Solving for T, Initial residual = 0.0541638, Final residual = 7.78353e-07, No Iterations 6
DICPCG:  Solving for T, Initial residual = 0.00154848, Final residual = 6.67524e-07, No Iterations 4
DICPCG:  Solving for T, Initial residual = 0.000100806, Final residual = 3.05591e-07, No Iterations 3
ExecutionTime = 0.08 s  ClockTime = 0 s

Time = 0.025

DICPCG:  Solving for T, Initial residual = 0.0379109, Final residual = 7.59714e-07, No Iterations 6
DICPCG:  Solving for T, Initial residual = 0.00112537, Final residual = 5.03161e-07, No Iterations 4
DICPCG:  Solving for T, Initial residual = 7.47253e-05, Final residual = 2.82964e-07, No Iterations 3
ExecutionTime = 0.09 s  ClockTime = 0 s

Time = 0.03

DICPCG:  Solving for T, Initial residual = 0.0284196, Final residual = 7.01213e-07, No Iterations 6
DICPCG:  Solving for T, Initial residual = 0.000850532, Final residual = 3.96762e-07, No Iterations 4
DICPCG:  Solving for T, Initial residual = 5.74149e-05, Final residual = 8.47636e-07, No Iterations 2
ExecutionTime = 0.09 s  ClockTime = 0 s

Time = 0.035

DICPCG:  Solving for T, Initial residual = 0.022279, Final residual = 6.23083e-07, No Iterations 6
DICPCG:  Solving for T, Initial residual = 0.000661745, Final residual = 3.20747e-07, No Iterations 4
DICPCG:  Solving for T, Initial residual = 4.52516e-05, Final residual = 6.57372e-07, No Iterations 2
ExecutionTime = 0.1 s  ClockTime = 0 s

Time = 0.04

DICPCG:  Solving for T, Initial residual = 0.0180424, Final residual = 5.39625e-07, No Iterations 6
DICPCG:  Solving for T, Initial residual = 0.000528432, Final residual = 2.64455e-07, No Iterations 4
DICPCG:  Solving for T, Initial residual = 3.64283e-05, Final residual = 5.25895e-07, No Iterations 2
ExecutionTime = 0.1 s  ClockTime = 0 s

Time = 0.045

DICPCG:  Solving for T, Initial residual = 0.0149904, Final residual = 4.67518e-07, No Iterations 6
DICPCG:  Solving for T, Initial residual = 0.000432242, Final residual = 2.22609e-07, No Iterations 4
DICPCG:  Solving for T, Initial residual = 2.97853e-05, Final residual = 4.33412e-07, No Iterations 2
ExecutionTime = 0.1 s  ClockTime = 0 s

Time = 0.05

DICPCG:  Solving for T, Initial residual = 0.0127247, Final residual = 4.08588e-07, No Iterations 6
DICPCG:  Solving for T, Initial residual = 0.000361258, Final residual = 1.91235e-07, No Iterations 4
DICPCG:  Solving for T, Initial residual = 2.48301e-05, Final residual = 3.64437e-07, No Iterations 2
ExecutionTime = 0.11 s  ClockTime = 0 s

Time = 0.055

DICPCG:  Solving for T, Initial residual = 0.0110009, Final residual = 3.60874e-07, No Iterations 6
DICPCG:  Solving for T, Initial residual = 0.000306581, Final residual = 9.45307e-07, No Iterations 3
DICPCG:  Solving for T, Initial residual = 2.11744e-05, Final residual = 2.77707e-07, No Iterations 2
ExecutionTime = 0.12 s  ClockTime = 0 s

Time = 0.06

DICPCG:  Solving for T, Initial residual = 0.00966453, Final residual = 3.22135e-07, No Iterations 6
DICPCG:  Solving for T, Initial residual = 0.000263873, Final residual = 7.99208e-07, No Iterations 3
DICPCG:  Solving for T, Initial residual = 1.82146e-05, Final residual = 2.37574e-07, No Iterations 2
ExecutionTime = 0.13 s  ClockTime = 0 s

Time = 0.065

DICPCG:  Solving for T, Initial residual = 0.00861154, Final residual = 2.90682e-07, No Iterations 6
DICPCG:  Solving for T, Initial residual = 0.000230018, Final residual = 6.737e-07, No Iterations 3
DICPCG:  Solving for T, Initial residual = 1.5867e-05, Final residual = 2.06615e-07, No Iterations 2
ExecutionTime = 0.13 s  ClockTime = 0 s

Time = 0.07

DICPCG:  Solving for T, Initial residual = 0.00776974, Final residual = 2.64793e-07, No Iterations 6
DICPCG:  Solving for T, Initial residual = 0.000202977, Final residual = 5.66622e-07, No Iterations 3
DICPCG:  Solving for T, Initial residual = 1.40081e-05, Final residual = 1.8221e-07, No Iterations 2
ExecutionTime = 0.14 s  ClockTime = 0 s

Time = 0.075

DICPCG:  Solving for T, Initial residual = 0.00708696, Final residual = 2.43309e-07, No Iterations 6
DICPCG:  Solving for T, Initial residual = 0.000181069, Final residual = 4.7738e-07, No Iterations 3
DICPCG:  Solving for T, Initial residual = 1.25021e-05, Final residual = 9.97476e-07, No Iterations 1
ExecutionTime = 0.14 s  ClockTime = 0 s

Time = 0.08

DICPCG:  Solving for T, Initial residual = 0.00652566, Final residual = 2.24725e-07, No Iterations 6
DICPCG:  Solving for T, Initial residual = 0.000163159, Final residual = 4.06159e-07, No Iterations 3
DICPCG:  Solving for T, Initial residual = 1.12588e-05, Final residual = 9.11046e-07, No Iterations 1
ExecutionTime = 0.15 s  ClockTime = 0 s

Time = 0.085

DICPCG:  Solving for T, Initial residual = 0.00605861, Final residual = 2.09218e-07, No Iterations 6
DICPCG:  Solving for T, Initial residual = 0.000148294, Final residual = 3.47711e-07, No Iterations 3
DICPCG:  Solving for T, Initial residual = 1.02178e-05, Final residual = 8.37991e-07, No Iterations 1
ExecutionTime = 0.15 s  ClockTime = 0 s

Time = 0.09

DICPCG:  Solving for T, Initial residual = 0.00566517, Final residual = 1.9586e-07, No Iterations 6
DICPCG:  Solving for T, Initial residual = 0.000135696, Final residual = 3.02012e-07, No Iterations 3
DICPCG:  Solving for T, Initial residual = 9.33613e-06, Final residual = 7.75212e-07, No Iterations 1
ExecutionTime = 0.16 s  ClockTime = 0 s

Time = 0.095

DICPCG:  Solving for T, Initial residual = 0.00533007, Final residual = 9.65032e-07, No Iterations 5
DICPCG:  Solving for T, Initial residual = 0.000125083, Final residual = 2.61085e-07, No Iterations 3
DICPCG:  Solving for T, Initial residual = 8.60608e-06, Final residual = 7.21008e-07, No Iterations 1
ExecutionTime = 0.16 s  ClockTime = 0 s

Time = 0.1

DICPCG:  Solving for T, Initial residual = 0.00504117, Final residual = 9.16194e-07, No Iterations 5
DICPCG:  Solving for T, Initial residual = 0.000115945, Final residual = 2.41171e-07, No Iterations 3
DICPCG:  Solving for T, Initial residual = 7.96701e-06, Final residual = 6.73247e-07, No Iterations 1
ExecutionTime = 0.22 s  ClockTime = 0 s

Time = 0.105

DICPCG:  Solving for T, Initial residual = 0.00478933, Final residual = 8.71854e-07, No Iterations 5
DICPCG:  Solving for T, Initial residual = 0.000108162, Final residual = 2.25572e-07, No Iterations 3
DICPCG:  Solving for T, Initial residual = 7.41216e-06, Final residual = 6.31794e-07, No Iterations 1
ExecutionTime = 0.22 s  ClockTime = 0 s

Time = 0.11

DICPCG:  Solving for T, Initial residual = 0.00456743, Final residual = 8.31643e-07, No Iterations 5
DICPCG:  Solving for T, Initial residual = 0.000101346, Final residual = 2.127e-07, No Iterations 3
DICPCG:  Solving for T, Initial residual = 6.93043e-06, Final residual = 5.95242e-07, No Iterations 1
ExecutionTime = 0.23 s  ClockTime = 0 s

Time = 0.115

DICPCG:  Solving for T, Initial residual = 0.00436969, Final residual = 7.94899e-07, No Iterations 5
DICPCG:  Solving for T, Initial residual = 9.53589e-05, Final residual = 2.02391e-07, No Iterations 3
DICPCG:  Solving for T, Initial residual = 6.50176e-06, Final residual = 5.62865e-07, No Iterations 1
ExecutionTime = 0.24 s  ClockTime = 0 s

Time = 0.12

DICPCG:  Solving for T, Initial residual = 0.00419184, Final residual = 7.61168e-07, No Iterations 5
DICPCG:  Solving for T, Initial residual = 9.00573e-05, Final residual = 1.93781e-07, No Iterations 3
DICPCG:  Solving for T, Initial residual = 6.11954e-06, Final residual = 5.33403e-07, No Iterations 1
ExecutionTime = 0.25 s  ClockTime = 0 s

Time = 0.125

DICPCG:  Solving for T, Initial residual = 0.00403053, Final residual = 7.29996e-07, No Iterations 5
DICPCG:  Solving for T, Initial residual = 8.52639e-05, Final residual = 1.86589e-07, No Iterations 3
DICPCG:  Solving for T, Initial residual = 5.77925e-06, Final residual = 5.06937e-07, No Iterations 1
ExecutionTime = 0.25 s  ClockTime = 0 s

Time = 0.13

DICPCG:  Solving for T, Initial residual = 0.00388325, Final residual = 7.01252e-07, No Iterations 5
DICPCG:  Solving for T, Initial residual = 8.08988e-05, Final residual = 9.54903e-07, No Iterations 2
DICPCG:  Solving for T, Initial residual = 5.72897e-06, Final residual = 5.13764e-07, No Iterations 1
ExecutionTime = 0.25 s  ClockTime = 0 s

Time = 0.135

DICPCG:  Solving for T, Initial residual = 0.00374792, Final residual = 6.76922e-07, No Iterations 5
DICPCG:  Solving for T, Initial residual = 7.6913e-05, Final residual = 9.11452e-07, No Iterations 2
DICPCG:  Solving for T, Initial residual = 5.43369e-06, Final residual = 4.90951e-07, No Iterations 1
ExecutionTime = 0.26 s  ClockTime = 0 s

Time = 0.14

DICPCG:  Solving for T, Initial residual = 0.00362278, Final residual = 6.52798e-07, No Iterations 5
DICPCG:  Solving for T, Initial residual = 7.32908e-05, Final residual = 8.71707e-07, No Iterations 2
DICPCG:  Solving for T, Initial residual = 5.16613e-06, Final residual = 4.70206e-07, No Iterations 1
ExecutionTime = 0.26 s  ClockTime = 0 s

Time = 0.145

DICPCG:  Solving for T, Initial residual = 0.00350639, Final residual = 6.30039e-07, No Iterations 5
DICPCG:  Solving for T, Initial residual = 6.99638e-05, Final residual = 8.34877e-07, No Iterations 2
DICPCG:  Solving for T, Initial residual = 4.92042e-06, Final residual = 4.51206e-07, No Iterations 1
ExecutionTime = 0.27 s  ClockTime = 0 s

Time = 0.15

DICPCG:  Solving for T, Initial residual = 0.00339763, Final residual = 6.08583e-07, No Iterations 5
DICPCG:  Solving for T, Initial residual = 6.68706e-05, Final residual = 8.01706e-07, No Iterations 2
DICPCG:  Solving for T, Initial residual = 4.69432e-06, Final residual = 4.33271e-07, No Iterations 1
ExecutionTime = 0.27 s  ClockTime = 0 s

Time = 0.155

DICPCG:  Solving for T, Initial residual = 0.00329554, Final residual = 5.88276e-07, No Iterations 5
DICPCG:  Solving for T, Initial residual = 6.40184e-05, Final residual = 7.71348e-07, No Iterations 2
DICPCG:  Solving for T, Initial residual = 4.49039e-06, Final residual = 4.16228e-07, No Iterations 1
ExecutionTime = 0.28 s  ClockTime = 0 s

Time = 0.16

DICPCG:  Solving for T, Initial residual = 0.0031993, Final residual = 5.69011e-07, No Iterations 5
DICPCG:  Solving for T, Initial residual = 6.13698e-05, Final residual = 7.43169e-07, No Iterations 2
DICPCG:  Solving for T, Initial residual = 4.30196e-06, Final residual = 4.00159e-07, No Iterations 1
ExecutionTime = 0.28 s  ClockTime = 0 s

Time = 0.165

DICPCG:  Solving for T, Initial residual = 0.00310825, Final residual = 5.50728e-07, No Iterations 5
DICPCG:  Solving for T, Initial residual = 5.88889e-05, Final residual = 7.16628e-07, No Iterations 2
DICPCG:  Solving for T, Initial residual = 4.12517e-06, Final residual = 3.85495e-07, No Iterations 1
ExecutionTime = 0.3 s  ClockTime = 0 s

Time = 0.17

DICPCG:  Solving for T, Initial residual = 0.00302189, Final residual = 5.33325e-07, No Iterations 5
DICPCG:  Solving for T, Initial residual = 5.65446e-05, Final residual = 6.9176e-07, No Iterations 2
DICPCG:  Solving for T, Initial residual = 3.96079e-06, Final residual = 3.71515e-07, No Iterations 1
ExecutionTime = 0.31 s  ClockTime = 0 s

Time = 0.175

DICPCG:  Solving for T, Initial residual = 0.00293978, Final residual = 5.16738e-07, No Iterations 5
DICPCG:  Solving for T, Initial residual = 5.43486e-05, Final residual = 6.68457e-07, No Iterations 2
DICPCG:  Solving for T, Initial residual = 3.80897e-06, Final residual = 3.58099e-07, No Iterations 1
ExecutionTime = 0.31 s  ClockTime = 0 s

Time = 0.18

DICPCG:  Solving for T, Initial residual = 0.00286157, Final residual = 5.00948e-07, No Iterations 5
DICPCG:  Solving for T, Initial residual = 5.22907e-05, Final residual = 6.46326e-07, No Iterations 2
DICPCG:  Solving for T, Initial residual = 3.66648e-06, Final residual = 3.45153e-07, No Iterations 1
ExecutionTime = 0.32 s  ClockTime = 0 s

Time = 0.185

DICPCG:  Solving for T, Initial residual = 0.00278691, Final residual = 4.85913e-07, No Iterations 5
DICPCG:  Solving for T, Initial residual = 5.03511e-05, Final residual = 6.25312e-07, No Iterations 2
DICPCG:  Solving for T, Initial residual = 3.53272e-06, Final residual = 3.32875e-07, No Iterations 1
ExecutionTime = 0.32 s  ClockTime = 0 s

Time = 0.19

DICPCG:  Solving for T, Initial residual = 0.00271549, Final residual = 4.71577e-07, No Iterations 5
DICPCG:  Solving for T, Initial residual = 4.85264e-05, Final residual = 6.05191e-07, No Iterations 2
DICPCG:  Solving for T, Initial residual = 3.40636e-06, Final residual = 3.212e-07, No Iterations 1
ExecutionTime = 0.32 s  ClockTime = 0 s

Time = 0.195

DICPCG:  Solving for T, Initial residual = 0.00264709, Final residual = 4.57883e-07, No Iterations 5
DICPCG:  Solving for T, Initial residual = 4.67947e-05, Final residual = 5.85909e-07, No Iterations 2
DICPCG:  Solving for T, Initial residual = 3.28694e-06, Final residual = 3.10028e-07, No Iterations 1
ExecutionTime = 0.33 s  ClockTime = 0 s

Time = 0.2

DICPCG:  Solving for T, Initial residual = 0.00258146, Final residual = 4.44798e-07, No Iterations 5
DICPCG:  Solving for T, Initial residual = 4.51533e-05, Final residual = 5.67337e-07, No Iterations 2
DICPCG:  Solving for T, Initial residual = 3.17324e-06, Final residual = 2.99328e-07, No Iterations 1
ExecutionTime = 0.39 s  ClockTime = 0 s

Time = 0.205

DICPCG:  Solving for T, Initial residual = 0.00251842, Final residual = 4.32307e-07, No Iterations 5
DICPCG:  Solving for T, Initial residual = 4.35866e-05, Final residual = 5.49469e-07, No Iterations 2
DICPCG:  Solving for T, Initial residual = 3.06505e-06, Final residual = 2.89047e-07, No Iterations 1
ExecutionTime = 0.4 s  ClockTime = 0 s

Time = 0.21

DICPCG:  Solving for T, Initial residual = 0.00245777, Final residual = 4.20362e-07, No Iterations 5
DICPCG:  Solving for T, Initial residual = 4.20898e-05, Final residual = 5.3236e-07, No Iterations 2
DICPCG:  Solving for T, Initial residual = 2.96204e-06, Final residual = 2.79181e-07, No Iterations 1
ExecutionTime = 0.4 s  ClockTime = 0 s

Time = 0.215

DICPCG:  Solving for T, Initial residual = 0.00239938, Final residual = 4.08946e-07, No Iterations 5
DICPCG:  Solving for T, Initial residual = 4.06617e-05, Final residual = 5.15889e-07, No Iterations 2
DICPCG:  Solving for T, Initial residual = 2.86377e-06, Final residual = 2.69731e-07, No Iterations 1
ExecutionTime = 0.41 s  ClockTime = 0 s

Time = 0.22

DICPCG:  Solving for T, Initial residual = 0.0023431, Final residual = 3.98008e-07, No Iterations 5
DICPCG:  Solving for T, Initial residual = 3.92985e-05, Final residual = 5.00001e-07, No Iterations 2
DICPCG:  Solving for T, Initial residual = 2.77014e-06, Final residual = 2.60678e-07, No Iterations 1
ExecutionTime = 0.41 s  ClockTime = 0 s

Time = 0.225

DICPCG:  Solving for T, Initial residual = 0.00228879, Final residual = 3.87513e-07, No Iterations 5
DICPCG:  Solving for T, Initial residual = 3.80007e-05, Final residual = 4.84701e-07, No Iterations 2
DICPCG:  Solving for T, Initial residual = 2.68087e-06, Final residual = 2.51987e-07, No Iterations 1
ExecutionTime = 0.42 s  ClockTime = 0 s

Time = 0.23

DICPCG:  Solving for T, Initial residual = 0.00223636, Final residual = 3.77452e-07, No Iterations 5
DICPCG:  Solving for T, Initial residual = 3.67593e-05, Final residual = 4.69972e-07, No Iterations 2
DICPCG:  Solving for T, Initial residual = 2.59524e-06, Final residual = 2.43621e-07, No Iterations 1
ExecutionTime = 0.42 s  ClockTime = 0 s

Time = 0.235

DICPCG:  Solving for T, Initial residual = 0.00218569, Final residual = 3.67793e-07, No Iterations 5
DICPCG:  Solving for T, Initial residual = 3.55697e-05, Final residual = 4.55804e-07, No Iterations 2
DICPCG:  Solving for T, Initial residual = 2.51311e-06, Final residual = 2.35579e-07, No Iterations 1
ExecutionTime = 0.43 s  ClockTime = 0 s

Time = 0.24

DICPCG:  Solving for T, Initial residual = 0.00213668, Final residual = 3.58508e-07, No Iterations 5
DICPCG:  Solving for T, Initial residual = 3.44308e-05, Final residual = 4.42174e-07, No Iterations 2
DICPCG:  Solving for T, Initial residual = 2.43442e-06, Final residual = 2.27857e-07, No Iterations 1
ExecutionTime = 0.43 s  ClockTime = 0 s

Time = 0.245

DICPCG:  Solving for T, Initial residual = 0.00208924, Final residual = 3.49579e-07, No Iterations 5
DICPCG:  Solving for T, Initial residual = 3.33372e-05, Final residual = 4.2898e-07, No Iterations 2
DICPCG:  Solving for T, Initial residual = 2.35873e-06, Final residual = 2.2045e-07, No Iterations 1
ExecutionTime = 0.44 s  ClockTime = 0 s

Time = 0.25

DICPCG:  Solving for T, Initial residual = 0.00204329, Final residual = 3.4099e-07, No Iterations 5
DICPCG:  Solving for T, Initial residual = 3.22892e-05, Final residual = 4.16276e-07, No Iterations 2
DICPCG:  Solving for T, Initial residual = 2.28578e-06, Final residual = 2.13337e-07, No Iterations 1
ExecutionTime = 0.45 s  ClockTime = 0 s

Time = 0.255

DICPCG:  Solving for T, Initial residual = 0.00199877, Final residual = 3.32725e-07, No Iterations 5
DICPCG:  Solving for T, Initial residual = 3.12832e-05, Final residual = 4.0402e-07, No Iterations 2
DICPCG:  Solving for T, Initial residual = 2.21563e-06, Final residual = 2.06493e-07, No Iterations 1
ExecutionTime = 0.45 s  ClockTime = 0 s

Time = 0.26

DICPCG:  Solving for T, Initial residual = 0.00195562, Final residual = 3.2477e-07, No Iterations 5
DICPCG:  Solving for T, Initial residual = 3.03154e-05, Final residual = 3.92156e-07, No Iterations 2
DICPCG:  Solving for T, Initial residual = 2.14798e-06, Final residual = 1.99909e-07, No Iterations 1
ExecutionTime = 0.46 s  ClockTime = 0 s

Time = 0.265

DICPCG:  Solving for T, Initial residual = 0.00191375, Final residual = 3.17112e-07, No Iterations 5
DICPCG:  Solving for T, Initial residual = 2.93849e-05, Final residual = 3.80683e-07, No Iterations 2
DICPCG:  Solving for T, Initial residual = 2.08271e-06, Final residual = 1.93565e-07, No Iterations 1
ExecutionTime = 0.46 s  ClockTime = 0 s

Time = 0.27

DICPCG:  Solving for T, Initial residual = 0.00187312, Final residual = 3.09729e-07, No Iterations 5
DICPCG:  Solving for T, Initial residual = 2.84915e-05, Final residual = 3.6956e-07, No Iterations 2
DICPCG:  Solving for T, Initial residual = 2.01981e-06, Final residual = 1.87451e-07, No Iterations 1
ExecutionTime = 0.47 s  ClockTime = 0 s

Time = 0.275

DICPCG:  Solving for T, Initial residual = 0.00183368, Final residual = 3.02619e-07, No Iterations 5
DICPCG:  Solving for T, Initial residual = 2.76313e-05, Final residual = 3.58783e-07, No Iterations 2
DICPCG:  Solving for T, Initial residual = 1.95906e-06, Final residual = 1.81557e-07, No Iterations 1
ExecutionTime = 0.47 s  ClockTime = 0 s

Time = 0.28

DICPCG:  Solving for T, Initial residual = 0.00179536, Final residual = 2.95775e-07, No Iterations 5
DICPCG:  Solving for T, Initial residual = 2.68023e-05, Final residual = 3.48334e-07, No Iterations 2
DICPCG:  Solving for T, Initial residual = 1.90039e-06, Final residual = 1.75884e-07, No Iterations 1
ExecutionTime = 0.48 s  ClockTime = 0 s

Time = 0.285

DICPCG:  Solving for T, Initial residual = 0.00175813, Final residual = 2.89176e-07, No Iterations 5
DICPCG:  Solving for T, Initial residual = 2.60025e-05, Final residual = 3.38199e-07, No Iterations 2
DICPCG:  Solving for T, Initial residual = 1.84368e-06, Final residual = 1.70421e-07, No Iterations 1
ExecutionTime = 0.49 s  ClockTime = 0 s

Time = 0.29

DICPCG:  Solving for T, Initial residual = 0.00172195, Final residual = 2.82809e-07, No Iterations 5
DICPCG:  Solving for T, Initial residual = 2.52313e-05, Final residual = 3.28393e-07, No Iterations 2
DICPCG:  Solving for T, Initial residual = 1.78888e-06, Final residual = 1.65156e-07, No Iterations 1
ExecutionTime = 0.49 s  ClockTime = 0 s

Time = 0.295

DICPCG:  Solving for T, Initial residual = 0.00168678, Final residual = 2.76666e-07, No Iterations 5
DICPCG:  Solving for T, Initial residual = 2.4488e-05, Final residual = 3.18887e-07, No Iterations 2
DICPCG:  Solving for T, Initial residual = 1.73594e-06, Final residual = 1.60081e-07, No Iterations 1
ExecutionTime = 0.5 s  ClockTime = 0 s

Time = 0.3

DICPCG:  Solving for T, Initial residual = 0.00165257, Final residual = 2.70733e-07, No Iterations 5
DICPCG:  Solving for T, Initial residual = 2.37697e-05, Final residual = 3.09663e-07, No Iterations 2
DICPCG:  Solving for T, Initial residual = 1.68484e-06, Final residual = 1.55199e-07, No Iterations 1
ExecutionTime = 0.54 s  ClockTime = 1 s

Time = 0.305

DICPCG:  Solving for T, Initial residual = 0.00161929, Final residual = 2.65003e-07, No Iterations 5
DICPCG:  Solving for T, Initial residual = 2.30775e-05, Final residual = 3.00719e-07, No Iterations 2
DICPCG:  Solving for T, Initial residual = 1.6354e-06, Final residual = 1.50497e-07, No Iterations 1
ExecutionTime = 0.55 s  ClockTime = 1 s

Time = 0.31

DICPCG:  Solving for T, Initial residual = 0.0015869, Final residual = 2.59469e-07, No Iterations 5
DICPCG:  Solving for T, Initial residual = 2.24098e-05, Final residual = 2.92042e-07, No Iterations 2
DICPCG:  Solving for T, Initial residual = 1.58758e-06, Final residual = 1.45959e-07, No Iterations 1
ExecutionTime = 0.55 s  ClockTime = 1 s

Time = 0.315

DICPCG:  Solving for T, Initial residual = 0.00155537, Final residual = 2.54123e-07, No Iterations 5
DICPCG:  Solving for T, Initial residual = 2.17644e-05, Final residual = 2.83628e-07, No Iterations 2
DICPCG:  Solving for T, Initial residual = 1.54135e-06, Final residual = 1.41577e-07, No Iterations 1
ExecutionTime = 0.56 s  ClockTime = 1 s

Time = 0.32

DICPCG:  Solving for T, Initial residual = 0.00152467, Final residual = 2.4896e-07, No Iterations 5
DICPCG:  Solving for T, Initial residual = 2.11399e-05, Final residual = 2.75464e-07, No Iterations 2
DICPCG:  Solving for T, Initial residual = 1.49666e-06, Final residual = 1.37341e-07, No Iterations 1
ExecutionTime = 0.56 s  ClockTime = 1 s

Time = 0.325

DICPCG:  Solving for T, Initial residual = 0.00149477, Final residual = 2.43964e-07, No Iterations 5
DICPCG:  Solving for T, Initial residual = 2.05365e-05, Final residual = 2.67549e-07, No Iterations 2
DICPCG:  Solving for T, Initial residual = 1.4535e-06, Final residual = 1.33257e-07, No Iterations 1
ExecutionTime = 0.57 s  ClockTime = 1 s

Time = 0.33

DICPCG:  Solving for T, Initial residual = 0.00146564, Final residual = 2.39132e-07, No Iterations 5
DICPCG:  Solving for T, Initial residual = 1.99525e-05, Final residual = 2.59877e-07, No Iterations 2
DICPCG:  Solving for T, Initial residual = 1.41172e-06, Final residual = 1.29312e-07, No Iterations 1
ExecutionTime = 0.58 s  ClockTime = 1 s

Time = 0.335

DICPCG:  Solving for T, Initial residual = 0.00143725, Final residual = 9.88386e-07, No Iterations 4
DICPCG:  Solving for T, Initial residual = 1.94199e-05, Final residual = 2.50381e-07, No Iterations 2
DICPCG:  Solving for T, Initial residual = 1.38579e-06, Final residual = 1.27564e-07, No Iterations 1
ExecutionTime = 0.58 s  ClockTime = 1 s

Time = 0.34

DICPCG:  Solving for T, Initial residual = 0.00140958, Final residual = 9.70107e-07, No Iterations 4
DICPCG:  Solving for T, Initial residual = 1.88769e-05, Final residual = 2.43562e-07, No Iterations 2
DICPCG:  Solving for T, Initial residual = 1.34675e-06, Final residual = 1.23913e-07, No Iterations 1
ExecutionTime = 0.59 s  ClockTime = 1 s

Time = 0.345

DICPCG:  Solving for T, Initial residual = 0.0013826, Final residual = 9.5227e-07, No Iterations 4
DICPCG:  Solving for T, Initial residual = 1.83511e-05, Final residual = 2.36964e-07, No Iterations 2
DICPCG:  Solving for T, Initial residual = 1.30904e-06, Final residual = 1.20392e-07, No Iterations 1
ExecutionTime = 0.59 s  ClockTime = 1 s

Time = 0.35

DICPCG:  Solving for T, Initial residual = 0.0013563, Final residual = 9.34932e-07, No Iterations 4
DICPCG:  Solving for T, Initial residual = 1.78426e-05, Final residual = 2.30573e-07, No Iterations 2
DICPCG:  Solving for T, Initial residual = 1.27256e-06, Final residual = 1.17001e-07, No Iterations 1
ExecutionTime = 0.6 s  ClockTime = 1 s

Time = 0.355

DICPCG:  Solving for T, Initial residual = 0.00133065, Final residual = 9.18082e-07, No Iterations 4
DICPCG:  Solving for T, Initial residual = 1.73505e-05, Final residual = 2.24379e-07, No Iterations 2
DICPCG:  Solving for T, Initial residual = 1.23725e-06, Final residual = 1.13722e-07, No Iterations 1
ExecutionTime = 0.6 s  ClockTime = 1 s

Time = 0.36

DICPCG:  Solving for T, Initial residual = 0.00130563, Final residual = 9.0171e-07, No Iterations 4
DICPCG:  Solving for T, Initial residual = 1.68741e-05, Final residual = 2.1837e-07, No Iterations 2
DICPCG:  Solving for T, Initial residual = 1.20316e-06, Final residual = 1.10553e-07, No Iterations 1
ExecutionTime = 0.61 s  ClockTime = 1 s

Time = 0.365

DICPCG:  Solving for T, Initial residual = 0.00128123, Final residual = 8.85795e-07, No Iterations 4
DICPCG:  Solving for T, Initial residual = 1.6413e-05, Final residual = 2.12545e-07, No Iterations 2
DICPCG:  Solving for T, Initial residual = 1.17016e-06, Final residual = 1.0749e-07, No Iterations 1
ExecutionTime = 0.62 s  ClockTime = 1 s

Time = 0.37

DICPCG:  Solving for T, Initial residual = 0.00125742, Final residual = 8.7033e-07, No Iterations 4
DICPCG:  Solving for T, Initial residual = 1.59665e-05, Final residual = 2.06901e-07, No Iterations 2
DICPCG:  Solving for T, Initial residual = 1.13821e-06, Final residual = 1.04532e-07, No Iterations 1
ExecutionTime = 0.62 s  ClockTime = 1 s

Time = 0.375

DICPCG:  Solving for T, Initial residual = 0.00123418, Final residual = 8.55322e-07, No Iterations 4
DICPCG:  Solving for T, Initial residual = 1.55343e-05, Final residual = 2.01436e-07, No Iterations 2
DICPCG:  Solving for T, Initial residual = 1.10724e-06, Final residual = 1.01676e-07, No Iterations 1
ExecutionTime = 0.63 s  ClockTime = 1 s

Time = 0.38

DICPCG:  Solving for T, Initial residual = 0.00121151, Final residual = 8.40765e-07, No Iterations 4
DICPCG:  Solving for T, Initial residual = 1.51158e-05, Final residual = 1.96136e-07, No Iterations 2
DICPCG:  Solving for T, Initial residual = 1.07724e-06, Final residual = 9.89158e-08, No Iterations 1
ExecutionTime = 0.63 s  ClockTime = 1 s

Time = 0.385

DICPCG:  Solving for T, Initial residual = 0.00118937, Final residual = 8.26646e-07, No Iterations 4
DICPCG:  Solving for T, Initial residual = 1.47105e-05, Final residual = 1.9099e-07, No Iterations 2
DICPCG:  Solving for T, Initial residual = 1.04819e-06, Final residual = 9.62443e-08, No Iterations 1
ExecutionTime = 0.63 s  ClockTime = 1 s

Time = 0.39

DICPCG:  Solving for T, Initial residual = 0.00116777, Final residual = 8.12924e-07, No Iterations 4
DICPCG:  Solving for T, Initial residual = 1.4318e-05, Final residual = 1.86009e-07, No Iterations 2
DICPCG:  Solving for T, Initial residual = 1.02005e-06, Final residual = 9.36654e-08, No Iterations 1
ExecutionTime = 0.64 s  ClockTime = 1 s

Time = 0.395

DICPCG:  Solving for T, Initial residual = 0.00114667, Final residual = 7.99591e-07, No Iterations 4
DICPCG:  Solving for T, Initial residual = 1.39377e-05, Final residual = 1.81182e-07, No Iterations 2
DICPCG:  Solving for T, Initial residual = 9.92771e-07, Final residual = 9.92771e-07, No Iterations 0
ExecutionTime = 0.65 s  ClockTime = 1 s

Time = 0.4

DICPCG:  Solving for T, Initial residual = 0.00112605, Final residual = 7.87944e-07, No Iterations 4
DICPCG:  Solving for T, Initial residual = 1.35824e-05, Final residual = 1.76751e-07, No Iterations 2
DICPCG:  Solving for T, Initial residual = 9.69108e-07, Final residual = 9.69108e-07, No Iterations 0
ExecutionTime = 0.69 s  ClockTime = 1 s

Time = 0.405

DICPCG:  Solving for T, Initial residual = 0.00110592, Final residual = 7.75357e-07, No Iterations 4
DICPCG:  Solving for T, Initial residual = 1.32306e-05, Final residual = 1.72289e-07, No Iterations 2
DICPCG:  Solving for T, Initial residual = 9.44361e-07, Final residual = 9.44361e-07, No Iterations 0
ExecutionTime = 0.69 s  ClockTime = 1 s

Time = 0.41

DICPCG:  Solving for T, Initial residual = 0.00108626, Final residual = 7.63012e-07, No Iterations 4
DICPCG:  Solving for T, Initial residual = 1.28872e-05, Final residual = 1.67915e-07, No Iterations 2
DICPCG:  Solving for T, Initial residual = 9.19794e-07, Final residual = 9.19794e-07, No Iterations 0
ExecutionTime = 0.7 s  ClockTime = 1 s

Time = 0.415

DICPCG:  Solving for T, Initial residual = 0.00106706, Final residual = 7.51026e-07, No Iterations 4
DICPCG:  Solving for T, Initial residual = 1.25536e-05, Final residual = 1.63662e-07, No Iterations 2
DICPCG:  Solving for T, Initial residual = 8.95761e-07, Final residual = 8.95761e-07, No Iterations 0
ExecutionTime = 0.7 s  ClockTime = 1 s

Time = 0.42

DICPCG:  Solving for T, Initial residual = 0.0010483, Final residual = 7.39379e-07, No Iterations 4
DICPCG:  Solving for T, Initial residual = 1.22301e-05, Final residual = 1.59528e-07, No Iterations 2
DICPCG:  Solving for T, Initial residual = 8.72396e-07, Final residual = 8.72396e-07, No Iterations 0
ExecutionTime = 0.7 s  ClockTime = 1 s

Time = 0.425

DICPCG:  Solving for T, Initial residual = 0.00102998, Final residual = 7.28053e-07, No Iterations 4
DICPCG:  Solving for T, Initial residual = 1.19165e-05, Final residual = 1.55507e-07, No Iterations 2
DICPCG:  Solving for T, Initial residual = 8.49705e-07, Final residual = 8.49705e-07, No Iterations 0
ExecutionTime = 0.71 s  ClockTime = 1 s

Time = 0.43

DICPCG:  Solving for T, Initial residual = 0.00101207, Final residual = 7.17041e-07, No Iterations 4
DICPCG:  Solving for T, Initial residual = 1.16121e-05, Final residual = 1.51599e-07, No Iterations 2
DICPCG:  Solving for T, Initial residual = 8.27673e-07, Final residual = 8.27673e-07, No Iterations 0
ExecutionTime = 0.71 s  ClockTime = 1 s

Time = 0.435

DICPCG:  Solving for T, Initial residual = 0.000994567, Final residual = 7.06337e-07, No Iterations 4
DICPCG:  Solving for T, Initial residual = 1.13169e-05, Final residual = 1.47803e-07, No Iterations 2
DICPCG:  Solving for T, Initial residual = 8.06285e-07, Final residual = 8.06285e-07, No Iterations 0
ExecutionTime = 0.73 s  ClockTime = 1 s

Time = 0.44

DICPCG:  Solving for T, Initial residual = 0.00097746, Final residual = 6.9593e-07, No Iterations 4
DICPCG:  Solving for T, Initial residual = 1.10308e-05, Final residual = 9.78454e-07, No Iterations 1
DICPCG:  Solving for T, Initial residual = 1.26317e-06, Final residual = 1.66654e-07, No Iterations 1
ExecutionTime = 0.73 s  ClockTime = 1 s

Time = 0.445

DICPCG:  Solving for T, Initial residual = 0.000960751, Final residual = 6.85848e-07, No Iterations 4
DICPCG:  Solving for T, Initial residual = 1.07409e-05, Final residual = 9.5176e-07, No Iterations 1
DICPCG:  Solving for T, Initial residual = 1.22763e-06, Final residual = 1.6246e-07, No Iterations 1
ExecutionTime = 0.74 s  ClockTime = 1 s

Time = 0.45

DICPCG:  Solving for T, Initial residual = 0.000944411, Final residual = 6.76103e-07, No Iterations 4
DICPCG:  Solving for T, Initial residual = 1.04677e-05, Final residual = 9.26724e-07, No Iterations 1
DICPCG:  Solving for T, Initial residual = 1.19536e-06, Final residual = 1.58318e-07, No Iterations 1
ExecutionTime = 0.74 s  ClockTime = 1 s

Time = 0.455

DICPCG:  Solving for T, Initial residual = 0.000928431, Final residual = 6.66635e-07, No Iterations 4
DICPCG:  Solving for T, Initial residual = 1.02049e-05, Final residual = 9.02762e-07, No Iterations 1
DICPCG:  Solving for T, Initial residual = 1.16458e-06, Final residual = 1.54311e-07, No Iterations 1
ExecutionTime = 0.74 s  ClockTime = 1 s

Time = 0.46

DICPCG:  Solving for T, Initial residual = 0.000912805, Final residual = 6.57439e-07, No Iterations 4
DICPCG:  Solving for T, Initial residual = 9.9512e-06, Final residual = 8.79677e-07, No Iterations 1
DICPCG:  Solving for T, Initial residual = 1.13494e-06, Final residual = 1.50424e-07, No Iterations 1
ExecutionTime = 0.75 s  ClockTime = 1 s

Time = 0.465

DICPCG:  Solving for T, Initial residual = 0.000897524, Final residual = 6.48499e-07, No Iterations 4
DICPCG:  Solving for T, Initial residual = 9.70544e-06, Final residual = 8.57389e-07, No Iterations 1
DICPCG:  Solving for T, Initial residual = 1.1063e-06, Final residual = 1.46654e-07, No Iterations 1
ExecutionTime = 0.75 s  ClockTime = 1 s

Time = 0.47

DICPCG:  Solving for T, Initial residual = 0.000882578, Final residual = 6.39805e-07, No Iterations 4
DICPCG:  Solving for T, Initial residual = 9.46717e-06, Final residual = 8.35813e-07, No Iterations 1
DICPCG:  Solving for T, Initial residual = 1.07859e-06, Final residual = 1.42999e-07, No Iterations 1
ExecutionTime = 0.76 s  ClockTime = 1 s

Time = 0.475

DICPCG:  Solving for T, Initial residual = 0.000867959, Final residual = 6.31353e-07, No Iterations 4
DICPCG:  Solving for T, Initial residual = 9.23605e-06, Final residual = 8.14892e-07, No Iterations 1
DICPCG:  Solving for T, Initial residual = 1.05174e-06, Final residual = 1.39452e-07, No Iterations 1
ExecutionTime = 0.76 s  ClockTime = 1 s

Time = 0.48

DICPCG:  Solving for T, Initial residual = 0.00085366, Final residual = 6.23158e-07, No Iterations 4
DICPCG:  Solving for T, Initial residual = 9.01163e-06, Final residual = 7.94645e-07, No Iterations 1
DICPCG:  Solving for T, Initial residual = 1.02574e-06, Final residual = 1.36008e-07, No Iterations 1
ExecutionTime = 0.76 s  ClockTime = 1 s

Time = 0.485

DICPCG:  Solving for T, Initial residual = 0.000839672, Final residual = 6.1519e-07, No Iterations 4
DICPCG:  Solving for T, Initial residual = 8.79391e-06, Final residual = 7.7502e-07, No Iterations 1
DICPCG:  Solving for T, Initial residual = 1.00053e-06, Final residual = 1.32664e-07, No Iterations 1
ExecutionTime = 0.77 s  ClockTime = 1 s

Time = 0.49

DICPCG:  Solving for T, Initial residual = 0.000825986, Final residual = 6.07461e-07, No Iterations 4
DICPCG:  Solving for T, Initial residual = 8.58279e-06, Final residual = 7.56027e-07, No Iterations 1
DICPCG:  Solving for T, Initial residual = 9.76096e-07, Final residual = 9.76096e-07, No Iterations 0
ExecutionTime = 0.77 s  ClockTime = 1 s

Time = 0.495

DICPCG:  Solving for T, Initial residual = 0.000812588, Final residual = 5.99082e-07, No Iterations 4
DICPCG:  Solving for T, Initial residual = 8.38697e-06, Final residual = 7.37966e-07, No Iterations 1
DICPCG:  Solving for T, Initial residual = 9.54518e-07, Final residual = 9.54518e-07, No Iterations 0
ExecutionTime = 0.79 s  ClockTime = 1 s

Time = 0.5

DICPCG:  Solving for T, Initial residual = 0.000799482, Final residual = 5.91655e-07, No Iterations 4
DICPCG:  Solving for T, Initial residual = 8.19078e-06, Final residual = 7.20311e-07, No Iterations 1
DICPCG:  Solving for T, Initial residual = 9.32307e-07, Final residual = 9.32307e-07, No Iterations 0
ExecutionTime = 0.83 s  ClockTime = 1 s

Time = 0.505

DICPCG:  Solving for T, Initial residual = 0.000786658, Final residual = 5.84586e-07, No Iterations 4
DICPCG:  Solving for T, Initial residual = 7.99883e-06, Final residual = 7.03127e-07, No Iterations 1
DICPCG:  Solving for T, Initial residual = 9.10351e-07, Final residual = 9.10351e-07, No Iterations 0
ExecutionTime = 0.83 s  ClockTime = 1 s

Time = 0.51

DICPCG:  Solving for T, Initial residual = 0.000774109, Final residual = 5.77733e-07, No Iterations 4
DICPCG:  Solving for T, Initial residual = 7.81159e-06, Final residual = 6.86465e-07, No Iterations 1
DICPCG:  Solving for T, Initial residual = 8.88928e-07, Final residual = 8.88928e-07, No Iterations 0
ExecutionTime = 0.84 s  ClockTime = 1 s

Time = 0.515

DICPCG:  Solving for T, Initial residual = 0.000761826, Final residual = 5.71082e-07, No Iterations 4
DICPCG:  Solving for T, Initial residual = 7.62945e-06, Final residual = 6.70334e-07, No Iterations 1
DICPCG:  Solving for T, Initial residual = 8.68055e-07, Final residual = 8.68055e-07, No Iterations 0
ExecutionTime = 0.84 s  ClockTime = 1 s

Time = 0.52

DICPCG:  Solving for T, Initial residual = 0.000749803, Final residual = 5.64619e-07, No Iterations 4
DICPCG:  Solving for T, Initial residual = 7.45259e-06, Final residual = 6.54678e-07, No Iterations 1
DICPCG:  Solving for T, Initial residual = 8.47787e-07, Final residual = 8.47787e-07, No Iterations 0
ExecutionTime = 0.84 s  ClockTime = 1 s

Time = 0.525

DICPCG:  Solving for T, Initial residual = 0.000738035, Final residual = 5.58338e-07, No Iterations 4
DICPCG:  Solving for T, Initial residual = 7.28126e-06, Final residual = 6.39493e-07, No Iterations 1
DICPCG:  Solving for T, Initial residual = 8.28114e-07, Final residual = 8.28114e-07, No Iterations 0
ExecutionTime = 0.85 s  ClockTime = 1 s

Time = 0.53

DICPCG:  Solving for T, Initial residual = 0.000726514, Final residual = 5.522e-07, No Iterations 4
DICPCG:  Solving for T, Initial residual = 7.11522e-06, Final residual = 6.24795e-07, No Iterations 1
DICPCG:  Solving for T, Initial residual = 8.09023e-07, Final residual = 8.09023e-07, No Iterations 0
ExecutionTime = 0.85 s  ClockTime = 1 s

Time = 0.535

DICPCG:  Solving for T, Initial residual = 0.000715234, Final residual = 5.46202e-07, No Iterations 4
DICPCG:  Solving for T, Initial residual = 6.95387e-06, Final residual = 6.10548e-07, No Iterations 1
DICPCG:  Solving for T, Initial residual = 7.90504e-07, Final residual = 7.90504e-07, No Iterations 0
ExecutionTime = 0.85 s  ClockTime = 1 s

Time = 0.54

DICPCG:  Solving for T, Initial residual = 0.00070419, Final residual = 5.40346e-07, No Iterations 4
DICPCG:  Solving for T, Initial residual = 6.79709e-06, Final residual = 5.96727e-07, No Iterations 1
DICPCG:  Solving for T, Initial residual = 7.72563e-07, Final residual = 7.72563e-07, No Iterations 0
ExecutionTime = 0.86 s  ClockTime = 1 s

Time = 0.545

DICPCG:  Solving for T, Initial residual = 0.000693375, Final residual = 5.3466e-07, No Iterations 4
DICPCG:  Solving for T, Initial residual = 6.64463e-06, Final residual = 5.83321e-07, No Iterations 1
DICPCG:  Solving for T, Initial residual = 7.55152e-07, Final residual = 7.55152e-07, No Iterations 0
ExecutionTime = 0.86 s  ClockTime = 1 s

Time = 0.55

DICPCG:  Solving for T, Initial residual = 0.000682785, Final residual = 5.29114e-07, No Iterations 4
DICPCG:  Solving for T, Initial residual = 6.49636e-06, Final residual = 5.7031e-07, No Iterations 1
DICPCG:  Solving for T, Initial residual = 7.38261e-07, Final residual = 7.38261e-07, No Iterations 0
ExecutionTime = 0.86 s  ClockTime = 1 s

Time = 0.555

DICPCG:  Solving for T, Initial residual = 0.000672413, Final residual = 5.23771e-07, No Iterations 4
DICPCG:  Solving for T, Initial residual = 6.35239e-06, Final residual = 5.57688e-07, No Iterations 1
DICPCG:  Solving for T, Initial residual = 7.21884e-07, Final residual = 7.21884e-07, No Iterations 0
ExecutionTime = 0.87 s  ClockTime = 1 s

Time = 0.56

DICPCG:  Solving for T, Initial residual = 0.000662254, Final residual = 5.18582e-07, No Iterations 4
DICPCG:  Solving for T, Initial residual = 6.21327e-06, Final residual = 5.45474e-07, No Iterations 1
DICPCG:  Solving for T, Initial residual = 7.05996e-07, Final residual = 7.05996e-07, No Iterations 0
ExecutionTime = 0.87 s  ClockTime = 1 s

Time = 0.565

DICPCG:  Solving for T, Initial residual = 0.000652304, Final residual = 5.13522e-07, No Iterations 4
DICPCG:  Solving for T, Initial residual = 6.07801e-06, Final residual = 5.33655e-07, No Iterations 1
DICPCG:  Solving for T, Initial residual = 6.90618e-07, Final residual = 6.90618e-07, No Iterations 0
ExecutionTime = 0.88 s  ClockTime = 1 s

Time = 0.57

DICPCG:  Solving for T, Initial residual = 0.000642556, Final residual = 5.0857e-07, No Iterations 4
DICPCG:  Solving for T, Initial residual = 5.94652e-06, Final residual = 5.22223e-07, No Iterations 1
DICPCG:  Solving for T, Initial residual = 6.75752e-07, Final residual = 6.75752e-07, No Iterations 0
ExecutionTime = 0.88 s  ClockTime = 1 s

Time = 0.575

DICPCG:  Solving for T, Initial residual = 0.000633007, Final residual = 5.03736e-07, No Iterations 4
DICPCG:  Solving for T, Initial residual = 5.81868e-06, Final residual = 5.11149e-07, No Iterations 1
DICPCG:  Solving for T, Initial residual = 6.61318e-07, Final residual = 6.61318e-07, No Iterations 0
ExecutionTime = 0.89 s  ClockTime = 1 s

Time = 0.58

DICPCG:  Solving for T, Initial residual = 0.000623651, Final residual = 4.9903e-07, No Iterations 4
DICPCG:  Solving for T, Initial residual = 5.69447e-06, Final residual = 5.00428e-07, No Iterations 1
DICPCG:  Solving for T, Initial residual = 6.47334e-07, Final residual = 6.47334e-07, No Iterations 0
ExecutionTime = 0.9 s  ClockTime = 1 s

Time = 0.585

DICPCG:  Solving for T, Initial residual = 0.000614484, Final residual = 4.94431e-07, No Iterations 4
DICPCG:  Solving for T, Initial residual = 5.5737e-06, Final residual = 4.90039e-07, No Iterations 1
DICPCG:  Solving for T, Initial residual = 6.33779e-07, Final residual = 6.33779e-07, No Iterations 0
ExecutionTime = 0.9 s  ClockTime = 1 s

Time = 0.59

DICPCG:  Solving for T, Initial residual = 0.000605502, Final residual = 4.89961e-07, No Iterations 4
DICPCG:  Solving for T, Initial residual = 5.45627e-06, Final residual = 4.79941e-07, No Iterations 1
DICPCG:  Solving for T, Initial residual = 6.20623e-07, Final residual = 6.20623e-07, No Iterations 0
ExecutionTime = 0.9 s  ClockTime = 1 s

Time = 0.595

DICPCG:  Solving for T, Initial residual = 0.0005967, Final residual = 4.85609e-07, No Iterations 4
DICPCG:  Solving for T, Initial residual = 5.34227e-06, Final residual = 4.70148e-07, No Iterations 1
DICPCG:  Solving for T, Initial residual = 6.0789e-07, Final residual = 6.0789e-07, No Iterations 0
ExecutionTime = 0.9 s  ClockTime = 1 s

Time = 0.6

DICPCG:  Solving for T, Initial residual = 0.000588074, Final residual = 4.81381e-07, No Iterations 4
DICPCG:  Solving for T, Initial residual = 5.23145e-06, Final residual = 4.60653e-07, No Iterations 1
DICPCG:  Solving for T, Initial residual = 5.95564e-07, Final residual = 5.95564e-07, No Iterations 0
ExecutionTime = 0.95 s  ClockTime = 1 s

Time = 0.605

DICPCG:  Solving for T, Initial residual = 0.00057962, Final residual = 4.7725e-07, No Iterations 4
DICPCG:  Solving for T, Initial residual = 5.12358e-06, Final residual = 4.51421e-07, No Iterations 1
DICPCG:  Solving for T, Initial residual = 5.83598e-07, Final residual = 5.83598e-07, No Iterations 0
ExecutionTime = 0.95 s  ClockTime = 1 s

Time = 0.61

DICPCG:  Solving for T, Initial residual = 0.000571334, Final residual = 4.73178e-07, No Iterations 4
DICPCG:  Solving for T, Initial residual = 5.01868e-06, Final residual = 4.42477e-07, No Iterations 1
DICPCG:  Solving for T, Initial residual = 5.71952e-07, Final residual = 5.71952e-07, No Iterations 0
ExecutionTime = 0.96 s  ClockTime = 1 s

Time = 0.615

DICPCG:  Solving for T, Initial residual = 0.000563211, Final residual = 4.69187e-07, No Iterations 4
DICPCG:  Solving for T, Initial residual = 4.91675e-06, Final residual = 4.33813e-07, No Iterations 1
DICPCG:  Solving for T, Initial residual = 5.6061e-07, Final residual = 5.6061e-07, No Iterations 0
ExecutionTime = 0.96 s  ClockTime = 1 s

Time = 0.62

DICPCG:  Solving for T, Initial residual = 0.000555249, Final residual = 4.65295e-07, No Iterations 4
DICPCG:  Solving for T, Initial residual = 4.81759e-06, Final residual = 4.25399e-07, No Iterations 1
DICPCG:  Solving for T, Initial residual = 5.49565e-07, Final residual = 5.49565e-07, No Iterations 0
ExecutionTime = 0.97 s  ClockTime = 1 s

Time = 0.625

DICPCG:  Solving for T, Initial residual = 0.000547444, Final residual = 4.61468e-07, No Iterations 4
DICPCG:  Solving for T, Initial residual = 4.72114e-06, Final residual = 4.1724e-07, No Iterations 1
DICPCG:  Solving for T, Initial residual = 5.38814e-07, Final residual = 5.38814e-07, No Iterations 0
ExecutionTime = 0.97 s  ClockTime = 1 s

Time = 0.63

DICPCG:  Solving for T, Initial residual = 0.000539791, Final residual = 4.57679e-07, No Iterations 4
DICPCG:  Solving for T, Initial residual = 4.62723e-06, Final residual = 4.09327e-07, No Iterations 1
DICPCG:  Solving for T, Initial residual = 5.28357e-07, Final residual = 5.28357e-07, No Iterations 0
ExecutionTime = 0.98 s  ClockTime = 1 s

Time = 0.635

DICPCG:  Solving for T, Initial residual = 0.000532288, Final residual = 4.53941e-07, No Iterations 4
DICPCG:  Solving for T, Initial residual = 4.53595e-06, Final residual = 4.01634e-07, No Iterations 1
DICPCG:  Solving for T, Initial residual = 5.18192e-07, Final residual = 5.18192e-07, No Iterations 0
ExecutionTime = 0.99 s  ClockTime = 1 s

Time = 0.64

DICPCG:  Solving for T, Initial residual = 0.00052493, Final residual = 4.5029e-07, No Iterations 4
DICPCG:  Solving for T, Initial residual = 4.44727e-06, Final residual = 3.94149e-07, No Iterations 1
DICPCG:  Solving for T, Initial residual = 5.08319e-07, Final residual = 5.08319e-07, No Iterations 0
ExecutionTime = 0.99 s  ClockTime = 1 s

Time = 0.645

DICPCG:  Solving for T, Initial residual = 0.000517715, Final residual = 4.46699e-07, No Iterations 4
DICPCG:  Solving for T, Initial residual = 4.36094e-06, Final residual = 3.86867e-07, No Iterations 1
DICPCG:  Solving for T, Initial residual = 4.98726e-07, Final residual = 4.98726e-07, No Iterations 0
ExecutionTime = 1 s  ClockTime = 1 s

Time = 0.65

DICPCG:  Solving for T, Initial residual = 0.000510639, Final residual = 4.43205e-07, No Iterations 4
DICPCG:  Solving for T, Initial residual = 4.27686e-06, Final residual = 3.79798e-07, No Iterations 1
DICPCG:  Solving for T, Initial residual = 4.89384e-07, Final residual = 4.89384e-07, No Iterations 0
ExecutionTime = 1 s  ClockTime = 1 s

Time = 0.655

DICPCG:  Solving for T, Initial residual = 0.000503699, Final residual = 4.39783e-07, No Iterations 4
DICPCG:  Solving for T, Initial residual = 4.19509e-06, Final residual = 3.72941e-07, No Iterations 1
DICPCG:  Solving for T, Initial residual = 4.80308e-07, Final residual = 4.80308e-07, No Iterations 0
ExecutionTime = 1.01 s  ClockTime = 1 s

Time = 0.66

DICPCG:  Solving for T, Initial residual = 0.000496893, Final residual = 4.36413e-07, No Iterations 4
DICPCG:  Solving for T, Initial residual = 4.1155e-06, Final residual = 3.66279e-07, No Iterations 1
DICPCG:  Solving for T, Initial residual = 4.71482e-07, Final residual = 4.71482e-07, No Iterations 0
ExecutionTime = 1.01 s  ClockTime = 1 s

Time = 0.665

DICPCG:  Solving for T, Initial residual = 0.000490216, Final residual = 4.33102e-07, No Iterations 4
DICPCG:  Solving for T, Initial residual = 4.03809e-06, Final residual = 3.59793e-07, No Iterations 1
DICPCG:  Solving for T, Initial residual = 4.62883e-07, Final residual = 4.62883e-07, No Iterations 0
ExecutionTime = 1.01 s  ClockTime = 1 s

Time = 0.67

DICPCG:  Solving for T, Initial residual = 0.000483666, Final residual = 4.29874e-07, No Iterations 4
DICPCG:  Solving for T, Initial residual = 3.96279e-06, Final residual = 3.53474e-07, No Iterations 1
DICPCG:  Solving for T, Initial residual = 4.54515e-07, Final residual = 4.54515e-07, No Iterations 0
ExecutionTime = 1.02 s  ClockTime = 1 s

Time = 0.675

DICPCG:  Solving for T, Initial residual = 0.000477241, Final residual = 4.26687e-07, No Iterations 4
DICPCG:  Solving for T, Initial residual = 3.88946e-06, Final residual = 3.47319e-07, No Iterations 1
DICPCG:  Solving for T, Initial residual = 4.46373e-07, Final residual = 4.46373e-07, No Iterations 0
ExecutionTime = 1.02 s  ClockTime = 1 s

Time = 0.68

DICPCG:  Solving for T, Initial residual = 0.000470936, Final residual = 4.23528e-07, No Iterations 4
DICPCG:  Solving for T, Initial residual = 3.81812e-06, Final residual = 3.41323e-07, No Iterations 1
DICPCG:  Solving for T, Initial residual = 4.38446e-07, Final residual = 4.38446e-07, No Iterations 0
ExecutionTime = 1.02 s  ClockTime = 1 s

Time = 0.685

DICPCG:  Solving for T, Initial residual = 0.000464751, Final residual = 4.20399e-07, No Iterations 4
DICPCG:  Solving for T, Initial residual = 3.74874e-06, Final residual = 3.35494e-07, No Iterations 1
DICPCG:  Solving for T, Initial residual = 4.3075e-07, Final residual = 4.3075e-07, No Iterations 0
ExecutionTime = 1.03 s  ClockTime = 1 s

Time = 0.69

DICPCG:  Solving for T, Initial residual = 0.000458681, Final residual = 4.17295e-07, No Iterations 4
DICPCG:  Solving for T, Initial residual = 3.68143e-06, Final residual = 3.29828e-07, No Iterations 1
DICPCG:  Solving for T, Initial residual = 4.23279e-07, Final residual = 4.23279e-07, No Iterations 0
ExecutionTime = 1.04 s  ClockTime = 1 s

Time = 0.695

DICPCG:  Solving for T, Initial residual = 0.000452725, Final residual = 4.14219e-07, No Iterations 4
DICPCG:  Solving for T, Initial residual = 3.61599e-06, Final residual = 3.24312e-07, No Iterations 1
DICPCG:  Solving for T, Initial residual = 4.15998e-07, Final residual = 4.15998e-07, No Iterations 0
ExecutionTime = 1.04 s  ClockTime = 1 s

Time = 0.7

DICPCG:  Solving for T, Initial residual = 0.00044688, Final residual = 4.11161e-07, No Iterations 4
DICPCG:  Solving for T, Initial residual = 3.55226e-06, Final residual = 3.18939e-07, No Iterations 1
DICPCG:  Solving for T, Initial residual = 4.08897e-07, Final residual = 4.08897e-07, No Iterations 0
ExecutionTime = 1.09 s  ClockTime = 2 s

Time = 0.705

DICPCG:  Solving for T, Initial residual = 0.000441143, Final residual = 4.08111e-07, No Iterations 4
DICPCG:  Solving for T, Initial residual = 3.49024e-06, Final residual = 3.13706e-07, No Iterations 1
DICPCG:  Solving for T, Initial residual = 4.01966e-07, Final residual = 4.01966e-07, No Iterations 0
ExecutionTime = 1.09 s  ClockTime = 2 s

Time = 0.71

DICPCG:  Solving for T, Initial residual = 0.000435513, Final residual = 4.05073e-07, No Iterations 4
DICPCG:  Solving for T, Initial residual = 3.42994e-06, Final residual = 3.08616e-07, No Iterations 1
DICPCG:  Solving for T, Initial residual = 3.95204e-07, Final residual = 3.95204e-07, No Iterations 0
ExecutionTime = 1.1 s  ClockTime = 2 s

Time = 0.715

DICPCG:  Solving for T, Initial residual = 0.000429986, Final residual = 4.02046e-07, No Iterations 4
DICPCG:  Solving for T, Initial residual = 3.37115e-06, Final residual = 3.03669e-07, No Iterations 1
DICPCG:  Solving for T, Initial residual = 3.88608e-07, Final residual = 3.88608e-07, No Iterations 0
ExecutionTime = 1.1 s  ClockTime = 2 s

Time = 0.72

DICPCG:  Solving for T, Initial residual = 0.00042456, Final residual = 3.99026e-07, No Iterations 4
DICPCG:  Solving for T, Initial residual = 3.31375e-06, Final residual = 2.98847e-07, No Iterations 1
DICPCG:  Solving for T, Initial residual = 3.82173e-07, Final residual = 3.82173e-07, No Iterations 0
ExecutionTime = 1.1 s  ClockTime = 2 s

Time = 0.725

DICPCG:  Solving for T, Initial residual = 0.000419233, Final residual = 3.96017e-07, No Iterations 4
DICPCG:  Solving for T, Initial residual = 3.25778e-06, Final residual = 2.94141e-07, No Iterations 1
DICPCG:  Solving for T, Initial residual = 3.75901e-07, Final residual = 3.75901e-07, No Iterations 0
ExecutionTime = 1.11 s  ClockTime = 2 s

Time = 0.73

DICPCG:  Solving for T, Initial residual = 0.000414004, Final residual = 3.93041e-07, No Iterations 4
DICPCG:  Solving for T, Initial residual = 3.20315e-06, Final residual = 2.89554e-07, No Iterations 1
DICPCG:  Solving for T, Initial residual = 3.69783e-07, Final residual = 3.69783e-07, No Iterations 0
ExecutionTime = 1.11 s  ClockTime = 2 s

Time = 0.735

DICPCG:  Solving for T, Initial residual = 0.000408869, Final residual = 3.90085e-07, No Iterations 4
DICPCG:  Solving for T, Initial residual = 3.14992e-06, Final residual = 2.85079e-07, No Iterations 1
DICPCG:  Solving for T, Initial residual = 3.63833e-07, Final residual = 3.63833e-07, No Iterations 0
ExecutionTime = 1.12 s  ClockTime = 2 s

Time = 0.74

DICPCG:  Solving for T, Initial residual = 0.000403828, Final residual = 3.87142e-07, No Iterations 4
DICPCG:  Solving for T, Initial residual = 3.09804e-06, Final residual = 2.80724e-07, No Iterations 1
DICPCG:  Solving for T, Initial residual = 3.58034e-07, Final residual = 3.58034e-07, No Iterations 0
ExecutionTime = 1.13 s  ClockTime = 2 s

Time = 0.745

DICPCG:  Solving for T, Initial residual = 0.000398876, Final residual = 3.84209e-07, No Iterations 4
DICPCG:  Solving for T, Initial residual = 3.0475e-06, Final residual = 2.76477e-07, No Iterations 1
DICPCG:  Solving for T, Initial residual = 3.52372e-07, Final residual = 3.52372e-07, No Iterations 0
ExecutionTime = 1.13 s  ClockTime = 2 s

Time = 0.75

DICPCG:  Solving for T, Initial residual = 0.000394014, Final residual = 3.81299e-07, No Iterations 4
DICPCG:  Solving for T, Initial residual = 2.99828e-06, Final residual = 2.72328e-07, No Iterations 1
DICPCG:  Solving for T, Initial residual = 3.4684e-07, Final residual = 3.4684e-07, No Iterations 0
ExecutionTime = 1.14 s  ClockTime = 2 s

Time = 0.755

DICPCG:  Solving for T, Initial residual = 0.000389239, Final residual = 3.78397e-07, No Iterations 4
DICPCG:  Solving for T, Initial residual = 2.95041e-06, Final residual = 2.68279e-07, No Iterations 1
DICPCG:  Solving for T, Initial residual = 3.41443e-07, Final residual = 3.41443e-07, No Iterations 0
ExecutionTime = 1.14 s  ClockTime = 2 s

Time = 0.76

DICPCG:  Solving for T, Initial residual = 0.000384548, Final residual = 3.75511e-07, No Iterations 4
DICPCG:  Solving for T, Initial residual = 2.90384e-06, Final residual = 2.64325e-07, No Iterations 1
DICPCG:  Solving for T, Initial residual = 3.36175e-07, Final residual = 3.36175e-07, No Iterations 0
ExecutionTime = 1.14 s  ClockTime = 2 s

Time = 0.765

DICPCG:  Solving for T, Initial residual = 0.000379941, Final residual = 3.72638e-07, No Iterations 4
DICPCG:  Solving for T, Initial residual = 2.85841e-06, Final residual = 2.60467e-07, No Iterations 1
DICPCG:  Solving for T, Initial residual = 3.31037e-07, Final residual = 3.31037e-07, No Iterations 0
ExecutionTime = 1.15 s  ClockTime = 2 s

Time = 0.77

DICPCG:  Solving for T, Initial residual = 0.000375415, Final residual = 3.69794e-07, No Iterations 4
DICPCG:  Solving for T, Initial residual = 2.81408e-06, Final residual = 2.56712e-07, No Iterations 1
DICPCG:  Solving for T, Initial residual = 3.2602e-07, Final residual = 3.2602e-07, No Iterations 0
ExecutionTime = 1.15 s  ClockTime = 2 s

Time = 0.775

DICPCG:  Solving for T, Initial residual = 0.000370969, Final residual = 3.66973e-07, No Iterations 4
DICPCG:  Solving for T, Initial residual = 2.77085e-06, Final residual = 2.5305e-07, No Iterations 1
DICPCG:  Solving for T, Initial residual = 3.21127e-07, Final residual = 3.21127e-07, No Iterations 0
ExecutionTime = 1.15 s  ClockTime = 2 s

Time = 0.78

DICPCG:  Solving for T, Initial residual = 0.000366601, Final residual = 3.64167e-07, No Iterations 4
DICPCG:  Solving for T, Initial residual = 2.72874e-06, Final residual = 2.49475e-07, No Iterations 1
DICPCG:  Solving for T, Initial residual = 3.16358e-07, Final residual = 3.16358e-07, No Iterations 0
ExecutionTime = 1.16 s  ClockTime = 2 s

Time = 0.785

DICPCG:  Solving for T, Initial residual = 0.000362309, Final residual = 3.61394e-07, No Iterations 4
DICPCG:  Solving for T, Initial residual = 2.68761e-06, Final residual = 2.45987e-07, No Iterations 1
DICPCG:  Solving for T, Initial residual = 3.11704e-07, Final residual = 3.11704e-07, No Iterations 0
ExecutionTime = 1.16 s  ClockTime = 2 s

Time = 0.79

DICPCG:  Solving for T, Initial residual = 0.000358091, Final residual = 3.58632e-07, No Iterations 4
DICPCG:  Solving for T, Initial residual = 2.64742e-06, Final residual = 2.42589e-07, No Iterations 1
DICPCG:  Solving for T, Initial residual = 3.07153e-07, Final residual = 3.07153e-07, No Iterations 0
ExecutionTime = 1.18 s  ClockTime = 2 s

Time = 0.795

DICPCG:  Solving for T, Initial residual = 0.000353947, Final residual = 3.55888e-07, No Iterations 4
DICPCG:  Solving for T, Initial residual = 2.60822e-06, Final residual = 2.39275e-07, No Iterations 1
DICPCG:  Solving for T, Initial residual = 3.02704e-07, Final residual = 3.02704e-07, No Iterations 0
ExecutionTime = 1.18 s  ClockTime = 2 s

Time = 0.8

DICPCG:  Solving for T, Initial residual = 0.000349874, Final residual = 3.53164e-07, No Iterations 4
DICPCG:  Solving for T, Initial residual = 2.56994e-06, Final residual = 2.36047e-07, No Iterations 1
DICPCG:  Solving for T, Initial residual = 2.98361e-07, Final residual = 2.98361e-07, No Iterations 0
ExecutionTime = 1.22 s  ClockTime = 2 s

Time = 0.805

DICPCG:  Solving for T, Initial residual = 0.000345871, Final residual = 3.50458e-07, No Iterations 4
DICPCG:  Solving for T, Initial residual = 2.53256e-06, Final residual = 2.32896e-07, No Iterations 1
DICPCG:  Solving for T, Initial residual = 2.9412e-07, Final residual = 2.9412e-07, No Iterations 0
ExecutionTime = 1.24 s  ClockTime = 2 s

Time = 0.81

DICPCG:  Solving for T, Initial residual = 0.000341936, Final residual = 3.47764e-07, No Iterations 4
DICPCG:  Solving for T, Initial residual = 2.49604e-06, Final residual = 2.29819e-07, No Iterations 1
DICPCG:  Solving for T, Initial residual = 2.89988e-07, Final residual = 2.89988e-07, No Iterations 0
ExecutionTime = 1.24 s  ClockTime = 2 s

Time = 0.815

DICPCG:  Solving for T, Initial residual = 0.000338069, Final residual = 3.45082e-07, No Iterations 4
DICPCG:  Solving for T, Initial residual = 2.46037e-06, Final residual = 2.2682e-07, No Iterations 1
DICPCG:  Solving for T, Initial residual = 2.85958e-07, Final residual = 2.85958e-07, No Iterations 0
ExecutionTime = 1.25 s  ClockTime = 2 s

Time = 0.82

DICPCG:  Solving for T, Initial residual = 0.000334267, Final residual = 3.42416e-07, No Iterations 4
DICPCG:  Solving for T, Initial residual = 2.42555e-06, Final residual = 2.2389e-07, No Iterations 1
DICPCG:  Solving for T, Initial residual = 2.82016e-07, Final residual = 2.82016e-07, No Iterations 0
ExecutionTime = 1.25 s  ClockTime = 2 s

Time = 0.825

DICPCG:  Solving for T, Initial residual = 0.000330529, Final residual = 3.39771e-07, No Iterations 4
DICPCG:  Solving for T, Initial residual = 2.39154e-06, Final residual = 2.21027e-07, No Iterations 1
DICPCG:  Solving for T, Initial residual = 2.78162e-07, Final residual = 2.78162e-07, No Iterations 0
ExecutionTime = 1.25 s  ClockTime = 2 s

Time = 0.83

DICPCG:  Solving for T, Initial residual = 0.000326855, Final residual = 3.37145e-07, No Iterations 4
DICPCG:  Solving for T, Initial residual = 2.35837e-06, Final residual = 2.18232e-07, No Iterations 1
DICPCG:  Solving for T, Initial residual = 2.74388e-07, Final residual = 2.74388e-07, No Iterations 0
ExecutionTime = 1.26 s  ClockTime = 2 s

Time = 0.835

DICPCG:  Solving for T, Initial residual = 0.000323242, Final residual = 3.34531e-07, No Iterations 4
DICPCG:  Solving for T, Initial residual = 2.32595e-06, Final residual = 2.15504e-07, No Iterations 1
DICPCG:  Solving for T, Initial residual = 2.707e-07, Final residual = 2.707e-07, No Iterations 0
ExecutionTime = 1.26 s  ClockTime = 2 s

Time = 0.84

DICPCG:  Solving for T, Initial residual = 0.000319689, Final residual = 3.31931e-07, No Iterations 4
DICPCG:  Solving for T, Initial residual = 2.29424e-06, Final residual = 2.12835e-07, No Iterations 1
DICPCG:  Solving for T, Initial residual = 2.67105e-07, Final residual = 2.67105e-07, No Iterations 0
ExecutionTime = 1.28 s  ClockTime = 2 s

Time = 0.845

DICPCG:  Solving for T, Initial residual = 0.000316195, Final residual = 3.29341e-07, No Iterations 4
DICPCG:  Solving for T, Initial residual = 2.26324e-06, Final residual = 2.10226e-07, No Iterations 1
DICPCG:  Solving for T, Initial residual = 2.63595e-07, Final residual = 2.63595e-07, No Iterations 0
ExecutionTime = 1.28 s  ClockTime = 2 s

Time = 0.85

DICPCG:  Solving for T, Initial residual = 0.000312759, Final residual = 3.26769e-07, No Iterations 4
DICPCG:  Solving for T, Initial residual = 2.2329e-06, Final residual = 2.07679e-07, No Iterations 1
DICPCG:  Solving for T, Initial residual = 2.6016e-07, Final residual = 2.6016e-07, No Iterations 0
ExecutionTime = 1.29 s  ClockTime = 2 s

Time = 0.855

DICPCG:  Solving for T, Initial residual = 0.00030938, Final residual = 3.24207e-07, No Iterations 4
DICPCG:  Solving for T, Initial residual = 2.20319e-06, Final residual = 2.05188e-07, No Iterations 1
DICPCG:  Solving for T, Initial residual = 2.56804e-07, Final residual = 2.56804e-07, No Iterations 0
ExecutionTime = 1.29 s  ClockTime = 2 s

Time = 0.86

DICPCG:  Solving for T, Initial residual = 0.000306056, Final residual = 3.21659e-07, No Iterations 4
DICPCG:  Solving for T, Initial residual = 2.17412e-06, Final residual = 2.0275e-07, No Iterations 1
DICPCG:  Solving for T, Initial residual = 2.53519e-07, Final residual = 2.53519e-07, No Iterations 0
ExecutionTime = 1.3 s  ClockTime = 2 s

Time = 0.865

DICPCG:  Solving for T, Initial residual = 0.000302786, Final residual = 3.19129e-07, No Iterations 4
DICPCG:  Solving for T, Initial residual = 2.14568e-06, Final residual = 2.00368e-07, No Iterations 1
DICPCG:  Solving for T, Initial residual = 2.5031e-07, Final residual = 2.5031e-07, No Iterations 0
ExecutionTime = 1.3 s  ClockTime = 2 s

Time = 0.87

DICPCG:  Solving for T, Initial residual = 0.00029957, Final residual = 3.16612e-07, No Iterations 4
DICPCG:  Solving for T, Initial residual = 2.11788e-06, Final residual = 1.98045e-07, No Iterations 1
DICPCG:  Solving for T, Initial residual = 2.4717e-07, Final residual = 2.4717e-07, No Iterations 0
ExecutionTime = 1.31 s  ClockTime = 2 s

Time = 0.875

DICPCG:  Solving for T, Initial residual = 0.000296406, Final residual = 3.14117e-07, No Iterations 4
DICPCG:  Solving for T, Initial residual = 2.09071e-06, Final residual = 1.9578e-07, No Iterations 1
DICPCG:  Solving for T, Initial residual = 2.44095e-07, Final residual = 2.44095e-07, No Iterations 0
ExecutionTime = 1.32 s  ClockTime = 2 s

Time = 0.88

DICPCG:  Solving for T, Initial residual = 0.000293292, Final residual = 3.11653e-07, No Iterations 4
DICPCG:  Solving for T, Initial residual = 2.06413e-06, Final residual = 1.93565e-07, No Iterations 1
DICPCG:  Solving for T, Initial residual = 2.4109e-07, Final residual = 2.4109e-07, No Iterations 0
ExecutionTime = 1.32 s  ClockTime = 2 s

Time = 0.885

DICPCG:  Solving for T, Initial residual = 0.000290229, Final residual = 3.09206e-07, No Iterations 4
DICPCG:  Solving for T, Initial residual = 2.03812e-06, Final residual = 1.91401e-07, No Iterations 1
DICPCG:  Solving for T, Initial residual = 2.38146e-07, Final residual = 2.38146e-07, No Iterations 0
ExecutionTime = 1.33 s  ClockTime = 2 s

Time = 0.89

DICPCG:  Solving for T, Initial residual = 0.000287215, Final residual = 3.06776e-07, No Iterations 4
DICPCG:  Solving for T, Initial residual = 2.01268e-06, Final residual = 1.89282e-07, No Iterations 1
DICPCG:  Solving for T, Initial residual = 2.35258e-07, Final residual = 2.35258e-07, No Iterations 0
ExecutionTime = 1.33 s  ClockTime = 2 s

Time = 0.895

DICPCG:  Solving for T, Initial residual = 0.000284249, Final residual = 3.04371e-07, No Iterations 4
DICPCG:  Solving for T, Initial residual = 1.98781e-06, Final residual = 1.87208e-07, No Iterations 1
DICPCG:  Solving for T, Initial residual = 2.32426e-07, Final residual = 2.32426e-07, No Iterations 0
ExecutionTime = 1.34 s  ClockTime = 2 s

Time = 0.9

DICPCG:  Solving for T, Initial residual = 0.000281329, Final residual = 3.01984e-07, No Iterations 4
DICPCG:  Solving for T, Initial residual = 1.96343e-06, Final residual = 1.85176e-07, No Iterations 1
DICPCG:  Solving for T, Initial residual = 2.29654e-07, Final residual = 2.29654e-07, No Iterations 0
ExecutionTime = 1.39 s  ClockTime = 2 s

Time = 0.905

DICPCG:  Solving for T, Initial residual = 0.000278456, Final residual = 2.99624e-07, No Iterations 4
DICPCG:  Solving for T, Initial residual = 1.93954e-06, Final residual = 1.8319e-07, No Iterations 1
DICPCG:  Solving for T, Initial residual = 2.26943e-07, Final residual = 2.26943e-07, No Iterations 0
ExecutionTime = 1.4 s  ClockTime = 2 s

Time = 0.91

DICPCG:  Solving for T, Initial residual = 0.000275628, Final residual = 2.97284e-07, No Iterations 4
DICPCG:  Solving for T, Initial residual = 1.91613e-06, Final residual = 1.81243e-07, No Iterations 1
DICPCG:  Solving for T, Initial residual = 2.24298e-07, Final residual = 2.24298e-07, No Iterations 0
ExecutionTime = 1.41 s  ClockTime = 2 s

Time = 0.915

DICPCG:  Solving for T, Initial residual = 0.000272844, Final residual = 2.94968e-07, No Iterations 4
DICPCG:  Solving for T, Initial residual = 1.89319e-06, Final residual = 1.79331e-07, No Iterations 1
DICPCG:  Solving for T, Initial residual = 2.21708e-07, Final residual = 2.21708e-07, No Iterations 0
ExecutionTime = 1.41 s  ClockTime = 2 s

Time = 0.92

DICPCG:  Solving for T, Initial residual = 0.000270104, Final residual = 2.92669e-07, No Iterations 4
DICPCG:  Solving for T, Initial residual = 1.87074e-06, Final residual = 1.77454e-07, No Iterations 1
DICPCG:  Solving for T, Initial residual = 2.19167e-07, Final residual = 2.19167e-07, No Iterations 0
ExecutionTime = 1.42 s  ClockTime = 2 s

Time = 0.925

DICPCG:  Solving for T, Initial residual = 0.000267405, Final residual = 2.90391e-07, No Iterations 4
DICPCG:  Solving for T, Initial residual = 1.84879e-06, Final residual = 1.7561e-07, No Iterations 1
DICPCG:  Solving for T, Initial residual = 2.16682e-07, Final residual = 2.16682e-07, No Iterations 0
ExecutionTime = 1.42 s  ClockTime = 2 s

Time = 0.93

DICPCG:  Solving for T, Initial residual = 0.000264749, Final residual = 2.88133e-07, No Iterations 4
DICPCG:  Solving for T, Initial residual = 1.82732e-06, Final residual = 1.73799e-07, No Iterations 1
DICPCG:  Solving for T, Initial residual = 2.14255e-07, Final residual = 2.14255e-07, No Iterations 0
ExecutionTime = 1.43 s  ClockTime = 2 s

Time = 0.935

DICPCG:  Solving for T, Initial residual = 0.000262133, Final residual = 2.85905e-07, No Iterations 4
DICPCG:  Solving for T, Initial residual = 1.80631e-06, Final residual = 1.72022e-07, No Iterations 1
DICPCG:  Solving for T, Initial residual = 2.11877e-07, Final residual = 2.11877e-07, No Iterations 0
ExecutionTime = 1.43 s  ClockTime = 2 s

Time = 0.94

DICPCG:  Solving for T, Initial residual = 0.000259557, Final residual = 2.83709e-07, No Iterations 4
DICPCG:  Solving for T, Initial residual = 1.78572e-06, Final residual = 1.70279e-07, No Iterations 1
DICPCG:  Solving for T, Initial residual = 2.09542e-07, Final residual = 2.09542e-07, No Iterations 0
ExecutionTime = 1.44 s  ClockTime = 2 s

Time = 0.945

DICPCG:  Solving for T, Initial residual = 0.000257021, Final residual = 2.81533e-07, No Iterations 4
DICPCG:  Solving for T, Initial residual = 1.76554e-06, Final residual = 1.68569e-07, No Iterations 1
DICPCG:  Solving for T, Initial residual = 2.07253e-07, Final residual = 2.07253e-07, No Iterations 0
ExecutionTime = 1.45 s  ClockTime = 2 s

Time = 0.95

DICPCG:  Solving for T, Initial residual = 0.000254523, Final residual = 2.79378e-07, No Iterations 4
DICPCG:  Solving for T, Initial residual = 1.74576e-06, Final residual = 1.66894e-07, No Iterations 1
DICPCG:  Solving for T, Initial residual = 2.05007e-07, Final residual = 2.05007e-07, No Iterations 0
ExecutionTime = 1.45 s  ClockTime = 2 s

Time = 0.955

DICPCG:  Solving for T, Initial residual = 0.000252062, Final residual = 2.77251e-07, No Iterations 4
DICPCG:  Solving for T, Initial residual = 1.72637e-06, Final residual = 1.65252e-07, No Iterations 1
DICPCG:  Solving for T, Initial residual = 2.02802e-07, Final residual = 2.02802e-07, No Iterations 0
ExecutionTime = 1.46 s  ClockTime = 2 s

Time = 0.96

DICPCG:  Solving for T, Initial residual = 0.000249638, Final residual = 2.75145e-07, No Iterations 4
DICPCG:  Solving for T, Initial residual = 1.70735e-06, Final residual = 1.63646e-07, No Iterations 1
DICPCG:  Solving for T, Initial residual = 2.00639e-07, Final residual = 2.00639e-07, No Iterations 0
ExecutionTime = 1.46 s  ClockTime = 2 s

Time = 0.965

DICPCG:  Solving for T, Initial residual = 0.000247251, Final residual = 2.73057e-07, No Iterations 4
DICPCG:  Solving for T, Initial residual = 1.68868e-06, Final residual = 1.62071e-07, No Iterations 1
DICPCG:  Solving for T, Initial residual = 1.98519e-07, Final residual = 1.98519e-07, No Iterations 0
ExecutionTime = 1.46 s  ClockTime = 2 s

Time = 0.97

DICPCG:  Solving for T, Initial residual = 0.000244899, Final residual = 2.70989e-07, No Iterations 4
DICPCG:  Solving for T, Initial residual = 1.67036e-06, Final residual = 1.60522e-07, No Iterations 1
DICPCG:  Solving for T, Initial residual = 1.96442e-07, Final residual = 1.96442e-07, No Iterations 0
ExecutionTime = 1.47 s  ClockTime = 2 s

Time = 0.975

DICPCG:  Solving for T, Initial residual = 0.000242582, Final residual = 2.6894e-07, No Iterations 4
DICPCG:  Solving for T, Initial residual = 1.6524e-06, Final residual = 1.58999e-07, No Iterations 1
DICPCG:  Solving for T, Initial residual = 1.94403e-07, Final residual = 1.94403e-07, No Iterations 0
ExecutionTime = 1.47 s  ClockTime = 2 s

Time = 0.98

DICPCG:  Solving for T, Initial residual = 0.000240298, Final residual = 2.66911e-07, No Iterations 4
DICPCG:  Solving for T, Initial residual = 1.63476e-06, Final residual = 1.57504e-07, No Iterations 1
DICPCG:  Solving for T, Initial residual = 1.92403e-07, Final residual = 1.92403e-07, No Iterations 0
ExecutionTime = 1.49 s  ClockTime = 2 s

Time = 0.985

DICPCG:  Solving for T, Initial residual = 0.000238049, Final residual = 2.64913e-07, No Iterations 4
DICPCG:  Solving for T, Initial residual = 1.61748e-06, Final residual = 1.56034e-07, No Iterations 1
DICPCG:  Solving for T, Initial residual = 1.90446e-07, Final residual = 1.90446e-07, No Iterations 0
ExecutionTime = 1.49 s  ClockTime = 2 s

Time = 0.99

DICPCG:  Solving for T, Initial residual = 0.000235832, Final residual = 2.62934e-07, No Iterations 4
DICPCG:  Solving for T, Initial residual = 1.60053e-06, Final residual = 1.54587e-07, No Iterations 1
DICPCG:  Solving for T, Initial residual = 1.88529e-07, Final residual = 1.88529e-07, No Iterations 0
ExecutionTime = 1.5 s  ClockTime = 2 s

Time = 0.995

DICPCG:  Solving for T, Initial residual = 0.000233647, Final residual = 2.60971e-07, No Iterations 4
DICPCG:  Solving for T, Initial residual = 1.5839e-06, Final residual = 1.53164e-07, No Iterations 1
DICPCG:  Solving for T, Initial residual = 1.86647e-07, Final residual = 1.86647e-07, No Iterations 0
ExecutionTime = 1.5 s  ClockTime = 2 s

Time = 1

DICPCG:  Solving for T, Initial residual = 0.000231494, Final residual = 2.59027e-07, No Iterations 4
DICPCG:  Solving for T, Initial residual = 1.56757e-06, Final residual = 1.51766e-07, No Iterations 1
DICPCG:  Solving for T, Initial residual = 1.84797e-07, Final residual = 1.84797e-07, No Iterations 0
ExecutionTime = 1.56 s  ClockTime = 3 s

Time = 1.005

DICPCG:  Solving for T, Initial residual = 0.000229371, Final residual = 2.57104e-07, No Iterations 4
DICPCG:  Solving for T, Initial residual = 1.55154e-06, Final residual = 1.50392e-07, No Iterations 1
DICPCG:  Solving for T, Initial residual = 1.82981e-07, Final residual = 1.82981e-07, No Iterations 0
ExecutionTime = 1.57 s  ClockTime = 3 s

Time = 1.01

DICPCG:  Solving for T, Initial residual = 0.000227279, Final residual = 2.55201e-07, No Iterations 4
DICPCG:  Solving for T, Initial residual = 1.53579e-06, Final residual = 1.4904e-07, No Iterations 1
DICPCG:  Solving for T, Initial residual = 1.812e-07, Final residual = 1.812e-07, No Iterations 0
ExecutionTime = 1.58 s  ClockTime = 3 s

Time = 1.015

DICPCG:  Solving for T, Initial residual = 0.000225217, Final residual = 2.53313e-07, No Iterations 4
DICPCG:  Solving for T, Initial residual = 1.5203e-06, Final residual = 1.47712e-07, No Iterations 1
DICPCG:  Solving for T, Initial residual = 1.79448e-07, Final residual = 1.79448e-07, No Iterations 0
ExecutionTime = 1.59 s  ClockTime = 3 s

Time = 1.02

DICPCG:  Solving for T, Initial residual = 0.000223184, Final residual = 2.51442e-07, No Iterations 4
DICPCG:  Solving for T, Initial residual = 1.50511e-06, Final residual = 1.4641e-07, No Iterations 1
DICPCG:  Solving for T, Initial residual = 1.77725e-07, Final residual = 1.77725e-07, No Iterations 0
ExecutionTime = 1.59 s  ClockTime = 3 s

Time = 1.025

DICPCG:  Solving for T, Initial residual = 0.000221179, Final residual = 2.4959e-07, No Iterations 4
DICPCG:  Solving for T, Initial residual = 1.49021e-06, Final residual = 1.4513e-07, No Iterations 1
DICPCG:  Solving for T, Initial residual = 1.76033e-07, Final residual = 1.76033e-07, No Iterations 0
ExecutionTime = 1.61 s  ClockTime = 3 s

Time = 1.03

DICPCG:  Solving for T, Initial residual = 0.000219203, Final residual = 2.47755e-07, No Iterations 4
DICPCG:  Solving for T, Initial residual = 1.4756e-06, Final residual = 1.43872e-07, No Iterations 1
DICPCG:  Solving for T, Initial residual = 1.74373e-07, Final residual = 1.74373e-07, No Iterations 0
ExecutionTime = 1.61 s  ClockTime = 3 s

Time = 1.035

DICPCG:  Solving for T, Initial residual = 0.000217254, Final residual = 2.45938e-07, No Iterations 4
DICPCG:  Solving for T, Initial residual = 1.46128e-06, Final residual = 1.42633e-07, No Iterations 1
DICPCG:  Solving for T, Initial residual = 1.72742e-07, Final residual = 1.72742e-07, No Iterations 0
ExecutionTime = 1.62 s  ClockTime = 3 s

Time = 1.04

DICPCG:  Solving for T, Initial residual = 0.000215332, Final residual = 2.44139e-07, No Iterations 4
DICPCG:  Solving for T, Initial residual = 1.44724e-06, Final residual = 1.41412e-07, No Iterations 1
DICPCG:  Solving for T, Initial residual = 1.71139e-07, Final residual = 1.71139e-07, No Iterations 0
ExecutionTime = 1.62 s  ClockTime = 3 s

Time = 1.045

DICPCG:  Solving for T, Initial residual = 0.000213437, Final residual = 2.42359e-07, No Iterations 4
DICPCG:  Solving for T, Initial residual = 1.43349e-06, Final residual = 1.40214e-07, No Iterations 1
DICPCG:  Solving for T, Initial residual = 1.69561e-07, Final residual = 1.69561e-07, No Iterations 0
ExecutionTime = 1.64 s  ClockTime = 3 s

Time = 1.05

DICPCG:  Solving for T, Initial residual = 0.000211567, Final residual = 2.40598e-07, No Iterations 4
DICPCG:  Solving for T, Initial residual = 1.41997e-06, Final residual = 1.39034e-07, No Iterations 1
DICPCG:  Solving for T, Initial residual = 1.68011e-07, Final residual = 1.68011e-07, No Iterations 0
ExecutionTime = 1.64 s  ClockTime = 3 s

Time = 1.055

DICPCG:  Solving for T, Initial residual = 0.000209723, Final residual = 2.38853e-07, No Iterations 4
DICPCG:  Solving for T, Initial residual = 1.40667e-06, Final residual = 1.37872e-07, No Iterations 1
DICPCG:  Solving for T, Initial residual = 1.66489e-07, Final residual = 1.66489e-07, No Iterations 0
ExecutionTime = 1.64 s  ClockTime = 3 s

Time = 1.06

DICPCG:  Solving for T, Initial residual = 0.000207905, Final residual = 2.37124e-07, No Iterations 4
DICPCG:  Solving for T, Initial residual = 1.39358e-06, Final residual = 1.36728e-07, No Iterations 1
DICPCG:  Solving for T, Initial residual = 1.64991e-07, Final residual = 1.64991e-07, No Iterations 0
ExecutionTime = 1.65 s  ClockTime = 3 s

Time = 1.065

DICPCG:  Solving for T, Initial residual = 0.00020611, Final residual = 2.3541e-07, No Iterations 4
DICPCG:  Solving for T, Initial residual = 1.38069e-06, Final residual = 1.356e-07, No Iterations 1
DICPCG:  Solving for T, Initial residual = 1.63515e-07, Final residual = 1.63515e-07, No Iterations 0
ExecutionTime = 1.65 s  ClockTime = 3 s

Time = 1.07

DICPCG:  Solving for T, Initial residual = 0.00020434, Final residual = 2.33712e-07, No Iterations 4
DICPCG:  Solving for T, Initial residual = 1.368e-06, Final residual = 1.34488e-07, No Iterations 1
DICPCG:  Solving for T, Initial residual = 1.62063e-07, Final residual = 1.62063e-07, No Iterations 0
ExecutionTime = 1.65 s  ClockTime = 3 s

Time = 1.075

DICPCG:  Solving for T, Initial residual = 0.000202594, Final residual = 2.3203e-07, No Iterations 4
DICPCG:  Solving for T, Initial residual = 1.3555e-06, Final residual = 1.33392e-07, No Iterations 1
DICPCG:  Solving for T, Initial residual = 1.60633e-07, Final residual = 1.60633e-07, No Iterations 0
ExecutionTime = 1.67 s  ClockTime = 3 s

Time = 1.08

DICPCG:  Solving for T, Initial residual = 0.000200871, Final residual = 2.30363e-07, No Iterations 4
DICPCG:  Solving for T, Initial residual = 1.34321e-06, Final residual = 1.32314e-07, No Iterations 1
DICPCG:  Solving for T, Initial residual = 1.59226e-07, Final residual = 1.59226e-07, No Iterations 0
ExecutionTime = 1.67 s  ClockTime = 3 s

Time = 1.085

DICPCG:  Solving for T, Initial residual = 0.00019917, Final residual = 2.28709e-07, No Iterations 4
DICPCG:  Solving for T, Initial residual = 1.33111e-06, Final residual = 1.31251e-07, No Iterations 1
DICPCG:  Solving for T, Initial residual = 1.57843e-07, Final residual = 1.57843e-07, No Iterations 0
ExecutionTime = 1.68 s  ClockTime = 3 s

Time = 1.09

DICPCG:  Solving for T, Initial residual = 0.000197492, Final residual = 2.2707e-07, No Iterations 4
DICPCG:  Solving for T, Initial residual = 1.31919e-06, Final residual = 1.30203e-07, No Iterations 1
DICPCG:  Solving for T, Initial residual = 1.56481e-07, Final residual = 1.56481e-07, No Iterations 0
ExecutionTime = 1.68 s  ClockTime = 3 s

Time = 1.095

DICPCG:  Solving for T, Initial residual = 0.000195836, Final residual = 2.25445e-07, No Iterations 4
DICPCG:  Solving for T, Initial residual = 1.30744e-06, Final residual = 1.29172e-07, No Iterations 1
DICPCG:  Solving for T, Initial residual = 1.5514e-07, Final residual = 1.5514e-07, No Iterations 0
ExecutionTime = 1.68 s  ClockTime = 3 s

Time = 1.1

DICPCG:  Solving for T, Initial residual = 0.000194202, Final residual = 2.23836e-07, No Iterations 4
DICPCG:  Solving for T, Initial residual = 1.29588e-06, Final residual = 1.28154e-07, No Iterations 1
DICPCG:  Solving for T, Initial residual = 1.5382e-07, Final residual = 1.5382e-07, No Iterations 0
ExecutionTime = 1.72 s  ClockTime = 3 s

Time = 1.105

DICPCG:  Solving for T, Initial residual = 0.000192589, Final residual = 2.22241e-07, No Iterations 4
DICPCG:  Solving for T, Initial residual = 1.28449e-06, Final residual = 1.27151e-07, No Iterations 1
DICPCG:  Solving for T, Initial residual = 1.52522e-07, Final residual = 1.52522e-07, No Iterations 0
ExecutionTime = 1.73 s  ClockTime = 3 s

Time = 1.11

DICPCG:  Solving for T, Initial residual = 0.000190997, Final residual = 2.20661e-07, No Iterations 4
DICPCG:  Solving for T, Initial residual = 1.27328e-06, Final residual = 1.2616e-07, No Iterations 1
DICPCG:  Solving for T, Initial residual = 1.51247e-07, Final residual = 1.51247e-07, No Iterations 0
ExecutionTime = 1.74 s  ClockTime = 3 s

Time = 1.115

DICPCG:  Solving for T, Initial residual = 0.000189425, Final residual = 2.19097e-07, No Iterations 4
DICPCG:  Solving for T, Initial residual = 1.26223e-06, Final residual = 1.25183e-07, No Iterations 1
DICPCG:  Solving for T, Initial residual = 1.49991e-07, Final residual = 1.49991e-07, No Iterations 0
ExecutionTime = 1.74 s  ClockTime = 3 s

Time = 1.12

DICPCG:  Solving for T, Initial residual = 0.000187873, Final residual = 2.17553e-07, No Iterations 4
DICPCG:  Solving for T, Initial residual = 1.25134e-06, Final residual = 1.24219e-07, No Iterations 1
DICPCG:  Solving for T, Initial residual = 1.48752e-07, Final residual = 1.48752e-07, No Iterations 0
ExecutionTime = 1.74 s  ClockTime = 3 s

Time = 1.125

DICPCG:  Solving for T, Initial residual = 0.00018634, Final residual = 2.16025e-07, No Iterations 4
DICPCG:  Solving for T, Initial residual = 1.2406e-06, Final residual = 1.23267e-07, No Iterations 1
DICPCG:  Solving for T, Initial residual = 1.47532e-07, Final residual = 1.47532e-07, No Iterations 0
ExecutionTime = 1.75 s  ClockTime = 3 s

Time = 1.13

DICPCG:  Solving for T, Initial residual = 0.000184828, Final residual = 2.14509e-07, No Iterations 4
DICPCG:  Solving for T, Initial residual = 1.23003e-06, Final residual = 1.22328e-07, No Iterations 1
DICPCG:  Solving for T, Initial residual = 1.46329e-07, Final residual = 1.46329e-07, No Iterations 0
ExecutionTime = 1.75 s  ClockTime = 3 s

Time = 1.135

DICPCG:  Solving for T, Initial residual = 0.000183334, Final residual = 2.13007e-07, No Iterations 4
DICPCG:  Solving for T, Initial residual = 1.21961e-06, Final residual = 1.21401e-07, No Iterations 1
DICPCG:  Solving for T, Initial residual = 1.45142e-07, Final residual = 1.45142e-07, No Iterations 0
ExecutionTime = 1.75 s  ClockTime = 3 s

Time = 1.14

DICPCG:  Solving for T, Initial residual = 0.000181859, Final residual = 2.11518e-07, No Iterations 4
DICPCG:  Solving for T, Initial residual = 1.20933e-06, Final residual = 1.20486e-07, No Iterations 1
DICPCG:  Solving for T, Initial residual = 1.43971e-07, Final residual = 1.43971e-07, No Iterations 0
ExecutionTime = 1.77 s  ClockTime = 3 s

Time = 1.145

DICPCG:  Solving for T, Initial residual = 0.000180402, Final residual = 2.10041e-07, No Iterations 4
DICPCG:  Solving for T, Initial residual = 1.1992e-06, Final residual = 1.19583e-07, No Iterations 1
DICPCG:  Solving for T, Initial residual = 1.42817e-07, Final residual = 1.42817e-07, No Iterations 0
ExecutionTime = 1.77 s  ClockTime = 3 s

Time = 1.15

DICPCG:  Solving for T, Initial residual = 0.000178963, Final residual = 2.08577e-07, No Iterations 4
DICPCG:  Solving for T, Initial residual = 1.18922e-06, Final residual = 1.18693e-07, No Iterations 1
DICPCG:  Solving for T, Initial residual = 1.41681e-07, Final residual = 1.41681e-07, No Iterations 0
ExecutionTime = 1.77 s  ClockTime = 3 s

Time = 1.155

DICPCG:  Solving for T, Initial residual = 0.000177542, Final residual = 2.07126e-07, No Iterations 4
DICPCG:  Solving for T, Initial residual = 1.17938e-06, Final residual = 1.17816e-07, No Iterations 1
DICPCG:  Solving for T, Initial residual = 1.40561e-07, Final residual = 1.40561e-07, No Iterations 0
ExecutionTime = 1.78 s  ClockTime = 3 s

Time = 1.16

DICPCG:  Solving for T, Initial residual = 0.000176138, Final residual = 2.05687e-07, No Iterations 4
DICPCG:  Solving for T, Initial residual = 1.16969e-06, Final residual = 1.16949e-07, No Iterations 1
DICPCG:  Solving for T, Initial residual = 1.39457e-07, Final residual = 1.39457e-07, No Iterations 0
ExecutionTime = 1.78 s  ClockTime = 3 s

Time = 1.165

DICPCG:  Solving for T, Initial residual = 0.000174751, Final residual = 2.04261e-07, No Iterations 4
DICPCG:  Solving for T, Initial residual = 1.16012e-06, Final residual = 1.16094e-07, No Iterations 1
DICPCG:  Solving for T, Initial residual = 1.38369e-07, Final residual = 1.38369e-07, No Iterations 0
ExecutionTime = 1.78 s  ClockTime = 3 s

Time = 1.17

DICPCG:  Solving for T, Initial residual = 0.000173381, Final residual = 2.02848e-07, No Iterations 4
DICPCG:  Solving for T, Initial residual = 1.15067e-06, Final residual = 1.15249e-07, No Iterations 1
DICPCG:  Solving for T, Initial residual = 1.37294e-07, Final residual = 1.37294e-07, No Iterations 0
ExecutionTime = 1.79 s  ClockTime = 3 s

Time = 1.175

DICPCG:  Solving for T, Initial residual = 0.000172028, Final residual = 2.01447e-07, No Iterations 4
DICPCG:  Solving for T, Initial residual = 1.14136e-06, Final residual = 1.14419e-07, No Iterations 1
DICPCG:  Solving for T, Initial residual = 1.36235e-07, Final residual = 1.36235e-07, No Iterations 0
ExecutionTime = 1.79 s  ClockTime = 3 s

Time = 1.18

DICPCG:  Solving for T, Initial residual = 0.000170691, Final residual = 2.00059e-07, No Iterations 4
DICPCG:  Solving for T, Initial residual = 1.13216e-06, Final residual = 1.136e-07, No Iterations 1
DICPCG:  Solving for T, Initial residual = 1.35189e-07, Final residual = 1.35189e-07, No Iterations 0
ExecutionTime = 1.79 s  ClockTime = 3 s

Time = 1.185

DICPCG:  Solving for T, Initial residual = 0.00016937, Final residual = 1.98683e-07, No Iterations 4
DICPCG:  Solving for T, Initial residual = 1.1231e-06, Final residual = 1.1279e-07, No Iterations 1
DICPCG:  Solving for T, Initial residual = 1.34156e-07, Final residual = 1.34156e-07, No Iterations 0
ExecutionTime = 1.8 s  ClockTime = 3 s

Time = 1.19

DICPCG:  Solving for T, Initial residual = 0.000168064, Final residual = 1.97319e-07, No Iterations 4
DICPCG:  Solving for T, Initial residual = 1.11417e-06, Final residual = 1.11989e-07, No Iterations 1
DICPCG:  Solving for T, Initial residual = 1.33136e-07, Final residual = 1.33136e-07, No Iterations 0
ExecutionTime = 1.8 s  ClockTime = 3 s

Time = 1.195

DICPCG:  Solving for T, Initial residual = 0.000166774, Final residual = 1.95966e-07, No Iterations 4
DICPCG:  Solving for T, Initial residual = 1.10538e-06, Final residual = 1.11197e-07, No Iterations 1
DICPCG:  Solving for T, Initial residual = 1.32131e-07, Final residual = 1.32131e-07, No Iterations 0
ExecutionTime = 1.81 s  ClockTime = 3 s

Time = 1.2

DICPCG:  Solving for T, Initial residual = 0.000165499, Final residual = 1.94626e-07, No Iterations 4
DICPCG:  Solving for T, Initial residual = 1.09669e-06, Final residual = 1.10414e-07, No Iterations 1
DICPCG:  Solving for T, Initial residual = 1.31138e-07, Final residual = 1.31138e-07, No Iterations 0
ExecutionTime = 1.87 s  ClockTime = 3 s

Time = 1.205

DICPCG:  Solving for T, Initial residual = 0.000164238, Final residual = 1.93299e-07, No Iterations 4
DICPCG:  Solving for T, Initial residual = 1.08811e-06, Final residual = 1.09641e-07, No Iterations 1
DICPCG:  Solving for T, Initial residual = 1.30158e-07, Final residual = 1.30158e-07, No Iterations 0
ExecutionTime = 1.87 s  ClockTime = 3 s

Time = 1.21

DICPCG:  Solving for T, Initial residual = 0.000162993, Final residual = 1.91985e-07, No Iterations 4
DICPCG:  Solving for T, Initial residual = 1.07965e-06, Final residual = 1.08878e-07, No Iterations 1
DICPCG:  Solving for T, Initial residual = 1.29191e-07, Final residual = 1.29191e-07, No Iterations 0
ExecutionTime = 1.88 s  ClockTime = 3 s

Time = 1.215

DICPCG:  Solving for T, Initial residual = 0.000161761, Final residual = 1.90682e-07, No Iterations 4
DICPCG:  Solving for T, Initial residual = 1.07129e-06, Final residual = 1.08126e-07, No Iterations 1
DICPCG:  Solving for T, Initial residual = 1.28236e-07, Final residual = 1.28236e-07, No Iterations 0
ExecutionTime = 1.89 s  ClockTime = 3 s

Time = 1.22

DICPCG:  Solving for T, Initial residual = 0.000160544, Final residual = 1.89391e-07, No Iterations 4
DICPCG:  Solving for T, Initial residual = 1.06304e-06, Final residual = 1.07381e-07, No Iterations 1
DICPCG:  Solving for T, Initial residual = 1.27293e-07, Final residual = 1.27293e-07, No Iterations 0
ExecutionTime = 1.89 s  ClockTime = 3 s

Time = 1.225

DICPCG:  Solving for T, Initial residual = 0.000159341, Final residual = 1.88112e-07, No Iterations 4
DICPCG:  Solving for T, Initial residual = 1.05489e-06, Final residual = 1.06646e-07, No Iterations 1
DICPCG:  Solving for T, Initial residual = 1.26361e-07, Final residual = 1.26361e-07, No Iterations 0
ExecutionTime = 1.89 s  ClockTime = 3 s

Time = 1.23

DICPCG:  Solving for T, Initial residual = 0.000158151, Final residual = 9.99167e-07, No Iterations 3
DICPCG:  Solving for T, Initial residual = 1.576e-06, Final residual = 2.01506e-07, No Iterations 1
DICPCG:  Solving for T, Initial residual = 2.34702e-07, Final residual = 2.34702e-07, No Iterations 0
ExecutionTime = 1.9 s  ClockTime = 3 s

Time = 1.235

DICPCG:  Solving for T, Initial residual = 0.000156975, Final residual = 9.98864e-07, No Iterations 3
DICPCG:  Solving for T, Initial residual = 1.56758e-06, Final residual = 2.0406e-07, No Iterations 1
DICPCG:  Solving for T, Initial residual = 2.3732e-07, Final residual = 2.3732e-07, No Iterations 0
ExecutionTime = 1.9 s  ClockTime = 3 s

Time = 1.24

DICPCG:  Solving for T, Initial residual = 0.000155811, Final residual = 9.93612e-07, No Iterations 3
DICPCG:  Solving for T, Initial residual = 1.55684e-06, Final residual = 2.03579e-07, No Iterations 1
DICPCG:  Solving for T, Initial residual = 2.36652e-07, Final residual = 2.36652e-07, No Iterations 0
ExecutionTime = 1.91 s  ClockTime = 3 s

Time = 1.245

DICPCG:  Solving for T, Initial residual = 0.000154661, Final residual = 9.87456e-07, No Iterations 3
DICPCG:  Solving for T, Initial residual = 1.54562e-06, Final residual = 2.02414e-07, No Iterations 1
DICPCG:  Solving for T, Initial residual = 2.35248e-07, Final residual = 2.35248e-07, No Iterations 0
ExecutionTime = 1.91 s  ClockTime = 3 s

Time = 1.25

DICPCG:  Solving for T, Initial residual = 0.000153523, Final residual = 9.81144e-07, No Iterations 3
DICPCG:  Solving for T, Initial residual = 1.53439e-06, Final residual = 2.01099e-07, No Iterations 1
DICPCG:  Solving for T, Initial residual = 2.33679e-07, Final residual = 2.33679e-07, No Iterations 0
ExecutionTime = 1.91 s  ClockTime = 3 s

Time = 1.255

DICPCG:  Solving for T, Initial residual = 0.000152398, Final residual = 9.74839e-07, No Iterations 3
DICPCG:  Solving for T, Initial residual = 1.52326e-06, Final residual = 1.99754e-07, No Iterations 1
DICPCG:  Solving for T, Initial residual = 2.32079e-07, Final residual = 2.32079e-07, No Iterations 0
ExecutionTime = 1.92 s  ClockTime = 3 s

Time = 1.26

DICPCG:  Solving for T, Initial residual = 0.000151285, Final residual = 9.68574e-07, No Iterations 3
DICPCG:  Solving for T, Initial residual = 1.51226e-06, Final residual = 1.98411e-07, No Iterations 1
DICPCG:  Solving for T, Initial residual = 2.30482e-07, Final residual = 2.30482e-07, No Iterations 0
ExecutionTime = 1.92 s  ClockTime = 3 s

Time = 1.265

DICPCG:  Solving for T, Initial residual = 0.000150184, Final residual = 9.6236e-07, No Iterations 3
DICPCG:  Solving for T, Initial residual = 1.5014e-06, Final residual = 1.97078e-07, No Iterations 1
DICPCG:  Solving for T, Initial residual = 2.28897e-07, Final residual = 2.28897e-07, No Iterations 0
ExecutionTime = 1.93 s  ClockTime = 3 s

Time = 1.27

DICPCG:  Solving for T, Initial residual = 0.000149095, Final residual = 9.56202e-07, No Iterations 3
DICPCG:  Solving for T, Initial residual = 1.49067e-06, Final residual = 1.95757e-07, No Iterations 1
DICPCG:  Solving for T, Initial residual = 2.27326e-07, Final residual = 2.27326e-07, No Iterations 0
ExecutionTime = 1.94 s  ClockTime = 3 s

Time = 1.275

DICPCG:  Solving for T, Initial residual = 0.000148018, Final residual = 9.50101e-07, No Iterations 3
DICPCG:  Solving for T, Initial residual = 1.48007e-06, Final residual = 1.94447e-07, No Iterations 1
DICPCG:  Solving for T, Initial residual = 2.25769e-07, Final residual = 2.25769e-07, No Iterations 0
ExecutionTime = 1.94 s  ClockTime = 3 s

Time = 1.28

DICPCG:  Solving for T, Initial residual = 0.000146953, Final residual = 9.44053e-07, No Iterations 3
DICPCG:  Solving for T, Initial residual = 1.46959e-06, Final residual = 1.9315e-07, No Iterations 1
DICPCG:  Solving for T, Initial residual = 2.24228e-07, Final residual = 2.24228e-07, No Iterations 0
ExecutionTime = 1.94 s  ClockTime = 3 s

Time = 1.285

DICPCG:  Solving for T, Initial residual = 0.000145899, Final residual = 9.38058e-07, No Iterations 3
DICPCG:  Solving for T, Initial residual = 1.45922e-06, Final residual = 1.91865e-07, No Iterations 1
DICPCG:  Solving for T, Initial residual = 2.22702e-07, Final residual = 2.22702e-07, No Iterations 0
ExecutionTime = 1.95 s  ClockTime = 3 s

Time = 1.29

DICPCG:  Solving for T, Initial residual = 0.000144856, Final residual = 9.32116e-07, No Iterations 3
DICPCG:  Solving for T, Initial residual = 1.44897e-06, Final residual = 1.90593e-07, No Iterations 1
DICPCG:  Solving for T, Initial residual = 2.2119e-07, Final residual = 2.2119e-07, No Iterations 0
ExecutionTime = 1.96 s  ClockTime = 3 s

Time = 1.295

DICPCG:  Solving for T, Initial residual = 0.000143824, Final residual = 9.26223e-07, No Iterations 3
DICPCG:  Solving for T, Initial residual = 1.43882e-06, Final residual = 1.89332e-07, No Iterations 1
DICPCG:  Solving for T, Initial residual = 2.19694e-07, Final residual = 2.19694e-07, No Iterations 0
ExecutionTime = 1.96 s  ClockTime = 3 s

Time = 1.3

DICPCG:  Solving for T, Initial residual = 0.000142803, Final residual = 9.20379e-07, No Iterations 3
DICPCG:  Solving for T, Initial residual = 1.42878e-06, Final residual = 1.88082e-07, No Iterations 1
DICPCG:  Solving for T, Initial residual = 2.18211e-07, Final residual = 2.18211e-07, No Iterations 0
ExecutionTime = 1.99 s  ClockTime = 4 s

Time = 1.305

DICPCG:  Solving for T, Initial residual = 0.000141793, Final residual = 9.14585e-07, No Iterations 3
DICPCG:  Solving for T, Initial residual = 1.41884e-06, Final residual = 1.86845e-07, No Iterations 1
DICPCG:  Solving for T, Initial residual = 2.16743e-07, Final residual = 2.16743e-07, No Iterations 0
ExecutionTime = 2 s  ClockTime = 4 s

Time = 1.31

DICPCG:  Solving for T, Initial residual = 0.000140793, Final residual = 9.0884e-07, No Iterations 3
DICPCG:  Solving for T, Initial residual = 1.40901e-06, Final residual = 1.85619e-07, No Iterations 1
DICPCG:  Solving for T, Initial residual = 2.15289e-07, Final residual = 2.15289e-07, No Iterations 0
ExecutionTime = 2.01 s  ClockTime = 4 s

Time = 1.315

DICPCG:  Solving for T, Initial residual = 0.000139804, Final residual = 9.03142e-07, No Iterations 3
DICPCG:  Solving for T, Initial residual = 1.39927e-06, Final residual = 1.84405e-07, No Iterations 1
DICPCG:  Solving for T, Initial residual = 2.13848e-07, Final residual = 2.13848e-07, No Iterations 0
ExecutionTime = 2.02 s  ClockTime = 4 s

Time = 1.32

DICPCG:  Solving for T, Initial residual = 0.000138824, Final residual = 8.97492e-07, No Iterations 3
DICPCG:  Solving for T, Initial residual = 1.38964e-06, Final residual = 1.83201e-07, No Iterations 1
DICPCG:  Solving for T, Initial residual = 2.12421e-07, Final residual = 2.12421e-07, No Iterations 0
ExecutionTime = 2.02 s  ClockTime = 4 s

Time = 1.325

DICPCG:  Solving for T, Initial residual = 0.000137855, Final residual = 8.91888e-07, No Iterations 3
DICPCG:  Solving for T, Initial residual = 1.3801e-06, Final residual = 1.8201e-07, No Iterations 1
DICPCG:  Solving for T, Initial residual = 2.11009e-07, Final residual = 2.11009e-07, No Iterations 0
ExecutionTime = 2.02 s  ClockTime = 4 s

Time = 1.33

DICPCG:  Solving for T, Initial residual = 0.000136896, Final residual = 8.86332e-07, No Iterations 3
DICPCG:  Solving for T, Initial residual = 1.37066e-06, Final residual = 1.80829e-07, No Iterations 1
DICPCG:  Solving for T, Initial residual = 2.09611e-07, Final residual = 2.09611e-07, No Iterations 0
ExecutionTime = 2.03 s  ClockTime = 4 s

Time = 1.335

DICPCG:  Solving for T, Initial residual = 0.000135946, Final residual = 8.80821e-07, No Iterations 3
DICPCG:  Solving for T, Initial residual = 1.36131e-06, Final residual = 1.79658e-07, No Iterations 1
DICPCG:  Solving for T, Initial residual = 2.08227e-07, Final residual = 2.08227e-07, No Iterations 0
ExecutionTime = 2.03 s  ClockTime = 4 s

Time = 1.34

DICPCG:  Solving for T, Initial residual = 0.000135006, Final residual = 8.75355e-07, No Iterations 3
DICPCG:  Solving for T, Initial residual = 1.35206e-06, Final residual = 1.78498e-07, No Iterations 1
DICPCG:  Solving for T, Initial residual = 2.06855e-07, Final residual = 2.06855e-07, No Iterations 0
ExecutionTime = 2.03 s  ClockTime = 4 s

Time = 1.345

DICPCG:  Solving for T, Initial residual = 0.000134076, Final residual = 8.69932e-07, No Iterations 3
DICPCG:  Solving for T, Initial residual = 1.34291e-06, Final residual = 1.77349e-07, No Iterations 1
DICPCG:  Solving for T, Initial residual = 2.05495e-07, Final residual = 2.05495e-07, No Iterations 0
ExecutionTime = 2.04 s  ClockTime = 4 s

Time = 1.35

DICPCG:  Solving for T, Initial residual = 0.000133154, Final residual = 8.64553e-07, No Iterations 3
DICPCG:  Solving for T, Initial residual = 1.33384e-06, Final residual = 1.76209e-07, No Iterations 1
DICPCG:  Solving for T, Initial residual = 2.04149e-07, Final residual = 2.04149e-07, No Iterations 0
ExecutionTime = 2.04 s  ClockTime = 4 s

Time = 1.355

DICPCG:  Solving for T, Initial residual = 0.000132242, Final residual = 8.59216e-07, No Iterations 3
DICPCG:  Solving for T, Initial residual = 1.32486e-06, Final residual = 1.75078e-07, No Iterations 1
DICPCG:  Solving for T, Initial residual = 2.02815e-07, Final residual = 2.02815e-07, No Iterations 0
ExecutionTime = 2.05 s  ClockTime = 4 s

Time = 1.36

DICPCG:  Solving for T, Initial residual = 0.000131339, Final residual = 8.53921e-07, No Iterations 3
DICPCG:  Solving for T, Initial residual = 1.31597e-06, Final residual = 1.73958e-07, No Iterations 1
DICPCG:  Solving for T, Initial residual = 2.01493e-07, Final residual = 2.01493e-07, No Iterations 0
ExecutionTime = 2.05 s  ClockTime = 4 s

Time = 1.365

DICPCG:  Solving for T, Initial residual = 0.000130445, Final residual = 8.48669e-07, No Iterations 3
DICPCG:  Solving for T, Initial residual = 1.30716e-06, Final residual = 1.72847e-07, No Iterations 1
DICPCG:  Solving for T, Initial residual = 2.00184e-07, Final residual = 2.00184e-07, No Iterations 0
ExecutionTime = 2.05 s  ClockTime = 4 s

Time = 1.37

DICPCG:  Solving for T, Initial residual = 0.000129559, Final residual = 8.43461e-07, No Iterations 3
DICPCG:  Solving for T, Initial residual = 1.29844e-06, Final residual = 1.71745e-07, No Iterations 1
DICPCG:  Solving for T, Initial residual = 1.98886e-07, Final residual = 1.98886e-07, No Iterations 0
ExecutionTime = 2.06 s  ClockTime = 4 s

Time = 1.375

DICPCG:  Solving for T, Initial residual = 0.000128682, Final residual = 8.38297e-07, No Iterations 3
DICPCG:  Solving for T, Initial residual = 1.28982e-06, Final residual = 1.70653e-07, No Iterations 1
DICPCG:  Solving for T, Initial residual = 1.976e-07, Final residual = 1.976e-07, No Iterations 0
ExecutionTime = 2.06 s  ClockTime = 4 s

Time = 1.38

DICPCG:  Solving for T, Initial residual = 0.000127814, Final residual = 8.33178e-07, No Iterations 3
DICPCG:  Solving for T, Initial residual = 1.28127e-06, Final residual = 1.69571e-07, No Iterations 1
DICPCG:  Solving for T, Initial residual = 1.96324e-07, Final residual = 1.96324e-07, No Iterations 0
ExecutionTime = 2.06 s  ClockTime = 4 s

Time = 1.385

DICPCG:  Solving for T, Initial residual = 0.000126953, Final residual = 8.28104e-07, No Iterations 3
DICPCG:  Solving for T, Initial residual = 1.27281e-06, Final residual = 1.68498e-07, No Iterations 1
DICPCG:  Solving for T, Initial residual = 1.95061e-07, Final residual = 1.95061e-07, No Iterations 0
ExecutionTime = 2.07 s  ClockTime = 4 s

Time = 1.39

DICPCG:  Solving for T, Initial residual = 0.000126101, Final residual = 8.2307e-07, No Iterations 3
DICPCG:  Solving for T, Initial residual = 1.26443e-06, Final residual = 1.67434e-07, No Iterations 1
DICPCG:  Solving for T, Initial residual = 1.93808e-07, Final residual = 1.93808e-07, No Iterations 0
ExecutionTime = 2.07 s  ClockTime = 4 s

Time = 1.395

DICPCG:  Solving for T, Initial residual = 0.000125258, Final residual = 8.18079e-07, No Iterations 3
DICPCG:  Solving for T, Initial residual = 1.25613e-06, Final residual = 1.6638e-07, No Iterations 1
DICPCG:  Solving for T, Initial residual = 1.92567e-07, Final residual = 1.92567e-07, No Iterations 0
ExecutionTime = 2.08 s  ClockTime = 4 s

Time = 1.4

DICPCG:  Solving for T, Initial residual = 0.000124422, Final residual = 8.13127e-07, No Iterations 3
DICPCG:  Solving for T, Initial residual = 1.24792e-06, Final residual = 1.65336e-07, No Iterations 1
DICPCG:  Solving for T, Initial residual = 1.91336e-07, Final residual = 1.91336e-07, No Iterations 0
ExecutionTime = 2.12 s  ClockTime = 4 s

Time = 1.405

DICPCG:  Solving for T, Initial residual = 0.000123594, Final residual = 8.08214e-07, No Iterations 3
DICPCG:  Solving for T, Initial residual = 1.23979e-06, Final residual = 1.643e-07, No Iterations 1
DICPCG:  Solving for T, Initial residual = 1.90116e-07, Final residual = 1.90116e-07, No Iterations 0
ExecutionTime = 2.12 s  ClockTime = 4 s

Time = 1.41

DICPCG:  Solving for T, Initial residual = 0.000122774, Final residual = 8.03337e-07, No Iterations 3
DICPCG:  Solving for T, Initial residual = 1.23173e-06, Final residual = 1.63272e-07, No Iterations 1
DICPCG:  Solving for T, Initial residual = 1.88907e-07, Final residual = 1.88907e-07, No Iterations 0
ExecutionTime = 2.13 s  ClockTime = 4 s

Time = 1.415

DICPCG:  Solving for T, Initial residual = 0.000121961, Final residual = 7.98498e-07, No Iterations 3
DICPCG:  Solving for T, Initial residual = 1.22374e-06, Final residual = 1.62254e-07, No Iterations 1
DICPCG:  Solving for T, Initial residual = 1.87707e-07, Final residual = 1.87707e-07, No Iterations 0
ExecutionTime = 2.13 s  ClockTime = 4 s

Time = 1.42

DICPCG:  Solving for T, Initial residual = 0.000121156, Final residual = 7.93694e-07, No Iterations 3
DICPCG:  Solving for T, Initial residual = 1.21583e-06, Final residual = 1.61243e-07, No Iterations 1
DICPCG:  Solving for T, Initial residual = 1.86518e-07, Final residual = 1.86518e-07, No Iterations 0
ExecutionTime = 2.14 s  ClockTime = 4 s

Time = 1.425

DICPCG:  Solving for T, Initial residual = 0.000120359, Final residual = 7.88926e-07, No Iterations 3
DICPCG:  Solving for T, Initial residual = 1.20799e-06, Final residual = 1.60242e-07, No Iterations 1
DICPCG:  Solving for T, Initial residual = 1.85338e-07, Final residual = 1.85338e-07, No Iterations 0
ExecutionTime = 2.14 s  ClockTime = 4 s

Time = 1.43

DICPCG:  Solving for T, Initial residual = 0.000119568, Final residual = 7.84197e-07, No Iterations 3
DICPCG:  Solving for T, Initial residual = 1.20023e-06, Final residual = 1.59249e-07, No Iterations 1
DICPCG:  Solving for T, Initial residual = 1.84169e-07, Final residual = 1.84169e-07, No Iterations 0
ExecutionTime = 2.15 s  ClockTime = 4 s

Time = 1.435

DICPCG:  Solving for T, Initial residual = 0.000118785, Final residual = 7.79505e-07, No Iterations 3
DICPCG:  Solving for T, Initial residual = 1.19255e-06, Final residual = 1.58264e-07, No Iterations 1
DICPCG:  Solving for T, Initial residual = 1.83009e-07, Final residual = 1.83009e-07, No Iterations 0
ExecutionTime = 2.15 s  ClockTime = 4 s

Time = 1.44

DICPCG:  Solving for T, Initial residual = 0.000118009, Final residual = 7.74849e-07, No Iterations 3
DICPCG:  Solving for T, Initial residual = 1.18494e-06, Final residual = 1.57286e-07, No Iterations 1
DICPCG:  Solving for T, Initial residual = 1.81859e-07, Final residual = 1.81859e-07, No Iterations 0
ExecutionTime = 2.15 s  ClockTime = 4 s

Time = 1.445

DICPCG:  Solving for T, Initial residual = 0.00011724, Final residual = 7.70226e-07, No Iterations 3
DICPCG:  Solving for T, Initial residual = 1.17741e-06, Final residual = 1.56317e-07, No Iterations 1
DICPCG:  Solving for T, Initial residual = 1.80719e-07, Final residual = 1.80719e-07, No Iterations 0
ExecutionTime = 2.16 s  ClockTime = 4 s

Time = 1.45

DICPCG:  Solving for T, Initial residual = 0.000116479, Final residual = 7.65637e-07, No Iterations 3
DICPCG:  Solving for T, Initial residual = 1.16995e-06, Final residual = 1.55355e-07, No Iterations 1
DICPCG:  Solving for T, Initial residual = 1.79588e-07, Final residual = 1.79588e-07, No Iterations 0
ExecutionTime = 2.17 s  ClockTime = 4 s

Time = 1.455

DICPCG:  Solving for T, Initial residual = 0.000115723, Final residual = 7.61082e-07, No Iterations 3
DICPCG:  Solving for T, Initial residual = 1.16255e-06, Final residual = 1.54401e-07, No Iterations 1
DICPCG:  Solving for T, Initial residual = 1.78467e-07, Final residual = 1.78467e-07, No Iterations 0
ExecutionTime = 2.17 s  ClockTime = 4 s

Time = 1.46

DICPCG:  Solving for T, Initial residual = 0.000114975, Final residual = 7.56561e-07, No Iterations 3
DICPCG:  Solving for T, Initial residual = 1.15522e-06, Final residual = 1.53455e-07, No Iterations 1
DICPCG:  Solving for T, Initial residual = 1.77354e-07, Final residual = 1.77354e-07, No Iterations 0
ExecutionTime = 2.18 s  ClockTime = 4 s

Time = 1.465

DICPCG:  Solving for T, Initial residual = 0.000114233, Final residual = 7.52073e-07, No Iterations 3
DICPCG:  Solving for T, Initial residual = 1.14795e-06, Final residual = 1.52516e-07, No Iterations 1
DICPCG:  Solving for T, Initial residual = 1.76251e-07, Final residual = 1.76251e-07, No Iterations 0
ExecutionTime = 2.18 s  ClockTime = 4 s

Time = 1.47

DICPCG:  Solving for T, Initial residual = 0.000113498, Final residual = 7.47619e-07, No Iterations 3
DICPCG:  Solving for T, Initial residual = 1.14075e-06, Final residual = 1.51585e-07, No Iterations 1
DICPCG:  Solving for T, Initial residual = 1.75157e-07, Final residual = 1.75157e-07, No Iterations 0
ExecutionTime = 2.18 s  ClockTime = 4 s

Time = 1.475

DICPCG:  Solving for T, Initial residual = 0.000112769, Final residual = 7.43197e-07, No Iterations 3
DICPCG:  Solving for T, Initial residual = 1.13361e-06, Final residual = 1.50662e-07, No Iterations 1
DICPCG:  Solving for T, Initial residual = 1.74073e-07, Final residual = 1.74073e-07, No Iterations 0
ExecutionTime = 2.19 s  ClockTime = 4 s

Time = 1.48

DICPCG:  Solving for T, Initial residual = 0.000112047, Final residual = 7.38809e-07, No Iterations 3
DICPCG:  Solving for T, Initial residual = 1.12653e-06, Final residual = 1.49746e-07, No Iterations 1
DICPCG:  Solving for T, Initial residual = 1.72997e-07, Final residual = 1.72997e-07, No Iterations 0
ExecutionTime = 2.19 s  ClockTime = 4 s

Time = 1.485

DICPCG:  Solving for T, Initial residual = 0.000111331, Final residual = 7.34452e-07, No Iterations 3
DICPCG:  Solving for T, Initial residual = 1.11952e-06, Final residual = 1.48838e-07, No Iterations 1
DICPCG:  Solving for T, Initial residual = 1.7193e-07, Final residual = 1.7193e-07, No Iterations 0
ExecutionTime = 2.19 s  ClockTime = 4 s

Time = 1.49

DICPCG:  Solving for T, Initial residual = 0.000110621, Final residual = 7.30127e-07, No Iterations 3
DICPCG:  Solving for T, Initial residual = 1.11256e-06, Final residual = 1.47937e-07, No Iterations 1
DICPCG:  Solving for T, Initial residual = 1.70872e-07, Final residual = 1.70872e-07, No Iterations 0
ExecutionTime = 2.2 s  ClockTime = 4 s

Time = 1.495

DICPCG:  Solving for T, Initial residual = 0.000109917, Final residual = 7.25834e-07, No Iterations 3
DICPCG:  Solving for T, Initial residual = 1.10566e-06, Final residual = 1.47042e-07, No Iterations 1
DICPCG:  Solving for T, Initial residual = 1.69821e-07, Final residual = 1.69821e-07, No Iterations 0
ExecutionTime = 2.2 s  ClockTime = 4 s

Time = 1.5

DICPCG:  Solving for T, Initial residual = 0.000109219, Final residual = 7.21572e-07, No Iterations 3
DICPCG:  Solving for T, Initial residual = 1.09882e-06, Final residual = 1.46154e-07, No Iterations 1
DICPCG:  Solving for T, Initial residual = 1.6878e-07, Final residual = 1.6878e-07, No Iterations 0
ExecutionTime = 2.24 s  ClockTime = 4 s

Time = 1.505

DICPCG:  Solving for T, Initial residual = 0.000108527, Final residual = 7.17339e-07, No Iterations 3
DICPCG:  Solving for T, Initial residual = 1.09205e-06, Final residual = 1.45274e-07, No Iterations 1
DICPCG:  Solving for T, Initial residual = 1.67748e-07, Final residual = 1.67748e-07, No Iterations 0
ExecutionTime = 2.24 s  ClockTime = 4 s

Time = 1.51

DICPCG:  Solving for T, Initial residual = 0.000107842, Final residual = 7.13137e-07, No Iterations 3
DICPCG:  Solving for T, Initial residual = 1.08534e-06, Final residual = 1.444e-07, No Iterations 1
DICPCG:  Solving for T, Initial residual = 1.66723e-07, Final residual = 1.66723e-07, No Iterations 0
ExecutionTime = 2.25 s  ClockTime = 4 s

Time = 1.515

DICPCG:  Solving for T, Initial residual = 0.000107161, Final residual = 7.08965e-07, No Iterations 3
DICPCG:  Solving for T, Initial residual = 1.07867e-06, Final residual = 1.43533e-07, No Iterations 1
DICPCG:  Solving for T, Initial residual = 1.65706e-07, Final residual = 1.65706e-07, No Iterations 0
ExecutionTime = 2.26 s  ClockTime = 4 s

Time = 1.52

DICPCG:  Solving for T, Initial residual = 0.000106487, Final residual = 7.04821e-07, No Iterations 3
DICPCG:  Solving for T, Initial residual = 1.07206e-06, Final residual = 1.42672e-07, No Iterations 1
DICPCG:  Solving for T, Initial residual = 1.64698e-07, Final residual = 1.64698e-07, No Iterations 0
ExecutionTime = 2.26 s  ClockTime = 4 s

Time = 1.525

DICPCG:  Solving for T, Initial residual = 0.000105818, Final residual = 7.00707e-07, No Iterations 3
DICPCG:  Solving for T, Initial residual = 1.06551e-06, Final residual = 1.41818e-07, No Iterations 1
DICPCG:  Solving for T, Initial residual = 1.63698e-07, Final residual = 1.63698e-07, No Iterations 0
ExecutionTime = 2.27 s  ClockTime = 4 s

Time = 1.53

DICPCG:  Solving for T, Initial residual = 0.000105155, Final residual = 6.96621e-07, No Iterations 3
DICPCG:  Solving for T, Initial residual = 1.05901e-06, Final residual = 1.4097e-07, No Iterations 1
DICPCG:  Solving for T, Initial residual = 1.62705e-07, Final residual = 1.62705e-07, No Iterations 0
ExecutionTime = 2.27 s  ClockTime = 4 s

Time = 1.535

DICPCG:  Solving for T, Initial residual = 0.000104498, Final residual = 6.92564e-07, No Iterations 3
DICPCG:  Solving for T, Initial residual = 1.05256e-06, Final residual = 1.40129e-07, No Iterations 1
DICPCG:  Solving for T, Initial residual = 1.6172e-07, Final residual = 1.6172e-07, No Iterations 0
ExecutionTime = 2.27 s  ClockTime = 4 s

Time = 1.54

DICPCG:  Solving for T, Initial residual = 0.000103845, Final residual = 6.88534e-07, No Iterations 3
DICPCG:  Solving for T, Initial residual = 1.04616e-06, Final residual = 1.39294e-07, No Iterations 1
DICPCG:  Solving for T, Initial residual = 1.60742e-07, Final residual = 1.60742e-07, No Iterations 0
ExecutionTime = 2.28 s  ClockTime = 4 s

Time = 1.545

DICPCG:  Solving for T, Initial residual = 0.000103199, Final residual = 6.84533e-07, No Iterations 3
DICPCG:  Solving for T, Initial residual = 1.03981e-06, Final residual = 1.38465e-07, No Iterations 1
DICPCG:  Solving for T, Initial residual = 1.59772e-07, Final residual = 1.59772e-07, No Iterations 0
ExecutionTime = 2.28 s  ClockTime = 4 s

Time = 1.55

DICPCG:  Solving for T, Initial residual = 0.000102557, Final residual = 6.80561e-07, No Iterations 3
DICPCG:  Solving for T, Initial residual = 1.03352e-06, Final residual = 1.37642e-07, No Iterations 1
DICPCG:  Solving for T, Initial residual = 1.58809e-07, Final residual = 1.58809e-07, No Iterations 0
ExecutionTime = 2.28 s  ClockTime = 4 s

Time = 1.555

DICPCG:  Solving for T, Initial residual = 0.000101921, Final residual = 6.76616e-07, No Iterations 3
DICPCG:  Solving for T, Initial residual = 1.02727e-06, Final residual = 1.36826e-07, No Iterations 1
DICPCG:  Solving for T, Initial residual = 1.57854e-07, Final residual = 1.57854e-07, No Iterations 0
ExecutionTime = 2.3 s  ClockTime = 4 s

Time = 1.56

DICPCG:  Solving for T, Initial residual = 0.00010129, Final residual = 6.72698e-07, No Iterations 3
DICPCG:  Solving for T, Initial residual = 1.02108e-06, Final residual = 1.36016e-07, No Iterations 1
DICPCG:  Solving for T, Initial residual = 1.56906e-07, Final residual = 1.56906e-07, No Iterations 0
ExecutionTime = 2.3 s  ClockTime = 4 s

Time = 1.565

DICPCG:  Solving for T, Initial residual = 0.000100664, Final residual = 6.68807e-07, No Iterations 3
DICPCG:  Solving for T, Initial residual = 1.01494e-06, Final residual = 1.35211e-07, No Iterations 1
DICPCG:  Solving for T, Initial residual = 1.55965e-07, Final residual = 1.55965e-07, No Iterations 0
ExecutionTime = 2.3 s  ClockTime = 4 s

Time = 1.57

DICPCG:  Solving for T, Initial residual = 0.000100043, Final residual = 6.64943e-07, No Iterations 3
DICPCG:  Solving for T, Initial residual = 1.00885e-06, Final residual = 1.34413e-07, No Iterations 1
DICPCG:  Solving for T, Initial residual = 1.55032e-07, Final residual = 1.55032e-07, No Iterations 0
ExecutionTime = 2.31 s  ClockTime = 4 s

Time = 1.575

DICPCG:  Solving for T, Initial residual = 9.94266e-05, Final residual = 6.61105e-07, No Iterations 3
DICPCG:  Solving for T, Initial residual = 1.00281e-06, Final residual = 1.3362e-07, No Iterations 1
DICPCG:  Solving for T, Initial residual = 1.54106e-07, Final residual = 1.54106e-07, No Iterations 0
ExecutionTime = 2.31 s  ClockTime = 4 s

Time = 1.58

DICPCG:  Solving for T, Initial residual = 9.88155e-05, Final residual = 6.57296e-07, No Iterations 3
DICPCG:  Solving for T, Initial residual = 9.96808e-07, Final residual = 9.96808e-07, No Iterations 0
DICPCG:  Solving for T, Initial residual = 9.96808e-07, Final residual = 9.96808e-07, No Iterations 0
ExecutionTime = 2.31 s  ClockTime = 4 s

Time = 1.585

DICPCG:  Solving for T, Initial residual = 9.82087e-05, Final residual = 6.33083e-07, No Iterations 3
DICPCG:  Solving for T, Initial residual = 9.74226e-07, Final residual = 9.74226e-07, No Iterations 0
DICPCG:  Solving for T, Initial residual = 9.74226e-07, Final residual = 9.74226e-07, No Iterations 0
ExecutionTime = 2.31 s  ClockTime = 4 s

Time = 1.59

DICPCG:  Solving for T, Initial residual = 9.76062e-05, Final residual = 6.27682e-07, No Iterations 3
DICPCG:  Solving for T, Initial residual = 9.66576e-07, Final residual = 9.66576e-07, No Iterations 0
DICPCG:  Solving for T, Initial residual = 9.66576e-07, Final residual = 9.66576e-07, No Iterations 0
ExecutionTime = 2.33 s  ClockTime = 4 s

Time = 1.595

DICPCG:  Solving for T, Initial residual = 9.70088e-05, Final residual = 6.23575e-07, No Iterations 3
DICPCG:  Solving for T, Initial residual = 9.60085e-07, Final residual = 9.60085e-07, No Iterations 0
DICPCG:  Solving for T, Initial residual = 9.60085e-07, Final residual = 9.60085e-07, No Iterations 0
ExecutionTime = 2.33 s  ClockTime = 4 s

Time = 1.6

DICPCG:  Solving for T, Initial residual = 9.64162e-05, Final residual = 6.19851e-07, No Iterations 3
DICPCG:  Solving for T, Initial residual = 9.54031e-07, Final residual = 9.54031e-07, No Iterations 0
DICPCG:  Solving for T, Initial residual = 9.54031e-07, Final residual = 9.54031e-07, No Iterations 0
ExecutionTime = 2.37 s  ClockTime = 4 s

Time = 1.605

DICPCG:  Solving for T, Initial residual = 9.58283e-05, Final residual = 6.16225e-07, No Iterations 3
DICPCG:  Solving for T, Initial residual = 9.48155e-07, Final residual = 9.48155e-07, No Iterations 0
DICPCG:  Solving for T, Initial residual = 9.48155e-07, Final residual = 9.48155e-07, No Iterations 0
ExecutionTime = 2.37 s  ClockTime = 4 s

Time = 1.61

DICPCG:  Solving for T, Initial residual = 9.5245e-05, Final residual = 6.12654e-07, No Iterations 3
DICPCG:  Solving for T, Initial residual = 9.42382e-07, Final residual = 9.42382e-07, No Iterations 0
DICPCG:  Solving for T, Initial residual = 9.42382e-07, Final residual = 9.42382e-07, No Iterations 0
ExecutionTime = 2.38 s  ClockTime = 4 s

Time = 1.615

DICPCG:  Solving for T, Initial residual = 9.46661e-05, Final residual = 6.09115e-07, No Iterations 3
DICPCG:  Solving for T, Initial residual = 9.36683e-07, Final residual = 9.36683e-07, No Iterations 0
DICPCG:  Solving for T, Initial residual = 9.36683e-07, Final residual = 9.36683e-07, No Iterations 0
ExecutionTime = 2.38 s  ClockTime = 4 s

Time = 1.62

DICPCG:  Solving for T, Initial residual = 9.40918e-05, Final residual = 6.05604e-07, No Iterations 3
DICPCG:  Solving for T, Initial residual = 9.31043e-07, Final residual = 9.31043e-07, No Iterations 0
DICPCG:  Solving for T, Initial residual = 9.31043e-07, Final residual = 9.31043e-07, No Iterations 0
ExecutionTime = 2.38 s  ClockTime = 4 s

Time = 1.625

DICPCG:  Solving for T, Initial residual = 9.35218e-05, Final residual = 6.02117e-07, No Iterations 3
DICPCG:  Solving for T, Initial residual = 9.25457e-07, Final residual = 9.25457e-07, No Iterations 0
DICPCG:  Solving for T, Initial residual = 9.25457e-07, Final residual = 9.25457e-07, No Iterations 0
ExecutionTime = 2.4 s  ClockTime = 4 s

Time = 1.63

DICPCG:  Solving for T, Initial residual = 9.29562e-05, Final residual = 5.98654e-07, No Iterations 3
DICPCG:  Solving for T, Initial residual = 9.1992e-07, Final residual = 9.1992e-07, No Iterations 0
DICPCG:  Solving for T, Initial residual = 9.1992e-07, Final residual = 9.1992e-07, No Iterations 0
ExecutionTime = 2.4 s  ClockTime = 4 s

Time = 1.635

DICPCG:  Solving for T, Initial residual = 9.2395e-05, Final residual = 5.95213e-07, No Iterations 3
DICPCG:  Solving for T, Initial residual = 9.14429e-07, Final residual = 9.14429e-07, No Iterations 0
DICPCG:  Solving for T, Initial residual = 9.14429e-07, Final residual = 9.14429e-07, No Iterations 0
ExecutionTime = 2.4 s  ClockTime = 4 s

Time = 1.64

DICPCG:  Solving for T, Initial residual = 9.1838e-05, Final residual = 5.91796e-07, No Iterations 3
DICPCG:  Solving for T, Initial residual = 9.08984e-07, Final residual = 9.08984e-07, No Iterations 0
DICPCG:  Solving for T, Initial residual = 9.08984e-07, Final residual = 9.08984e-07, No Iterations 0
ExecutionTime = 2.41 s  ClockTime = 4 s

Time = 1.645

DICPCG:  Solving for T, Initial residual = 9.12852e-05, Final residual = 5.88402e-07, No Iterations 3
DICPCG:  Solving for T, Initial residual = 9.03582e-07, Final residual = 9.03582e-07, No Iterations 0
DICPCG:  Solving for T, Initial residual = 9.03582e-07, Final residual = 9.03582e-07, No Iterations 0
ExecutionTime = 2.41 s  ClockTime = 4 s

Time = 1.65

DICPCG:  Solving for T, Initial residual = 9.07366e-05, Final residual = 5.8503e-07, No Iterations 3
DICPCG:  Solving for T, Initial residual = 8.98223e-07, Final residual = 8.98223e-07, No Iterations 0
DICPCG:  Solving for T, Initial residual = 8.98223e-07, Final residual = 8.98223e-07, No Iterations 0
ExecutionTime = 2.41 s  ClockTime = 4 s

Time = 1.655

DICPCG:  Solving for T, Initial residual = 9.01922e-05, Final residual = 5.8168e-07, No Iterations 3
DICPCG:  Solving for T, Initial residual = 8.92908e-07, Final residual = 8.92908e-07, No Iterations 0
DICPCG:  Solving for T, Initial residual = 8.92908e-07, Final residual = 8.92908e-07, No Iterations 0
ExecutionTime = 2.42 s  ClockTime = 4 s

Time = 1.66

DICPCG:  Solving for T, Initial residual = 8.96518e-05, Final residual = 5.78353e-07, No Iterations 3
DICPCG:  Solving for T, Initial residual = 8.87634e-07, Final residual = 8.87634e-07, No Iterations 0
DICPCG:  Solving for T, Initial residual = 8.87634e-07, Final residual = 8.87634e-07, No Iterations 0
ExecutionTime = 2.42 s  ClockTime = 4 s

Time = 1.665

DICPCG:  Solving for T, Initial residual = 8.91154e-05, Final residual = 5.75048e-07, No Iterations 3
DICPCG:  Solving for T, Initial residual = 8.824e-07, Final residual = 8.824e-07, No Iterations 0
DICPCG:  Solving for T, Initial residual = 8.824e-07, Final residual = 8.824e-07, No Iterations 0
ExecutionTime = 2.42 s  ClockTime = 4 s

Time = 1.67

DICPCG:  Solving for T, Initial residual = 8.85831e-05, Final residual = 5.71764e-07, No Iterations 3
DICPCG:  Solving for T, Initial residual = 8.77205e-07, Final residual = 8.77205e-07, No Iterations 0
DICPCG:  Solving for T, Initial residual = 8.77205e-07, Final residual = 8.77205e-07, No Iterations 0
ExecutionTime = 2.42 s  ClockTime = 4 s

Time = 1.675

DICPCG:  Solving for T, Initial residual = 8.80547e-05, Final residual = 5.68502e-07, No Iterations 3
DICPCG:  Solving for T, Initial residual = 8.72049e-07, Final residual = 8.72049e-07, No Iterations 0
DICPCG:  Solving for T, Initial residual = 8.72049e-07, Final residual = 8.72049e-07, No Iterations 0
ExecutionTime = 2.44 s  ClockTime = 4 s

Time = 1.68

DICPCG:  Solving for T, Initial residual = 8.75302e-05, Final residual = 5.65262e-07, No Iterations 3
DICPCG:  Solving for T, Initial residual = 8.6693e-07, Final residual = 8.6693e-07, No Iterations 0
DICPCG:  Solving for T, Initial residual = 8.6693e-07, Final residual = 8.6693e-07, No Iterations 0
ExecutionTime = 2.44 s  ClockTime = 4 s

Time = 1.685

DICPCG:  Solving for T, Initial residual = 8.70096e-05, Final residual = 5.62042e-07, No Iterations 3
DICPCG:  Solving for T, Initial residual = 8.61849e-07, Final residual = 8.61849e-07, No Iterations 0
DICPCG:  Solving for T, Initial residual = 8.61849e-07, Final residual = 8.61849e-07, No Iterations 0
ExecutionTime = 2.44 s  ClockTime = 4 s

Time = 1.69

DICPCG:  Solving for T, Initial residual = 8.64928e-05, Final residual = 5.58844e-07, No Iterations 3
DICPCG:  Solving for T, Initial residual = 8.56807e-07, Final residual = 8.56807e-07, No Iterations 0
DICPCG:  Solving for T, Initial residual = 8.56807e-07, Final residual = 8.56807e-07, No Iterations 0
ExecutionTime = 2.44 s  ClockTime = 4 s

Time = 1.695

DICPCG:  Solving for T, Initial residual = 8.59797e-05, Final residual = 5.55666e-07, No Iterations 3
DICPCG:  Solving for T, Initial residual = 8.51801e-07, Final residual = 8.51801e-07, No Iterations 0
DICPCG:  Solving for T, Initial residual = 8.51801e-07, Final residual = 8.51801e-07, No Iterations 0
ExecutionTime = 2.46 s  ClockTime = 4 s

Time = 1.7

DICPCG:  Solving for T, Initial residual = 8.54704e-05, Final residual = 5.5251e-07, No Iterations 3
DICPCG:  Solving for T, Initial residual = 8.46831e-07, Final residual = 8.46831e-07, No Iterations 0
DICPCG:  Solving for T, Initial residual = 8.46831e-07, Final residual = 8.46831e-07, No Iterations 0
ExecutionTime = 2.5 s  ClockTime = 5 s

Time = 1.705

DICPCG:  Solving for T, Initial residual = 8.49648e-05, Final residual = 5.49374e-07, No Iterations 3
DICPCG:  Solving for T, Initial residual = 8.41897e-07, Final residual = 8.41897e-07, No Iterations 0
DICPCG:  Solving for T, Initial residual = 8.41897e-07, Final residual = 8.41897e-07, No Iterations 0
ExecutionTime = 2.5 s  ClockTime = 5 s

Time = 1.71

DICPCG:  Solving for T, Initial residual = 8.44629e-05, Final residual = 5.46259e-07, No Iterations 3
DICPCG:  Solving for T, Initial residual = 8.36999e-07, Final residual = 8.36999e-07, No Iterations 0
DICPCG:  Solving for T, Initial residual = 8.36999e-07, Final residual = 8.36999e-07, No Iterations 0
ExecutionTime = 2.51 s  ClockTime = 5 s

Time = 1.715

DICPCG:  Solving for T, Initial residual = 8.39645e-05, Final residual = 5.43164e-07, No Iterations 3
DICPCG:  Solving for T, Initial residual = 8.32137e-07, Final residual = 8.32137e-07, No Iterations 0
DICPCG:  Solving for T, Initial residual = 8.32137e-07, Final residual = 8.32137e-07, No Iterations 0
ExecutionTime = 2.51 s  ClockTime = 5 s

Time = 1.72

DICPCG:  Solving for T, Initial residual = 8.34697e-05, Final residual = 5.40088e-07, No Iterations 3
DICPCG:  Solving for T, Initial residual = 8.27311e-07, Final residual = 8.27311e-07, No Iterations 0
DICPCG:  Solving for T, Initial residual = 8.27311e-07, Final residual = 8.27311e-07, No Iterations 0
ExecutionTime = 2.51 s  ClockTime = 5 s

Time = 1.725

DICPCG:  Solving for T, Initial residual = 8.29785e-05, Final residual = 5.37032e-07, No Iterations 3
DICPCG:  Solving for T, Initial residual = 8.22519e-07, Final residual = 8.22519e-07, No Iterations 0
DICPCG:  Solving for T, Initial residual = 8.22519e-07, Final residual = 8.22519e-07, No Iterations 0
ExecutionTime = 2.53 s  ClockTime = 5 s

Time = 1.73

DICPCG:  Solving for T, Initial residual = 8.24908e-05, Final residual = 5.33996e-07, No Iterations 3
DICPCG:  Solving for T, Initial residual = 8.1776e-07, Final residual = 8.1776e-07, No Iterations 0
DICPCG:  Solving for T, Initial residual = 8.1776e-07, Final residual = 8.1776e-07, No Iterations 0
ExecutionTime = 2.53 s  ClockTime = 5 s

Time = 1.735

DICPCG:  Solving for T, Initial residual = 8.20065e-05, Final residual = 5.30979e-07, No Iterations 3
DICPCG:  Solving for T, Initial residual = 8.13034e-07, Final residual = 8.13034e-07, No Iterations 0
DICPCG:  Solving for T, Initial residual = 8.13034e-07, Final residual = 8.13034e-07, No Iterations 0
ExecutionTime = 2.53 s  ClockTime = 5 s

Time = 1.74

DICPCG:  Solving for T, Initial residual = 8.15257e-05, Final residual = 5.27981e-07, No Iterations 3
DICPCG:  Solving for T, Initial residual = 8.0834e-07, Final residual = 8.0834e-07, No Iterations 0
DICPCG:  Solving for T, Initial residual = 8.0834e-07, Final residual = 8.0834e-07, No Iterations 0
ExecutionTime = 2.53 s  ClockTime = 5 s

Time = 1.745

DICPCG:  Solving for T, Initial residual = 8.10482e-05, Final residual = 5.25003e-07, No Iterations 3
DICPCG:  Solving for T, Initial residual = 8.03679e-07, Final residual = 8.03679e-07, No Iterations 0
DICPCG:  Solving for T, Initial residual = 8.03679e-07, Final residual = 8.03679e-07, No Iterations 0
ExecutionTime = 2.55 s  ClockTime = 5 s

Time = 1.75

DICPCG:  Solving for T, Initial residual = 8.05741e-05, Final residual = 5.22043e-07, No Iterations 3
DICPCG:  Solving for T, Initial residual = 7.99049e-07, Final residual = 7.99049e-07, No Iterations 0
DICPCG:  Solving for T, Initial residual = 7.99049e-07, Final residual = 7.99049e-07, No Iterations 0
ExecutionTime = 2.55 s  ClockTime = 5 s

Time = 1.755

DICPCG:  Solving for T, Initial residual = 8.01034e-05, Final residual = 5.19101e-07, No Iterations 3
DICPCG:  Solving for T, Initial residual = 7.94451e-07, Final residual = 7.94451e-07, No Iterations 0
DICPCG:  Solving for T, Initial residual = 7.94451e-07, Final residual = 7.94451e-07, No Iterations 0
ExecutionTime = 2.55 s  ClockTime = 5 s

Time = 1.76

DICPCG:  Solving for T, Initial residual = 7.96359e-05, Final residual = 5.16178e-07, No Iterations 3
DICPCG:  Solving for T, Initial residual = 7.89883e-07, Final residual = 7.89883e-07, No Iterations 0
DICPCG:  Solving for T, Initial residual = 7.89883e-07, Final residual = 7.89883e-07, No Iterations 0
ExecutionTime = 2.56 s  ClockTime = 5 s

Time = 1.765

DICPCG:  Solving for T, Initial residual = 7.91717e-05, Final residual = 5.13274e-07, No Iterations 3
DICPCG:  Solving for T, Initial residual = 7.85348e-07, Final residual = 7.85348e-07, No Iterations 0
DICPCG:  Solving for T, Initial residual = 7.85348e-07, Final residual = 7.85348e-07, No Iterations 0
ExecutionTime = 2.56 s  ClockTime = 5 s

Time = 1.77

DICPCG:  Solving for T, Initial residual = 7.87107e-05, Final residual = 5.10388e-07, No Iterations 3
DICPCG:  Solving for T, Initial residual = 7.80844e-07, Final residual = 7.80844e-07, No Iterations 0
DICPCG:  Solving for T, Initial residual = 7.80844e-07, Final residual = 7.80844e-07, No Iterations 0
ExecutionTime = 2.56 s  ClockTime = 5 s

Time = 1.775

DICPCG:  Solving for T, Initial residual = 7.82528e-05, Final residual = 5.07519e-07, No Iterations 3
DICPCG:  Solving for T, Initial residual = 7.76369e-07, Final residual = 7.76369e-07, No Iterations 0
DICPCG:  Solving for T, Initial residual = 7.76369e-07, Final residual = 7.76369e-07, No Iterations 0
ExecutionTime = 2.57 s  ClockTime = 5 s

Time = 1.78

DICPCG:  Solving for T, Initial residual = 7.77982e-05, Final residual = 5.04669e-07, No Iterations 3
DICPCG:  Solving for T, Initial residual = 7.71925e-07, Final residual = 7.71925e-07, No Iterations 0
DICPCG:  Solving for T, Initial residual = 7.71925e-07, Final residual = 7.71925e-07, No Iterations 0
ExecutionTime = 2.58 s  ClockTime = 5 s

Time = 1.785

DICPCG:  Solving for T, Initial residual = 7.73466e-05, Final residual = 5.01836e-07, No Iterations 3
DICPCG:  Solving for T, Initial residual = 7.6751e-07, Final residual = 7.6751e-07, No Iterations 0
DICPCG:  Solving for T, Initial residual = 7.6751e-07, Final residual = 7.6751e-07, No Iterations 0
ExecutionTime = 2.58 s  ClockTime = 5 s

Time = 1.79

DICPCG:  Solving for T, Initial residual = 7.68982e-05, Final residual = 4.99021e-07, No Iterations 3
DICPCG:  Solving for T, Initial residual = 7.63124e-07, Final residual = 7.63124e-07, No Iterations 0
DICPCG:  Solving for T, Initial residual = 7.63124e-07, Final residual = 7.63124e-07, No Iterations 0
ExecutionTime = 2.58 s  ClockTime = 5 s

Time = 1.795

DICPCG:  Solving for T, Initial residual = 7.64528e-05, Final residual = 4.96223e-07, No Iterations 3
DICPCG:  Solving for T, Initial residual = 7.58767e-07, Final residual = 7.58767e-07, No Iterations 0
DICPCG:  Solving for T, Initial residual = 7.58767e-07, Final residual = 7.58767e-07, No Iterations 0
ExecutionTime = 2.59 s  ClockTime = 5 s

Time = 1.8

DICPCG:  Solving for T, Initial residual = 7.60105e-05, Final residual = 4.93443e-07, No Iterations 3
DICPCG:  Solving for T, Initial residual = 7.54438e-07, Final residual = 7.54438e-07, No Iterations 0
DICPCG:  Solving for T, Initial residual = 7.54438e-07, Final residual = 7.54438e-07, No Iterations 0
ExecutionTime = 2.63 s  ClockTime = 5 s

Time = 1.805

DICPCG:  Solving for T, Initial residual = 7.55711e-05, Final residual = 4.9068e-07, No Iterations 3
DICPCG:  Solving for T, Initial residual = 7.50137e-07, Final residual = 7.50137e-07, No Iterations 0
DICPCG:  Solving for T, Initial residual = 7.50137e-07, Final residual = 7.50137e-07, No Iterations 0
ExecutionTime = 2.64 s  ClockTime = 5 s

Time = 1.81

DICPCG:  Solving for T, Initial residual = 7.51347e-05, Final residual = 4.87934e-07, No Iterations 3
DICPCG:  Solving for T, Initial residual = 7.45866e-07, Final residual = 7.45866e-07, No Iterations 0
DICPCG:  Solving for T, Initial residual = 7.45866e-07, Final residual = 7.45866e-07, No Iterations 0
ExecutionTime = 2.65 s  ClockTime = 5 s

Time = 1.815

DICPCG:  Solving for T, Initial residual = 7.47013e-05, Final residual = 4.85205e-07, No Iterations 3
DICPCG:  Solving for T, Initial residual = 7.41623e-07, Final residual = 7.41623e-07, No Iterations 0
DICPCG:  Solving for T, Initial residual = 7.41623e-07, Final residual = 7.41623e-07, No Iterations 0
ExecutionTime = 2.65 s  ClockTime = 5 s

Time = 1.82

DICPCG:  Solving for T, Initial residual = 7.42708e-05, Final residual = 4.82492e-07, No Iterations 3
DICPCG:  Solving for T, Initial residual = 7.37407e-07, Final residual = 7.37407e-07, No Iterations 0
DICPCG:  Solving for T, Initial residual = 7.37407e-07, Final residual = 7.37407e-07, No Iterations 0
ExecutionTime = 2.65 s  ClockTime = 5 s

Time = 1.825

DICPCG:  Solving for T, Initial residual = 7.38432e-05, Final residual = 4.79796e-07, No Iterations 3
DICPCG:  Solving for T, Initial residual = 7.33218e-07, Final residual = 7.33218e-07, No Iterations 0
DICPCG:  Solving for T, Initial residual = 7.33218e-07, Final residual = 7.33218e-07, No Iterations 0
ExecutionTime = 2.66 s  ClockTime = 5 s

Time = 1.83

DICPCG:  Solving for T, Initial residual = 7.34184e-05, Final residual = 4.77117e-07, No Iterations 3
DICPCG:  Solving for T, Initial residual = 7.29057e-07, Final residual = 7.29057e-07, No Iterations 0
DICPCG:  Solving for T, Initial residual = 7.29057e-07, Final residual = 7.29057e-07, No Iterations 0
ExecutionTime = 2.66 s  ClockTime = 5 s

Time = 1.835

DICPCG:  Solving for T, Initial residual = 7.29965e-05, Final residual = 4.74454e-07, No Iterations 3
DICPCG:  Solving for T, Initial residual = 7.24922e-07, Final residual = 7.24922e-07, No Iterations 0
DICPCG:  Solving for T, Initial residual = 7.24922e-07, Final residual = 7.24922e-07, No Iterations 0
ExecutionTime = 2.67 s  ClockTime = 5 s

Time = 1.84

DICPCG:  Solving for T, Initial residual = 7.25774e-05, Final residual = 4.71807e-07, No Iterations 3
DICPCG:  Solving for T, Initial residual = 7.20814e-07, Final residual = 7.20814e-07, No Iterations 0
DICPCG:  Solving for T, Initial residual = 7.20814e-07, Final residual = 7.20814e-07, No Iterations 0
ExecutionTime = 2.67 s  ClockTime = 5 s

Time = 1.845

DICPCG:  Solving for T, Initial residual = 7.21611e-05, Final residual = 4.69177e-07, No Iterations 3
DICPCG:  Solving for T, Initial residual = 7.16732e-07, Final residual = 7.16732e-07, No Iterations 0
DICPCG:  Solving for T, Initial residual = 7.16732e-07, Final residual = 7.16732e-07, No Iterations 0
ExecutionTime = 2.68 s  ClockTime = 5 s

Time = 1.85

DICPCG:  Solving for T, Initial residual = 7.17475e-05, Final residual = 4.66562e-07, No Iterations 3
DICPCG:  Solving for T, Initial residual = 7.12677e-07, Final residual = 7.12677e-07, No Iterations 0
DICPCG:  Solving for T, Initial residual = 7.12677e-07, Final residual = 7.12677e-07, No Iterations 0
ExecutionTime = 2.68 s  ClockTime = 5 s

Time = 1.855

DICPCG:  Solving for T, Initial residual = 7.13367e-05, Final residual = 4.63963e-07, No Iterations 3
DICPCG:  Solving for T, Initial residual = 7.08647e-07, Final residual = 7.08647e-07, No Iterations 0
DICPCG:  Solving for T, Initial residual = 7.08647e-07, Final residual = 7.08647e-07, No Iterations 0
ExecutionTime = 2.69 s  ClockTime = 5 s

Time = 1.86

DICPCG:  Solving for T, Initial residual = 7.09286e-05, Final residual = 4.61381e-07, No Iterations 3
DICPCG:  Solving for T, Initial residual = 7.04643e-07, Final residual = 7.04643e-07, No Iterations 0
DICPCG:  Solving for T, Initial residual = 7.04643e-07, Final residual = 7.04643e-07, No Iterations 0
ExecutionTime = 2.69 s  ClockTime = 5 s

Time = 1.865

DICPCG:  Solving for T, Initial residual = 7.05231e-05, Final residual = 4.58813e-07, No Iterations 3
DICPCG:  Solving for T, Initial residual = 7.00664e-07, Final residual = 7.00664e-07, No Iterations 0
DICPCG:  Solving for T, Initial residual = 7.00664e-07, Final residual = 7.00664e-07, No Iterations 0
ExecutionTime = 2.69 s  ClockTime = 5 s

Time = 1.87

DICPCG:  Solving for T, Initial residual = 7.01203e-05, Final residual = 4.56261e-07, No Iterations 3
DICPCG:  Solving for T, Initial residual = 6.9671e-07, Final residual = 6.9671e-07, No Iterations 0
DICPCG:  Solving for T, Initial residual = 6.9671e-07, Final residual = 6.9671e-07, No Iterations 0
ExecutionTime = 2.7 s  ClockTime = 5 s

Time = 1.875

DICPCG:  Solving for T, Initial residual = 6.97202e-05, Final residual = 4.53725e-07, No Iterations 3
DICPCG:  Solving for T, Initial residual = 6.92781e-07, Final residual = 6.92781e-07, No Iterations 0
DICPCG:  Solving for T, Initial residual = 6.92781e-07, Final residual = 6.92781e-07, No Iterations 0
ExecutionTime = 2.7 s  ClockTime = 5 s

Time = 1.88

DICPCG:  Solving for T, Initial residual = 6.93226e-05, Final residual = 4.51204e-07, No Iterations 3
DICPCG:  Solving for T, Initial residual = 6.88878e-07, Final residual = 6.88878e-07, No Iterations 0
DICPCG:  Solving for T, Initial residual = 6.88878e-07, Final residual = 6.88878e-07, No Iterations 0
ExecutionTime = 2.7 s  ClockTime = 5 s

Time = 1.885

DICPCG:  Solving for T, Initial residual = 6.89277e-05, Final residual = 4.48698e-07, No Iterations 3
DICPCG:  Solving for T, Initial residual = 6.84999e-07, Final residual = 6.84999e-07, No Iterations 0
DICPCG:  Solving for T, Initial residual = 6.84999e-07, Final residual = 6.84999e-07, No Iterations 0
ExecutionTime = 2.7 s  ClockTime = 5 s

Time = 1.89

DICPCG:  Solving for T, Initial residual = 6.85353e-05, Final residual = 4.46208e-07, No Iterations 3
DICPCG:  Solving for T, Initial residual = 6.81144e-07, Final residual = 6.81144e-07, No Iterations 0
DICPCG:  Solving for T, Initial residual = 6.81144e-07, Final residual = 6.81144e-07, No Iterations 0
ExecutionTime = 2.71 s  ClockTime = 5 s

Time = 1.895

DICPCG:  Solving for T, Initial residual = 6.81454e-05, Final residual = 4.43733e-07, No Iterations 3
DICPCG:  Solving for T, Initial residual = 6.77314e-07, Final residual = 6.77314e-07, No Iterations 0
DICPCG:  Solving for T, Initial residual = 6.77314e-07, Final residual = 6.77314e-07, No Iterations 0
ExecutionTime = 2.71 s  ClockTime = 5 s

Time = 1.9

DICPCG:  Solving for T, Initial residual = 6.77581e-05, Final residual = 4.41272e-07, No Iterations 3
DICPCG:  Solving for T, Initial residual = 6.73508e-07, Final residual = 6.73508e-07, No Iterations 0
DICPCG:  Solving for T, Initial residual = 6.73508e-07, Final residual = 6.73508e-07, No Iterations 0
ExecutionTime = 2.76 s  ClockTime = 5 s

Time = 1.905

DICPCG:  Solving for T, Initial residual = 6.73733e-05, Final residual = 4.38826e-07, No Iterations 3
DICPCG:  Solving for T, Initial residual = 6.69725e-07, Final residual = 6.69725e-07, No Iterations 0
DICPCG:  Solving for T, Initial residual = 6.69725e-07, Final residual = 6.69725e-07, No Iterations 0
ExecutionTime = 2.76 s  ClockTime = 5 s

Time = 1.91

DICPCG:  Solving for T, Initial residual = 6.69909e-05, Final residual = 4.36395e-07, No Iterations 3
DICPCG:  Solving for T, Initial residual = 6.65966e-07, Final residual = 6.65966e-07, No Iterations 0
DICPCG:  Solving for T, Initial residual = 6.65966e-07, Final residual = 6.65966e-07, No Iterations 0
ExecutionTime = 2.76 s  ClockTime = 5 s

Time = 1.915

DICPCG:  Solving for T, Initial residual = 6.6611e-05, Final residual = 4.33978e-07, No Iterations 3
DICPCG:  Solving for T, Initial residual = 6.6223e-07, Final residual = 6.6223e-07, No Iterations 0
DICPCG:  Solving for T, Initial residual = 6.6223e-07, Final residual = 6.6223e-07, No Iterations 0
ExecutionTime = 2.77 s  ClockTime = 5 s

Time = 1.92

DICPCG:  Solving for T, Initial residual = 6.62335e-05, Final residual = 4.31575e-07, No Iterations 3
DICPCG:  Solving for T, Initial residual = 6.58518e-07, Final residual = 6.58518e-07, No Iterations 0
DICPCG:  Solving for T, Initial residual = 6.58518e-07, Final residual = 6.58518e-07, No Iterations 0
ExecutionTime = 2.77 s  ClockTime = 5 s

Time = 1.925

DICPCG:  Solving for T, Initial residual = 6.58584e-05, Final residual = 4.29187e-07, No Iterations 3
DICPCG:  Solving for T, Initial residual = 6.54829e-07, Final residual = 6.54829e-07, No Iterations 0
DICPCG:  Solving for T, Initial residual = 6.54829e-07, Final residual = 6.54829e-07, No Iterations 0
ExecutionTime = 2.78 s  ClockTime = 5 s

Time = 1.93

DICPCG:  Solving for T, Initial residual = 6.54857e-05, Final residual = 4.26813e-07, No Iterations 3
DICPCG:  Solving for T, Initial residual = 6.51163e-07, Final residual = 6.51163e-07, No Iterations 0
DICPCG:  Solving for T, Initial residual = 6.51163e-07, Final residual = 6.51163e-07, No Iterations 0
ExecutionTime = 2.78 s  ClockTime = 5 s

Time = 1.935

DICPCG:  Solving for T, Initial residual = 6.51154e-05, Final residual = 4.24453e-07, No Iterations 3
DICPCG:  Solving for T, Initial residual = 6.4752e-07, Final residual = 6.4752e-07, No Iterations 0
DICPCG:  Solving for T, Initial residual = 6.4752e-07, Final residual = 6.4752e-07, No Iterations 0
ExecutionTime = 2.79 s  ClockTime = 5 s

Time = 1.94

DICPCG:  Solving for T, Initial residual = 6.47474e-05, Final residual = 4.22108e-07, No Iterations 3
DICPCG:  Solving for T, Initial residual = 6.43899e-07, Final residual = 6.43899e-07, No Iterations 0
DICPCG:  Solving for T, Initial residual = 6.43899e-07, Final residual = 6.43899e-07, No Iterations 0
ExecutionTime = 2.79 s  ClockTime = 5 s

Time = 1.945

DICPCG:  Solving for T, Initial residual = 6.43818e-05, Final residual = 4.19776e-07, No Iterations 3
DICPCG:  Solving for T, Initial residual = 6.403e-07, Final residual = 6.403e-07, No Iterations 0
DICPCG:  Solving for T, Initial residual = 6.403e-07, Final residual = 6.403e-07, No Iterations 0
ExecutionTime = 2.8 s  ClockTime = 5 s

Time = 1.95

DICPCG:  Solving for T, Initial residual = 6.40184e-05, Final residual = 4.17457e-07, No Iterations 3
DICPCG:  Solving for T, Initial residual = 6.36723e-07, Final residual = 6.36723e-07, No Iterations 0
DICPCG:  Solving for T, Initial residual = 6.36723e-07, Final residual = 6.36723e-07, No Iterations 0
ExecutionTime = 2.8 s  ClockTime = 5 s

Time = 1.955

DICPCG:  Solving for T, Initial residual = 6.36574e-05, Final residual = 4.15153e-07, No Iterations 3
DICPCG:  Solving for T, Initial residual = 6.33168e-07, Final residual = 6.33168e-07, No Iterations 0
DICPCG:  Solving for T, Initial residual = 6.33168e-07, Final residual = 6.33168e-07, No Iterations 0
ExecutionTime = 2.81 s  ClockTime = 5 s

Time = 1.96

DICPCG:  Solving for T, Initial residual = 6.32986e-05, Final residual = 4.12862e-07, No Iterations 3
DICPCG:  Solving for T, Initial residual = 6.29635e-07, Final residual = 6.29635e-07, No Iterations 0
DICPCG:  Solving for T, Initial residual = 6.29635e-07, Final residual = 6.29635e-07, No Iterations 0
ExecutionTime = 2.81 s  ClockTime = 5 s

Time = 1.965

DICPCG:  Solving for T, Initial residual = 6.29421e-05, Final residual = 4.10584e-07, No Iterations 3
DICPCG:  Solving for T, Initial residual = 6.26123e-07, Final residual = 6.26123e-07, No Iterations 0
DICPCG:  Solving for T, Initial residual = 6.26123e-07, Final residual = 6.26123e-07, No Iterations 0
ExecutionTime = 2.81 s  ClockTime = 5 s

Time = 1.97

DICPCG:  Solving for T, Initial residual = 6.25878e-05, Final residual = 4.08321e-07, No Iterations 3
DICPCG:  Solving for T, Initial residual = 6.22632e-07, Final residual = 6.22632e-07, No Iterations 0
DICPCG:  Solving for T, Initial residual = 6.22632e-07, Final residual = 6.22632e-07, No Iterations 0
ExecutionTime = 2.82 s  ClockTime = 5 s

Time = 1.975

DICPCG:  Solving for T, Initial residual = 6.22357e-05, Final residual = 4.0607e-07, No Iterations 3
DICPCG:  Solving for T, Initial residual = 6.19162e-07, Final residual = 6.19162e-07, No Iterations 0
DICPCG:  Solving for T, Initial residual = 6.19162e-07, Final residual = 6.19162e-07, No Iterations 0
ExecutionTime = 2.82 s  ClockTime = 5 s

Time = 1.98

DICPCG:  Solving for T, Initial residual = 6.18858e-05, Final residual = 4.03832e-07, No Iterations 3
DICPCG:  Solving for T, Initial residual = 6.15714e-07, Final residual = 6.15714e-07, No Iterations 0
DICPCG:  Solving for T, Initial residual = 6.15714e-07, Final residual = 6.15714e-07, No Iterations 0
ExecutionTime = 2.83 s  ClockTime = 5 s

Time = 1.985

DICPCG:  Solving for T, Initial residual = 6.15381e-05, Final residual = 4.01608e-07, No Iterations 3
DICPCG:  Solving for T, Initial residual = 6.12286e-07, Final residual = 6.12286e-07, No Iterations 0
DICPCG:  Solving for T, Initial residual = 6.12286e-07, Final residual = 6.12286e-07, No Iterations 0
ExecutionTime = 2.83 s  ClockTime = 5 s

Time = 1.99

DICPCG:  Solving for T, Initial residual = 6.11926e-05, Final residual = 3.99397e-07, No Iterations 3
DICPCG:  Solving for T, Initial residual = 6.08879e-07, Final residual = 6.08879e-07, No Iterations 0
DICPCG:  Solving for T, Initial residual = 6.08879e-07, Final residual = 6.08879e-07, No Iterations 0
ExecutionTime = 2.83 s  ClockTime = 5 s

Time = 1.995

DICPCG:  Solving for T, Initial residual = 6.08492e-05, Final residual = 3.97198e-07, No Iterations 3
DICPCG:  Solving for T, Initial residual = 6.05492e-07, Final residual = 6.05492e-07, No Iterations 0
DICPCG:  Solving for T, Initial residual = 6.05492e-07, Final residual = 6.05492e-07, No Iterations 0
ExecutionTime = 2.83 s  ClockTime = 5 s

Time = 2

DICPCG:  Solving for T, Initial residual = 6.05079e-05, Final residual = 3.95012e-07, No Iterations 3
DICPCG:  Solving for T, Initial residual = 6.02126e-07, Final residual = 6.02126e-07, No Iterations 0
DICPCG:  Solving for T, Initial residual = 6.02126e-07, Final residual = 6.02126e-07, No Iterations 0
ExecutionTime = 2.87 s  ClockTime = 5 s

Time = 2.005

DICPCG:  Solving for T, Initial residual = 6.01687e-05, Final residual = 3.92839e-07, No Iterations 3
DICPCG:  Solving for T, Initial residual = 5.9878e-07, Final residual = 5.9878e-07, No Iterations 0
DICPCG:  Solving for T, Initial residual = 5.9878e-07, Final residual = 5.9878e-07, No Iterations 0
ExecutionTime = 2.88 s  ClockTime = 5 s

Time = 2.01

DICPCG:  Solving for T, Initial residual = 5.98316e-05, Final residual = 3.90679e-07, No Iterations 3
DICPCG:  Solving for T, Initial residual = 5.95454e-07, Final residual = 5.95454e-07, No Iterations 0
DICPCG:  Solving for T, Initial residual = 5.95454e-07, Final residual = 5.95454e-07, No Iterations 0
ExecutionTime = 2.88 s  ClockTime = 5 s

Time = 2.015

DICPCG:  Solving for T, Initial residual = 5.94966e-05, Final residual = 3.88531e-07, No Iterations 3
DICPCG:  Solving for T, Initial residual = 5.92148e-07, Final residual = 5.92148e-07, No Iterations 0
DICPCG:  Solving for T, Initial residual = 5.92148e-07, Final residual = 5.92148e-07, No Iterations 0
ExecutionTime = 2.89 s  ClockTime = 6 s

Time = 2.02

DICPCG:  Solving for T, Initial residual = 5.91636e-05, Final residual = 3.86395e-07, No Iterations 3
DICPCG:  Solving for T, Initial residual = 5.88861e-07, Final residual = 5.88861e-07, No Iterations 0
DICPCG:  Solving for T, Initial residual = 5.88861e-07, Final residual = 5.88861e-07, No Iterations 0
ExecutionTime = 2.89 s  ClockTime = 6 s

Time = 2.025

DICPCG:  Solving for T, Initial residual = 5.88327e-05, Final residual = 3.84272e-07, No Iterations 3
DICPCG:  Solving for T, Initial residual = 5.85594e-07, Final residual = 5.85594e-07, No Iterations 0
DICPCG:  Solving for T, Initial residual = 5.85594e-07, Final residual = 5.85594e-07, No Iterations 0
ExecutionTime = 2.89 s  ClockTime = 6 s

Time = 2.03

DICPCG:  Solving for T, Initial residual = 5.85038e-05, Final residual = 3.82161e-07, No Iterations 3
DICPCG:  Solving for T, Initial residual = 5.82347e-07, Final residual = 5.82347e-07, No Iterations 0
DICPCG:  Solving for T, Initial residual = 5.82347e-07, Final residual = 5.82347e-07, No Iterations 0
ExecutionTime = 2.9 s  ClockTime = 6 s

Time = 2.035

DICPCG:  Solving for T, Initial residual = 5.8177e-05, Final residual = 3.80062e-07, No Iterations 3
DICPCG:  Solving for T, Initial residual = 5.79119e-07, Final residual = 5.79119e-07, No Iterations 0
DICPCG:  Solving for T, Initial residual = 5.79119e-07, Final residual = 5.79119e-07, No Iterations 0
ExecutionTime = 2.9 s  ClockTime = 6 s

Time = 2.04

DICPCG:  Solving for T, Initial residual = 5.78521e-05, Final residual = 3.77976e-07, No Iterations 3
DICPCG:  Solving for T, Initial residual = 5.7591e-07, Final residual = 5.7591e-07, No Iterations 0
DICPCG:  Solving for T, Initial residual = 5.7591e-07, Final residual = 5.7591e-07, No Iterations 0
ExecutionTime = 2.91 s  ClockTime = 6 s

Time = 2.045

DICPCG:  Solving for T, Initial residual = 5.75292e-05, Final residual = 3.75901e-07, No Iterations 3
DICPCG:  Solving for T, Initial residual = 5.7272e-07, Final residual = 5.7272e-07, No Iterations 0
DICPCG:  Solving for T, Initial residual = 5.7272e-07, Final residual = 5.7272e-07, No Iterations 0
ExecutionTime = 2.92 s  ClockTime = 6 s

Time = 2.05

DICPCG:  Solving for T, Initial residual = 5.72082e-05, Final residual = 3.73838e-07, No Iterations 3
DICPCG:  Solving for T, Initial residual = 5.69549e-07, Final residual = 5.69549e-07, No Iterations 0
DICPCG:  Solving for T, Initial residual = 5.69549e-07, Final residual = 5.69549e-07, No Iterations 0
ExecutionTime = 2.92 s  ClockTime = 6 s

Time = 2.055

DICPCG:  Solving for T, Initial residual = 5.68892e-05, Final residual = 3.71788e-07, No Iterations 3
DICPCG:  Solving for T, Initial residual = 5.66397e-07, Final residual = 5.66397e-07, No Iterations 0
DICPCG:  Solving for T, Initial residual = 5.66397e-07, Final residual = 5.66397e-07, No Iterations 0
ExecutionTime = 2.93 s  ClockTime = 6 s

Time = 2.06

DICPCG:  Solving for T, Initial residual = 5.65722e-05, Final residual = 3.69749e-07, No Iterations 3
DICPCG:  Solving for T, Initial residual = 5.63263e-07, Final residual = 5.63263e-07, No Iterations 0
DICPCG:  Solving for T, Initial residual = 5.63263e-07, Final residual = 5.63263e-07, No Iterations 0
ExecutionTime = 2.93 s  ClockTime = 6 s

Time = 2.065

DICPCG:  Solving for T, Initial residual = 5.6257e-05, Final residual = 3.67721e-07, No Iterations 3
DICPCG:  Solving for T, Initial residual = 5.60148e-07, Final residual = 5.60148e-07, No Iterations 0
DICPCG:  Solving for T, Initial residual = 5.60148e-07, Final residual = 5.60148e-07, No Iterations 0
ExecutionTime = 2.93 s  ClockTime = 6 s

Time = 2.07

DICPCG:  Solving for T, Initial residual = 5.59438e-05, Final residual = 3.65706e-07, No Iterations 3
DICPCG:  Solving for T, Initial residual = 5.57051e-07, Final residual = 5.57051e-07, No Iterations 0
DICPCG:  Solving for T, Initial residual = 5.57051e-07, Final residual = 5.57051e-07, No Iterations 0
ExecutionTime = 2.94 s  ClockTime = 6 s

Time = 2.075

DICPCG:  Solving for T, Initial residual = 5.56324e-05, Final residual = 3.63702e-07, No Iterations 3
DICPCG:  Solving for T, Initial residual = 5.53973e-07, Final residual = 5.53973e-07, No Iterations 0
DICPCG:  Solving for T, Initial residual = 5.53973e-07, Final residual = 5.53973e-07, No Iterations 0
ExecutionTime = 2.94 s  ClockTime = 6 s

Time = 2.08

DICPCG:  Solving for T, Initial residual = 5.53229e-05, Final residual = 3.61709e-07, No Iterations 3
DICPCG:  Solving for T, Initial residual = 5.50912e-07, Final residual = 5.50912e-07, No Iterations 0
DICPCG:  Solving for T, Initial residual = 5.50912e-07, Final residual = 5.50912e-07, No Iterations 0
ExecutionTime = 2.94 s  ClockTime = 6 s

Time = 2.085

DICPCG:  Solving for T, Initial residual = 5.50153e-05, Final residual = 3.59728e-07, No Iterations 3
DICPCG:  Solving for T, Initial residual = 5.4787e-07, Final residual = 5.4787e-07, No Iterations 0
DICPCG:  Solving for T, Initial residual = 5.4787e-07, Final residual = 5.4787e-07, No Iterations 0
ExecutionTime = 2.95 s  ClockTime = 6 s

Time = 2.09

DICPCG:  Solving for T, Initial residual = 5.47095e-05, Final residual = 3.57758e-07, No Iterations 3
DICPCG:  Solving for T, Initial residual = 5.44845e-07, Final residual = 5.44845e-07, No Iterations 0
DICPCG:  Solving for T, Initial residual = 5.44845e-07, Final residual = 5.44845e-07, No Iterations 0
ExecutionTime = 2.96 s  ClockTime = 6 s

Time = 2.095

DICPCG:  Solving for T, Initial residual = 5.44056e-05, Final residual = 3.55799e-07, No Iterations 3
DICPCG:  Solving for T, Initial residual = 5.41838e-07, Final residual = 5.41838e-07, No Iterations 0
DICPCG:  Solving for T, Initial residual = 5.41838e-07, Final residual = 5.41838e-07, No Iterations 0
ExecutionTime = 2.96 s  ClockTime = 6 s

Time = 2.1

DICPCG:  Solving for T, Initial residual = 5.41035e-05, Final residual = 3.53851e-07, No Iterations 3
DICPCG:  Solving for T, Initial residual = 5.38849e-07, Final residual = 5.38849e-07, No Iterations 0
DICPCG:  Solving for T, Initial residual = 5.38849e-07, Final residual = 5.38849e-07, No Iterations 0
ExecutionTime = 3 s  ClockTime = 6 s

Time = 2.105

DICPCG:  Solving for T, Initial residual = 5.38031e-05, Final residual = 3.51915e-07, No Iterations 3
DICPCG:  Solving for T, Initial residual = 5.35877e-07, Final residual = 5.35877e-07, No Iterations 0
DICPCG:  Solving for T, Initial residual = 5.35877e-07, Final residual = 5.35877e-07, No Iterations 0
ExecutionTime = 3.01 s  ClockTime = 6 s

Time = 2.11

DICPCG:  Solving for T, Initial residual = 5.35046e-05, Final residual = 3.4999e-07, No Iterations 3
DICPCG:  Solving for T, Initial residual = 5.32923e-07, Final residual = 5.32923e-07, No Iterations 0
DICPCG:  Solving for T, Initial residual = 5.32923e-07, Final residual = 5.32923e-07, No Iterations 0
ExecutionTime = 3.01 s  ClockTime = 6 s

Time = 2.115

DICPCG:  Solving for T, Initial residual = 5.32079e-05, Final residual = 3.48075e-07, No Iterations 3
DICPCG:  Solving for T, Initial residual = 5.29986e-07, Final residual = 5.29986e-07, No Iterations 0
DICPCG:  Solving for T, Initial residual = 5.29986e-07, Final residual = 5.29986e-07, No Iterations 0
ExecutionTime = 3.02 s  ClockTime = 6 s

Time = 2.12

DICPCG:  Solving for T, Initial residual = 5.29129e-05, Final residual = 3.46172e-07, No Iterations 3
DICPCG:  Solving for T, Initial residual = 5.27066e-07, Final residual = 5.27066e-07, No Iterations 0
DICPCG:  Solving for T, Initial residual = 5.27066e-07, Final residual = 5.27066e-07, No Iterations 0
ExecutionTime = 3.02 s  ClockTime = 6 s

Time = 2.125

DICPCG:  Solving for T, Initial residual = 5.26196e-05, Final residual = 3.44279e-07, No Iterations 3
DICPCG:  Solving for T, Initial residual = 5.24163e-07, Final residual = 5.24163e-07, No Iterations 0
DICPCG:  Solving for T, Initial residual = 5.24163e-07, Final residual = 5.24163e-07, No Iterations 0
ExecutionTime = 3.03 s  ClockTime = 6 s

Time = 2.13

DICPCG:  Solving for T, Initial residual = 5.23281e-05, Final residual = 3.42397e-07, No Iterations 3
DICPCG:  Solving for T, Initial residual = 5.21277e-07, Final residual = 5.21277e-07, No Iterations 0
DICPCG:  Solving for T, Initial residual = 5.21277e-07, Final residual = 5.21277e-07, No Iterations 0
ExecutionTime = 3.04 s  ClockTime = 6 s

Time = 2.135

DICPCG:  Solving for T, Initial residual = 5.20384e-05, Final residual = 3.40526e-07, No Iterations 3
DICPCG:  Solving for T, Initial residual = 5.18408e-07, Final residual = 5.18408e-07, No Iterations 0
DICPCG:  Solving for T, Initial residual = 5.18408e-07, Final residual = 5.18408e-07, No Iterations 0
ExecutionTime = 3.04 s  ClockTime = 6 s

Time = 2.14

DICPCG:  Solving for T, Initial residual = 5.17503e-05, Final residual = 3.38665e-07, No Iterations 3
DICPCG:  Solving for T, Initial residual = 5.15555e-07, Final residual = 5.15555e-07, No Iterations 0
DICPCG:  Solving for T, Initial residual = 5.15555e-07, Final residual = 5.15555e-07, No Iterations 0
ExecutionTime = 3.05 s  ClockTime = 6 s

Time = 2.145

DICPCG:  Solving for T, Initial residual = 5.1464e-05, Final residual = 3.36815e-07, No Iterations 3
DICPCG:  Solving for T, Initial residual = 5.12719e-07, Final residual = 5.12719e-07, No Iterations 0
DICPCG:  Solving for T, Initial residual = 5.12719e-07, Final residual = 5.12719e-07, No Iterations 0
ExecutionTime = 3.06 s  ClockTime = 6 s

Time = 2.15

DICPCG:  Solving for T, Initial residual = 5.11793e-05, Final residual = 3.34976e-07, No Iterations 3
DICPCG:  Solving for T, Initial residual = 5.099e-07, Final residual = 5.099e-07, No Iterations 0
DICPCG:  Solving for T, Initial residual = 5.099e-07, Final residual = 5.099e-07, No Iterations 0
ExecutionTime = 3.06 s  ClockTime = 6 s

Time = 2.155

DICPCG:  Solving for T, Initial residual = 5.08963e-05, Final residual = 3.33147e-07, No Iterations 3
DICPCG:  Solving for T, Initial residual = 5.07096e-07, Final residual = 5.07096e-07, No Iterations 0
DICPCG:  Solving for T, Initial residual = 5.07096e-07, Final residual = 5.07096e-07, No Iterations 0
ExecutionTime = 3.07 s  ClockTime = 6 s

Time = 2.16

DICPCG:  Solving for T, Initial residual = 5.0615e-05, Final residual = 3.31328e-07, No Iterations 3
DICPCG:  Solving for T, Initial residual = 5.04309e-07, Final residual = 5.04309e-07, No Iterations 0
DICPCG:  Solving for T, Initial residual = 5.04309e-07, Final residual = 5.04309e-07, No Iterations 0
ExecutionTime = 3.07 s  ClockTime = 6 s

Time = 2.165

DICPCG:  Solving for T, Initial residual = 5.03353e-05, Final residual = 3.29519e-07, No Iterations 3
DICPCG:  Solving for T, Initial residual = 5.01538e-07, Final residual = 5.01538e-07, No Iterations 0
DICPCG:  Solving for T, Initial residual = 5.01538e-07, Final residual = 5.01538e-07, No Iterations 0
ExecutionTime = 3.08 s  ClockTime = 6 s

Time = 2.17

DICPCG:  Solving for T, Initial residual = 5.00573e-05, Final residual = 3.27721e-07, No Iterations 3
DICPCG:  Solving for T, Initial residual = 4.98783e-07, Final residual = 4.98783e-07, No Iterations 0
DICPCG:  Solving for T, Initial residual = 4.98783e-07, Final residual = 4.98783e-07, No Iterations 0
ExecutionTime = 3.1 s  ClockTime = 6 s

Time = 2.175

DICPCG:  Solving for T, Initial residual = 4.97809e-05, Final residual = 3.25932e-07, No Iterations 3
DICPCG:  Solving for T, Initial residual = 4.96043e-07, Final residual = 4.96043e-07, No Iterations 0
DICPCG:  Solving for T, Initial residual = 4.96043e-07, Final residual = 4.96043e-07, No Iterations 0
ExecutionTime = 3.1 s  ClockTime = 6 s

Time = 2.18

DICPCG:  Solving for T, Initial residual = 4.95061e-05, Final residual = 3.24154e-07, No Iterations 3
DICPCG:  Solving for T, Initial residual = 4.93319e-07, Final residual = 4.93319e-07, No Iterations 0
DICPCG:  Solving for T, Initial residual = 4.93319e-07, Final residual = 4.93319e-07, No Iterations 0
ExecutionTime = 3.11 s  ClockTime = 6 s

Time = 2.185

DICPCG:  Solving for T, Initial residual = 4.92329e-05, Final residual = 3.22386e-07, No Iterations 3
DICPCG:  Solving for T, Initial residual = 4.90611e-07, Final residual = 4.90611e-07, No Iterations 0
DICPCG:  Solving for T, Initial residual = 4.90611e-07, Final residual = 4.90611e-07, No Iterations 0
ExecutionTime = 3.11 s  ClockTime = 6 s

Time = 2.19

DICPCG:  Solving for T, Initial residual = 4.89614e-05, Final residual = 3.20627e-07, No Iterations 3
DICPCG:  Solving for T, Initial residual = 4.87919e-07, Final residual = 4.87919e-07, No Iterations 0
DICPCG:  Solving for T, Initial residual = 4.87919e-07, Final residual = 4.87919e-07, No Iterations 0
ExecutionTime = 3.12 s  ClockTime = 6 s

Time = 2.195

DICPCG:  Solving for T, Initial residual = 4.86914e-05, Final residual = 3.18879e-07, No Iterations 3
DICPCG:  Solving for T, Initial residual = 4.85242e-07, Final residual = 4.85242e-07, No Iterations 0
DICPCG:  Solving for T, Initial residual = 4.85242e-07, Final residual = 4.85242e-07, No Iterations 0
ExecutionTime = 3.12 s  ClockTime = 6 s

Time = 2.2

DICPCG:  Solving for T, Initial residual = 4.8423e-05, Final residual = 3.1714e-07, No Iterations 3
DICPCG:  Solving for T, Initial residual = 4.8258e-07, Final residual = 4.8258e-07, No Iterations 0
DICPCG:  Solving for T, Initial residual = 4.8258e-07, Final residual = 4.8258e-07, No Iterations 0
ExecutionTime = 3.18 s  ClockTime = 6 s

Time = 2.205

DICPCG:  Solving for T, Initial residual = 4.81561e-05, Final residual = 3.15411e-07, No Iterations 3
DICPCG:  Solving for T, Initial residual = 4.79934e-07, Final residual = 4.79934e-07, No Iterations 0
DICPCG:  Solving for T, Initial residual = 4.79934e-07, Final residual = 4.79934e-07, No Iterations 0
ExecutionTime = 3.2 s  ClockTime = 6 s

Time = 2.21

DICPCG:  Solving for T, Initial residual = 4.78908e-05, Final residual = 3.13692e-07, No Iterations 3
DICPCG:  Solving for T, Initial residual = 4.77302e-07, Final residual = 4.77302e-07, No Iterations 0
DICPCG:  Solving for T, Initial residual = 4.77302e-07, Final residual = 4.77302e-07, No Iterations 0
ExecutionTime = 3.2 s  ClockTime = 6 s

Time = 2.215

DICPCG:  Solving for T, Initial residual = 4.7627e-05, Final residual = 3.11983e-07, No Iterations 3
DICPCG:  Solving for T, Initial residual = 4.74686e-07, Final residual = 4.74686e-07, No Iterations 0
DICPCG:  Solving for T, Initial residual = 4.74686e-07, Final residual = 4.74686e-07, No Iterations 0
ExecutionTime = 3.21 s  ClockTime = 6 s

Time = 2.22

DICPCG:  Solving for T, Initial residual = 4.73648e-05, Final residual = 3.10283e-07, No Iterations 3
DICPCG:  Solving for T, Initial residual = 4.72085e-07, Final residual = 4.72085e-07, No Iterations 0
DICPCG:  Solving for T, Initial residual = 4.72085e-07, Final residual = 4.72085e-07, No Iterations 0
ExecutionTime = 3.22 s  ClockTime = 6 s

Time = 2.225

DICPCG:  Solving for T, Initial residual = 4.71041e-05, Final residual = 3.08592e-07, No Iterations 3
DICPCG:  Solving for T, Initial residual = 4.69499e-07, Final residual = 4.69499e-07, No Iterations 0
DICPCG:  Solving for T, Initial residual = 4.69499e-07, Final residual = 4.69499e-07, No Iterations 0
ExecutionTime = 3.23 s  ClockTime = 6 s

Time = 2.23

DICPCG:  Solving for T, Initial residual = 4.68449e-05, Final residual = 3.06911e-07, No Iterations 3
DICPCG:  Solving for T, Initial residual = 4.66928e-07, Final residual = 4.66928e-07, No Iterations 0
DICPCG:  Solving for T, Initial residual = 4.66928e-07, Final residual = 4.66928e-07, No Iterations 0
ExecutionTime = 3.24 s  ClockTime = 6 s

Time = 2.235

DICPCG:  Solving for T, Initial residual = 4.65872e-05, Final residual = 3.0524e-07, No Iterations 3
DICPCG:  Solving for T, Initial residual = 4.64371e-07, Final residual = 4.64371e-07, No Iterations 0
DICPCG:  Solving for T, Initial residual = 4.64371e-07, Final residual = 4.64371e-07, No Iterations 0
ExecutionTime = 3.24 s  ClockTime = 6 s

Time = 2.24

DICPCG:  Solving for T, Initial residual = 4.6331e-05, Final residual = 3.03578e-07, No Iterations 3
DICPCG:  Solving for T, Initial residual = 4.61829e-07, Final residual = 4.61829e-07, No Iterations 0
DICPCG:  Solving for T, Initial residual = 4.61829e-07, Final residual = 4.61829e-07, No Iterations 0
ExecutionTime = 3.25 s  ClockTime = 6 s

Time = 2.245

DICPCG:  Solving for T, Initial residual = 4.60763e-05, Final residual = 3.01925e-07, No Iterations 3
DICPCG:  Solving for T, Initial residual = 4.59301e-07, Final residual = 4.59301e-07, No Iterations 0
DICPCG:  Solving for T, Initial residual = 4.59301e-07, Final residual = 4.59301e-07, No Iterations 0
ExecutionTime = 3.26 s  ClockTime = 6 s

Time = 2.25

DICPCG:  Solving for T, Initial residual = 4.5823e-05, Final residual = 3.00281e-07, No Iterations 3
DICPCG:  Solving for T, Initial residual = 4.56788e-07, Final residual = 4.56788e-07, No Iterations 0
DICPCG:  Solving for T, Initial residual = 4.56788e-07, Final residual = 4.56788e-07, No Iterations 0
ExecutionTime = 3.27 s  ClockTime = 6 s

Time = 2.255

DICPCG:  Solving for T, Initial residual = 4.55712e-05, Final residual = 2.98646e-07, No Iterations 3
DICPCG:  Solving for T, Initial residual = 4.54289e-07, Final residual = 4.54289e-07, No Iterations 0
DICPCG:  Solving for T, Initial residual = 4.54289e-07, Final residual = 4.54289e-07, No Iterations 0
ExecutionTime = 3.27 s  ClockTime = 6 s

Time = 2.26

DICPCG:  Solving for T, Initial residual = 4.53209e-05, Final residual = 2.97021e-07, No Iterations 3
DICPCG:  Solving for T, Initial residual = 4.51804e-07, Final residual = 4.51804e-07, No Iterations 0
DICPCG:  Solving for T, Initial residual = 4.51804e-07, Final residual = 4.51804e-07, No Iterations 0
ExecutionTime = 3.27 s  ClockTime = 6 s

Time = 2.265

DICPCG:  Solving for T, Initial residual = 4.50719e-05, Final residual = 2.95405e-07, No Iterations 3
DICPCG:  Solving for T, Initial residual = 4.49333e-07, Final residual = 4.49333e-07, No Iterations 0
DICPCG:  Solving for T, Initial residual = 4.49333e-07, Final residual = 4.49333e-07, No Iterations 0
ExecutionTime = 3.28 s  ClockTime = 6 s

Time = 2.27

DICPCG:  Solving for T, Initial residual = 4.48245e-05, Final residual = 2.93797e-07, No Iterations 3
DICPCG:  Solving for T, Initial residual = 4.46876e-07, Final residual = 4.46876e-07, No Iterations 0
DICPCG:  Solving for T, Initial residual = 4.46876e-07, Final residual = 4.46876e-07, No Iterations 0
ExecutionTime = 3.28 s  ClockTime = 6 s

Time = 2.275

DICPCG:  Solving for T, Initial residual = 4.45784e-05, Final residual = 2.92199e-07, No Iterations 3
DICPCG:  Solving for T, Initial residual = 4.44433e-07, Final residual = 4.44433e-07, No Iterations 0
DICPCG:  Solving for T, Initial residual = 4.44433e-07, Final residual = 4.44433e-07, No Iterations 0
ExecutionTime = 3.29 s  ClockTime = 6 s

Time = 2.28

DICPCG:  Solving for T, Initial residual = 4.43337e-05, Final residual = 2.90609e-07, No Iterations 3
DICPCG:  Solving for T, Initial residual = 4.42004e-07, Final residual = 4.42004e-07, No Iterations 0
DICPCG:  Solving for T, Initial residual = 4.42004e-07, Final residual = 4.42004e-07, No Iterations 0
ExecutionTime = 3.3 s  ClockTime = 6 s

Time = 2.285

DICPCG:  Solving for T, Initial residual = 4.40905e-05, Final residual = 2.89029e-07, No Iterations 3
DICPCG:  Solving for T, Initial residual = 4.39588e-07, Final residual = 4.39588e-07, No Iterations 0
DICPCG:  Solving for T, Initial residual = 4.39588e-07, Final residual = 4.39588e-07, No Iterations 0
ExecutionTime = 3.3 s  ClockTime = 6 s

Time = 2.29

DICPCG:  Solving for T, Initial residual = 4.38486e-05, Final residual = 2.87457e-07, No Iterations 3
DICPCG:  Solving for T, Initial residual = 4.37187e-07, Final residual = 4.37187e-07, No Iterations 0
DICPCG:  Solving for T, Initial residual = 4.37187e-07, Final residual = 4.37187e-07, No Iterations 0
ExecutionTime = 3.31 s  ClockTime = 6 s

Time = 2.295

DICPCG:  Solving for T, Initial residual = 4.36082e-05, Final residual = 2.85894e-07, No Iterations 3
DICPCG:  Solving for T, Initial residual = 4.34798e-07, Final residual = 4.34798e-07, No Iterations 0
DICPCG:  Solving for T, Initial residual = 4.34798e-07, Final residual = 4.34798e-07, No Iterations 0
ExecutionTime = 3.31 s  ClockTime = 6 s

Time = 2.3

DICPCG:  Solving for T, Initial residual = 4.33691e-05, Final residual = 2.84339e-07, No Iterations 3
DICPCG:  Solving for T, Initial residual = 4.32423e-07, Final residual = 4.32423e-07, No Iterations 0
DICPCG:  Solving for T, Initial residual = 4.32423e-07, Final residual = 4.32423e-07, No Iterations 0
ExecutionTime = 3.36 s  ClockTime = 6 s

Time = 2.305

DICPCG:  Solving for T, Initial residual = 4.31313e-05, Final residual = 2.82793e-07, No Iterations 3
DICPCG:  Solving for T, Initial residual = 4.30062e-07, Final residual = 4.30062e-07, No Iterations 0
DICPCG:  Solving for T, Initial residual = 4.30062e-07, Final residual = 4.30062e-07, No Iterations 0
ExecutionTime = 3.36 s  ClockTime = 6 s

Time = 2.31

DICPCG:  Solving for T, Initial residual = 4.28949e-05, Final residual = 2.81256e-07, No Iterations 3
DICPCG:  Solving for T, Initial residual = 4.27714e-07, Final residual = 4.27714e-07, No Iterations 0
DICPCG:  Solving for T, Initial residual = 4.27714e-07, Final residual = 4.27714e-07, No Iterations 0
ExecutionTime = 3.37 s  ClockTime = 6 s

Time = 2.315

DICPCG:  Solving for T, Initial residual = 4.26599e-05, Final residual = 2.79728e-07, No Iterations 3
DICPCG:  Solving for T, Initial residual = 4.25379e-07, Final residual = 4.25379e-07, No Iterations 0
DICPCG:  Solving for T, Initial residual = 4.25379e-07, Final residual = 4.25379e-07, No Iterations 0
ExecutionTime = 3.38 s  ClockTime = 7 s

Time = 2.32

DICPCG:  Solving for T, Initial residual = 4.24262e-05, Final residual = 2.78207e-07, No Iterations 3
DICPCG:  Solving for T, Initial residual = 4.23057e-07, Final residual = 4.23057e-07, No Iterations 0
DICPCG:  Solving for T, Initial residual = 4.23057e-07, Final residual = 4.23057e-07, No Iterations 0
ExecutionTime = 3.38 s  ClockTime = 7 s

Time = 2.325

DICPCG:  Solving for T, Initial residual = 4.21939e-05, Final residual = 2.76695e-07, No Iterations 3
DICPCG:  Solving for T, Initial residual = 4.20748e-07, Final residual = 4.20748e-07, No Iterations 0
DICPCG:  Solving for T, Initial residual = 4.20748e-07, Final residual = 4.20748e-07, No Iterations 0
ExecutionTime = 3.39 s  ClockTime = 7 s

Time = 2.33

DICPCG:  Solving for T, Initial residual = 4.19628e-05, Final residual = 2.75192e-07, No Iterations 3
DICPCG:  Solving for T, Initial residual = 4.18452e-07, Final residual = 4.18452e-07, No Iterations 0
DICPCG:  Solving for T, Initial residual = 4.18452e-07, Final residual = 4.18452e-07, No Iterations 0
ExecutionTime = 3.39 s  ClockTime = 7 s

Time = 2.335

DICPCG:  Solving for T, Initial residual = 4.17331e-05, Final residual = 2.73697e-07, No Iterations 3
DICPCG:  Solving for T, Initial residual = 4.16169e-07, Final residual = 4.16169e-07, No Iterations 0
DICPCG:  Solving for T, Initial residual = 4.16169e-07, Final residual = 4.16169e-07, No Iterations 0
ExecutionTime = 3.4 s  ClockTime = 7 s

Time = 2.34

DICPCG:  Solving for T, Initial residual = 4.15047e-05, Final residual = 2.7221e-07, No Iterations 3
DICPCG:  Solving for T, Initial residual = 4.13899e-07, Final residual = 4.13899e-07, No Iterations 0
DICPCG:  Solving for T, Initial residual = 4.13899e-07, Final residual = 4.13899e-07, No Iterations 0
ExecutionTime = 3.4 s  ClockTime = 7 s

Time = 2.345

DICPCG:  Solving for T, Initial residual = 4.12775e-05, Final residual = 2.70732e-07, No Iterations 3
DICPCG:  Solving for T, Initial residual = 4.11642e-07, Final residual = 4.11642e-07, No Iterations 0
DICPCG:  Solving for T, Initial residual = 4.11642e-07, Final residual = 4.11642e-07, No Iterations 0
ExecutionTime = 3.41 s  ClockTime = 7 s

Time = 2.35

DICPCG:  Solving for T, Initial residual = 4.10517e-05, Final residual = 2.69261e-07, No Iterations 3
DICPCG:  Solving for T, Initial residual = 4.09397e-07, Final residual = 4.09397e-07, No Iterations 0
DICPCG:  Solving for T, Initial residual = 4.09397e-07, Final residual = 4.09397e-07, No Iterations 0
ExecutionTime = 3.41 s  ClockTime = 7 s

Time = 2.355

DICPCG:  Solving for T, Initial residual = 4.08271e-05, Final residual = 2.67799e-07, No Iterations 3
DICPCG:  Solving for T, Initial residual = 4.07165e-07, Final residual = 4.07165e-07, No Iterations 0
DICPCG:  Solving for T, Initial residual = 4.07165e-07, Final residual = 4.07165e-07, No Iterations 0
ExecutionTime = 3.42 s  ClockTime = 7 s

Time = 2.36

DICPCG:  Solving for T, Initial residual = 4.06038e-05, Final residual = 2.66345e-07, No Iterations 3
DICPCG:  Solving for T, Initial residual = 4.04945e-07, Final residual = 4.04945e-07, No Iterations 0
DICPCG:  Solving for T, Initial residual = 4.04945e-07, Final residual = 4.04945e-07, No Iterations 0
ExecutionTime = 3.42 s  ClockTime = 7 s

Time = 2.365

DICPCG:  Solving for T, Initial residual = 4.03818e-05, Final residual = 2.64899e-07, No Iterations 3
DICPCG:  Solving for T, Initial residual = 4.02737e-07, Final residual = 4.02737e-07, No Iterations 0
DICPCG:  Solving for T, Initial residual = 4.02737e-07, Final residual = 4.02737e-07, No Iterations 0
ExecutionTime = 3.43 s  ClockTime = 7 s

Time = 2.37

DICPCG:  Solving for T, Initial residual = 4.0161e-05, Final residual = 2.6346e-07, No Iterations 3
DICPCG:  Solving for T, Initial residual = 4.00542e-07, Final residual = 4.00542e-07, No Iterations 0
DICPCG:  Solving for T, Initial residual = 4.00542e-07, Final residual = 4.00542e-07, No Iterations 0
ExecutionTime = 3.44 s  ClockTime = 7 s

Time = 2.375

DICPCG:  Solving for T, Initial residual = 3.99415e-05, Final residual = 2.6203e-07, No Iterations 3
DICPCG:  Solving for T, Initial residual = 3.9836e-07, Final residual = 3.9836e-07, No Iterations 0
DICPCG:  Solving for T, Initial residual = 3.9836e-07, Final residual = 3.9836e-07, No Iterations 0
ExecutionTime = 3.44 s  ClockTime = 7 s

Time = 2.38

DICPCG:  Solving for T, Initial residual = 3.97232e-05, Final residual = 2.60608e-07, No Iterations 3
DICPCG:  Solving for T, Initial residual = 3.96189e-07, Final residual = 3.96189e-07, No Iterations 0
DICPCG:  Solving for T, Initial residual = 3.96189e-07, Final residual = 3.96189e-07, No Iterations 0
ExecutionTime = 3.44 s  ClockTime = 7 s

Time = 2.385

DICPCG:  Solving for T, Initial residual = 3.95062e-05, Final residual = 2.59193e-07, No Iterations 3
DICPCG:  Solving for T, Initial residual = 3.9403e-07, Final residual = 3.9403e-07, No Iterations 0
DICPCG:  Solving for T, Initial residual = 3.9403e-07, Final residual = 3.9403e-07, No Iterations 0
ExecutionTime = 3.45 s  ClockTime = 7 s

Time = 2.39

DICPCG:  Solving for T, Initial residual = 3.92903e-05, Final residual = 2.57786e-07, No Iterations 3
DICPCG:  Solving for T, Initial residual = 3.91884e-07, Final residual = 3.91884e-07, No Iterations 0
DICPCG:  Solving for T, Initial residual = 3.91884e-07, Final residual = 3.91884e-07, No Iterations 0
ExecutionTime = 3.45 s  ClockTime = 7 s

Time = 2.395

DICPCG:  Solving for T, Initial residual = 3.90757e-05, Final residual = 2.56387e-07, No Iterations 3
DICPCG:  Solving for T, Initial residual = 3.89749e-07, Final residual = 3.89749e-07, No Iterations 0
DICPCG:  Solving for T, Initial residual = 3.89749e-07, Final residual = 3.89749e-07, No Iterations 0
ExecutionTime = 3.47 s  ClockTime = 7 s

Time = 2.4

DICPCG:  Solving for T, Initial residual = 3.88623e-05, Final residual = 2.54996e-07, No Iterations 3
DICPCG:  Solving for T, Initial residual = 3.87627e-07, Final residual = 3.87627e-07, No Iterations 0
DICPCG:  Solving for T, Initial residual = 3.87627e-07, Final residual = 3.87627e-07, No Iterations 0
ExecutionTime = 3.51 s  ClockTime = 7 s

Time = 2.405

DICPCG:  Solving for T, Initial residual = 3.86501e-05, Final residual = 2.53612e-07, No Iterations 3
DICPCG:  Solving for T, Initial residual = 3.85516e-07, Final residual = 3.85516e-07, No Iterations 0
DICPCG:  Solving for T, Initial residual = 3.85516e-07, Final residual = 3.85516e-07, No Iterations 0
ExecutionTime = 3.52 s  ClockTime = 7 s

Time = 2.41

DICPCG:  Solving for T, Initial residual = 3.84391e-05, Final residual = 2.52236e-07, No Iterations 3
DICPCG:  Solving for T, Initial residual = 3.83417e-07, Final residual = 3.83417e-07, No Iterations 0
DICPCG:  Solving for T, Initial residual = 3.83417e-07, Final residual = 3.83417e-07, No Iterations 0
ExecutionTime = 3.53 s  ClockTime = 7 s

Time = 2.415

DICPCG:  Solving for T, Initial residual = 3.82293e-05, Final residual = 2.50868e-07, No Iterations 3
DICPCG:  Solving for T, Initial residual = 3.8133e-07, Final residual = 3.8133e-07, No Iterations 0
DICPCG:  Solving for T, Initial residual = 3.8133e-07, Final residual = 3.8133e-07, No Iterations 0
ExecutionTime = 3.53 s  ClockTime = 7 s

Time = 2.42

DICPCG:  Solving for T, Initial residual = 3.80206e-05, Final residual = 2.49507e-07, No Iterations 3
DICPCG:  Solving for T, Initial residual = 3.79254e-07, Final residual = 3.79254e-07, No Iterations 0
DICPCG:  Solving for T, Initial residual = 3.79254e-07, Final residual = 3.79254e-07, No Iterations 0
ExecutionTime = 3.53 s  ClockTime = 7 s

Time = 2.425

DICPCG:  Solving for T, Initial residual = 3.78131e-05, Final residual = 2.48154e-07, No Iterations 3
DICPCG:  Solving for T, Initial residual = 3.7719e-07, Final residual = 3.7719e-07, No Iterations 0
DICPCG:  Solving for T, Initial residual = 3.7719e-07, Final residual = 3.7719e-07, No Iterations 0
ExecutionTime = 3.55 s  ClockTime = 7 s

Time = 2.43

DICPCG:  Solving for T, Initial residual = 3.76068e-05, Final residual = 2.46807e-07, No Iterations 3
DICPCG:  Solving for T, Initial residual = 3.75137e-07, Final residual = 3.75137e-07, No Iterations 0
DICPCG:  Solving for T, Initial residual = 3.75137e-07, Final residual = 3.75137e-07, No Iterations 0
ExecutionTime = 3.55 s  ClockTime = 7 s

Time = 2.435

DICPCG:  Solving for T, Initial residual = 3.74017e-05, Final residual = 2.45469e-07, No Iterations 3
DICPCG:  Solving for T, Initial residual = 3.73095e-07, Final residual = 3.73095e-07, No Iterations 0
DICPCG:  Solving for T, Initial residual = 3.73095e-07, Final residual = 3.73095e-07, No Iterations 0
ExecutionTime = 3.55 s  ClockTime = 7 s

Time = 2.44

DICPCG:  Solving for T, Initial residual = 3.71976e-05, Final residual = 2.44138e-07, No Iterations 3
DICPCG:  Solving for T, Initial residual = 3.71065e-07, Final residual = 3.71065e-07, No Iterations 0
DICPCG:  Solving for T, Initial residual = 3.71065e-07, Final residual = 3.71065e-07, No Iterations 0
ExecutionTime = 3.55 s  ClockTime = 7 s

Time = 2.445

DICPCG:  Solving for T, Initial residual = 3.69948e-05, Final residual = 2.42814e-07, No Iterations 3
DICPCG:  Solving for T, Initial residual = 3.69047e-07, Final residual = 3.69047e-07, No Iterations 0
DICPCG:  Solving for T, Initial residual = 3.69047e-07, Final residual = 3.69047e-07, No Iterations 0
ExecutionTime = 3.56 s  ClockTime = 7 s

Time = 2.45

DICPCG:  Solving for T, Initial residual = 3.6793e-05, Final residual = 2.41497e-07, No Iterations 3
DICPCG:  Solving for T, Initial residual = 3.67039e-07, Final residual = 3.67039e-07, No Iterations 0
DICPCG:  Solving for T, Initial residual = 3.67039e-07, Final residual = 3.67039e-07, No Iterations 0
ExecutionTime = 3.56 s  ClockTime = 7 s

Time = 2.455

DICPCG:  Solving for T, Initial residual = 3.65924e-05, Final residual = 2.40187e-07, No Iterations 3
DICPCG:  Solving for T, Initial residual = 3.65043e-07, Final residual = 3.65043e-07, No Iterations 0
DICPCG:  Solving for T, Initial residual = 3.65043e-07, Final residual = 3.65043e-07, No Iterations 0
ExecutionTime = 3.58 s  ClockTime = 7 s

Time = 2.46

DICPCG:  Solving for T, Initial residual = 3.6393e-05, Final residual = 2.38885e-07, No Iterations 3
DICPCG:  Solving for T, Initial residual = 3.63057e-07, Final residual = 3.63057e-07, No Iterations 0
DICPCG:  Solving for T, Initial residual = 3.63057e-07, Final residual = 3.63057e-07, No Iterations 0
ExecutionTime = 3.58 s  ClockTime = 7 s

Time = 2.465

DICPCG:  Solving for T, Initial residual = 3.61946e-05, Final residual = 2.3759e-07, No Iterations 3
DICPCG:  Solving for T, Initial residual = 3.61083e-07, Final residual = 3.61083e-07, No Iterations 0
DICPCG:  Solving for T, Initial residual = 3.61083e-07, Final residual = 3.61083e-07, No Iterations 0
ExecutionTime = 3.58 s  ClockTime = 7 s

Time = 2.47

DICPCG:  Solving for T, Initial residual = 3.59973e-05, Final residual = 2.36302e-07, No Iterations 3
DICPCG:  Solving for T, Initial residual = 3.59119e-07, Final residual = 3.59119e-07, No Iterations 0
DICPCG:  Solving for T, Initial residual = 3.59119e-07, Final residual = 3.59119e-07, No Iterations 0
ExecutionTime = 3.59 s  ClockTime = 7 s

Time = 2.475

DICPCG:  Solving for T, Initial residual = 3.58012e-05, Final residual = 2.35021e-07, No Iterations 3
DICPCG:  Solving for T, Initial residual = 3.57167e-07, Final residual = 3.57167e-07, No Iterations 0
DICPCG:  Solving for T, Initial residual = 3.57167e-07, Final residual = 3.57167e-07, No Iterations 0
ExecutionTime = 3.59 s  ClockTime = 7 s

Time = 2.48

DICPCG:  Solving for T, Initial residual = 3.56061e-05, Final residual = 2.33747e-07, No Iterations 3
DICPCG:  Solving for T, Initial residual = 3.55225e-07, Final residual = 3.55225e-07, No Iterations 0
DICPCG:  Solving for T, Initial residual = 3.55225e-07, Final residual = 3.55225e-07, No Iterations 0
ExecutionTime = 3.6 s  ClockTime = 7 s

Time = 2.485

DICPCG:  Solving for T, Initial residual = 3.54121e-05, Final residual = 2.3248e-07, No Iterations 3
DICPCG:  Solving for T, Initial residual = 3.53294e-07, Final residual = 3.53294e-07, No Iterations 0
DICPCG:  Solving for T, Initial residual = 3.53294e-07, Final residual = 3.53294e-07, No Iterations 0
ExecutionTime = 3.6 s  ClockTime = 7 s

Time = 2.49

DICPCG:  Solving for T, Initial residual = 3.52192e-05, Final residual = 2.3122e-07, No Iterations 3
DICPCG:  Solving for T, Initial residual = 3.51374e-07, Final residual = 3.51374e-07, No Iterations 0
DICPCG:  Solving for T, Initial residual = 3.51374e-07, Final residual = 3.51374e-07, No Iterations 0
ExecutionTime = 3.6 s  ClockTime = 7 s

Time = 2.495

DICPCG:  Solving for T, Initial residual = 3.50274e-05, Final residual = 2.29966e-07, No Iterations 3
DICPCG:  Solving for T, Initial residual = 3.49464e-07, Final residual = 3.49464e-07, No Iterations 0
DICPCG:  Solving for T, Initial residual = 3.49464e-07, Final residual = 3.49464e-07, No Iterations 0
ExecutionTime = 3.61 s  ClockTime = 7 s

Time = 2.5

DICPCG:  Solving for T, Initial residual = 3.48367e-05, Final residual = 2.2872e-07, No Iterations 3
DICPCG:  Solving for T, Initial residual = 3.47565e-07, Final residual = 3.47565e-07, No Iterations 0
DICPCG:  Solving for T, Initial residual = 3.47565e-07, Final residual = 3.47565e-07, No Iterations 0
ExecutionTime = 3.64 s  ClockTime = 7 s

Time = 2.505

DICPCG:  Solving for T, Initial residual = 3.4647e-05, Final residual = 2.27481e-07, No Iterations 3
DICPCG:  Solving for T, Initial residual = 3.45676e-07, Final residual = 3.45676e-07, No Iterations 0
DICPCG:  Solving for T, Initial residual = 3.45676e-07, Final residual = 3.45676e-07, No Iterations 0
ExecutionTime = 3.65 s  ClockTime = 7 s

Time = 2.51

DICPCG:  Solving for T, Initial residual = 3.44583e-05, Final residual = 2.26248e-07, No Iterations 3
DICPCG:  Solving for T, Initial residual = 3.43798e-07, Final residual = 3.43798e-07, No Iterations 0
DICPCG:  Solving for T, Initial residual = 3.43798e-07, Final residual = 3.43798e-07, No Iterations 0
ExecutionTime = 3.66 s  ClockTime = 7 s

Time = 2.515

DICPCG:  Solving for T, Initial residual = 3.42707e-05, Final residual = 2.25022e-07, No Iterations 3
DICPCG:  Solving for T, Initial residual = 3.4193e-07, Final residual = 3.4193e-07, No Iterations 0
DICPCG:  Solving for T, Initial residual = 3.4193e-07, Final residual = 3.4193e-07, No Iterations 0
ExecutionTime = 3.66 s  ClockTime = 7 s

Time = 2.52

DICPCG:  Solving for T, Initial residual = 3.40842e-05, Final residual = 2.23803e-07, No Iterations 3
DICPCG:  Solving for T, Initial residual = 3.40072e-07, Final residual = 3.40072e-07, No Iterations 0
DICPCG:  Solving for T, Initial residual = 3.40072e-07, Final residual = 3.40072e-07, No Iterations 0
ExecutionTime = 3.67 s  ClockTime = 7 s

Time = 2.525

DICPCG:  Solving for T, Initial residual = 3.38987e-05, Final residual = 2.2259e-07, No Iterations 3
DICPCG:  Solving for T, Initial residual = 3.38225e-07, Final residual = 3.38225e-07, No Iterations 0
DICPCG:  Solving for T, Initial residual = 3.38225e-07, Final residual = 3.38225e-07, No Iterations 0
ExecutionTime = 3.67 s  ClockTime = 7 s

Time = 2.53

DICPCG:  Solving for T, Initial residual = 3.37142e-05, Final residual = 2.21384e-07, No Iterations 3
DICPCG:  Solving for T, Initial residual = 3.36388e-07, Final residual = 3.36388e-07, No Iterations 0
DICPCG:  Solving for T, Initial residual = 3.36388e-07, Final residual = 3.36388e-07, No Iterations 0
ExecutionTime = 3.67 s  ClockTime = 7 s

Time = 2.535

DICPCG:  Solving for T, Initial residual = 3.35307e-05, Final residual = 2.20184e-07, No Iterations 3
DICPCG:  Solving for T, Initial residual = 3.34561e-07, Final residual = 3.34561e-07, No Iterations 0
DICPCG:  Solving for T, Initial residual = 3.34561e-07, Final residual = 3.34561e-07, No Iterations 0
ExecutionTime = 3.67 s  ClockTime = 7 s

Time = 2.54

DICPCG:  Solving for T, Initial residual = 3.33483e-05, Final residual = 2.18992e-07, No Iterations 3
DICPCG:  Solving for T, Initial residual = 3.32744e-07, Final residual = 3.32744e-07, No Iterations 0
DICPCG:  Solving for T, Initial residual = 3.32744e-07, Final residual = 3.32744e-07, No Iterations 0
ExecutionTime = 3.68 s  ClockTime = 7 s

Time = 2.545

DICPCG:  Solving for T, Initial residual = 3.31669e-05, Final residual = 2.17805e-07, No Iterations 3
DICPCG:  Solving for T, Initial residual = 3.30937e-07, Final residual = 3.30937e-07, No Iterations 0
DICPCG:  Solving for T, Initial residual = 3.30937e-07, Final residual = 3.30937e-07, No Iterations 0
ExecutionTime = 3.68 s  ClockTime = 7 s

Time = 2.55

DICPCG:  Solving for T, Initial residual = 3.29865e-05, Final residual = 2.16625e-07, No Iterations 3
DICPCG:  Solving for T, Initial residual = 3.2914e-07, Final residual = 3.2914e-07, No Iterations 0
DICPCG:  Solving for T, Initial residual = 3.2914e-07, Final residual = 3.2914e-07, No Iterations 0
ExecutionTime = 3.69 s  ClockTime = 7 s

Time = 2.555

DICPCG:  Solving for T, Initial residual = 3.2807e-05, Final residual = 2.15452e-07, No Iterations 3
DICPCG:  Solving for T, Initial residual = 3.27353e-07, Final residual = 3.27353e-07, No Iterations 0
DICPCG:  Solving for T, Initial residual = 3.27353e-07, Final residual = 3.27353e-07, No Iterations 0
ExecutionTime = 3.69 s  ClockTime = 7 s

Time = 2.56

DICPCG:  Solving for T, Initial residual = 3.26286e-05, Final residual = 2.14285e-07, No Iterations 3
DICPCG:  Solving for T, Initial residual = 3.25575e-07, Final residual = 3.25575e-07, No Iterations 0
DICPCG:  Solving for T, Initial residual = 3.25575e-07, Final residual = 3.25575e-07, No Iterations 0
ExecutionTime = 3.7 s  ClockTime = 7 s

Time = 2.565

DICPCG:  Solving for T, Initial residual = 3.24512e-05, Final residual = 2.13124e-07, No Iterations 3
DICPCG:  Solving for T, Initial residual = 3.23808e-07, Final residual = 3.23808e-07, No Iterations 0
DICPCG:  Solving for T, Initial residual = 3.23808e-07, Final residual = 3.23808e-07, No Iterations 0
ExecutionTime = 3.71 s  ClockTime = 7 s

Time = 2.57

DICPCG:  Solving for T, Initial residual = 3.22747e-05, Final residual = 2.1197e-07, No Iterations 3
DICPCG:  Solving for T, Initial residual = 3.2205e-07, Final residual = 3.2205e-07, No Iterations 0
DICPCG:  Solving for T, Initial residual = 3.2205e-07, Final residual = 3.2205e-07, No Iterations 0
ExecutionTime = 3.71 s  ClockTime = 7 s

Time = 2.575

DICPCG:  Solving for T, Initial residual = 3.20992e-05, Final residual = 2.10822e-07, No Iterations 3
DICPCG:  Solving for T, Initial residual = 3.20302e-07, Final residual = 3.20302e-07, No Iterations 0
DICPCG:  Solving for T, Initial residual = 3.20302e-07, Final residual = 3.20302e-07, No Iterations 0
ExecutionTime = 3.71 s  ClockTime = 7 s

Time = 2.58

DICPCG:  Solving for T, Initial residual = 3.19247e-05, Final residual = 2.0968e-07, No Iterations 3
DICPCG:  Solving for T, Initial residual = 3.18563e-07, Final residual = 3.18563e-07, No Iterations 0
DICPCG:  Solving for T, Initial residual = 3.18563e-07, Final residual = 3.18563e-07, No Iterations 0
ExecutionTime = 3.71 s  ClockTime = 7 s

Time = 2.585

DICPCG:  Solving for T, Initial residual = 3.17512e-05, Final residual = 2.08545e-07, No Iterations 3
DICPCG:  Solving for T, Initial residual = 3.16834e-07, Final residual = 3.16834e-07, No Iterations 0
DICPCG:  Solving for T, Initial residual = 3.16834e-07, Final residual = 3.16834e-07, No Iterations 0
ExecutionTime = 3.72 s  ClockTime = 7 s

Time = 2.59

DICPCG:  Solving for T, Initial residual = 3.15786e-05, Final residual = 2.07415e-07, No Iterations 3
DICPCG:  Solving for T, Initial residual = 3.15115e-07, Final residual = 3.15115e-07, No Iterations 0
DICPCG:  Solving for T, Initial residual = 3.15115e-07, Final residual = 3.15115e-07, No Iterations 0
ExecutionTime = 3.73 s  ClockTime = 7 s

Time = 2.595

DICPCG:  Solving for T, Initial residual = 3.14069e-05, Final residual = 2.06292e-07, No Iterations 3
DICPCG:  Solving for T, Initial residual = 3.13405e-07, Final residual = 3.13405e-07, No Iterations 0
DICPCG:  Solving for T, Initial residual = 3.13405e-07, Final residual = 3.13405e-07, No Iterations 0
ExecutionTime = 3.73 s  ClockTime = 7 s

Time = 2.6

DICPCG:  Solving for T, Initial residual = 3.12362e-05, Final residual = 2.05175e-07, No Iterations 3
DICPCG:  Solving for T, Initial residual = 3.11704e-07, Final residual = 3.11704e-07, No Iterations 0
DICPCG:  Solving for T, Initial residual = 3.11704e-07, Final residual = 3.11704e-07, No Iterations 0
ExecutionTime = 3.76 s  ClockTime = 7 s

Time = 2.605

DICPCG:  Solving for T, Initial residual = 3.10665e-05, Final residual = 2.04064e-07, No Iterations 3
DICPCG:  Solving for T, Initial residual = 3.10013e-07, Final residual = 3.10013e-07, No Iterations 0
DICPCG:  Solving for T, Initial residual = 3.10013e-07, Final residual = 3.10013e-07, No Iterations 0
ExecutionTime = 3.77 s  ClockTime = 7 s

Time = 2.61

DICPCG:  Solving for T, Initial residual = 3.08977e-05, Final residual = 2.02959e-07, No Iterations 3
DICPCG:  Solving for T, Initial residual = 3.08331e-07, Final residual = 3.08331e-07, No Iterations 0
DICPCG:  Solving for T, Initial residual = 3.08331e-07, Final residual = 3.08331e-07, No Iterations 0
ExecutionTime = 3.78 s  ClockTime = 7 s

Time = 2.615

DICPCG:  Solving for T, Initial residual = 3.07298e-05, Final residual = 2.0186e-07, No Iterations 3
DICPCG:  Solving for T, Initial residual = 3.06658e-07, Final residual = 3.06658e-07, No Iterations 0
DICPCG:  Solving for T, Initial residual = 3.06658e-07, Final residual = 3.06658e-07, No Iterations 0
ExecutionTime = 3.78 s  ClockTime = 7 s

Time = 2.62

DICPCG:  Solving for T, Initial residual = 3.05628e-05, Final residual = 2.00767e-07, No Iterations 3
DICPCG:  Solving for T, Initial residual = 3.04994e-07, Final residual = 3.04994e-07, No Iterations 0
DICPCG:  Solving for T, Initial residual = 3.04994e-07, Final residual = 3.04994e-07, No Iterations 0
ExecutionTime = 3.79 s  ClockTime = 7 s

Time = 2.625

DICPCG:  Solving for T, Initial residual = 3.03968e-05, Final residual = 1.9968e-07, No Iterations 3
DICPCG:  Solving for T, Initial residual = 3.0334e-07, Final residual = 3.0334e-07, No Iterations 0
DICPCG:  Solving for T, Initial residual = 3.0334e-07, Final residual = 3.0334e-07, No Iterations 0
ExecutionTime = 3.79 s  ClockTime = 7 s

Time = 2.63

DICPCG:  Solving for T, Initial residual = 3.02317e-05, Final residual = 1.98599e-07, No Iterations 3
DICPCG:  Solving for T, Initial residual = 3.01694e-07, Final residual = 3.01694e-07, No Iterations 0
DICPCG:  Solving for T, Initial residual = 3.01694e-07, Final residual = 3.01694e-07, No Iterations 0
ExecutionTime = 3.79 s  ClockTime = 7 s

Time = 2.635

DICPCG:  Solving for T, Initial residual = 3.00675e-05, Final residual = 1.97524e-07, No Iterations 3
DICPCG:  Solving for T, Initial residual = 3.00058e-07, Final residual = 3.00058e-07, No Iterations 0
DICPCG:  Solving for T, Initial residual = 3.00058e-07, Final residual = 3.00058e-07, No Iterations 0
ExecutionTime = 3.79 s  ClockTime = 7 s

Time = 2.64

DICPCG:  Solving for T, Initial residual = 2.99042e-05, Final residual = 1.96455e-07, No Iterations 3
DICPCG:  Solving for T, Initial residual = 2.9843e-07, Final residual = 2.9843e-07, No Iterations 0
DICPCG:  Solving for T, Initial residual = 2.9843e-07, Final residual = 2.9843e-07, No Iterations 0
ExecutionTime = 3.8 s  ClockTime = 7 s

Time = 2.645

DICPCG:  Solving for T, Initial residual = 2.97418e-05, Final residual = 1.95391e-07, No Iterations 3
DICPCG:  Solving for T, Initial residual = 2.96812e-07, Final residual = 2.96812e-07, No Iterations 0
DICPCG:  Solving for T, Initial residual = 2.96812e-07, Final residual = 2.96812e-07, No Iterations 0
ExecutionTime = 3.81 s  ClockTime = 7 s

Time = 2.65

DICPCG:  Solving for T, Initial residual = 2.95803e-05, Final residual = 1.94334e-07, No Iterations 3
DICPCG:  Solving for T, Initial residual = 2.95202e-07, Final residual = 2.95202e-07, No Iterations 0
DICPCG:  Solving for T, Initial residual = 2.95202e-07, Final residual = 2.95202e-07, No Iterations 0
ExecutionTime = 3.81 s  ClockTime = 7 s

Time = 2.655

DICPCG:  Solving for T, Initial residual = 2.94196e-05, Final residual = 1.93282e-07, No Iterations 3
DICPCG:  Solving for T, Initial residual = 2.93601e-07, Final residual = 2.93601e-07, No Iterations 0
DICPCG:  Solving for T, Initial residual = 2.93601e-07, Final residual = 2.93601e-07, No Iterations 0
ExecutionTime = 3.81 s  ClockTime = 7 s

Time = 2.66

DICPCG:  Solving for T, Initial residual = 2.92599e-05, Final residual = 1.92235e-07, No Iterations 3
DICPCG:  Solving for T, Initial residual = 2.92009e-07, Final residual = 2.92009e-07, No Iterations 0
DICPCG:  Solving for T, Initial residual = 2.92009e-07, Final residual = 2.92009e-07, No Iterations 0
ExecutionTime = 3.81 s  ClockTime = 7 s

Time = 2.665

DICPCG:  Solving for T, Initial residual = 2.9101e-05, Final residual = 1.91195e-07, No Iterations 3
DICPCG:  Solving for T, Initial residual = 2.90425e-07, Final residual = 2.90425e-07, No Iterations 0
DICPCG:  Solving for T, Initial residual = 2.90425e-07, Final residual = 2.90425e-07, No Iterations 0
ExecutionTime = 3.82 s  ClockTime = 7 s

Time = 2.67

DICPCG:  Solving for T, Initial residual = 2.89431e-05, Final residual = 1.9016e-07, No Iterations 3
DICPCG:  Solving for T, Initial residual = 2.88851e-07, Final residual = 2.88851e-07, No Iterations 0
DICPCG:  Solving for T, Initial residual = 2.88851e-07, Final residual = 2.88851e-07, No Iterations 0
ExecutionTime = 3.83 s  ClockTime = 7 s

Time = 2.675

DICPCG:  Solving for T, Initial residual = 2.87859e-05, Final residual = 1.89131e-07, No Iterations 3
DICPCG:  Solving for T, Initial residual = 2.87284e-07, Final residual = 2.87284e-07, No Iterations 0
DICPCG:  Solving for T, Initial residual = 2.87284e-07, Final residual = 2.87284e-07, No Iterations 0
ExecutionTime = 3.83 s  ClockTime = 7 s

Time = 2.68

DICPCG:  Solving for T, Initial residual = 2.86297e-05, Final residual = 1.88107e-07, No Iterations 3
DICPCG:  Solving for T, Initial residual = 2.85727e-07, Final residual = 2.85727e-07, No Iterations 0
DICPCG:  Solving for T, Initial residual = 2.85727e-07, Final residual = 2.85727e-07, No Iterations 0
ExecutionTime = 3.83 s  ClockTime = 7 s

Time = 2.685

DICPCG:  Solving for T, Initial residual = 2.84743e-05, Final residual = 1.87089e-07, No Iterations 3
DICPCG:  Solving for T, Initial residual = 2.84178e-07, Final residual = 2.84178e-07, No Iterations 0
DICPCG:  Solving for T, Initial residual = 2.84178e-07, Final residual = 2.84178e-07, No Iterations 0
ExecutionTime = 3.84 s  ClockTime = 7 s

Time = 2.69

DICPCG:  Solving for T, Initial residual = 2.83197e-05, Final residual = 1.86076e-07, No Iterations 3
DICPCG:  Solving for T, Initial residual = 2.82637e-07, Final residual = 2.82637e-07, No Iterations 0
DICPCG:  Solving for T, Initial residual = 2.82637e-07, Final residual = 2.82637e-07, No Iterations 0
ExecutionTime = 3.84 s  ClockTime = 7 s

Time = 2.695

DICPCG:  Solving for T, Initial residual = 2.8166e-05, Final residual = 1.85069e-07, No Iterations 3
DICPCG:  Solving for T, Initial residual = 2.81105e-07, Final residual = 2.81105e-07, No Iterations 0
DICPCG:  Solving for T, Initial residual = 2.81105e-07, Final residual = 2.81105e-07, No Iterations 0
ExecutionTime = 3.85 s  ClockTime = 7 s

Time = 2.7

DICPCG:  Solving for T, Initial residual = 2.80132e-05, Final residual = 1.84068e-07, No Iterations 3
DICPCG:  Solving for T, Initial residual = 2.79581e-07, Final residual = 2.79581e-07, No Iterations 0
DICPCG:  Solving for T, Initial residual = 2.79581e-07, Final residual = 2.79581e-07, No Iterations 0
ExecutionTime = 3.89 s  ClockTime = 8 s

Time = 2.705

DICPCG:  Solving for T, Initial residual = 2.78612e-05, Final residual = 1.83071e-07, No Iterations 3
DICPCG:  Solving for T, Initial residual = 2.78066e-07, Final residual = 2.78066e-07, No Iterations 0
DICPCG:  Solving for T, Initial residual = 2.78066e-07, Final residual = 2.78066e-07, No Iterations 0
ExecutionTime = 3.89 s  ClockTime = 8 s

Time = 2.71

DICPCG:  Solving for T, Initial residual = 2.771e-05, Final residual = 1.82081e-07, No Iterations 3
DICPCG:  Solving for T, Initial residual = 2.76558e-07, Final residual = 2.76558e-07, No Iterations 0
DICPCG:  Solving for T, Initial residual = 2.76558e-07, Final residual = 2.76558e-07, No Iterations 0
ExecutionTime = 3.91 s  ClockTime = 8 s

Time = 2.715

DICPCG:  Solving for T, Initial residual = 2.75596e-05, Final residual = 1.81095e-07, No Iterations 3
DICPCG:  Solving for T, Initial residual = 2.75059e-07, Final residual = 2.75059e-07, No Iterations 0
DICPCG:  Solving for T, Initial residual = 2.75059e-07, Final residual = 2.75059e-07, No Iterations 0
ExecutionTime = 3.91 s  ClockTime = 8 s

Time = 2.72

DICPCG:  Solving for T, Initial residual = 2.74101e-05, Final residual = 1.80115e-07, No Iterations 3
DICPCG:  Solving for T, Initial residual = 2.73569e-07, Final residual = 2.73569e-07, No Iterations 0
DICPCG:  Solving for T, Initial residual = 2.73569e-07, Final residual = 2.73569e-07, No Iterations 0
ExecutionTime = 3.91 s  ClockTime = 8 s

Time = 2.725

DICPCG:  Solving for T, Initial residual = 2.72614e-05, Final residual = 1.79141e-07, No Iterations 3
DICPCG:  Solving for T, Initial residual = 2.72086e-07, Final residual = 2.72086e-07, No Iterations 0
DICPCG:  Solving for T, Initial residual = 2.72086e-07, Final residual = 2.72086e-07, No Iterations 0
ExecutionTime = 3.92 s  ClockTime = 8 s

Time = 2.73

DICPCG:  Solving for T, Initial residual = 2.71135e-05, Final residual = 1.78171e-07, No Iterations 3
DICPCG:  Solving for T, Initial residual = 2.70611e-07, Final residual = 2.70611e-07, No Iterations 0
DICPCG:  Solving for T, Initial residual = 2.70611e-07, Final residual = 2.70611e-07, No Iterations 0
ExecutionTime = 3.92 s  ClockTime = 8 s

Time = 2.735

DICPCG:  Solving for T, Initial residual = 2.69664e-05, Final residual = 1.77207e-07, No Iterations 3
DICPCG:  Solving for T, Initial residual = 2.69145e-07, Final residual = 2.69145e-07, No Iterations 0
DICPCG:  Solving for T, Initial residual = 2.69145e-07, Final residual = 2.69145e-07, No Iterations 0
ExecutionTime = 3.92 s  ClockTime = 8 s

Time = 2.74

DICPCG:  Solving for T, Initial residual = 2.68201e-05, Final residual = 1.76248e-07, No Iterations 3
DICPCG:  Solving for T, Initial residual = 2.67686e-07, Final residual = 2.67686e-07, No Iterations 0
DICPCG:  Solving for T, Initial residual = 2.67686e-07, Final residual = 2.67686e-07, No Iterations 0
ExecutionTime = 3.93 s  ClockTime = 8 s

Time = 2.745

DICPCG:  Solving for T, Initial residual = 2.66747e-05, Final residual = 1.75295e-07, No Iterations 3
DICPCG:  Solving for T, Initial residual = 2.66236e-07, Final residual = 2.66236e-07, No Iterations 0
DICPCG:  Solving for T, Initial residual = 2.66236e-07, Final residual = 2.66236e-07, No Iterations 0
ExecutionTime = 3.93 s  ClockTime = 8 s

Time = 2.75

DICPCG:  Solving for T, Initial residual = 2.653e-05, Final residual = 1.74346e-07, No Iterations 3
DICPCG:  Solving for T, Initial residual = 2.64793e-07, Final residual = 2.64793e-07, No Iterations 0
DICPCG:  Solving for T, Initial residual = 2.64793e-07, Final residual = 2.64793e-07, No Iterations 0
ExecutionTime = 3.95 s  ClockTime = 8 s

Time = 2.755

DICPCG:  Solving for T, Initial residual = 2.63861e-05, Final residual = 1.73403e-07, No Iterations 3
DICPCG:  Solving for T, Initial residual = 2.63358e-07, Final residual = 2.63358e-07, No Iterations 0
DICPCG:  Solving for T, Initial residual = 2.63358e-07, Final residual = 2.63358e-07, No Iterations 0
ExecutionTime = 3.95 s  ClockTime = 8 s

Time = 2.76

DICPCG:  Solving for T, Initial residual = 2.6243e-05, Final residual = 1.72465e-07, No Iterations 3
DICPCG:  Solving for T, Initial residual = 2.61931e-07, Final residual = 2.61931e-07, No Iterations 0
DICPCG:  Solving for T, Initial residual = 2.61931e-07, Final residual = 2.61931e-07, No Iterations 0
ExecutionTime = 3.95 s  ClockTime = 8 s

Time = 2.765

DICPCG:  Solving for T, Initial residual = 2.61007e-05, Final residual = 1.71531e-07, No Iterations 3
DICPCG:  Solving for T, Initial residual = 2.60512e-07, Final residual = 2.60512e-07, No Iterations 0
DICPCG:  Solving for T, Initial residual = 2.60512e-07, Final residual = 2.60512e-07, No Iterations 0
ExecutionTime = 3.96 s  ClockTime = 8 s

Time = 2.77

DICPCG:  Solving for T, Initial residual = 2.59591e-05, Final residual = 1.70603e-07, No Iterations 3
DICPCG:  Solving for T, Initial residual = 2.59101e-07, Final residual = 2.59101e-07, No Iterations 0
DICPCG:  Solving for T, Initial residual = 2.59101e-07, Final residual = 2.59101e-07, No Iterations 0
ExecutionTime = 3.96 s  ClockTime = 8 s

Time = 2.775

DICPCG:  Solving for T, Initial residual = 2.58184e-05, Final residual = 1.6968e-07, No Iterations 3
DICPCG:  Solving for T, Initial residual = 2.57697e-07, Final residual = 2.57697e-07, No Iterations 0
DICPCG:  Solving for T, Initial residual = 2.57697e-07, Final residual = 2.57697e-07, No Iterations 0
ExecutionTime = 3.97 s  ClockTime = 8 s

Time = 2.78

DICPCG:  Solving for T, Initial residual = 2.56784e-05, Final residual = 1.68762e-07, No Iterations 3
DICPCG:  Solving for T, Initial residual = 2.56301e-07, Final residual = 2.56301e-07, No Iterations 0
DICPCG:  Solving for T, Initial residual = 2.56301e-07, Final residual = 2.56301e-07, No Iterations 0
ExecutionTime = 3.97 s  ClockTime = 8 s

Time = 2.785

DICPCG:  Solving for T, Initial residual = 2.55391e-05, Final residual = 1.67849e-07, No Iterations 3
DICPCG:  Solving for T, Initial residual = 2.54912e-07, Final residual = 2.54912e-07, No Iterations 0
DICPCG:  Solving for T, Initial residual = 2.54912e-07, Final residual = 2.54912e-07, No Iterations 0
ExecutionTime = 3.97 s  ClockTime = 8 s

Time = 2.79

DICPCG:  Solving for T, Initial residual = 2.54007e-05, Final residual = 9.98775e-07, No Iterations 2
DICPCG:  Solving for T, Initial residual = 1.04494e-06, Final residual = 1.92793e-07, No Iterations 1
DICPCG:  Solving for T, Initial residual = 2.11809e-07, Final residual = 2.11809e-07, No Iterations 0
ExecutionTime = 3.98 s  ClockTime = 8 s

Time = 2.795

DICPCG:  Solving for T, Initial residual = 2.52632e-05, Final residual = 9.91122e-07, No Iterations 2
DICPCG:  Solving for T, Initial residual = 1.0331e-06, Final residual = 1.90633e-07, No Iterations 1
DICPCG:  Solving for T, Initial residual = 2.09033e-07, Final residual = 2.09033e-07, No Iterations 0
ExecutionTime = 3.99 s  ClockTime = 8 s

Time = 2.8

DICPCG:  Solving for T, Initial residual = 2.51263e-05, Final residual = 9.8493e-07, No Iterations 2
DICPCG:  Solving for T, Initial residual = 1.02581e-06, Final residual = 1.89177e-07, No Iterations 1
DICPCG:  Solving for T, Initial residual = 2.0749e-07, Final residual = 2.0749e-07, No Iterations 0
ExecutionTime = 4.03 s  ClockTime = 8 s

Time = 2.805

DICPCG:  Solving for T, Initial residual = 2.499e-05, Final residual = 9.79458e-07, No Iterations 2
DICPCG:  Solving for T, Initial residual = 1.01984e-06, Final residual = 1.88028e-07, No Iterations 1
DICPCG:  Solving for T, Initial residual = 2.06241e-07, Final residual = 2.06241e-07, No Iterations 0
ExecutionTime = 4.05 s  ClockTime = 8 s

Time = 2.81

DICPCG:  Solving for T, Initial residual = 2.48544e-05, Final residual = 9.74128e-07, No Iterations 2
DICPCG:  Solving for T, Initial residual = 1.0142e-06, Final residual = 1.86966e-07, No Iterations 1
DICPCG:  Solving for T, Initial residual = 2.05078e-07, Final residual = 2.05078e-07, No Iterations 0
ExecutionTime = 4.05 s  ClockTime = 8 s

Time = 2.815

DICPCG:  Solving for T, Initial residual = 2.47194e-05, Final residual = 9.68852e-07, No Iterations 2
DICPCG:  Solving for T, Initial residual = 1.00867e-06, Final residual = 1.85932e-07, No Iterations 1
DICPCG:  Solving for T, Initial residual = 2.03947e-07, Final residual = 2.03947e-07, No Iterations 0
ExecutionTime = 4.06 s  ClockTime = 8 s

Time = 2.82

DICPCG:  Solving for T, Initial residual = 2.45853e-05, Final residual = 9.63613e-07, No Iterations 2
DICPCG:  Solving for T, Initial residual = 1.00321e-06, Final residual = 1.84914e-07, No Iterations 1
DICPCG:  Solving for T, Initial residual = 2.02832e-07, Final residual = 2.02832e-07, No Iterations 0
ExecutionTime = 4.06 s  ClockTime = 8 s

Time = 2.825

DICPCG:  Solving for T, Initial residual = 2.44518e-05, Final residual = 9.58405e-07, No Iterations 2
DICPCG:  Solving for T, Initial residual = 9.97786e-07, Final residual = 9.97786e-07, No Iterations 0
DICPCG:  Solving for T, Initial residual = 9.97786e-07, Final residual = 9.97786e-07, No Iterations 0
ExecutionTime = 4.07 s  ClockTime = 8 s

Time = 2.83

DICPCG:  Solving for T, Initial residual = 2.43151e-05, Final residual = 9.85988e-07, No Iterations 2
DICPCG:  Solving for T, Initial residual = 1.02755e-06, Final residual = 1.90199e-07, No Iterations 1
DICPCG:  Solving for T, Initial residual = 2.06361e-07, Final residual = 2.06361e-07, No Iterations 0
ExecutionTime = 4.07 s  ClockTime = 8 s

Time = 2.835

DICPCG:  Solving for T, Initial residual = 2.4184e-05, Final residual = 9.55465e-07, No Iterations 2
DICPCG:  Solving for T, Initial residual = 9.94592e-07, Final residual = 9.94592e-07, No Iterations 0
DICPCG:  Solving for T, Initial residual = 9.94592e-07, Final residual = 9.94592e-07, No Iterations 0
ExecutionTime = 4.07 s  ClockTime = 8 s

Time = 2.84

DICPCG:  Solving for T, Initial residual = 2.40491e-05, Final residual = 9.7719e-07, No Iterations 2
DICPCG:  Solving for T, Initial residual = 1.01817e-06, Final residual = 1.88748e-07, No Iterations 1
DICPCG:  Solving for T, Initial residual = 2.04557e-07, Final residual = 2.04557e-07, No Iterations 0
ExecutionTime = 4.08 s  ClockTime = 8 s

Time = 2.845

DICPCG:  Solving for T, Initial residual = 2.39197e-05, Final residual = 9.45686e-07, No Iterations 2
DICPCG:  Solving for T, Initial residual = 9.84306e-07, Final residual = 9.84306e-07, No Iterations 0
DICPCG:  Solving for T, Initial residual = 9.84306e-07, Final residual = 9.84306e-07, No Iterations 0
ExecutionTime = 4.08 s  ClockTime = 8 s

Time = 2.85

DICPCG:  Solving for T, Initial residual = 2.37863e-05, Final residual = 9.66779e-07, No Iterations 2
DICPCG:  Solving for T, Initial residual = 1.00724e-06, Final residual = 1.86757e-07, No Iterations 1
DICPCG:  Solving for T, Initial residual = 2.02365e-07, Final residual = 2.02365e-07, No Iterations 0
ExecutionTime = 4.1 s  ClockTime = 8 s

Time = 2.855

DICPCG:  Solving for T, Initial residual = 2.36583e-05, Final residual = 9.35493e-07, No Iterations 2
DICPCG:  Solving for T, Initial residual = 9.73659e-07, Final residual = 9.73659e-07, No Iterations 0
DICPCG:  Solving for T, Initial residual = 9.73659e-07, Final residual = 9.73659e-07, No Iterations 0
ExecutionTime = 4.1 s  ClockTime = 8 s

Time = 2.86

DICPCG:  Solving for T, Initial residual = 2.35263e-05, Final residual = 9.56326e-07, No Iterations 2
DICPCG:  Solving for T, Initial residual = 9.96295e-07, Final residual = 9.96295e-07, No Iterations 0
DICPCG:  Solving for T, Initial residual = 9.96295e-07, Final residual = 9.96295e-07, No Iterations 0
ExecutionTime = 4.11 s  ClockTime = 8 s

Time = 2.865

DICPCG:  Solving for T, Initial residual = 2.33956e-05, Final residual = 9.56833e-07, No Iterations 2
DICPCG:  Solving for T, Initial residual = 9.97833e-07, Final residual = 9.97833e-07, No Iterations 0
DICPCG:  Solving for T, Initial residual = 9.97833e-07, Final residual = 9.97833e-07, No Iterations 0
ExecutionTime = 4.11 s  ClockTime = 8 s

Time = 2.87

DICPCG:  Solving for T, Initial residual = 2.32658e-05, Final residual = 9.53122e-07, No Iterations 2
DICPCG:  Solving for T, Initial residual = 9.94082e-07, Final residual = 9.94082e-07, No Iterations 0
DICPCG:  Solving for T, Initial residual = 9.94082e-07, Final residual = 9.94082e-07, No Iterations 0
ExecutionTime = 4.11 s  ClockTime = 8 s

Time = 2.875

DICPCG:  Solving for T, Initial residual = 2.31369e-05, Final residual = 9.48353e-07, No Iterations 2
DICPCG:  Solving for T, Initial residual = 9.89068e-07, Final residual = 9.89068e-07, No Iterations 0
DICPCG:  Solving for T, Initial residual = 9.89068e-07, Final residual = 9.89068e-07, No Iterations 0
ExecutionTime = 4.11 s  ClockTime = 8 s

Time = 2.88

DICPCG:  Solving for T, Initial residual = 2.30087e-05, Final residual = 9.4331e-07, No Iterations 2
DICPCG:  Solving for T, Initial residual = 9.83761e-07, Final residual = 9.83761e-07, No Iterations 0
DICPCG:  Solving for T, Initial residual = 9.83761e-07, Final residual = 9.83761e-07, No Iterations 0
ExecutionTime = 4.12 s  ClockTime = 8 s

Time = 2.885

DICPCG:  Solving for T, Initial residual = 2.28812e-05, Final residual = 9.3821e-07, No Iterations 2
DICPCG:  Solving for T, Initial residual = 9.78406e-07, Final residual = 9.78406e-07, No Iterations 0
DICPCG:  Solving for T, Initial residual = 9.78406e-07, Final residual = 9.78406e-07, No Iterations 0
ExecutionTime = 4.12 s  ClockTime = 8 s

Time = 2.89

DICPCG:  Solving for T, Initial residual = 2.27544e-05, Final residual = 9.33118e-07, No Iterations 2
DICPCG:  Solving for T, Initial residual = 9.73067e-07, Final residual = 9.73067e-07, No Iterations 0
DICPCG:  Solving for T, Initial residual = 9.73067e-07, Final residual = 9.73067e-07, No Iterations 0
ExecutionTime = 4.14 s  ClockTime = 8 s

Time = 2.895

DICPCG:  Solving for T, Initial residual = 2.26283e-05, Final residual = 9.2805e-07, No Iterations 2
DICPCG:  Solving for T, Initial residual = 9.67759e-07, Final residual = 9.67759e-07, No Iterations 0
DICPCG:  Solving for T, Initial residual = 9.67759e-07, Final residual = 9.67759e-07, No Iterations 0
ExecutionTime = 4.14 s  ClockTime = 8 s

Time = 2.9

DICPCG:  Solving for T, Initial residual = 2.2503e-05, Final residual = 9.23009e-07, No Iterations 2
DICPCG:  Solving for T, Initial residual = 9.62482e-07, Final residual = 9.62482e-07, No Iterations 0
DICPCG:  Solving for T, Initial residual = 9.62482e-07, Final residual = 9.62482e-07, No Iterations 0
ExecutionTime = 4.18 s  ClockTime = 8 s

Time = 2.905

DICPCG:  Solving for T, Initial residual = 2.23783e-05, Final residual = 9.17997e-07, No Iterations 2
DICPCG:  Solving for T, Initial residual = 9.57238e-07, Final residual = 9.57238e-07, No Iterations 0
DICPCG:  Solving for T, Initial residual = 9.57238e-07, Final residual = 9.57238e-07, No Iterations 0
ExecutionTime = 4.19 s  ClockTime = 8 s

Time = 2.91

DICPCG:  Solving for T, Initial residual = 2.22543e-05, Final residual = 9.13013e-07, No Iterations 2
DICPCG:  Solving for T, Initial residual = 9.52025e-07, Final residual = 9.52025e-07, No Iterations 0
DICPCG:  Solving for T, Initial residual = 9.52025e-07, Final residual = 9.52025e-07, No Iterations 0
ExecutionTime = 4.2 s  ClockTime = 8 s

Time = 2.915

DICPCG:  Solving for T, Initial residual = 2.21311e-05, Final residual = 9.08057e-07, No Iterations 2
DICPCG:  Solving for T, Initial residual = 9.46842e-07, Final residual = 9.46842e-07, No Iterations 0
DICPCG:  Solving for T, Initial residual = 9.46842e-07, Final residual = 9.46842e-07, No Iterations 0
ExecutionTime = 4.2 s  ClockTime = 8 s

Time = 2.92

DICPCG:  Solving for T, Initial residual = 2.20085e-05, Final residual = 9.03129e-07, No Iterations 2
DICPCG:  Solving for T, Initial residual = 9.41689e-07, Final residual = 9.41689e-07, No Iterations 0
DICPCG:  Solving for T, Initial residual = 9.41689e-07, Final residual = 9.41689e-07, No Iterations 0
ExecutionTime = 4.2 s  ClockTime = 8 s

Time = 2.925

DICPCG:  Solving for T, Initial residual = 2.18866e-05, Final residual = 8.98229e-07, No Iterations 2
DICPCG:  Solving for T, Initial residual = 9.36566e-07, Final residual = 9.36566e-07, No Iterations 0
DICPCG:  Solving for T, Initial residual = 9.36566e-07, Final residual = 9.36566e-07, No Iterations 0
ExecutionTime = 4.21 s  ClockTime = 8 s

Time = 2.93

DICPCG:  Solving for T, Initial residual = 2.17654e-05, Final residual = 8.93355e-07, No Iterations 2
DICPCG:  Solving for T, Initial residual = 9.31471e-07, Final residual = 9.31471e-07, No Iterations 0
DICPCG:  Solving for T, Initial residual = 9.31471e-07, Final residual = 9.31471e-07, No Iterations 0
ExecutionTime = 4.21 s  ClockTime = 8 s

Time = 2.935

DICPCG:  Solving for T, Initial residual = 2.16449e-05, Final residual = 8.88508e-07, No Iterations 2
DICPCG:  Solving for T, Initial residual = 9.26405e-07, Final residual = 9.26405e-07, No Iterations 0
DICPCG:  Solving for T, Initial residual = 9.26405e-07, Final residual = 9.26405e-07, No Iterations 0
ExecutionTime = 4.21 s  ClockTime = 8 s

Time = 2.94

DICPCG:  Solving for T, Initial residual = 2.1525e-05, Final residual = 8.83688e-07, No Iterations 2
DICPCG:  Solving for T, Initial residual = 9.21366e-07, Final residual = 9.21366e-07, No Iterations 0
DICPCG:  Solving for T, Initial residual = 9.21366e-07, Final residual = 9.21366e-07, No Iterations 0
ExecutionTime = 4.23 s  ClockTime = 8 s

Time = 2.945

DICPCG:  Solving for T, Initial residual = 2.14058e-05, Final residual = 8.78894e-07, No Iterations 2
DICPCG:  Solving for T, Initial residual = 9.16355e-07, Final residual = 9.16355e-07, No Iterations 0
DICPCG:  Solving for T, Initial residual = 9.16355e-07, Final residual = 9.16355e-07, No Iterations 0
ExecutionTime = 4.23 s  ClockTime = 8 s

Time = 2.95

DICPCG:  Solving for T, Initial residual = 2.12873e-05, Final residual = 8.74125e-07, No Iterations 2
DICPCG:  Solving for T, Initial residual = 9.1137e-07, Final residual = 9.1137e-07, No Iterations 0
DICPCG:  Solving for T, Initial residual = 9.1137e-07, Final residual = 9.1137e-07, No Iterations 0
ExecutionTime = 4.24 s  ClockTime = 8 s

Time = 2.955

DICPCG:  Solving for T, Initial residual = 2.11695e-05, Final residual = 8.69382e-07, No Iterations 2
DICPCG:  Solving for T, Initial residual = 9.06413e-07, Final residual = 9.06413e-07, No Iterations 0
DICPCG:  Solving for T, Initial residual = 9.06413e-07, Final residual = 9.06413e-07, No Iterations 0
ExecutionTime = 4.24 s  ClockTime = 8 s

Time = 2.96

DICPCG:  Solving for T, Initial residual = 2.10523e-05, Final residual = 8.64664e-07, No Iterations 2
DICPCG:  Solving for T, Initial residual = 9.01482e-07, Final residual = 9.01482e-07, No Iterations 0
DICPCG:  Solving for T, Initial residual = 9.01482e-07, Final residual = 9.01482e-07, No Iterations 0
ExecutionTime = 4.24 s  ClockTime = 8 s

Time = 2.965

DICPCG:  Solving for T, Initial residual = 2.09358e-05, Final residual = 8.59972e-07, No Iterations 2
DICPCG:  Solving for T, Initial residual = 8.96578e-07, Final residual = 8.96578e-07, No Iterations 0
DICPCG:  Solving for T, Initial residual = 8.96578e-07, Final residual = 8.96578e-07, No Iterations 0
ExecutionTime = 4.25 s  ClockTime = 8 s

Time = 2.97

DICPCG:  Solving for T, Initial residual = 2.082e-05, Final residual = 8.55305e-07, No Iterations 2
DICPCG:  Solving for T, Initial residual = 8.917e-07, Final residual = 8.917e-07, No Iterations 0
DICPCG:  Solving for T, Initial residual = 8.917e-07, Final residual = 8.917e-07, No Iterations 0
ExecutionTime = 4.26 s  ClockTime = 8 s

Time = 2.975

DICPCG:  Solving for T, Initial residual = 2.07048e-05, Final residual = 8.50662e-07, No Iterations 2
DICPCG:  Solving for T, Initial residual = 8.86849e-07, Final residual = 8.86849e-07, No Iterations 0
DICPCG:  Solving for T, Initial residual = 8.86849e-07, Final residual = 8.86849e-07, No Iterations 0
ExecutionTime = 4.27 s  ClockTime = 8 s

Time = 2.98

DICPCG:  Solving for T, Initial residual = 2.05902e-05, Final residual = 8.46044e-07, No Iterations 2
DICPCG:  Solving for T, Initial residual = 8.82023e-07, Final residual = 8.82023e-07, No Iterations 0
DICPCG:  Solving for T, Initial residual = 8.82023e-07, Final residual = 8.82023e-07, No Iterations 0
ExecutionTime = 4.27 s  ClockTime = 8 s

Time = 2.985

DICPCG:  Solving for T, Initial residual = 2.04763e-05, Final residual = 8.41451e-07, No Iterations 2
DICPCG:  Solving for T, Initial residual = 8.77223e-07, Final residual = 8.77223e-07, No Iterations 0
DICPCG:  Solving for T, Initial residual = 8.77223e-07, Final residual = 8.77223e-07, No Iterations 0
ExecutionTime = 4.28 s  ClockTime = 8 s

Time = 2.99

DICPCG:  Solving for T, Initial residual = 2.03631e-05, Final residual = 8.36883e-07, No Iterations 2
DICPCG:  Solving for T, Initial residual = 8.72449e-07, Final residual = 8.72449e-07, No Iterations 0
DICPCG:  Solving for T, Initial residual = 8.72449e-07, Final residual = 8.72449e-07, No Iterations 0
ExecutionTime = 4.3 s  ClockTime = 8 s

Time = 2.995

DICPCG:  Solving for T, Initial residual = 2.02505e-05, Final residual = 8.32338e-07, No Iterations 2
DICPCG:  Solving for T, Initial residual = 8.67701e-07, Final residual = 8.67701e-07, No Iterations 0
DICPCG:  Solving for T, Initial residual = 8.67701e-07, Final residual = 8.67701e-07, No Iterations 0
ExecutionTime = 4.3 s  ClockTime = 8 s

Time = 3

DICPCG:  Solving for T, Initial residual = 2.01385e-05, Final residual = 8.27818e-07, No Iterations 2
DICPCG:  Solving for T, Initial residual = 8.62978e-07, Final residual = 8.62978e-07, No Iterations 0
DICPCG:  Solving for T, Initial residual = 8.62978e-07, Final residual = 8.62978e-07, No Iterations 0
ExecutionTime = 4.36 s  ClockTime = 9 s

End

