/*---------------------------------------------------------------------------*\
| =========                 |                                                 |
| \\      /  F ield         | OpenFOAM: The Open Source CFD Toolbox           |
|  \\    /   O peration     | Version:  2512                                  |
|   \\  /    A nd           | Website:  www.openfoam.com                      |
|    \\/     M anipulation  |                                                 |
\*---------------------------------------------------------------------------*/
Build  : _bd2b6720-20260127 OPENFOAM=2512 version=2512
Arch   : "LSB;label=32;scalar=64"
Exec   : simpleFoam
Date   : Oct 04 2026
Time   : 00:37:32
Host   : shark-VMware-Virtual-Platform
PID    : 18382
--> FOAM Warning : 
    From Foam::fileName Foam::cwd_L()
    in file POSIX.C at line 554
    PWD is not the cwd() - reverting to physical description
I/O    : uncollated
--> FOAM Warning : 
    From Foam::fileName Foam::cwd_L()
    in file POSIX.C at line 554
    PWD is not the cwd() - reverting to physical description
Case   : /mnt/hgfs/UbuntuShareFolder/.foamlab-build/town-training-20261004/pitz-omega
nProcs : 1
trapFpe: Floating point exception trapping enabled (FOAM_SIGFPE).
memory pool : not available
fileModificationChecking : Monitoring run-time modified files using timeStampMaster (fileModificationSkew 5, maxFileModificationPolls 20)
allowSystemOperations : Allowing user-supplied system call operations

// * * * * * * * * * * * * * * * * * * * * * * * * * * * * * * * * * * * * * //
Create time

Create mesh for time = 0


SIMPLE: convergence criteria
    field p	 tolerance 0.01
    field U	 tolerance 0.001
    field "(k|epsilon|omega|f|v2)"	 tolerance 0.001

Reading field p

Reading field U

Reading/calculating face flux field phi

Selecting incompressible transport model Newtonian
Selecting turbulence model type RAS
Selecting RAS turbulence model kOmega
RAS
{
    RASModel        kOmega;
    turbulence      on;
    printCoeffs     on;
    betaStar        0.09;
    beta            0.072;
    gamma           0.52;
    alphaK          0.5;
    alphaOmega      0.5;
}

No MRF models present

No finite volume options present

Starting time loop

streamLine streamlines:
    Employing velocity field U
    automatic track length specified through number of sub cycles : 5

Time = 1

smoothSolver:  Solving for Ux, Initial residual = 1, Final residual = 0.0538099, No Iterations 1
smoothSolver:  Solving for Uy, Initial residual = 1, Final residual = 0.0309248, No Iterations 2
GAMG:  Solving for p, Initial residual = 1, Final residual = 0.068427, No Iterations 17
time step continuity errors : sum local = 1.19733, global = 0.179883, cumulative = 0.179883
smoothSolver:  Solving for omega, Initial residual = 0.142537, Final residual = 0.0077217, No Iterations 3
smoothSolver:  Solving for k, Initial residual = 1, Final residual = 0.0637395, No Iterations 2
bounding k, min: -0.740194 max: 9.67596 average: 0.470086
ExecutionTime = 0.16 s  ClockTime = 1 s

Time = 2

smoothSolver:  Solving for Ux, Initial residual = 0.44194, Final residual = 0.0305584, No Iterations 5
smoothSolver:  Solving for Uy, Initial residual = 0.294002, Final residual = 0.0273313, No Iterations 4
GAMG:  Solving for p, Initial residual = 0.0499143, Final residual = 0.00423913, No Iterations 17
time step continuity errors : sum local = 5.21939, global = 0.0920312, cumulative = 0.271914
smoothSolver:  Solving for omega, Initial residual = 0.03869, Final residual = 0.00161831, No Iterations 2
bounding omega, min: -2589.35 max: 112527 average: 2052.08
smoothSolver:  Solving for k, Initial residual = 0.352346, Final residual = 0.020098, No Iterations 2
bounding k, min: -0.00315837 max: 6.52801 average: 0.53915
ExecutionTime = 0.2 s  ClockTime = 1 s

Time = 3

smoothSolver:  Solving for Ux, Initial residual = 0.124403, Final residual = 0.0113418, No Iterations 4
smoothSolver:  Solving for Uy, Initial residual = 0.206951, Final residual = 0.0159929, No Iterations 4
GAMG:  Solving for p, Initial residual = 0.179569, Final residual = 0.0158104, No Iterations 5
time step continuity errors : sum local = 4.78131, global = -0.267643, cumulative = 0.00427133
smoothSolver:  Solving for omega, Initial residual = 0.044126, Final residual = 0.00429185, No Iterations 1
smoothSolver:  Solving for k, Initial residual = 0.166743, Final residual = 0.0107621, No Iterations 2
ExecutionTime = 0.22 s  ClockTime = 1 s

Time = 4

smoothSolver:  Solving for Ux, Initial residual = 0.0736965, Final residual = 0.00729793, No Iterations 4
smoothSolver:  Solving for Uy, Initial residual = 0.110482, Final residual = 0.00882231, No Iterations 4
GAMG:  Solving for p, Initial residual = 0.143039, Final residual = 0.0142222, No Iterations 6
time step continuity errors : sum local = 2.66963, global = -0.282664, cumulative = -0.278393
smoothSolver:  Solving for omega, Initial residual = 0.0255016, Final residual = 0.0010415, No Iterations 2
smoothSolver:  Solving for k, Initial residual = 0.109468, Final residual = 0.00838327, No Iterations 2
ExecutionTime = 0.25 s  ClockTime = 1 s

Time = 5

smoothSolver:  Solving for Ux, Initial residual = 0.0607057, Final residual = 0.00401897, No Iterations 5
smoothSolver:  Solving for Uy, Initial residual = 0.0953743, Final residual = 0.00905557, No Iterations 4
GAMG:  Solving for p, Initial residual = 0.121479, Final residual = 0.0102341, No Iterations 5
time step continuity errors : sum local = 1.30545, global = 0.0881845, cumulative = -0.190208
smoothSolver:  Solving for omega, Initial residual = 0.0155877, Final residual = 0.000873187, No Iterations 2
smoothSolver:  Solving for k, Initial residual = 0.0800555, Final residual = 0.00685711, No Iterations 2
ExecutionTime = 0.27 s  ClockTime = 1 s

Time = 6

smoothSolver:  Solving for Ux, Initial residual = 0.0540416, Final residual = 0.00387914, No Iterations 5
smoothSolver:  Solving for Uy, Initial residual = 0.0816786, Final residual = 0.00552605, No Iterations 5
GAMG:  Solving for p, Initial residual = 0.101865, Final residual = 0.00965437, No Iterations 4
time step continuity errors : sum local = 1.0733, global = -0.0988502, cumulative = -0.289059
smoothSolver:  Solving for omega, Initial residual = 0.0126001, Final residual = 0.000781794, No Iterations 2
smoothSolver:  Solving for k, Initial residual = 0.0633999, Final residual = 0.00603633, No Iterations 2
ExecutionTime = 0.3 s  ClockTime = 1 s

Time = 7

smoothSolver:  Solving for Ux, Initial residual = 0.0492808, Final residual = 0.00377417, No Iterations 5
smoothSolver:  Solving for Uy, Initial residual = 0.0712963, Final residual = 0.00518466, No Iterations 5
GAMG:  Solving for p, Initial residual = 0.0798411, Final residual = 0.00706911, No Iterations 5
time step continuity errors : sum local = 0.76367, global = 0.0978499, cumulative = -0.191209
smoothSolver:  Solving for omega, Initial residual = 0.0108831, Final residual = 0.000712786, No Iterations 2
smoothSolver:  Solving for k, Initial residual = 0.0554525, Final residual = 0.00242739, No Iterations 3
ExecutionTime = 0.33 s  ClockTime = 1 s

Time = 8

smoothSolver:  Solving for Ux, Initial residual = 0.0446659, Final residual = 0.00364727, No Iterations 5
smoothSolver:  Solving for Uy, Initial residual = 0.0663086, Final residual = 0.00494599, No Iterations 5
GAMG:  Solving for p, Initial residual = 0.065848, Final residual = 0.00549991, No Iterations 4
time step continuity errors : sum local = 0.62051, global = -0.0589385, cumulative = -0.250147
smoothSolver:  Solving for omega, Initial residual = 0.00951296, Final residual = 0.000636621, No Iterations 2
smoothSolver:  Solving for k, Initial residual = 0.0507925, Final residual = 0.00251639, No Iterations 3
ExecutionTime = 0.35 s  ClockTime = 1 s

Time = 9

smoothSolver:  Solving for Ux, Initial residual = 0.0408623, Final residual = 0.00347174, No Iterations 5
smoothSolver:  Solving for Uy, Initial residual = 0.0624805, Final residual = 0.00481762, No Iterations 5
GAMG:  Solving for p, Initial residual = 0.059291, Final residual = 0.00458311, No Iterations 4
time step continuity errors : sum local = 0.531587, global = -0.053128, cumulative = -0.303275
smoothSolver:  Solving for omega, Initial residual = 0.00861122, Final residual = 0.000618076, No Iterations 2
smoothSolver:  Solving for k, Initial residual = 0.047218, Final residual = 0.00282213, No Iterations 3
ExecutionTime = 0.38 s  ClockTime = 1 s

Time = 10

smoothSolver:  Solving for Ux, Initial residual = 0.0377982, Final residual = 0.00326847, No Iterations 5
smoothSolver:  Solving for Uy, Initial residual = 0.0577608, Final residual = 0.0046778, No Iterations 5
GAMG:  Solving for p, Initial residual = 0.0549883, Final residual = 0.00546569, No Iterations 3
time step continuity errors : sum local = 0.628925, global = 0.0380621, cumulative = -0.265213
smoothSolver:  Solving for omega, Initial residual = 0.00785262, Final residual = 0.000586465, No Iterations 2
smoothSolver:  Solving for k, Initial residual = 0.0430792, Final residual = 0.00270212, No Iterations 3
ExecutionTime = 0.41 s  ClockTime = 1 s

Time = 11

smoothSolver:  Solving for Ux, Initial residual = 0.0348835, Final residual = 0.00305824, No Iterations 5
smoothSolver:  Solving for Uy, Initial residual = 0.0540313, Final residual = 0.00455921, No Iterations 5
GAMG:  Solving for p, Initial residual = 0.0530068, Final residual = 0.00522116, No Iterations 3
time step continuity errors : sum local = 0.605235, global = 0.042513, cumulative = -0.2227
smoothSolver:  Solving for omega, Initial residual = 0.00729085, Final residual = 0.000548488, No Iterations 2
smoothSolver:  Solving for k, Initial residual = 0.0399158, Final residual = 0.00274548, No Iterations 3
ExecutionTime = 0.43 s  ClockTime = 1 s

Time = 12

smoothSolver:  Solving for Ux, Initial residual = 0.0322475, Final residual = 0.00285585, No Iterations 5
smoothSolver:  Solving for Uy, Initial residual = 0.0517172, Final residual = 0.00441093, No Iterations 5
GAMG:  Solving for p, Initial residual = 0.0505031, Final residual = 0.00402213, No Iterations 4
time step continuity errors : sum local = 0.457594, global = -0.0499057, cumulative = -0.272606
smoothSolver:  Solving for omega, Initial residual = 0.0069609, Final residual = 0.000546639, No Iterations 2
smoothSolver:  Solving for k, Initial residual = 0.0373185, Final residual = 0.00261931, No Iterations 3
ExecutionTime = 0.46 s  ClockTime = 1 s

Time = 13

smoothSolver:  Solving for Ux, Initial residual = 0.0300141, Final residual = 0.00266748, No Iterations 5
smoothSolver:  Solving for Uy, Initial residual = 0.0495331, Final residual = 0.00424651, No Iterations 5
GAMG:  Solving for p, Initial residual = 0.0469589, Final residual = 0.0044178, No Iterations 3
time step continuity errors : sum local = 0.478931, global = 0.031928, cumulative = -0.240678
smoothSolver:  Solving for omega, Initial residual = 0.00662162, Final residual = 0.000507925, No Iterations 2
smoothSolver:  Solving for k, Initial residual = 0.0349076, Final residual = 0.00248537, No Iterations 3
ExecutionTime = 0.49 s  ClockTime = 1 s

Time = 14

smoothSolver:  Solving for Ux, Initial residual = 0.028006, Final residual = 0.00250408, No Iterations 5
smoothSolver:  Solving for Uy, Initial residual = 0.0480706, Final residual = 0.00417871, No Iterations 5
GAMG:  Solving for p, Initial residual = 0.0444955, Final residual = 0.00338958, No Iterations 4
time step continuity errors : sum local = 0.356512, global = -0.0237272, cumulative = -0.264405
smoothSolver:  Solving for omega, Initial residual = 0.00639318, Final residual = 0.000489627, No Iterations 2
smoothSolver:  Solving for k, Initial residual = 0.0326442, Final residual = 0.00230782, No Iterations 3
ExecutionTime = 0.51 s  ClockTime = 1 s

Time = 15

smoothSolver:  Solving for Ux, Initial residual = 0.0260513, Final residual = 0.00234933, No Iterations 5
smoothSolver:  Solving for Uy, Initial residual = 0.0460394, Final residual = 0.00400759, No Iterations 5
GAMG:  Solving for p, Initial residual = 0.0430346, Final residual = 0.00394837, No Iterations 3
time step continuity errors : sum local = 0.413241, global = 0.0154924, cumulative = -0.248913
smoothSolver:  Solving for omega, Initial residual = 0.00617027, Final residual = 0.000471324, No Iterations 2
smoothSolver:  Solving for k, Initial residual = 0.0303255, Final residual = 0.0021069, No Iterations 3
ExecutionTime = 0.55 s  ClockTime = 1 s

Time = 16

smoothSolver:  Solving for Ux, Initial residual = 0.024417, Final residual = 0.00221234, No Iterations 5
smoothSolver:  Solving for Uy, Initial residual = 0.0443694, Final residual = 0.00391631, No Iterations 5
GAMG:  Solving for p, Initial residual = 0.0408993, Final residual = 0.00327206, No Iterations 4
time step continuity errors : sum local = 0.331503, global = 0.0288032, cumulative = -0.220109
smoothSolver:  Solving for omega, Initial residual = 0.00597417, Final residual = 0.000450181, No Iterations 2
smoothSolver:  Solving for k, Initial residual = 0.028591, Final residual = 0.00199134, No Iterations 3
ExecutionTime = 0.57 s  ClockTime = 1 s

Time = 17

smoothSolver:  Solving for Ux, Initial residual = 0.0229267, Final residual = 0.00207591, No Iterations 5
smoothSolver:  Solving for Uy, Initial residual = 0.0424306, Final residual = 0.00375234, No Iterations 5
GAMG:  Solving for p, Initial residual = 0.0402351, Final residual = 0.00311497, No Iterations 4
time step continuity errors : sum local = 0.310464, global = 0.0324977, cumulative = -0.187612
smoothSolver:  Solving for omega, Initial residual = 0.00571672, Final residual = 0.000433095, No Iterations 2
smoothSolver:  Solving for k, Initial residual = 0.0269291, Final residual = 0.00188011, No Iterations 3
ExecutionTime = 0.6 s  ClockTime = 1 s

Time = 18

smoothSolver:  Solving for Ux, Initial residual = 0.0215916, Final residual = 0.0019523, No Iterations 5
smoothSolver:  Solving for Uy, Initial residual = 0.0405909, Final residual = 0.00362868, No Iterations 5
GAMG:  Solving for p, Initial residual = 0.0377491, Final residual = 0.00305886, No Iterations 4
time step continuity errors : sum local = 0.29465, global = 0.0329662, cumulative = -0.154645
smoothSolver:  Solving for omega, Initial residual = 0.00555287, Final residual = 0.000418124, No Iterations 2
smoothSolver:  Solving for k, Initial residual = 0.0253483, Final residual = 0.00176049, No Iterations 3
ExecutionTime = 0.62 s  ClockTime = 1 s

Time = 19

smoothSolver:  Solving for Ux, Initial residual = 0.0203092, Final residual = 0.00183548, No Iterations 5
smoothSolver:  Solving for Uy, Initial residual = 0.0389287, Final residual = 0.00351385, No Iterations 5
GAMG:  Solving for p, Initial residual = 0.0371952, Final residual = 0.00312459, No Iterations 4
time step continuity errors : sum local = 0.294346, global = 0.0325158, cumulative = -0.12213
smoothSolver:  Solving for omega, Initial residual = 0.00537412, Final residual = 0.000406246, No Iterations 2
smoothSolver:  Solving for k, Initial residual = 0.0239956, Final residual = 0.00167377, No Iterations 3
ExecutionTime = 0.65 s  ClockTime = 1 s

Time = 20

smoothSolver:  Solving for Ux, Initial residual = 0.0191185, Final residual = 0.0017227, No Iterations 5
smoothSolver:  Solving for Uy, Initial residual = 0.0372394, Final residual = 0.00340044, No Iterations 5
GAMG:  Solving for p, Initial residual = 0.0351094, Final residual = 0.00308917, No Iterations 4
time step continuity errors : sum local = 0.282405, global = 0.0306578, cumulative = -0.0914718
smoothSolver:  Solving for omega, Initial residual = 0.00524733, Final residual = 0.000398986, No Iterations 2
smoothSolver:  Solving for k, Initial residual = 0.022752, Final residual = 0.00159148, No Iterations 3
ExecutionTime = 0.67 s  ClockTime = 1 s

Time = 21

smoothSolver:  Solving for Ux, Initial residual = 0.0179866, Final residual = 0.00161508, No Iterations 5
smoothSolver:  Solving for Uy, Initial residual = 0.0357263, Final residual = 0.00328789, No Iterations 5
GAMG:  Solving for p, Initial residual = 0.034734, Final residual = 0.00305327, No Iterations 4
time step continuity errors : sum local = 0.271743, global = 0.0293043, cumulative = -0.0621675
smoothSolver:  Solving for omega, Initial residual = 0.00504006, Final residual = 0.000381642, No Iterations 2
smoothSolver:  Solving for k, Initial residual = 0.0213851, Final residual = 0.0014973, No Iterations 3
ExecutionTime = 0.7 s  ClockTime = 1 s

Time = 22

smoothSolver:  Solving for Ux, Initial residual = 0.0168995, Final residual = 0.00151249, No Iterations 5
smoothSolver:  Solving for Uy, Initial residual = 0.0342374, Final residual = 0.00317665, No Iterations 5
GAMG:  Solving for p, Initial residual = 0.0330974, Final residual = 0.00300817, No Iterations 4
time step continuity errors : sum local = 0.260674, global = 0.0279867, cumulative = -0.0341808
smoothSolver:  Solving for omega, Initial residual = 0.00491441, Final residual = 0.000369591, No Iterations 2
smoothSolver:  Solving for k, Initial residual = 0.0203668, Final residual = 0.00145684, No Iterations 3
ExecutionTime = 0.73 s  ClockTime = 1 s

Time = 23

smoothSolver:  Solving for Ux, Initial residual = 0.0158494, Final residual = 0.00141398, No Iterations 5
smoothSolver:  Solving for Uy, Initial residual = 0.0328595, Final residual = 0.0030662, No Iterations 5
GAMG:  Solving for p, Initial residual = 0.0323953, Final residual = 0.00298612, No Iterations 4
time step continuity errors : sum local = 0.251864, global = 0.0273694, cumulative = -0.00681144
smoothSolver:  Solving for omega, Initial residual = 0.00469117, Final residual = 0.000358213, No Iterations 2
smoothSolver:  Solving for k, Initial residual = 0.0193024, Final residual = 0.0013723, No Iterations 3
ExecutionTime = 0.76 s  ClockTime = 1 s

Time = 24

smoothSolver:  Solving for Ux, Initial residual = 0.0148276, Final residual = 0.00131976, No Iterations 5
smoothSolver:  Solving for Uy, Initial residual = 0.0313951, Final residual = 0.00295543, No Iterations 5
GAMG:  Solving for p, Initial residual = 0.0314868, Final residual = 0.00294369, No Iterations 4
time step continuity errors : sum local = 0.243176, global = 0.0271628, cumulative = 0.0203513
smoothSolver:  Solving for omega, Initial residual = 0.00453569, Final residual = 0.000344217, No Iterations 2
smoothSolver:  Solving for k, Initial residual = 0.0183093, Final residual = 0.00130753, No Iterations 3
ExecutionTime = 0.79 s  ClockTime = 1 s

Time = 25

smoothSolver:  Solving for Ux, Initial residual = 0.0138381, Final residual = 0.00122936, No Iterations 5
smoothSolver:  Solving for Uy, Initial residual = 0.029995, Final residual = 0.00284337, No Iterations 5
GAMG:  Solving for p, Initial residual = 0.0305247, Final residual = 0.00296939, No Iterations 4
time step continuity errors : sum local = 0.239495, global = 0.0273467, cumulative = 0.0476981
smoothSolver:  Solving for omega, Initial residual = 0.00438304, Final residual = 0.000326972, No Iterations 2
smoothSolver:  Solving for k, Initial residual = 0.0173836, Final residual = 0.00124541, No Iterations 3
ExecutionTime = 0.82 s  ClockTime = 1 s

Time = 26

smoothSolver:  Solving for Ux, Initial residual = 0.0128945, Final residual = 0.00114325, No Iterations 5
smoothSolver:  Solving for Uy, Initial residual = 0.0286444, Final residual = 0.00273555, No Iterations 5
GAMG:  Solving for p, Initial residual = 0.0296478, Final residual = 0.00274557, No Iterations 5
time step continuity errors : sum local = 0.21726, global = -0.0308166, cumulative = 0.0168815
smoothSolver:  Solving for omega, Initial residual = 0.0042096, Final residual = 0.000314897, No Iterations 2
smoothSolver:  Solving for k, Initial residual = 0.0166927, Final residual = 0.00121316, No Iterations 3
ExecutionTime = 0.84 s  ClockTime = 1 s

Time = 27

smoothSolver:  Solving for Ux, Initial residual = 0.0119841, Final residual = 0.00106018, No Iterations 5
smoothSolver:  Solving for Uy, Initial residual = 0.0273791, Final residual = 0.00263139, No Iterations 5
GAMG:  Solving for p, Initial residual = 0.028602, Final residual = 0.002449, No Iterations 4
time step continuity errors : sum local = 0.188309, global = 0.0161192, cumulative = 0.0330007
smoothSolver:  Solving for omega, Initial residual = 0.00401785, Final residual = 0.000302679, No Iterations 2
smoothSolver:  Solving for k, Initial residual = 0.0157952, Final residual = 0.00114265, No Iterations 3
ExecutionTime = 0.88 s  ClockTime = 1 s

Time = 28

smoothSolver:  Solving for Ux, Initial residual = 0.0111154, Final residual = 0.000981704, No Iterations 5
smoothSolver:  Solving for Uy, Initial residual = 0.0262225, Final residual = 0.00253819, No Iterations 5
GAMG:  Solving for p, Initial residual = 0.0276057, Final residual = 0.0024692, No Iterations 4
time step continuity errors : sum local = 0.18604, global = 0.019637, cumulative = 0.0526377
smoothSolver:  Solving for omega, Initial residual = 0.00386491, Final residual = 0.000290185, No Iterations 2
smoothSolver:  Solving for k, Initial residual = 0.0151738, Final residual = 0.00108687, No Iterations 3
ExecutionTime = 0.91 s  ClockTime = 2 s

Time = 29

smoothSolver:  Solving for Ux, Initial residual = 0.0103206, Final residual = 0.000911144, No Iterations 5
smoothSolver:  Solving for Uy, Initial residual = 0.025162, Final residual = 0.00245411, No Iterations 5
GAMG:  Solving for p, Initial residual = 0.0267001, Final residual = 0.00266615, No Iterations 4
time step continuity errors : sum local = 0.198073, global = 0.0231082, cumulative = 0.0757459
smoothSolver:  Solving for omega, Initial residual = 0.00375369, Final residual = 0.000280432, No Iterations 2
smoothSolver:  Solving for k, Initial residual = 0.0144652, Final residual = 0.00104141, No Iterations 3
ExecutionTime = 0.94 s  ClockTime = 2 s

Time = 30

smoothSolver:  Solving for Ux, Initial residual = 0.00956799, Final residual = 0.000844135, No Iterations 5
smoothSolver:  Solving for Uy, Initial residual = 0.0240728, Final residual = 0.00236394, No Iterations 5
GAMG:  Solving for p, Initial residual = 0.026021, Final residual = 0.00238798, No Iterations 5
time step continuity errors : sum local = 0.174046, global = -0.0222387, cumulative = 0.0535072
smoothSolver:  Solving for omega, Initial residual = 0.00359406, Final residual = 0.000264412, No Iterations 2
smoothSolver:  Solving for k, Initial residual = 0.0138435, Final residual = 0.00099077, No Iterations 3
ExecutionTime = 0.97 s  ClockTime = 2 s

Time = 31

smoothSolver:  Solving for Ux, Initial residual = 0.00884967, Final residual = 0.000779996, No Iterations 5
smoothSolver:  Solving for Uy, Initial residual = 0.0230579, Final residual = 0.00228065, No Iterations 5
GAMG:  Solving for p, Initial residual = 0.0254637, Final residual = 0.00197922, No Iterations 4
time step continuity errors : sum local = 0.140216, global = 0.0106358, cumulative = 0.064143
smoothSolver:  Solving for omega, Initial residual = 0.00345555, Final residual = 0.000257948, No Iterations 2
smoothSolver:  Solving for k, Initial residual = 0.0132014, Final residual = 0.000934786, No Iterations 3
ExecutionTime = 0.99 s  ClockTime = 2 s

Time = 32

smoothSolver:  Solving for Ux, Initial residual = 0.00817399, Final residual = 0.000721795, No Iterations 5
smoothSolver:  Solving for Uy, Initial residual = 0.0221613, Final residual = 0.00220919, No Iterations 5
GAMG:  Solving for p, Initial residual = 0.024652, Final residual = 0.00203777, No Iterations 4
time step continuity errors : sum local = 0.141499, global = 0.0142939, cumulative = 0.0784369
smoothSolver:  Solving for omega, Initial residual = 0.00331981, Final residual = 0.000248679, No Iterations 2
smoothSolver:  Solving for k, Initial residual = 0.0126613, Final residual = 0.000891626, No Iterations 3
ExecutionTime = 1.01 s  ClockTime = 2 s

Time = 33

smoothSolver:  Solving for Ux, Initial residual = 0.00757881, Final residual = 0.000671783, No Iterations 5
smoothSolver:  Solving for Uy, Initial residual = 0.0213198, Final residual = 0.00138459, No Iterations 6
GAMG:  Solving for p, Initial residual = 0.0239286, Final residual = 0.00206719, No Iterations 5
time step continuity errors : sum local = 0.142249, global = -0.0167026, cumulative = 0.0617343
smoothSolver:  Solving for omega, Initial residual = 0.00319391, Final residual = 0.000238771, No Iterations 2
smoothSolver:  Solving for k, Initial residual = 0.0120581, Final residual = 0.000843768, No Iterations 3
ExecutionTime = 1.04 s  ClockTime = 2 s

Time = 34

smoothSolver:  Solving for Ux, Initial residual = 0.00705817, Final residual = 0.000628624, No Iterations 5
smoothSolver:  Solving for Uy, Initial residual = 0.0202425, Final residual = 0.00132552, No Iterations 6
GAMG:  Solving for p, Initial residual = 0.0233487, Final residual = 0.00190152, No Iterations 4
time step continuity errors : sum local = 0.128181, global = 0.00914991, cumulative = 0.0708842
smoothSolver:  Solving for omega, Initial residual = 0.00308695, Final residual = 0.000227469, No Iterations 2
smoothSolver:  Solving for k, Initial residual = 0.0116287, Final residual = 0.000809763, No Iterations 3
ExecutionTime = 1.08 s  ClockTime = 2 s

Time = 35

smoothSolver:  Solving for Ux, Initial residual = 0.00655762, Final residual = 0.000587294, No Iterations 5
smoothSolver:  Solving for Uy, Initial residual = 0.0194437, Final residual = 0.00128575, No Iterations 6
GAMG:  Solving for p, Initial residual = 0.0227372, Final residual = 0.0019082, No Iterations 4
time step continuity errors : sum local = 0.125921, global = 0.0133674, cumulative = 0.0842516
smoothSolver:  Solving for omega, Initial residual = 0.00296979, Final residual = 0.000218045, No Iterations 2
smoothSolver:  Solving for k, Initial residual = 0.0110792, Final residual = 0.000768594, No Iterations 3
ExecutionTime = 1.1 s  ClockTime = 2 s

Time = 36

smoothSolver:  Solving for Ux, Initial residual = 0.00611249, Final residual = 0.000551217, No Iterations 5
smoothSolver:  Solving for Uy, Initial residual = 0.0188203, Final residual = 0.00125845, No Iterations 6
GAMG:  Solving for p, Initial residual = 0.0220824, Final residual = 0.00192373, No Iterations 4
time step continuity errors : sum local = 0.125478, global = 0.0122879, cumulative = 0.0965395
smoothSolver:  Solving for omega, Initial residual = 0.00288603, Final residual = 0.000211212, No Iterations 2
smoothSolver:  Solving for k, Initial residual = 0.0106977, Final residual = 0.000737246, No Iterations 3
ExecutionTime = 1.13 s  ClockTime = 2 s

Time = 37

smoothSolver:  Solving for Ux, Initial residual = 0.00571773, Final residual = 0.000519183, No Iterations 5
smoothSolver:  Solving for Uy, Initial residual = 0.0182443, Final residual = 0.00123129, No Iterations 6
GAMG:  Solving for p, Initial residual = 0.0215005, Final residual = 0.00206697, No Iterations 4
time step continuity errors : sum local = 0.132708, global = 0.0144113, cumulative = 0.110951
smoothSolver:  Solving for omega, Initial residual = 0.00280283, Final residual = 0.00020465, No Iterations 2
smoothSolver:  Solving for k, Initial residual = 0.0102625, Final residual = 0.000693078, No Iterations 3
ExecutionTime = 1.15 s  ClockTime = 2 s

Time = 38

smoothSolver:  Solving for Ux, Initial residual = 0.00536494, Final residual = 0.000491367, No Iterations 5
smoothSolver:  Solving for Uy, Initial residual = 0.0177489, Final residual = 0.00120903, No Iterations 6
GAMG:  Solving for p, Initial residual = 0.0210618, Final residual = 0.00196575, No Iterations 4
time step continuity errors : sum local = 0.124027, global = 0.0136472, cumulative = 0.124598
smoothSolver:  Solving for omega, Initial residual = 0.00272581, Final residual = 0.000196222, No Iterations 2
smoothSolver:  Solving for k, Initial residual = 0.00994747, Final residual = 0.000667566, No Iterations 3
ExecutionTime = 1.18 s  ClockTime = 2 s

Time = 39

smoothSolver:  Solving for Ux, Initial residual = 0.00506061, Final residual = 0.000467808, No Iterations 5
smoothSolver:  Solving for Uy, Initial residual = 0.0173678, Final residual = 0.00119292, No Iterations 6
GAMG:  Solving for p, Initial residual = 0.020783, Final residual = 0.0019228, No Iterations 4
time step continuity errors : sum local = 0.11961, global = 0.0127528, cumulative = 0.137351
smoothSolver:  Solving for omega, Initial residual = 0.0026539, Final residual = 0.000192174, No Iterations 2
smoothSolver:  Solving for k, Initial residual = 0.00950997, Final residual = 0.000631847, No Iterations 3
ExecutionTime = 1.2 s  ClockTime = 2 s

Time = 40

smoothSolver:  Solving for Ux, Initial residual = 0.00479591, Final residual = 0.000447887, No Iterations 5
smoothSolver:  Solving for Uy, Initial residual = 0.0170339, Final residual = 0.00117886, No Iterations 6
GAMG:  Solving for p, Initial residual = 0.0205145, Final residual = 0.00184385, No Iterations 4
time step continuity errors : sum local = 0.113047, global = 0.011653, cumulative = 0.149004
smoothSolver:  Solving for omega, Initial residual = 0.00257745, Final residual = 0.000184644, No Iterations 2
smoothSolver:  Solving for k, Initial residual = 0.00919007, Final residual = 0.000604248, No Iterations 3
ExecutionTime = 1.23 s  ClockTime = 2 s

Time = 41

smoothSolver:  Solving for Ux, Initial residual = 0.00456575, Final residual = 0.000431284, No Iterations 5
smoothSolver:  Solving for Uy, Initial residual = 0.0167359, Final residual = 0.0011666, No Iterations 6
GAMG:  Solving for p, Initial residual = 0.0202638, Final residual = 0.00174675, No Iterations 4
time step continuity errors : sum local = 0.105617, global = 0.0104003, cumulative = 0.159404
smoothSolver:  Solving for omega, Initial residual = 0.00250359, Final residual = 0.000179688, No Iterations 2
smoothSolver:  Solving for k, Initial residual = 0.00880986, Final residual = 0.000571112, No Iterations 3
ExecutionTime = 1.25 s  ClockTime = 2 s

Time = 42

smoothSolver:  Solving for Ux, Initial residual = 0.00437166, Final residual = 0.000417127, No Iterations 5
smoothSolver:  Solving for Uy, Initial residual = 0.0164678, Final residual = 0.00115587, No Iterations 6
GAMG:  Solving for p, Initial residual = 0.0200241, Final residual = 0.00164799, No Iterations 4
time step continuity errors : sum local = 0.0983348, global = 0.0092965, cumulative = 0.168701
smoothSolver:  Solving for omega, Initial residual = 0.00244929, Final residual = 0.000175794, No Iterations 2
smoothSolver:  Solving for k, Initial residual = 0.00852576, Final residual = 0.000549712, No Iterations 3
ExecutionTime = 1.27 s  ClockTime = 2 s

Time = 43

smoothSolver:  Solving for Ux, Initial residual = 0.0042068, Final residual = 0.000404594, No Iterations 5
smoothSolver:  Solving for Uy, Initial residual = 0.0162384, Final residual = 0.00114697, No Iterations 6
GAMG:  Solving for p, Initial residual = 0.0198678, Final residual = 0.00155885, No Iterations 4
time step continuity errors : sum local = 0.0918126, global = 0.0081926, cumulative = 0.176893
smoothSolver:  Solving for omega, Initial residual = 0.00237261, Final residual = 0.000169594, No Iterations 2
smoothSolver:  Solving for k, Initial residual = 0.00821156, Final residual = 0.000522977, No Iterations 3
ExecutionTime = 1.3 s  ClockTime = 2 s

Time = 44

smoothSolver:  Solving for Ux, Initial residual = 0.00406201, Final residual = 0.000393315, No Iterations 5
smoothSolver:  Solving for Uy, Initial residual = 0.0160353, Final residual = 0.00113884, No Iterations 6
GAMG:  Solving for p, Initial residual = 0.0196476, Final residual = 0.00149372, No Iterations 4
time step continuity errors : sum local = 0.0869188, global = 0.00684868, cumulative = 0.183742
smoothSolver:  Solving for omega, Initial residual = 0.00231816, Final residual = 0.000164657, No Iterations 2
smoothSolver:  Solving for k, Initial residual = 0.008043, Final residual = 0.00051019, No Iterations 3
ExecutionTime = 1.33 s  ClockTime = 2 s

Time = 45

smoothSolver:  Solving for Ux, Initial residual = 0.00393398, Final residual = 0.000383019, No Iterations 5
smoothSolver:  Solving for Uy, Initial residual = 0.0158621, Final residual = 0.00113186, No Iterations 6
GAMG:  Solving for p, Initial residual = 0.0196914, Final residual = 0.00152853, No Iterations 4
time step continuity errors : sum local = 0.0878123, global = 0.00186015, cumulative = 0.185602
smoothSolver:  Solving for omega, Initial residual = 0.00224977, Final residual = 0.000159034, No Iterations 2
smoothSolver:  Solving for k, Initial residual = 0.00776289, Final residual = 0.00049302, No Iterations 3
ExecutionTime = 1.36 s  ClockTime = 2 s

Time = 46

smoothSolver:  Solving for Ux, Initial residual = 0.00381891, Final residual = 0.000373657, No Iterations 5
smoothSolver:  Solving for Uy, Initial residual = 0.0157049, Final residual = 0.00112586, No Iterations 6
GAMG:  Solving for p, Initial residual = 0.0193733, Final residual = 0.0017342, No Iterations 3
time step continuity errors : sum local = 0.0984493, global = 0.0102102, cumulative = 0.195812
smoothSolver:  Solving for omega, Initial residual = 0.00221228, Final residual = 0.000155781, No Iterations 2
smoothSolver:  Solving for k, Initial residual = 0.00753499, Final residual = 0.0004751, No Iterations 3
ExecutionTime = 1.38 s  ClockTime = 2 s

Time = 47

smoothSolver:  Solving for Ux, Initial residual = 0.00371245, Final residual = 0.000364272, No Iterations 5
smoothSolver:  Solving for Uy, Initial residual = 0.0155054, Final residual = 0.00111818, No Iterations 6
GAMG:  Solving for p, Initial residual = 0.0194972, Final residual = 0.00147926, No Iterations 4
time step continuity errors : sum local = 0.0832964, global = -0.00608956, cumulative = 0.189723
smoothSolver:  Solving for omega, Initial residual = 0.00214888, Final residual = 0.000151895, No Iterations 2
smoothSolver:  Solving for k, Initial residual = 0.00729263, Final residual = 0.000462165, No Iterations 3
ExecutionTime = 1.4 s  ClockTime = 2 s

Time = 48

smoothSolver:  Solving for Ux, Initial residual = 0.0036212, Final residual = 0.000356507, No Iterations 5
smoothSolver:  Solving for Uy, Initial residual = 0.0153853, Final residual = 0.00111263, No Iterations 6
GAMG:  Solving for p, Initial residual = 0.018993, Final residual = 0.00173299, No Iterations 3
time step continuity errors : sum local = 0.0960334, global = 0.0123195, cumulative = 0.202042
smoothSolver:  Solving for omega, Initial residual = 0.00210396, Final residual = 0.000147417, No Iterations 2
smoothSolver:  Solving for k, Initial residual = 0.00711884, Final residual = 0.000450482, No Iterations 3
ExecutionTime = 1.43 s  ClockTime = 2 s

Time = 49

smoothSolver:  Solving for Ux, Initial residual = 0.00353537, Final residual = 0.000348494, No Iterations 5
smoothSolver:  Solving for Uy, Initial residual = 0.0152647, Final residual = 0.00110887, No Iterations 6
GAMG:  Solving for p, Initial residual = 0.0192257, Final residual = 0.00143147, No Iterations 4
time step continuity errors : sum local = 0.0787648, global = -0.00516066, cumulative = 0.196882
smoothSolver:  Solving for omega, Initial residual = 0.00205688, Final residual = 0.000142378, No Iterations 2
smoothSolver:  Solving for k, Initial residual = 0.00686764, Final residual = 0.00043785, No Iterations 3
ExecutionTime = 1.45 s  ClockTime = 2 s

Time = 50

smoothSolver:  Solving for Ux, Initial residual = 0.00346208, Final residual = 0.000342282, No Iterations 5
smoothSolver:  Solving for Uy, Initial residual = 0.0151909, Final residual = 0.00110504, No Iterations 6
GAMG:  Solving for p, Initial residual = 0.0185342, Final residual = 0.00165792, No Iterations 3
time step continuity errors : sum local = 0.0900948, global = 0.0126394, cumulative = 0.209521
smoothSolver:  Solving for omega, Initial residual = 0.00200696, Final residual = 0.000137564, No Iterations 2
smoothSolver:  Solving for k, Initial residual = 0.00669027, Final residual = 0.000425786, No Iterations 3
ExecutionTime = 1.48 s  ClockTime = 2 s

Time = 51

smoothSolver:  Solving for Ux, Initial residual = 0.00339304, Final residual = 0.000336037, No Iterations 5
smoothSolver:  Solving for Uy, Initial residual = 0.0150841, Final residual = 0.00110026, No Iterations 6
GAMG:  Solving for p, Initial residual = 0.0188768, Final residual = 0.00185893, No Iterations 3
time step continuity errors : sum local = 0.100449, global = 0.0113095, cumulative = 0.22083
smoothSolver:  Solving for omega, Initial residual = 0.001956, Final residual = 0.000135363, No Iterations 2
smoothSolver:  Solving for k, Initial residual = 0.00649687, Final residual = 0.000414736, No Iterations 3
ExecutionTime = 1.5 s  ClockTime = 2 s

Time = 52

smoothSolver:  Solving for Ux, Initial residual = 0.00333886, Final residual = 0.000331563, No Iterations 5
smoothSolver:  Solving for Uy, Initial residual = 0.0149809, Final residual = 0.00109224, No Iterations 6
GAMG:  Solving for p, Initial residual = 0.0181685, Final residual = 0.00137923, No Iterations 4
time step continuity errors : sum local = 0.0740204, global = -0.00684419, cumulative = 0.213986
smoothSolver:  Solving for omega, Initial residual = 0.00191411, Final residual = 0.000131706, No Iterations 2
smoothSolver:  Solving for k, Initial residual = 0.00634022, Final residual = 0.000410394, No Iterations 3
ExecutionTime = 1.52 s  ClockTime = 2 s

Time = 53

smoothSolver:  Solving for Ux, Initial residual = 0.0032843, Final residual = 0.000327755, No Iterations 5
smoothSolver:  Solving for Uy, Initial residual = 0.014957, Final residual = 0.0010914, No Iterations 6
GAMG:  Solving for p, Initial residual = 0.0177153, Final residual = 0.00172813, No Iterations 3
time step continuity errors : sum local = 0.0917581, global = 0.0130816, cumulative = 0.227068
smoothSolver:  Solving for omega, Initial residual = 0.00186827, Final residual = 0.000127243, No Iterations 2
smoothSolver:  Solving for k, Initial residual = 0.00620801, Final residual = 0.000405276, No Iterations 3
ExecutionTime = 1.55 s  ClockTime = 2 s

Time = 54

smoothSolver:  Solving for Ux, Initial residual = 0.00324379, Final residual = 0.000209087, No Iterations 6
smoothSolver:  Solving for Uy, Initial residual = 0.0148671, Final residual = 0.00108459, No Iterations 6
GAMG:  Solving for p, Initial residual = 0.0180662, Final residual = 0.00132062, No Iterations 4
time step continuity errors : sum local = 0.0697965, global = -0.00678666, cumulative = 0.220281
smoothSolver:  Solving for omega, Initial residual = 0.0018477, Final residual = 0.000125553, No Iterations 2
smoothSolver:  Solving for k, Initial residual = 0.00604828, Final residual = 0.000398612, No Iterations 3
ExecutionTime = 1.58 s  ClockTime = 2 s

Time = 55

smoothSolver:  Solving for Ux, Initial residual = 0.00320138, Final residual = 0.000206755, No Iterations 6
smoothSolver:  Solving for Uy, Initial residual = 0.0149319, Final residual = 0.00108831, No Iterations 6
GAMG:  Solving for p, Initial residual = 0.0171719, Final residual = 0.00164413, No Iterations 3
time step continuity errors : sum local = 0.0861605, global = 0.0120572, cumulative = 0.232338
smoothSolver:  Solving for omega, Initial residual = 0.00179647, Final residual = 0.000121929, No Iterations 2
smoothSolver:  Solving for k, Initial residual = 0.00593551, Final residual = 0.000397668, No Iterations 3
ExecutionTime = 1.6 s  ClockTime = 2 s

Time = 56

smoothSolver:  Solving for Ux, Initial residual = 0.00315948, Final residual = 0.000204562, No Iterations 6
smoothSolver:  Solving for Uy, Initial residual = 0.0149153, Final residual = 0.00108855, No Iterations 6
GAMG:  Solving for p, Initial residual = 0.0174642, Final residual = 0.00166732, No Iterations 3
time step continuity errors : sum local = 0.0870827, global = 0.0141093, cumulative = 0.246448
smoothSolver:  Solving for omega, Initial residual = 0.00176483, Final residual = 0.000119546, No Iterations 2
smoothSolver:  Solving for k, Initial residual = 0.00579876, Final residual = 0.000391337, No Iterations 3
ExecutionTime = 1.63 s  ClockTime = 2 s

Time = 57

smoothSolver:  Solving for Ux, Initial residual = 0.00313424, Final residual = 0.000202754, No Iterations 6
smoothSolver:  Solving for Uy, Initial residual = 0.0148841, Final residual = 0.00108531, No Iterations 6
GAMG:  Solving for p, Initial residual = 0.0168941, Final residual = 0.00162475, No Iterations 3
time step continuity errors : sum local = 0.0845851, global = 0.0114872, cumulative = 0.257935
smoothSolver:  Solving for omega, Initial residual = 0.00173178, Final residual = 0.000117149, No Iterations 2
smoothSolver:  Solving for k, Initial residual = 0.00571544, Final residual = 0.00039387, No Iterations 3
ExecutionTime = 1.65 s  ClockTime = 2 s

Time = 58

smoothSolver:  Solving for Ux, Initial residual = 0.00310626, Final residual = 0.000201044, No Iterations 6
smoothSolver:  Solving for Uy, Initial residual = 0.0148919, Final residual = 0.00108686, No Iterations 6
GAMG:  Solving for p, Initial residual = 0.0165595, Final residual = 0.00155321, No Iterations 3
time step continuity errors : sum local = 0.0806672, global = 0.0129459, cumulative = 0.270881
smoothSolver:  Solving for omega, Initial residual = 0.0017026, Final residual = 0.000115072, No Iterations 2
smoothSolver:  Solving for k, Initial residual = 0.00555794, Final residual = 0.000388715, No Iterations 3
ExecutionTime = 1.67 s  ClockTime = 2 s

Time = 59

smoothSolver:  Solving for Ux, Initial residual = 0.00308007, Final residual = 0.000199283, No Iterations 6
smoothSolver:  Solving for Uy, Initial residual = 0.0148612, Final residual = 0.00108596, No Iterations 6
GAMG:  Solving for p, Initial residual = 0.0164324, Final residual = 0.0014076, No Iterations 3
time step continuity errors : sum local = 0.0729558, global = 0.0113019, cumulative = 0.282183
smoothSolver:  Solving for omega, Initial residual = 0.00166625, Final residual = 0.00011357, No Iterations 2
smoothSolver:  Solving for k, Initial residual = 0.00549182, Final residual = 0.00039166, No Iterations 3
ExecutionTime = 1.69 s  ClockTime = 2 s

Time = 60

smoothSolver:  Solving for Ux, Initial residual = 0.00305742, Final residual = 0.000197273, No Iterations 6
smoothSolver:  Solving for Uy, Initial residual = 0.0148608, Final residual = 0.00108533, No Iterations 6
GAMG:  Solving for p, Initial residual = 0.0161559, Final residual = 0.00148884, No Iterations 3
time step continuity errors : sum local = 0.0770771, global = 0.0114611, cumulative = 0.293644
smoothSolver:  Solving for omega, Initial residual = 0.00165138, Final residual = 0.000112683, No Iterations 2
smoothSolver:  Solving for k, Initial residual = 0.0053815, Final residual = 0.000388547, No Iterations 3
ExecutionTime = 1.72 s  ClockTime = 2 s

Time = 61

smoothSolver:  Solving for Ux, Initial residual = 0.00303108, Final residual = 0.000195524, No Iterations 6
smoothSolver:  Solving for Uy, Initial residual = 0.0148475, Final residual = 0.0010856, No Iterations 6
GAMG:  Solving for p, Initial residual = 0.0160421, Final residual = 0.00133147, No Iterations 3
time step continuity errors : sum local = 0.068827, global = 0.012691, cumulative = 0.306335
smoothSolver:  Solving for omega, Initial residual = 0.00162788, Final residual = 0.000111124, No Iterations 2
smoothSolver:  Solving for k, Initial residual = 0.00527667, Final residual = 0.000388956, No Iterations 3
ExecutionTime = 1.74 s  ClockTime = 3 s

Time = 62

smoothSolver:  Solving for Ux, Initial residual = 0.00300499, Final residual = 0.000193516, No Iterations 6
smoothSolver:  Solving for Uy, Initial residual = 0.0148563, Final residual = 0.0010863, No Iterations 6
GAMG:  Solving for p, Initial residual = 0.0158344, Final residual = 0.00150288, No Iterations 3
time step continuity errors : sum local = 0.077643, global = 0.00227057, cumulative = 0.308605
smoothSolver:  Solving for omega, Initial residual = 0.00161577, Final residual = 0.000109815, No Iterations 2
smoothSolver:  Solving for k, Initial residual = 0.00522788, Final residual = 0.000391681, No Iterations 3
ExecutionTime = 1.77 s  ClockTime = 3 s

Time = 63

smoothSolver:  Solving for Ux, Initial residual = 0.002984, Final residual = 0.000298021, No Iterations 5
smoothSolver:  Solving for Uy, Initial residual = 0.0148723, Final residual = 0.00108837, No Iterations 6
GAMG:  Solving for p, Initial residual = 0.0153375, Final residual = 0.00123159, No Iterations 3
time step continuity errors : sum local = 0.063692, global = 0.0107471, cumulative = 0.319352
smoothSolver:  Solving for omega, Initial residual = 0.00159326, Final residual = 0.00010836, No Iterations 2
smoothSolver:  Solving for k, Initial residual = 0.00512343, Final residual = 0.000391203, No Iterations 3
ExecutionTime = 1.79 s  ClockTime = 3 s

Time = 64

smoothSolver:  Solving for Ux, Initial residual = 0.00296529, Final residual = 0.000296463, No Iterations 5
smoothSolver:  Solving for Uy, Initial residual = 0.0147764, Final residual = 0.00108095, No Iterations 6
GAMG:  Solving for p, Initial residual = 0.0155676, Final residual = 0.00131184, No Iterations 3
time step continuity errors : sum local = 0.0677733, global = 0.00902678, cumulative = 0.328379
smoothSolver:  Solving for omega, Initial residual = 0.00158309, Final residual = 0.000107981, No Iterations 2
smoothSolver:  Solving for k, Initial residual = 0.00507212, Final residual = 0.000391749, No Iterations 3
ExecutionTime = 1.82 s  ClockTime = 3 s

Time = 65

smoothSolver:  Solving for Ux, Initial residual = 0.0029545, Final residual = 0.000294694, No Iterations 5
smoothSolver:  Solving for Uy, Initial residual = 0.0147496, Final residual = 0.0010771, No Iterations 6
GAMG:  Solving for p, Initial residual = 0.0150787, Final residual = 0.00140212, No Iterations 3
time step continuity errors : sum local = 0.0724995, global = 0.00790889, cumulative = 0.336288
smoothSolver:  Solving for omega, Initial residual = 0.00156253, Final residual = 0.00010719, No Iterations 2
smoothSolver:  Solving for k, Initial residual = 0.00494115, Final residual = 0.000388937, No Iterations 3
ExecutionTime = 1.84 s  ClockTime = 3 s

Time = 66

smoothSolver:  Solving for Ux, Initial residual = 0.00293121, Final residual = 0.000292732, No Iterations 5
smoothSolver:  Solving for Uy, Initial residual = 0.0147724, Final residual = 0.00108035, No Iterations 6
GAMG:  Solving for p, Initial residual = 0.0148767, Final residual = 0.00122322, No Iterations 3
time step continuity errors : sum local = 0.0634532, global = 0.010703, cumulative = 0.346991
smoothSolver:  Solving for omega, Initial residual = 0.00155715, Final residual = 0.00010655, No Iterations 2
smoothSolver:  Solving for k, Initial residual = 0.00488592, Final residual = 0.000390084, No Iterations 3
ExecutionTime = 1.86 s  ClockTime = 3 s

Time = 67

smoothSolver:  Solving for Ux, Initial residual = 0.00290683, Final residual = 0.000290469, No Iterations 5
smoothSolver:  Solving for Uy, Initial residual = 0.0147806, Final residual = 0.0010825, No Iterations 6
GAMG:  Solving for p, Initial residual = 0.0149126, Final residual = 0.00126023, No Iterations 3
time step continuity errors : sum local = 0.0654056, global = -0.00747534, cumulative = 0.339516
smoothSolver:  Solving for omega, Initial residual = 0.00153382, Final residual = 0.000106073, No Iterations 2
smoothSolver:  Solving for k, Initial residual = 0.00480844, Final residual = 0.000390347, No Iterations 3
ExecutionTime = 1.89 s  ClockTime = 3 s

Time = 68

smoothSolver:  Solving for Ux, Initial residual = 0.0028942, Final residual = 0.000288382, No Iterations 5
smoothSolver:  Solving for Uy, Initial residual = 0.0147925, Final residual = 0.00108314, No Iterations 6
GAMG:  Solving for p, Initial residual = 0.0145966, Final residual = 0.0013186, No Iterations 3
time step continuity errors : sum local = 0.0685993, global = 0.00946729, cumulative = 0.348983
smoothSolver:  Solving for omega, Initial residual = 0.00152379, Final residual = 0.000105659, No Iterations 2
smoothSolver:  Solving for k, Initial residual = 0.00477191, Final residual = 0.00039266, No Iterations 3
ExecutionTime = 1.91 s  ClockTime = 3 s

Time = 69

smoothSolver:  Solving for Ux, Initial residual = 0.00286499, Final residual = 0.000285975, No Iterations 5
smoothSolver:  Solving for Uy, Initial residual = 0.0148217, Final residual = 0.00108586, No Iterations 6
GAMG:  Solving for p, Initial residual = 0.0147574, Final residual = 0.00130409, No Iterations 3
time step continuity errors : sum local = 0.0677405, global = 0.000114058, cumulative = 0.349097
smoothSolver:  Solving for omega, Initial residual = 0.00150543, Final residual = 0.00010468, No Iterations 2
smoothSolver:  Solving for k, Initial residual = 0.0047066, Final residual = 0.000393704, No Iterations 3
ExecutionTime = 1.93 s  ClockTime = 3 s

Time = 70

smoothSolver:  Solving for Ux, Initial residual = 0.00285206, Final residual = 0.000283977, No Iterations 5
smoothSolver:  Solving for Uy, Initial residual = 0.0148731, Final residual = 0.00108854, No Iterations 6
GAMG:  Solving for p, Initial residual = 0.0141574, Final residual = 0.00118809, No Iterations 3
time step continuity errors : sum local = 0.0617782, global = 0.0108035, cumulative = 0.359901
smoothSolver:  Solving for omega, Initial residual = 0.00149201, Final residual = 0.000103493, No Iterations 2
smoothSolver:  Solving for k, Initial residual = 0.00465496, Final residual = 0.000394773, No Iterations 3
ExecutionTime = 1.95 s  ClockTime = 3 s

Time = 71

smoothSolver:  Solving for Ux, Initial residual = 0.00282457, Final residual = 0.00028192, No Iterations 5
smoothSolver:  Solving for Uy, Initial residual = 0.0149224, Final residual = 0.00109428, No Iterations 6
GAMG:  Solving for p, Initial residual = 0.0142342, Final residual = 0.00124686, No Iterations 3
time step continuity errors : sum local = 0.064811, global = -0.00583556, cumulative = 0.354065
smoothSolver:  Solving for omega, Initial residual = 0.00147604, Final residual = 0.000104033, No Iterations 2
smoothSolver:  Solving for k, Initial residual = 0.00459733, Final residual = 0.000395402, No Iterations 3
ExecutionTime = 1.97 s  ClockTime = 3 s

Time = 72

smoothSolver:  Solving for Ux, Initial residual = 0.00281309, Final residual = 0.000280292, No Iterations 5
smoothSolver:  Solving for Uy, Initial residual = 0.0149443, Final residual = 0.00109666, No Iterations 6
GAMG:  Solving for p, Initial residual = 0.013926, Final residual = 0.00115542, No Iterations 3
time step continuity errors : sum local = 0.0601673, global = 0.00893999, cumulative = 0.363005
smoothSolver:  Solving for omega, Initial residual = 0.00146322, Final residual = 0.000102838, No Iterations 2
smoothSolver:  Solving for k, Initial residual = 0.00454297, Final residual = 0.000395124, No Iterations 3
ExecutionTime = 1.99 s  ClockTime = 3 s

Time = 73

smoothSolver:  Solving for Ux, Initial residual = 0.00278837, Final residual = 0.000278189, No Iterations 5
smoothSolver:  Solving for Uy, Initial residual = 0.0149911, Final residual = 0.00110003, No Iterations 6
GAMG:  Solving for p, Initial residual = 0.0140202, Final residual = 0.00122097, No Iterations 3
time step continuity errors : sum local = 0.0634702, global = -0.00522333, cumulative = 0.357782
smoothSolver:  Solving for omega, Initial residual = 0.00144926, Final residual = 0.000102102, No Iterations 2
smoothSolver:  Solving for k, Initial residual = 0.00447922, Final residual = 0.000394874, No Iterations 3
ExecutionTime = 2.01 s  ClockTime = 3 s

Time = 74

smoothSolver:  Solving for Ux, Initial residual = 0.00277683, Final residual = 0.000276494, No Iterations 5
smoothSolver:  Solving for Uy, Initial residual = 0.0150177, Final residual = 0.00110156, No Iterations 6
GAMG:  Solving for p, Initial residual = 0.0135374, Final residual = 0.00111995, No Iterations 3
time step continuity errors : sum local = 0.058372, global = 0.00848897, cumulative = 0.366271
smoothSolver:  Solving for omega, Initial residual = 0.00144174, Final residual = 0.00010181, No Iterations 2
smoothSolver:  Solving for k, Initial residual = 0.00447986, Final residual = 0.000398854, No Iterations 3
ExecutionTime = 2.03 s  ClockTime = 3 s

Time = 75

smoothSolver:  Solving for Ux, Initial residual = 0.00275106, Final residual = 0.000274428, No Iterations 5
smoothSolver:  Solving for Uy, Initial residual = 0.015071, Final residual = 0.00110635, No Iterations 6
GAMG:  Solving for p, Initial residual = 0.0136802, Final residual = 0.00118791, No Iterations 3
time step continuity errors : sum local = 0.0618385, global = -0.0043818, cumulative = 0.361889
smoothSolver:  Solving for omega, Initial residual = 0.00142619, Final residual = 0.000101217, No Iterations 2
smoothSolver:  Solving for k, Initial residual = 0.004422, Final residual = 0.000398456, No Iterations 3
ExecutionTime = 2.05 s  ClockTime = 3 s

Time = 76

smoothSolver:  Solving for Ux, Initial residual = 0.00273858, Final residual = 0.000272676, No Iterations 5
smoothSolver:  Solving for Uy, Initial residual = 0.0150816, Final residual = 0.00110705, No Iterations 6
GAMG:  Solving for p, Initial residual = 0.0132265, Final residual = 0.00107348, No Iterations 3
time step continuity errors : sum local = 0.0559979, global = 0.0082693, cumulative = 0.370158
smoothSolver:  Solving for omega, Initial residual = 0.00141359, Final residual = 0.000100824, No Iterations 2
smoothSolver:  Solving for k, Initial residual = 0.00435261, Final residual = 0.000396711, No Iterations 3
ExecutionTime = 2.07 s  ClockTime = 3 s

Time = 77

smoothSolver:  Solving for Ux, Initial residual = 0.00271438, Final residual = 0.000270666, No Iterations 5
smoothSolver:  Solving for Uy, Initial residual = 0.0151265, Final residual = 0.00111102, No Iterations 6
GAMG:  Solving for p, Initial residual = 0.0132998, Final residual = 0.00115384, No Iterations 3
time step continuity errors : sum local = 0.0601138, global = -0.00486412, cumulative = 0.365294
smoothSolver:  Solving for omega, Initial residual = 0.00139851, Final residual = 0.000100242, No Iterations 2
smoothSolver:  Solving for k, Initial residual = 0.00433609, Final residual = 0.000398672, No Iterations 3
ExecutionTime = 2.09 s  ClockTime = 3 s

Time = 78

smoothSolver:  Solving for Ux, Initial residual = 0.0027002, Final residual = 0.000268806, No Iterations 5
smoothSolver:  Solving for Uy, Initial residual = 0.0151211, Final residual = 0.00111078, No Iterations 6
GAMG:  Solving for p, Initial residual = 0.0128607, Final residual = 0.00104783, No Iterations 3
time step continuity errors : sum local = 0.0547391, global = 0.00785324, cumulative = 0.373147
smoothSolver:  Solving for omega, Initial residual = 0.00139541, Final residual = 0.00010056, No Iterations 2
smoothSolver:  Solving for k, Initial residual = 0.00430762, Final residual = 0.000399005, No Iterations 3
ExecutionTime = 2.12 s  ClockTime = 3 s

Time = 79

smoothSolver:  Solving for Ux, Initial residual = 0.00267664, Final residual = 0.00026683, No Iterations 5
smoothSolver:  Solving for Uy, Initial residual = 0.0151564, Final residual = 0.0011136, No Iterations 6
GAMG:  Solving for p, Initial residual = 0.0129113, Final residual = 0.00112457, No Iterations 3
time step continuity errors : sum local = 0.0586574, global = -0.00527228, cumulative = 0.367875
smoothSolver:  Solving for omega, Initial residual = 0.00137737, Final residual = 0.000100228, No Iterations 2
smoothSolver:  Solving for k, Initial residual = 0.00427226, Final residual = 0.000398898, No Iterations 3
ExecutionTime = 2.14 s  ClockTime = 3 s

Time = 80

smoothSolver:  Solving for Ux, Initial residual = 0.00265975, Final residual = 0.000264813, No Iterations 5
smoothSolver:  Solving for Uy, Initial residual = 0.0151348, Final residual = 0.0011122, No Iterations 6
GAMG:  Solving for p, Initial residual = 0.0124849, Final residual = 0.00102792, No Iterations 3
time step continuity errors : sum local = 0.053744, global = 0.00739162, cumulative = 0.375267
smoothSolver:  Solving for omega, Initial residual = 0.00136687, Final residual = 9.86976e-05, No Iterations 2
smoothSolver:  Solving for k, Initial residual = 0.00425757, Final residual = 0.000400283, No Iterations 3
ExecutionTime = 2.17 s  ClockTime = 3 s

Time = 81

smoothSolver:  Solving for Ux, Initial residual = 0.00263671, Final residual = 0.00026285, No Iterations 5
smoothSolver:  Solving for Uy, Initial residual = 0.0151562, Final residual = 0.00111378, No Iterations 6
GAMG:  Solving for p, Initial residual = 0.0124583, Final residual = 0.0010879, No Iterations 3
time step continuity errors : sum local = 0.0567955, global = -0.00537326, cumulative = 0.369893
smoothSolver:  Solving for omega, Initial residual = 0.00135015, Final residual = 9.86818e-05, No Iterations 2
smoothSolver:  Solving for k, Initial residual = 0.00422234, Final residual = 0.000399547, No Iterations 3
ExecutionTime = 2.19 s  ClockTime = 3 s

Time = 82

smoothSolver:  Solving for Ux, Initial residual = 0.00261691, Final residual = 0.000260625, No Iterations 5
smoothSolver:  Solving for Uy, Initial residual = 0.0151203, Final residual = 0.00111131, No Iterations 6
GAMG:  Solving for p, Initial residual = 0.0120524, Final residual = 0.000995629, No Iterations 3
time step continuity errors : sum local = 0.0521035, global = 0.00681982, cumulative = 0.376713
smoothSolver:  Solving for omega, Initial residual = 0.00134548, Final residual = 9.76408e-05, No Iterations 2
smoothSolver:  Solving for k, Initial residual = 0.00422003, Final residual = 0.00040157, No Iterations 3
ExecutionTime = 2.2 s  ClockTime = 3 s

Time = 83

smoothSolver:  Solving for Ux, Initial residual = 0.0025938, Final residual = 0.000258593, No Iterations 5
smoothSolver:  Solving for Uy, Initial residual = 0.01512, Final residual = 0.00111149, No Iterations 6
GAMG:  Solving for p, Initial residual = 0.0120303, Final residual = 0.00105226, No Iterations 3
time step continuity errors : sum local = 0.0549872, global = -0.00470146, cumulative = 0.372012
smoothSolver:  Solving for omega, Initial residual = 0.00132282, Final residual = 9.73336e-05, No Iterations 2
smoothSolver:  Solving for k, Initial residual = 0.00417623, Final residual = 0.000399436, No Iterations 3
ExecutionTime = 2.23 s  ClockTime = 3 s

Time = 84

smoothSolver:  Solving for Ux, Initial residual = 0.00257126, Final residual = 0.000256158, No Iterations 5
smoothSolver:  Solving for Uy, Initial residual = 0.0150728, Final residual = 0.00110796, No Iterations 6
GAMG:  Solving for p, Initial residual = 0.0115982, Final residual = 0.000952575, No Iterations 3
time step continuity errors : sum local = 0.0498883, global = 0.00622925, cumulative = 0.378241
smoothSolver:  Solving for omega, Initial residual = 0.00131292, Final residual = 9.66314e-05, No Iterations 2
smoothSolver:  Solving for k, Initial residual = 0.00417592, Final residual = 0.000401037, No Iterations 3
ExecutionTime = 2.25 s  ClockTime = 3 s

Time = 85

smoothSolver:  Solving for Ux, Initial residual = 0.00254776, Final residual = 0.000254025, No Iterations 5
smoothSolver:  Solving for Uy, Initial residual = 0.0150543, Final residual = 0.00110685, No Iterations 6
GAMG:  Solving for p, Initial residual = 0.0115944, Final residual = 0.00102074, No Iterations 3
time step continuity errors : sum local = 0.0533719, global = -0.00298681, cumulative = 0.375254
smoothSolver:  Solving for omega, Initial residual = 0.00130086, Final residual = 9.57864e-05, No Iterations 2
smoothSolver:  Solving for k, Initial residual = 0.00414296, Final residual = 0.000399802, No Iterations 3
ExecutionTime = 2.27 s  ClockTime = 3 s

Time = 86

smoothSolver:  Solving for Ux, Initial residual = 0.00252189, Final residual = 0.000251289, No Iterations 5
smoothSolver:  Solving for Uy, Initial residual = 0.0149954, Final residual = 0.00110203, No Iterations 6
GAMG:  Solving for p, Initial residual = 0.0112034, Final residual = 0.00089454, No Iterations 3
time step continuity errors : sum local = 0.0468666, global = 0.00556774, cumulative = 0.380822
smoothSolver:  Solving for omega, Initial residual = 0.00129272, Final residual = 9.58213e-05, No Iterations 2
smoothSolver:  Solving for k, Initial residual = 0.0041357, Final residual = 0.000400676, No Iterations 3
ExecutionTime = 2.29 s  ClockTime = 3 s

Time = 87

smoothSolver:  Solving for Ux, Initial residual = 0.0024993, Final residual = 0.000249157, No Iterations 5
smoothSolver:  Solving for Uy, Initial residual = 0.0149504, Final residual = 0.00109969, No Iterations 6
GAMG:  Solving for p, Initial residual = 0.0112866, Final residual = 0.000974878, No Iterations 3
time step continuity errors : sum local = 0.0510019, global = 0.00229434, cumulative = 0.383116
smoothSolver:  Solving for omega, Initial residual = 0.00127325, Final residual = 9.51737e-05, No Iterations 2
smoothSolver:  Solving for k, Initial residual = 0.00410898, Final residual = 0.0003996, No Iterations 3
ExecutionTime = 2.31 s  ClockTime = 3 s

Time = 88

smoothSolver:  Solving for Ux, Initial residual = 0.00247003, Final residual = 0.000245996, No Iterations 5
smoothSolver:  Solving for Uy, Initial residual = 0.0148775, Final residual = 0.00109329, No Iterations 6
GAMG:  Solving for p, Initial residual = 0.0108282, Final residual = 0.000821954, No Iterations 3
time step continuity errors : sum local = 0.0430285, global = 0.0059251, cumulative = 0.389041
smoothSolver:  Solving for omega, Initial residual = 0.001262, Final residual = 9.41136e-05, No Iterations 2
smoothSolver:  Solving for k, Initial residual = 0.00410593, Final residual = 0.000400014, No Iterations 3
ExecutionTime = 2.33 s  ClockTime = 3 s

Time = 89

smoothSolver:  Solving for Ux, Initial residual = 0.00244563, Final residual = 0.000243651, No Iterations 5
smoothSolver:  Solving for Uy, Initial residual = 0.0148116, Final residual = 0.00109014, No Iterations 6
GAMG:  Solving for p, Initial residual = 0.0108119, Final residual = 0.000932327, No Iterations 3
time step continuity errors : sum local = 0.0487874, global = 0.00659147, cumulative = 0.395633
smoothSolver:  Solving for omega, Initial residual = 0.00124769, Final residual = 9.31479e-05, No Iterations 2
smoothSolver:  Solving for k, Initial residual = 0.00405762, Final residual = 0.000396874, No Iterations 3
ExecutionTime = 2.36 s  ClockTime = 3 s

Time = 90

smoothSolver:  Solving for Ux, Initial residual = 0.00241532, Final residual = 0.000240554, No Iterations 5
smoothSolver:  Solving for Uy, Initial residual = 0.0147297, Final residual = 0.00108321, No Iterations 6
GAMG:  Solving for p, Initial residual = 0.0104502, Final residual = 0.000872124, No Iterations 3
time step continuity errors : sum local = 0.045681, global = -0.00302226, cumulative = 0.392611
smoothSolver:  Solving for omega, Initial residual = 0.00124183, Final residual = 9.24844e-05, No Iterations 2
smoothSolver:  Solving for k, Initial residual = 0.0040489, Final residual = 0.00039652, No Iterations 3
ExecutionTime = 2.38 s  ClockTime = 3 s

Time = 91

smoothSolver:  Solving for Ux, Initial residual = 0.00238945, Final residual = 0.000237912, No Iterations 5
smoothSolver:  Solving for Uy, Initial residual = 0.0146421, Final residual = 0.00107785, No Iterations 6
GAMG:  Solving for p, Initial residual = 0.0104049, Final residual = 0.000893955, No Iterations 4
time step continuity errors : sum local = 0.0468823, global = -0.00812017, cumulative = 0.38449
smoothSolver:  Solving for omega, Initial residual = 0.00122413, Final residual = 9.19511e-05, No Iterations 2
smoothSolver:  Solving for k, Initial residual = 0.00400884, Final residual = 0.00039351, No Iterations 3
ExecutionTime = 2.41 s  ClockTime = 3 s

Time = 92

smoothSolver:  Solving for Ux, Initial residual = 0.00236091, Final residual = 0.000235179, No Iterations 5
smoothSolver:  Solving for Uy, Initial residual = 0.0145299, Final residual = 0.00107003, No Iterations 6
GAMG:  Solving for p, Initial residual = 0.0102112, Final residual = 0.000899008, No Iterations 4
time step continuity errors : sum local = 0.0472605, global = -0.00869183, cumulative = 0.375799
smoothSolver:  Solving for omega, Initial residual = 0.00121118, Final residual = 9.06097e-05, No Iterations 2
smoothSolver:  Solving for k, Initial residual = 0.00398644, Final residual = 0.000392158, No Iterations 3
ExecutionTime = 2.43 s  ClockTime = 3 s

Time = 93

smoothSolver:  Solving for Ux, Initial residual = 0.00232905, Final residual = 0.00023209, No Iterations 5
smoothSolver:  Solving for Uy, Initial residual = 0.0144048, Final residual = 0.00106083, No Iterations 6
GAMG:  Solving for p, Initial residual = 0.0101077, Final residual = 0.000910588, No Iterations 4
time step continuity errors : sum local = 0.0478947, global = -0.00924771, cumulative = 0.366551
smoothSolver:  Solving for omega, Initial residual = 0.00119715, Final residual = 8.96663e-05, No Iterations 2
smoothSolver:  Solving for k, Initial residual = 0.00395505, Final residual = 0.000390168, No Iterations 3
ExecutionTime = 2.45 s  ClockTime = 3 s

Time = 94

smoothSolver:  Solving for Ux, Initial residual = 0.0022932, Final residual = 0.000228693, No Iterations 5
smoothSolver:  Solving for Uy, Initial residual = 0.0142723, Final residual = 0.00105133, No Iterations 6
GAMG:  Solving for p, Initial residual = 0.00993277, Final residual = 0.000915618, No Iterations 4
time step continuity errors : sum local = 0.0481554, global = -0.00954483, cumulative = 0.357006
smoothSolver:  Solving for omega, Initial residual = 0.00117937, Final residual = 8.87189e-05, No Iterations 2
smoothSolver:  Solving for k, Initial residual = 0.00394499, Final residual = 0.000389002, No Iterations 3
ExecutionTime = 2.48 s  ClockTime = 3 s

Time = 95

smoothSolver:  Solving for Ux, Initial residual = 0.00225688, Final residual = 0.000225186, No Iterations 5
smoothSolver:  Solving for Uy, Initial residual = 0.0141227, Final residual = 0.00104128, No Iterations 6
GAMG:  Solving for p, Initial residual = 0.0097622, Final residual = 0.000926809, No Iterations 4
time step continuity errors : sum local = 0.0487058, global = -0.00964701, cumulative = 0.347359
smoothSolver:  Solving for omega, Initial residual = 0.00115973, Final residual = 8.76314e-05, No Iterations 2
smoothSolver:  Solving for k, Initial residual = 0.00392635, Final residual = 0.000387229, No Iterations 3
ExecutionTime = 2.51 s  ClockTime = 3 s

Time = 96

smoothSolver:  Solving for Ux, Initial residual = 0.00222135, Final residual = 0.000221683, No Iterations 5
smoothSolver:  Solving for Uy, Initial residual = 0.0139648, Final residual = 0.00103063, No Iterations 6
GAMG:  Solving for p, Initial residual = 0.00958964, Final residual = 0.000941597, No Iterations 4
time step continuity errors : sum local = 0.049442, global = -0.00970109, cumulative = 0.337658
smoothSolver:  Solving for omega, Initial residual = 0.00114882, Final residual = 8.71727e-05, No Iterations 2
smoothSolver:  Solving for k, Initial residual = 0.00388312, Final residual = 0.000383546, No Iterations 3
ExecutionTime = 2.53 s  ClockTime = 3 s

Time = 97

smoothSolver:  Solving for Ux, Initial residual = 0.00218591, Final residual = 0.000218186, No Iterations 5
smoothSolver:  Solving for Uy, Initial residual = 0.0138011, Final residual = 0.00101934, No Iterations 6
GAMG:  Solving for p, Initial residual = 0.00940108, Final residual = 0.00074284, No Iterations 5
time step continuity errors : sum local = 0.0389679, global = 0.007796, cumulative = 0.345454
smoothSolver:  Solving for omega, Initial residual = 0.00113444, Final residual = 8.55054e-05, No Iterations 2
smoothSolver:  Solving for k, Initial residual = 0.00386558, Final residual = 0.000382219, No Iterations 3
ExecutionTime = 2.55 s  ClockTime = 3 s

Time = 98

smoothSolver:  Solving for Ux, Initial residual = 0.00215139, Final residual = 0.000214381, No Iterations 5
smoothSolver:  Solving for Uy, Initial residual = 0.0136425, Final residual = 0.00100717, No Iterations 6
GAMG:  Solving for p, Initial residual = 0.00906055, Final residual = 0.000757668, No Iterations 4
time step continuity errors : sum local = 0.039634, global = -0.00814235, cumulative = 0.337312
smoothSolver:  Solving for omega, Initial residual = 0.00112532, Final residual = 8.47964e-05, No Iterations 2
smoothSolver:  Solving for k, Initial residual = 0.00385667, Final residual = 0.000381212, No Iterations 3
ExecutionTime = 2.57 s  ClockTime = 4 s

Time = 99

smoothSolver:  Solving for Ux, Initial residual = 0.00211309, Final residual = 0.000210889, No Iterations 5
smoothSolver:  Solving for Uy, Initial residual = 0.0134728, Final residual = 0.000996081, No Iterations 6
GAMG:  Solving for p, Initial residual = 0.0089032, Final residual = 0.000649096, No Iterations 5
time step continuity errors : sum local = 0.0339654, global = 0.00586423, cumulative = 0.343176
smoothSolver:  Solving for omega, Initial residual = 0.00110205, Final residual = 8.366e-05, No Iterations 2
smoothSolver:  Solving for k, Initial residual = 0.00380341, Final residual = 0.000376563, No Iterations 3
ExecutionTime = 2.6 s  ClockTime = 4 s

Time = 100

smoothSolver:  Solving for Ux, Initial residual = 0.00207974, Final residual = 0.000207684, No Iterations 5
smoothSolver:  Solving for Uy, Initial residual = 0.0133003, Final residual = 0.000983248, No Iterations 6
GAMG:  Solving for p, Initial residual = 0.00877738, Final residual = 0.000797038, No Iterations 4
time step continuity errors : sum local = 0.0416667, global = -0.00816455, cumulative = 0.335011
smoothSolver:  Solving for omega, Initial residual = 0.00109074, Final residual = 8.24864e-05, No Iterations 2
smoothSolver:  Solving for k, Initial residual = 0.00377813, Final residual = 0.000374688, No Iterations 3
ExecutionTime = 2.68 s  ClockTime = 4 s

streamLine streamlines write:
    seeded 10 particles
    Tracks:10
    Total samples:10898
Time = 101

smoothSolver:  Solving for Ux, Initial residual = 0.00204311, Final residual = 0.000204277, No Iterations 5
smoothSolver:  Solving for Uy, Initial residual = 0.0130884, Final residual = 0.000968472, No Iterations 6
GAMG:  Solving for p, Initial residual = 0.00862955, Final residual = 0.000680597, No Iterations 5
time step continuity errors : sum local = 0.0356199, global = 0.00614847, cumulative = 0.34116
smoothSolver:  Solving for omega, Initial residual = 0.00107749, Final residual = 8.19123e-05, No Iterations 2
smoothSolver:  Solving for k, Initial residual = 0.00373814, Final residual = 0.00037136, No Iterations 3
ExecutionTime = 2.87 s  ClockTime = 4 s

Time = 102

smoothSolver:  Solving for Ux, Initial residual = 0.0020068, Final residual = 0.000129397, No Iterations 6
smoothSolver:  Solving for Uy, Initial residual = 0.0128841, Final residual = 0.000953173, No Iterations 6
GAMG:  Solving for p, Initial residual = 0.00858512, Final residual = 0.000829105, No Iterations 4
time step continuity errors : sum local = 0.0433469, global = -0.00889628, cumulative = 0.332263
smoothSolver:  Solving for omega, Initial residual = 0.00107172, Final residual = 8.09888e-05, No Iterations 2
smoothSolver:  Solving for k, Initial residual = 0.00372032, Final residual = 0.00036912, No Iterations 3
ExecutionTime = 2.89 s  ClockTime = 4 s

Time = 103

smoothSolver:  Solving for Ux, Initial residual = 0.00195926, Final residual = 0.000126315, No Iterations 6
smoothSolver:  Solving for Uy, Initial residual = 0.0127564, Final residual = 0.00094521, No Iterations 6
GAMG:  Solving for p, Initial residual = 0.00832541, Final residual = 0.00071829, No Iterations 5
time step continuity errors : sum local = 0.0375662, global = 0.00711063, cumulative = 0.339374
smoothSolver:  Solving for omega, Initial residual = 0.00104549, Final residual = 7.96661e-05, No Iterations 2
smoothSolver:  Solving for k, Initial residual = 0.00368791, Final residual = 0.00036668, No Iterations 3
ExecutionTime = 2.91 s  ClockTime = 4 s

Time = 104

smoothSolver:  Solving for Ux, Initial residual = 0.00191775, Final residual = 0.000123788, No Iterations 6
smoothSolver:  Solving for Uy, Initial residual = 0.0125936, Final residual = 0.000933328, No Iterations 6
GAMG:  Solving for p, Initial residual = 0.00817363, Final residual = 0.000589253, No Iterations 5
time step continuity errors : sum local = 0.0307495, global = 0.00522075, cumulative = 0.344595
smoothSolver:  Solving for omega, Initial residual = 0.00103875, Final residual = 7.85954e-05, No Iterations 2
smoothSolver:  Solving for k, Initial residual = 0.00365822, Final residual = 0.000363746, No Iterations 3
ExecutionTime = 2.94 s  ClockTime = 4 s

Time = 105

smoothSolver:  Solving for Ux, Initial residual = 0.00187699, Final residual = 0.000121058, No Iterations 6
smoothSolver:  Solving for Uy, Initial residual = 0.0123531, Final residual = 0.000915867, No Iterations 6
GAMG:  Solving for p, Initial residual = 0.00793829, Final residual = 0.000741482, No Iterations 4
time step continuity errors : sum local = 0.0386409, global = -0.00744666, cumulative = 0.337148
smoothSolver:  Solving for omega, Initial residual = 0.00102127, Final residual = 7.77241e-05, No Iterations 2
smoothSolver:  Solving for k, Initial residual = 0.00360905, Final residual = 0.000359559, No Iterations 3
ExecutionTime = 2.96 s  ClockTime = 4 s

Time = 106

smoothSolver:  Solving for Ux, Initial residual = 0.00183952, Final residual = 0.000118841, No Iterations 6
smoothSolver:  Solving for Uy, Initial residual = 0.012108, Final residual = 0.000898317, No Iterations 6
GAMG:  Solving for p, Initial residual = 0.00789304, Final residual = 0.000688507, No Iterations 5
time step continuity errors : sum local = 0.0359004, global = 0.00585361, cumulative = 0.343002
smoothSolver:  Solving for omega, Initial residual = 0.0010138, Final residual = 7.67076e-05, No Iterations 2
smoothSolver:  Solving for k, Initial residual = 0.00358168, Final residual = 0.000356354, No Iterations 3
ExecutionTime = 2.98 s  ClockTime = 4 s

Time = 107

smoothSolver:  Solving for Ux, Initial residual = 0.00180389, Final residual = 0.000116791, No Iterations 6
smoothSolver:  Solving for Uy, Initial residual = 0.0118425, Final residual = 0.000877565, No Iterations 6
GAMG:  Solving for p, Initial residual = 0.00775212, Final residual = 0.000621105, No Iterations 5
time step continuity errors : sum local = 0.0323608, global = 0.00489932, cumulative = 0.347901
smoothSolver:  Solving for omega, Initial residual = 0.00098729, Final residual = 7.55667e-05, No Iterations 2
smoothSolver:  Solving for k, Initial residual = 0.00352274, Final residual = 0.000351373, No Iterations 3
ExecutionTime = 3.01 s  ClockTime = 4 s

Time = 108

smoothSolver:  Solving for Ux, Initial residual = 0.0017662, Final residual = 0.000114327, No Iterations 6
smoothSolver:  Solving for Uy, Initial residual = 0.0115534, Final residual = 0.000855611, No Iterations 6
GAMG:  Solving for p, Initial residual = 0.00750146, Final residual = 0.000560492, No Iterations 5
time step continuity errors : sum local = 0.0291905, global = 0.00444883, cumulative = 0.35235
smoothSolver:  Solving for omega, Initial residual = 0.000974676, Final residual = 7.41793e-05, No Iterations 2
smoothSolver:  Solving for k, Initial residual = 0.00348856, Final residual = 0.000348326, No Iterations 3
ExecutionTime = 3.03 s  ClockTime = 4 s

Time = 109

smoothSolver:  Solving for Ux, Initial residual = 0.00173063, Final residual = 0.000112073, No Iterations 6
smoothSolver:  Solving for Uy, Initial residual = 0.0112907, Final residual = 0.000835343, No Iterations 6
GAMG:  Solving for p, Initial residual = 0.00734401, Final residual = 0.000546099, No Iterations 5
time step continuity errors : sum local = 0.028417, global = 0.00418285, cumulative = 0.356533
smoothSolver:  Solving for omega, Initial residual = 0.000960119, Final residual = 7.2982e-05, No Iterations 2
smoothSolver:  Solving for k, Initial residual = 0.00344794, Final residual = 0.000344764, No Iterations 3
ExecutionTime = 3.06 s  ClockTime = 4 s

Time = 110

smoothSolver:  Solving for Ux, Initial residual = 0.00169616, Final residual = 0.000109938, No Iterations 6
smoothSolver:  Solving for Uy, Initial residual = 0.0110079, Final residual = 0.000813136, No Iterations 6
GAMG:  Solving for p, Initial residual = 0.00719077, Final residual = 0.000549458, No Iterations 5
time step continuity errors : sum local = 0.028578, global = 0.00408054, cumulative = 0.360613
smoothSolver:  Solving for omega, Initial residual = 0.000949266, Final residual = 7.19304e-05, No Iterations 2
smoothSolver:  Solving for k, Initial residual = 0.00341131, Final residual = 0.000198466, No Iterations 4
ExecutionTime = 3.08 s  ClockTime = 4 s

Time = 111

smoothSolver:  Solving for Ux, Initial residual = 0.00165936, Final residual = 0.000107644, No Iterations 6
smoothSolver:  Solving for Uy, Initial residual = 0.0107254, Final residual = 0.000790951, No Iterations 6
GAMG:  Solving for p, Initial residual = 0.00709217, Final residual = 0.000551914, No Iterations 5
time step continuity errors : sum local = 0.0286925, global = 0.00400953, cumulative = 0.364623
smoothSolver:  Solving for omega, Initial residual = 0.000927922, Final residual = 7.10921e-05, No Iterations 2
smoothSolver:  Solving for k, Initial residual = 0.00336782, Final residual = 0.000335687, No Iterations 3
ExecutionTime = 3.1 s  ClockTime = 4 s

Time = 112

smoothSolver:  Solving for Ux, Initial residual = 0.00162716, Final residual = 0.000105629, No Iterations 6
smoothSolver:  Solving for Uy, Initial residual = 0.0104039, Final residual = 0.000765265, No Iterations 6
GAMG:  Solving for p, Initial residual = 0.00690508, Final residual = 0.000543059, No Iterations 5
time step continuity errors : sum local = 0.0282243, global = 0.00388276, cumulative = 0.368506
smoothSolver:  Solving for omega, Initial residual = 0.000914778, Final residual = 6.98256e-05, No Iterations 2
smoothSolver:  Solving for k, Initial residual = 0.00332179, Final residual = 0.000330661, No Iterations 3
ExecutionTime = 3.13 s  ClockTime = 4 s

Time = 113

smoothSolver:  Solving for Ux, Initial residual = 0.00159474, Final residual = 0.000103664, No Iterations 6
smoothSolver:  Solving for Uy, Initial residual = 0.0100873, Final residual = 0.000740232, No Iterations 6
GAMG:  Solving for p, Initial residual = 0.00672124, Final residual = 0.000531011, No Iterations 5
time step continuity errors : sum local = 0.0275847, global = 0.00369614, cumulative = 0.372202
smoothSolver:  Solving for omega, Initial residual = 0.000895684, Final residual = 6.84499e-05, No Iterations 2
smoothSolver:  Solving for k, Initial residual = 0.00328291, Final residual = 0.000326795, No Iterations 3
ExecutionTime = 3.15 s  ClockTime = 4 s

Time = 114

smoothSolver:  Solving for Ux, Initial residual = 0.00156439, Final residual = 0.000101795, No Iterations 6
smoothSolver:  Solving for Uy, Initial residual = 0.0097707, Final residual = 0.000715441, No Iterations 6
GAMG:  Solving for p, Initial residual = 0.00656384, Final residual = 0.00052187, No Iterations 5
time step continuity errors : sum local = 0.0270966, global = 0.00349391, cumulative = 0.375696
smoothSolver:  Solving for omega, Initial residual = 0.000879871, Final residual = 6.74915e-05, No Iterations 2
smoothSolver:  Solving for k, Initial residual = 0.00325098, Final residual = 0.000188146, No Iterations 4
ExecutionTime = 3.19 s  ClockTime = 4 s

Time = 115

smoothSolver:  Solving for Ux, Initial residual = 0.00153246, Final residual = 9.99098e-05, No Iterations 6
smoothSolver:  Solving for Uy, Initial residual = 0.00947471, Final residual = 0.000691911, No Iterations 6
GAMG:  Solving for p, Initial residual = 0.00646135, Final residual = 0.000517631, No Iterations 5
time step continuity errors : sum local = 0.0268624, global = 0.00329935, cumulative = 0.378995
smoothSolver:  Solving for omega, Initial residual = 0.000857087, Final residual = 6.63011e-05, No Iterations 2
smoothSolver:  Solving for k, Initial residual = 0.00320368, Final residual = 0.000319422, No Iterations 3
ExecutionTime = 3.22 s  ClockTime = 4 s

Time = 116

smoothSolver:  Solving for Ux, Initial residual = 0.00150552, Final residual = 9.83499e-05, No Iterations 6
smoothSolver:  Solving for Uy, Initial residual = 0.00913613, Final residual = 0.000665139, No Iterations 6
GAMG:  Solving for p, Initial residual = 0.00626847, Final residual = 0.000507218, No Iterations 5
time step continuity errors : sum local = 0.0263126, global = 0.00309377, cumulative = 0.382089
smoothSolver:  Solving for omega, Initial residual = 0.000842995, Final residual = 6.48376e-05, No Iterations 2
smoothSolver:  Solving for k, Initial residual = 0.00317487, Final residual = 0.000315212, No Iterations 3
ExecutionTime = 3.24 s  ClockTime = 5 s

Time = 117

smoothSolver:  Solving for Ux, Initial residual = 0.0014792, Final residual = 9.68698e-05, No Iterations 6
smoothSolver:  Solving for Uy, Initial residual = 0.00880945, Final residual = 0.000639057, No Iterations 6
GAMG:  Solving for p, Initial residual = 0.00611696, Final residual = 0.000494699, No Iterations 5
time step continuity errors : sum local = 0.025658, global = 0.00288093, cumulative = 0.38497
smoothSolver:  Solving for omega, Initial residual = 0.000825916, Final residual = 6.37134e-05, No Iterations 2
smoothSolver:  Solving for k, Initial residual = 0.00313051, Final residual = 0.000312558, No Iterations 3
ExecutionTime = 3.27 s  ClockTime = 5 s

Time = 118

smoothSolver:  Solving for Ux, Initial residual = 0.00145501, Final residual = 9.55211e-05, No Iterations 6
smoothSolver:  Solving for Uy, Initial residual = 0.00848879, Final residual = 0.000613426, No Iterations 6
GAMG:  Solving for p, Initial residual = 0.00596855, Final residual = 0.000483347, No Iterations 5
time step continuity errors : sum local = 0.0250652, global = 0.0026734, cumulative = 0.387643
smoothSolver:  Solving for omega, Initial residual = 0.000810766, Final residual = 6.22688e-05, No Iterations 2
smoothSolver:  Solving for k, Initial residual = 0.00310655, Final residual = 0.000179533, No Iterations 4
ExecutionTime = 3.29 s  ClockTime = 5 s

Time = 119

smoothSolver:  Solving for Ux, Initial residual = 0.00143037, Final residual = 9.4235e-05, No Iterations 6
smoothSolver:  Solving for Uy, Initial residual = 0.00817885, Final residual = 0.000589055, No Iterations 6
GAMG:  Solving for p, Initial residual = 0.00584883, Final residual = 0.000467124, No Iterations 5
time step continuity errors : sum local = 0.0242239, global = 0.00240466, cumulative = 0.390048
smoothSolver:  Solving for omega, Initial residual = 0.000789836, Final residual = 6.13488e-05, No Iterations 2
smoothSolver:  Solving for k, Initial residual = 0.00305314, Final residual = 0.000175862, No Iterations 4
ExecutionTime = 3.31 s  ClockTime = 5 s

Time = 120

smoothSolver:  Solving for Ux, Initial residual = 0.00140921, Final residual = 9.31364e-05, No Iterations 6
smoothSolver:  Solving for Uy, Initial residual = 0.0078606, Final residual = 0.000563316, No Iterations 6
GAMG:  Solving for p, Initial residual = 0.00572314, Final residual = 0.000455543, No Iterations 5
time step continuity errors : sum local = 0.0236245, global = 0.00221598, cumulative = 0.392264
smoothSolver:  Solving for omega, Initial residual = 0.000776291, Final residual = 6.02631e-05, No Iterations 2
smoothSolver:  Solving for k, Initial residual = 0.00301767, Final residual = 0.0002996, No Iterations 3
ExecutionTime = 3.34 s  ClockTime = 5 s

Time = 121

smoothSolver:  Solving for Ux, Initial residual = 0.00139246, Final residual = 9.22567e-05, No Iterations 6
smoothSolver:  Solving for Uy, Initial residual = 0.00752587, Final residual = 0.000536163, No Iterations 6
GAMG:  Solving for p, Initial residual = 0.00553105, Final residual = 0.000439233, No Iterations 5
time step continuity errors : sum local = 0.0227862, global = 0.00201531, cumulative = 0.394279
smoothSolver:  Solving for omega, Initial residual = 0.000762169, Final residual = 5.9234e-05, No Iterations 2
smoothSolver:  Solving for k, Initial residual = 0.00297716, Final residual = 0.000170858, No Iterations 4
ExecutionTime = 3.37 s  ClockTime = 5 s

Time = 122

smoothSolver:  Solving for Ux, Initial residual = 0.00137606, Final residual = 9.15067e-05, No Iterations 6
smoothSolver:  Solving for Uy, Initial residual = 0.00722726, Final residual = 0.000511999, No Iterations 6
GAMG:  Solving for p, Initial residual = 0.00543615, Final residual = 0.000431723, No Iterations 5
time step continuity errors : sum local = 0.0224007, global = 0.00187655, cumulative = 0.396156
smoothSolver:  Solving for omega, Initial residual = 0.000747898, Final residual = 5.77645e-05, No Iterations 2
smoothSolver:  Solving for k, Initial residual = 0.00294102, Final residual = 0.000292222, No Iterations 3
ExecutionTime = 3.4 s  ClockTime = 5 s

Time = 123

smoothSolver:  Solving for Ux, Initial residual = 0.00136275, Final residual = 9.0912e-05, No Iterations 6
smoothSolver:  Solving for Uy, Initial residual = 0.00692245, Final residual = 0.000486853, No Iterations 6
GAMG:  Solving for p, Initial residual = 0.00528763, Final residual = 0.000419625, No Iterations 5
time step continuity errors : sum local = 0.0217813, global = 0.00171744, cumulative = 0.397873
smoothSolver:  Solving for omega, Initial residual = 0.000728449, Final residual = 5.68134e-05, No Iterations 2
smoothSolver:  Solving for k, Initial residual = 0.00289318, Final residual = 0.000286004, No Iterations 3
ExecutionTime = 3.43 s  ClockTime = 5 s

Time = 124

smoothSolver:  Solving for Ux, Initial residual = 0.0013513, Final residual = 9.04419e-05, No Iterations 6
smoothSolver:  Solving for Uy, Initial residual = 0.00664421, Final residual = 0.000463549, No Iterations 6
GAMG:  Solving for p, Initial residual = 0.00518158, Final residual = 0.000411636, No Iterations 5
time step continuity errors : sum local = 0.0213756, global = 0.00159719, cumulative = 0.39947
smoothSolver:  Solving for omega, Initial residual = 0.000710785, Final residual = 5.52898e-05, No Iterations 2
smoothSolver:  Solving for k, Initial residual = 0.00285659, Final residual = 0.000283124, No Iterations 3
ExecutionTime = 3.46 s  ClockTime = 5 s

Time = 125

smoothSolver:  Solving for Ux, Initial residual = 0.00134142, Final residual = 9.00597e-05, No Iterations 6
smoothSolver:  Solving for Uy, Initial residual = 0.00638734, Final residual = 0.000442212, No Iterations 6
GAMG:  Solving for p, Initial residual = 0.0050487, Final residual = 0.000403167, No Iterations 5
time step continuity errors : sum local = 0.0209467, global = 0.00148103, cumulative = 0.400951
smoothSolver:  Solving for omega, Initial residual = 0.000698335, Final residual = 5.4347e-05, No Iterations 2
smoothSolver:  Solving for k, Initial residual = 0.00282528, Final residual = 0.00016099, No Iterations 4
ExecutionTime = 3.48 s  ClockTime = 5 s

Time = 126

smoothSolver:  Solving for Ux, Initial residual = 0.00133458, Final residual = 8.97817e-05, No Iterations 6
smoothSolver:  Solving for Uy, Initial residual = 0.00615826, Final residual = 0.000423365, No Iterations 6
GAMG:  Solving for p, Initial residual = 0.00497566, Final residual = 0.000402764, No Iterations 5
time step continuity errors : sum local = 0.0209393, global = 0.00143248, cumulative = 0.402384
smoothSolver:  Solving for omega, Initial residual = 0.00068685, Final residual = 5.32683e-05, No Iterations 2
smoothSolver:  Solving for k, Initial residual = 0.00278618, Final residual = 0.00027576, No Iterations 3
ExecutionTime = 3.52 s  ClockTime = 5 s

Time = 127

smoothSolver:  Solving for Ux, Initial residual = 0.00133013, Final residual = 8.95002e-05, No Iterations 6
smoothSolver:  Solving for Uy, Initial residual = 0.00595693, Final residual = 0.000405303, No Iterations 6
GAMG:  Solving for p, Initial residual = 0.00486556, Final residual = 0.000391848, No Iterations 5
time step continuity errors : sum local = 0.0203902, global = 0.00133151, cumulative = 0.403715
smoothSolver:  Solving for omega, Initial residual = 0.000669758, Final residual = 5.22405e-05, No Iterations 2
smoothSolver:  Solving for k, Initial residual = 0.00275452, Final residual = 0.000157858, No Iterations 4
ExecutionTime = 3.55 s  ClockTime = 5 s

Time = 128

smoothSolver:  Solving for Ux, Initial residual = 0.00132695, Final residual = 8.92662e-05, No Iterations 6
smoothSolver:  Solving for Uy, Initial residual = 0.00578916, Final residual = 0.000390551, No Iterations 6
GAMG:  Solving for p, Initial residual = 0.00479422, Final residual = 0.000378534, No Iterations 5
time step continuity errors : sum local = 0.0197166, global = 0.00111419, cumulative = 0.404829
smoothSolver:  Solving for omega, Initial residual = 0.000656985, Final residual = 5.12892e-05, No Iterations 2
smoothSolver:  Solving for k, Initial residual = 0.0027222, Final residual = 0.000155281, No Iterations 4
ExecutionTime = 3.58 s  ClockTime = 5 s

Time = 129

smoothSolver:  Solving for Ux, Initial residual = 0.00132517, Final residual = 8.90421e-05, No Iterations 6
smoothSolver:  Solving for Uy, Initial residual = 0.00564378, Final residual = 0.000376359, No Iterations 6
GAMG:  Solving for p, Initial residual = 0.00473576, Final residual = 0.000384391, No Iterations 5
time step continuity errors : sum local = 0.0200373, global = 0.00121875, cumulative = 0.406048
smoothSolver:  Solving for omega, Initial residual = 0.000647594, Final residual = 5.04377e-05, No Iterations 2
smoothSolver:  Solving for k, Initial residual = 0.0026797, Final residual = 0.000153323, No Iterations 4
ExecutionTime = 3.61 s  ClockTime = 5 s

Time = 130

smoothSolver:  Solving for Ux, Initial residual = 0.00132428, Final residual = 8.90439e-05, No Iterations 6
smoothSolver:  Solving for Uy, Initial residual = 0.00552323, Final residual = 0.000363822, No Iterations 6
GAMG:  Solving for p, Initial residual = 0.00468578, Final residual = 0.000367659, No Iterations 5
time step continuity errors : sum local = 0.0191931, global = 0.00103525, cumulative = 0.407083
smoothSolver:  Solving for omega, Initial residual = 0.000639221, Final residual = 4.97425e-05, No Iterations 2
smoothSolver:  Solving for k, Initial residual = 0.0026527, Final residual = 0.000151991, No Iterations 4
ExecutionTime = 3.65 s  ClockTime = 5 s

Time = 131

smoothSolver:  Solving for Ux, Initial residual = 0.00132247, Final residual = 8.87825e-05, No Iterations 6
smoothSolver:  Solving for Uy, Initial residual = 0.00542753, Final residual = 0.000352056, No Iterations 6
GAMG:  Solving for p, Initial residual = 0.00464828, Final residual = 0.000357417, No Iterations 5
time step continuity errors : sum local = 0.0186799, global = 0.00097052, cumulative = 0.408054
smoothSolver:  Solving for omega, Initial residual = 0.000624037, Final residual = 4.86299e-05, No Iterations 2
smoothSolver:  Solving for k, Initial residual = 0.00261809, Final residual = 0.000261253, No Iterations 3
ExecutionTime = 3.68 s  ClockTime = 5 s

Time = 132

smoothSolver:  Solving for Ux, Initial residual = 0.0013205, Final residual = 8.85454e-05, No Iterations 6
smoothSolver:  Solving for Uy, Initial residual = 0.00533828, Final residual = 0.000531225, No Iterations 5
GAMG:  Solving for p, Initial residual = 0.00458233, Final residual = 0.000348119, No Iterations 5
time step continuity errors : sum local = 0.0182197, global = 0.00090971, cumulative = 0.408964
smoothSolver:  Solving for omega, Initial residual = 0.000614052, Final residual = 4.78881e-05, No Iterations 2
smoothSolver:  Solving for k, Initial residual = 0.00259093, Final residual = 0.000147607, No Iterations 4
ExecutionTime = 3.7 s  ClockTime = 5 s

Time = 133

smoothSolver:  Solving for Ux, Initial residual = 0.0013181, Final residual = 8.83419e-05, No Iterations 6
smoothSolver:  Solving for Uy, Initial residual = 0.00535937, Final residual = 0.000528977, No Iterations 5
GAMG:  Solving for p, Initial residual = 0.00454816, Final residual = 0.000331746, No Iterations 5
time step continuity errors : sum local = 0.0173913, global = 0.000841098, cumulative = 0.409805
smoothSolver:  Solving for omega, Initial residual = 0.000606598, Final residual = 4.7111e-05, No Iterations 2
smoothSolver:  Solving for k, Initial residual = 0.00254411, Final residual = 0.000249684, No Iterations 3
ExecutionTime = 3.74 s  ClockTime = 5 s

Time = 134

smoothSolver:  Solving for Ux, Initial residual = 0.0013141, Final residual = 8.79785e-05, No Iterations 6
smoothSolver:  Solving for Uy, Initial residual = 0.00536636, Final residual = 0.000523999, No Iterations 5
GAMG:  Solving for p, Initial residual = 0.00450514, Final residual = 0.000450266, No Iterations 4
time step continuity errors : sum local = 0.0236411, global = -0.00179419, cumulative = 0.408011
smoothSolver:  Solving for omega, Initial residual = 0.000596351, Final residual = 4.60911e-05, No Iterations 2
smoothSolver:  Solving for k, Initial residual = 0.00251541, Final residual = 0.000247136, No Iterations 3
ExecutionTime = 3.77 s  ClockTime = 5 s

Time = 135

smoothSolver:  Solving for Ux, Initial residual = 0.00131042, Final residual = 8.75908e-05, No Iterations 6
smoothSolver:  Solving for Uy, Initial residual = 0.0053723, Final residual = 0.000519539, No Iterations 5
GAMG:  Solving for p, Initial residual = 0.00454489, Final residual = 0.000372065, No Iterations 5
time step continuity errors : sum local = 0.0195698, global = 0.00141821, cumulative = 0.409429
smoothSolver:  Solving for omega, Initial residual = 0.000583802, Final residual = 4.53301e-05, No Iterations 2
smoothSolver:  Solving for k, Initial residual = 0.00246914, Final residual = 0.000240541, No Iterations 3
ExecutionTime = 3.79 s  ClockTime = 5 s

Time = 136

smoothSolver:  Solving for Ux, Initial residual = 0.00130353, Final residual = 8.72653e-05, No Iterations 6
smoothSolver:  Solving for Uy, Initial residual = 0.00541076, Final residual = 0.000520562, No Iterations 5
GAMG:  Solving for p, Initial residual = 0.00450507, Final residual = 0.000307772, No Iterations 5
time step continuity errors : sum local = 0.0162137, global = 0.000413385, cumulative = 0.409842
smoothSolver:  Solving for omega, Initial residual = 0.0005713, Final residual = 4.45101e-05, No Iterations 2
smoothSolver:  Solving for k, Initial residual = 0.00242874, Final residual = 0.00023536, No Iterations 3
ExecutionTime = 3.82 s  ClockTime = 5 s

Time = 137

smoothSolver:  Solving for Ux, Initial residual = 0.00129634, Final residual = 8.63403e-05, No Iterations 6
smoothSolver:  Solving for Uy, Initial residual = 0.00554515, Final residual = 0.000534226, No Iterations 5
GAMG:  Solving for p, Initial residual = 0.00446342, Final residual = 0.000400751, No Iterations 4
time step continuity errors : sum local = 0.0211351, global = 0.00154983, cumulative = 0.411392
smoothSolver:  Solving for omega, Initial residual = 0.000566406, Final residual = 4.36825e-05, No Iterations 2
smoothSolver:  Solving for k, Initial residual = 0.00238414, Final residual = 0.000228608, No Iterations 3
ExecutionTime = 3.86 s  ClockTime = 5 s

Time = 138

smoothSolver:  Solving for Ux, Initial residual = 0.00128966, Final residual = 8.58103e-05, No Iterations 6
smoothSolver:  Solving for Uy, Initial residual = 0.00568492, Final residual = 0.000552407, No Iterations 5
GAMG:  Solving for p, Initial residual = 0.0045208, Final residual = 0.000433557, No Iterations 4
time step continuity errors : sum local = 0.0228862, global = 0.00173522, cumulative = 0.413127
smoothSolver:  Solving for omega, Initial residual = 0.000555916, Final residual = 4.27823e-05, No Iterations 2
smoothSolver:  Solving for k, Initial residual = 0.00234595, Final residual = 0.00022011, No Iterations 3
ExecutionTime = 3.88 s  ClockTime = 5 s

Time = 139

smoothSolver:  Solving for Ux, Initial residual = 0.00128177, Final residual = 8.50686e-05, No Iterations 6
smoothSolver:  Solving for Uy, Initial residual = 0.00587877, Final residual = 0.000575921, No Iterations 5
GAMG:  Solving for p, Initial residual = 0.00459159, Final residual = 0.000439617, No Iterations 4
time step continuity errors : sum local = 0.023234, global = 0.00205191, cumulative = 0.415179
smoothSolver:  Solving for omega, Initial residual = 0.00054399, Final residual = 4.21086e-05, No Iterations 2
smoothSolver:  Solving for k, Initial residual = 0.00229686, Final residual = 0.000217228, No Iterations 3
ExecutionTime = 3.91 s  ClockTime = 5 s

Time = 140

smoothSolver:  Solving for Ux, Initial residual = 0.00127333, Final residual = 8.43136e-05, No Iterations 6
smoothSolver:  Solving for Uy, Initial residual = 0.00607801, Final residual = 0.000601565, No Iterations 5
GAMG:  Solving for p, Initial residual = 0.00464032, Final residual = 0.000368837, No Iterations 5
time step continuity errors : sum local = 0.0195187, global = -0.00217564, cumulative = 0.413004
smoothSolver:  Solving for omega, Initial residual = 0.000531381, Final residual = 4.13043e-05, No Iterations 2
smoothSolver:  Solving for k, Initial residual = 0.00224569, Final residual = 0.000207127, No Iterations 3
ExecutionTime = 3.94 s  ClockTime = 5 s

Time = 141

smoothSolver:  Solving for Ux, Initial residual = 0.00126616, Final residual = 8.35397e-05, No Iterations 6
smoothSolver:  Solving for Uy, Initial residual = 0.00630707, Final residual = 0.000630617, No Iterations 5
GAMG:  Solving for p, Initial residual = 0.00467019, Final residual = 0.000339148, No Iterations 5
time step continuity errors : sum local = 0.0179816, global = 0.000496776, cumulative = 0.4135
smoothSolver:  Solving for omega, Initial residual = 0.000528902, Final residual = 4.06928e-05, No Iterations 2
smoothSolver:  Solving for k, Initial residual = 0.00219804, Final residual = 0.000200524, No Iterations 3
ExecutionTime = 3.97 s  ClockTime = 5 s

Time = 142

smoothSolver:  Solving for Ux, Initial residual = 0.00125484, Final residual = 8.24538e-05, No Iterations 6
smoothSolver:  Solving for Uy, Initial residual = 0.00653009, Final residual = 0.00042655, No Iterations 6
GAMG:  Solving for p, Initial residual = 0.00472013, Final residual = 0.000449066, No Iterations 4
time step continuity errors : sum local = 0.0238205, global = 0.00301305, cumulative = 0.416513
smoothSolver:  Solving for omega, Initial residual = 0.000517563, Final residual = 4.00606e-05, No Iterations 2
smoothSolver:  Solving for k, Initial residual = 0.00216223, Final residual = 0.000192859, No Iterations 3
ExecutionTime = 3.99 s  ClockTime = 5 s

Time = 143

smoothSolver:  Solving for Ux, Initial residual = 0.00124647, Final residual = 8.20302e-05, No Iterations 6
smoothSolver:  Solving for Uy, Initial residual = 0.00658744, Final residual = 0.000434365, No Iterations 6
GAMG:  Solving for p, Initial residual = 0.00495605, Final residual = 0.000425348, No Iterations 5
time step continuity errors : sum local = 0.0225755, global = -0.0028768, cumulative = 0.413637
smoothSolver:  Solving for omega, Initial residual = 0.000511943, Final residual = 3.94793e-05, No Iterations 2
smoothSolver:  Solving for k, Initial residual = 0.00211708, Final residual = 0.000184218, No Iterations 3
ExecutionTime = 4.01 s  ClockTime = 5 s

Time = 144

smoothSolver:  Solving for Ux, Initial residual = 0.00123739, Final residual = 8.08471e-05, No Iterations 6
smoothSolver:  Solving for Uy, Initial residual = 0.00676341, Final residual = 0.0004489, No Iterations 6
GAMG:  Solving for p, Initial residual = 0.00501522, Final residual = 0.000461006, No Iterations 4
time step continuity errors : sum local = 0.0244813, global = 0.00283131, cumulative = 0.416468
smoothSolver:  Solving for omega, Initial residual = 0.000504316, Final residual = 3.89809e-05, No Iterations 2
smoothSolver:  Solving for k, Initial residual = 0.00208964, Final residual = 0.000181729, No Iterations 3
ExecutionTime = 4.04 s  ClockTime = 5 s

Time = 145

smoothSolver:  Solving for Ux, Initial residual = 0.00122438, Final residual = 7.97808e-05, No Iterations 6
smoothSolver:  Solving for Uy, Initial residual = 0.00696535, Final residual = 0.000466399, No Iterations 6
GAMG:  Solving for p, Initial residual = 0.00511984, Final residual = 0.000417398, No Iterations 5
time step continuity errors : sum local = 0.0221697, global = -0.00298064, cumulative = 0.413487
smoothSolver:  Solving for omega, Initial residual = 0.000499979, Final residual = 3.80198e-05, No Iterations 2
smoothSolver:  Solving for k, Initial residual = 0.00205693, Final residual = 0.000174101, No Iterations 3
ExecutionTime = 4.07 s  ClockTime = 5 s

Time = 146

smoothSolver:  Solving for Ux, Initial residual = 0.00121526, Final residual = 7.87911e-05, No Iterations 6
smoothSolver:  Solving for Uy, Initial residual = 0.00718086, Final residual = 0.000484976, No Iterations 6
GAMG:  Solving for p, Initial residual = 0.00517503, Final residual = 0.000471612, No Iterations 4
time step continuity errors : sum local = 0.0250576, global = 0.00322561, cumulative = 0.416713
smoothSolver:  Solving for omega, Initial residual = 0.000490122, Final residual = 3.7237e-05, No Iterations 2
smoothSolver:  Solving for k, Initial residual = 0.00203115, Final residual = 0.000170635, No Iterations 3
ExecutionTime = 4.09 s  ClockTime = 5 s

Time = 147

smoothSolver:  Solving for Ux, Initial residual = 0.00120433, Final residual = 7.80463e-05, No Iterations 6
smoothSolver:  Solving for Uy, Initial residual = 0.00735987, Final residual = 0.000501967, No Iterations 6
GAMG:  Solving for p, Initial residual = 0.00528265, Final residual = 0.000444406, No Iterations 5
time step continuity errors : sum local = 0.0236177, global = -0.00384019, cumulative = 0.412873
smoothSolver:  Solving for omega, Initial residual = 0.000482028, Final residual = 3.67113e-05, No Iterations 2
smoothSolver:  Solving for k, Initial residual = 0.00200038, Final residual = 0.000162726, No Iterations 3
ExecutionTime = 4.11 s  ClockTime = 6 s

Time = 148

smoothSolver:  Solving for Ux, Initial residual = 0.00119782, Final residual = 0.000119696, No Iterations 5
smoothSolver:  Solving for Uy, Initial residual = 0.00756557, Final residual = 0.000520262, No Iterations 6
GAMG:  Solving for p, Initial residual = 0.00524597, Final residual = 0.000452846, No Iterations 4
time step continuity errors : sum local = 0.0240658, global = 0.00290347, cumulative = 0.415776
smoothSolver:  Solving for omega, Initial residual = 0.000475029, Final residual = 3.60911e-05, No Iterations 2
smoothSolver:  Solving for k, Initial residual = 0.00197771, Final residual = 0.000158637, No Iterations 3
ExecutionTime = 4.14 s  ClockTime = 6 s

Time = 149

smoothSolver:  Solving for Ux, Initial residual = 0.00119373, Final residual = 7.73345e-05, No Iterations 6
smoothSolver:  Solving for Uy, Initial residual = 0.00765949, Final residual = 0.00053117, No Iterations 6
GAMG:  Solving for p, Initial residual = 0.00547168, Final residual = 0.000426543, No Iterations 5
time step continuity errors : sum local = 0.0226831, global = -0.00347032, cumulative = 0.412306
smoothSolver:  Solving for omega, Initial residual = 0.000469956, Final residual = 3.51583e-05, No Iterations 2
smoothSolver:  Solving for k, Initial residual = 0.00195349, Final residual = 0.000152001, No Iterations 3
ExecutionTime = 4.16 s  ClockTime = 6 s

Time = 150

smoothSolver:  Solving for Ux, Initial residual = 0.00119124, Final residual = 7.68585e-05, No Iterations 6
smoothSolver:  Solving for Uy, Initial residual = 0.00790382, Final residual = 0.000552314, No Iterations 6
GAMG:  Solving for p, Initial residual = 0.00545311, Final residual = 0.000506428, No Iterations 4
time step continuity errors : sum local = 0.0269445, global = 0.00423743, cumulative = 0.416543
smoothSolver:  Solving for omega, Initial residual = 0.000463817, Final residual = 3.45337e-05, No Iterations 2
smoothSolver:  Solving for k, Initial residual = 0.00192973, Final residual = 0.000144329, No Iterations 3
ExecutionTime = 4.19 s  ClockTime = 6 s

Time = 151

smoothSolver:  Solving for Ux, Initial residual = 0.00118589, Final residual = 7.67549e-05, No Iterations 6
smoothSolver:  Solving for Uy, Initial residual = 0.00810037, Final residual = 0.000570592, No Iterations 6
GAMG:  Solving for p, Initial residual = 0.0055503, Final residual = 0.000444671, No Iterations 5
time step continuity errors : sum local = 0.0236503, global = -0.00379083, cumulative = 0.412752
smoothSolver:  Solving for omega, Initial residual = 0.000457228, Final residual = 3.40467e-05, No Iterations 2
smoothSolver:  Solving for k, Initial residual = 0.00191118, Final residual = 0.000139346, No Iterations 3
ExecutionTime = 4.21 s  ClockTime = 6 s

Time = 152

smoothSolver:  Solving for Ux, Initial residual = 0.00118783, Final residual = 7.66581e-05, No Iterations 6
smoothSolver:  Solving for Uy, Initial residual = 0.00831901, Final residual = 0.000589565, No Iterations 6
GAMG:  Solving for p, Initial residual = 0.00556509, Final residual = 0.00052597, No Iterations 4
time step continuity errors : sum local = 0.0279762, global = 0.00435091, cumulative = 0.417103
smoothSolver:  Solving for omega, Initial residual = 0.000451857, Final residual = 3.32161e-05, No Iterations 2
smoothSolver:  Solving for k, Initial residual = 0.00189273, Final residual = 0.000134726, No Iterations 3
ExecutionTime = 4.24 s  ClockTime = 6 s

Time = 153

smoothSolver:  Solving for Ux, Initial residual = 0.00118478, Final residual = 7.69089e-05, No Iterations 6
smoothSolver:  Solving for Uy, Initial residual = 0.00848964, Final residual = 0.000603877, No Iterations 6
GAMG:  Solving for p, Initial residual = 0.00567663, Final residual = 0.000452236, No Iterations 5
time step continuity errors : sum local = 0.0240458, global = -0.00394128, cumulative = 0.413162
smoothSolver:  Solving for omega, Initial residual = 0.000448136, Final residual = 3.24264e-05, No Iterations 2
smoothSolver:  Solving for k, Initial residual = 0.00188142, Final residual = 0.000129334, No Iterations 3
ExecutionTime = 4.27 s  ClockTime = 6 s

Time = 154

smoothSolver:  Solving for Ux, Initial residual = 0.00118898, Final residual = 7.71101e-05, No Iterations 6
smoothSolver:  Solving for Uy, Initial residual = 0.0086801, Final residual = 0.000618766, No Iterations 6
GAMG:  Solving for p, Initial residual = 0.00566369, Final residual = 0.000531943, No Iterations 4
time step continuity errors : sum local = 0.0282946, global = 0.00430023, cumulative = 0.417462
smoothSolver:  Solving for omega, Initial residual = 0.00044205, Final residual = 3.1839e-05, No Iterations 2
smoothSolver:  Solving for k, Initial residual = 0.00186746, Final residual = 0.000126944, No Iterations 3
ExecutionTime = 4.29 s  ClockTime = 6 s

Time = 155

smoothSolver:  Solving for Ux, Initial residual = 0.00118821, Final residual = 7.76594e-05, No Iterations 6
smoothSolver:  Solving for Uy, Initial residual = 0.00882457, Final residual = 0.000629395, No Iterations 6
GAMG:  Solving for p, Initial residual = 0.00577932, Final residual = 0.000458939, No Iterations 5
time step continuity errors : sum local = 0.0244126, global = -0.00425174, cumulative = 0.413211
smoothSolver:  Solving for omega, Initial residual = 0.000435507, Final residual = 3.11106e-05, No Iterations 2
smoothSolver:  Solving for k, Initial residual = 0.00186037, Final residual = 0.000121814, No Iterations 3
ExecutionTime = 4.31 s  ClockTime = 6 s

Time = 156

smoothSolver:  Solving for Ux, Initial residual = 0.00119349, Final residual = 7.81195e-05, No Iterations 6
smoothSolver:  Solving for Uy, Initial residual = 0.0089925, Final residual = 0.000641215, No Iterations 6
GAMG:  Solving for p, Initial residual = 0.00573667, Final residual = 0.000540217, No Iterations 4
time step continuity errors : sum local = 0.0287551, global = 0.00434964, cumulative = 0.41756
smoothSolver:  Solving for omega, Initial residual = 0.000433399, Final residual = 3.0894e-05, No Iterations 2
smoothSolver:  Solving for k, Initial residual = 0.00184523, Final residual = 0.000115938, No Iterations 3
ExecutionTime = 4.34 s  ClockTime = 6 s

Time = 157

smoothSolver:  Solving for Ux, Initial residual = 0.00119525, Final residual = 7.89162e-05, No Iterations 6
smoothSolver:  Solving for Uy, Initial residual = 0.00910388, Final residual = 0.000648709, No Iterations 6
GAMG:  Solving for p, Initial residual = 0.00581464, Final residual = 0.000471885, No Iterations 5
time step continuity errors : sum local = 0.0251232, global = -0.00438777, cumulative = 0.413172
smoothSolver:  Solving for omega, Initial residual = 0.000429933, Final residual = 2.98487e-05, No Iterations 2
smoothSolver:  Solving for k, Initial residual = 0.00184731, Final residual = 0.000115813, No Iterations 3
ExecutionTime = 4.36 s  ClockTime = 6 s

Time = 158

smoothSolver:  Solving for Ux, Initial residual = 0.00120193, Final residual = 7.95353e-05, No Iterations 6
smoothSolver:  Solving for Uy, Initial residual = 0.00923416, Final residual = 0.000657837, No Iterations 6
GAMG:  Solving for p, Initial residual = 0.00579719, Final residual = 0.000543428, No Iterations 4
time step continuity errors : sum local = 0.0289548, global = 0.00426567, cumulative = 0.417438
smoothSolver:  Solving for omega, Initial residual = 0.000428204, Final residual = 2.94523e-05, No Iterations 2
smoothSolver:  Solving for k, Initial residual = 0.00183635, Final residual = 0.000111609, No Iterations 3
ExecutionTime = 4.39 s  ClockTime = 6 s

Time = 159

smoothSolver:  Solving for Ux, Initial residual = 0.00120677, Final residual = 8.04394e-05, No Iterations 6
smoothSolver:  Solving for Uy, Initial residual = 0.00931697, Final residual = 0.000663341, No Iterations 6
GAMG:  Solving for p, Initial residual = 0.00590892, Final residual = 0.000480567, No Iterations 5
time step continuity errors : sum local = 0.0256048, global = -0.00435729, cumulative = 0.413081
smoothSolver:  Solving for omega, Initial residual = 0.000423105, Final residual = 2.90292e-05, No Iterations 2
smoothSolver:  Solving for k, Initial residual = 0.00183003, Final residual = 0.000111064, No Iterations 3
ExecutionTime = 4.41 s  ClockTime = 6 s

Time = 160

smoothSolver:  Solving for Ux, Initial residual = 0.00121545, Final residual = 8.11057e-05, No Iterations 6
smoothSolver:  Solving for Uy, Initial residual = 0.00940822, Final residual = 0.000669737, No Iterations 6
GAMG:  Solving for p, Initial residual = 0.00591698, Final residual = 0.00052261, No Iterations 4
time step continuity errors : sum local = 0.0278671, global = 0.00389414, cumulative = 0.416975
smoothSolver:  Solving for omega, Initial residual = 0.000420912, Final residual = 2.82896e-05, No Iterations 2
smoothSolver:  Solving for k, Initial residual = 0.00182253, Final residual = 0.000105069, No Iterations 3
ExecutionTime = 4.44 s  ClockTime = 6 s

Time = 161

smoothSolver:  Solving for Ux, Initial residual = 0.00122325, Final residual = 8.20692e-05, No Iterations 6
smoothSolver:  Solving for Uy, Initial residual = 0.00947463, Final residual = 0.000674217, No Iterations 6
GAMG:  Solving for p, Initial residual = 0.00604062, Final residual = 0.000494396, No Iterations 5
time step continuity errors : sum local = 0.0263641, global = -0.00445777, cumulative = 0.412517
smoothSolver:  Solving for omega, Initial residual = 0.000421107, Final residual = 2.78031e-05, No Iterations 2
smoothSolver:  Solving for k, Initial residual = 0.00182, Final residual = 0.000105902, No Iterations 3
ExecutionTime = 4.47 s  ClockTime = 6 s

Time = 162

smoothSolver:  Solving for Ux, Initial residual = 0.00123194, Final residual = 8.27131e-05, No Iterations 6
smoothSolver:  Solving for Uy, Initial residual = 0.00953794, Final residual = 0.000678778, No Iterations 6
GAMG:  Solving for p, Initial residual = 0.00605278, Final residual = 0.000496017, No Iterations 4
time step continuity errors : sum local = 0.0264893, global = 0.00317853, cumulative = 0.415696
smoothSolver:  Solving for omega, Initial residual = 0.000419426, Final residual = 2.73868e-05, No Iterations 2
smoothSolver:  Solving for k, Initial residual = 0.00180589, Final residual = 0.000104604, No Iterations 3
ExecutionTime = 4.49 s  ClockTime = 6 s

Time = 163

smoothSolver:  Solving for Ux, Initial residual = 0.00124105, Final residual = 8.35124e-05, No Iterations 6
smoothSolver:  Solving for Uy, Initial residual = 0.00959466, Final residual = 0.000682715, No Iterations 6
GAMG:  Solving for p, Initial residual = 0.00613107, Final residual = 0.00058595, No Iterations 4
time step continuity errors : sum local = 0.0313079, global = 0.00385023, cumulative = 0.419546
smoothSolver:  Solving for omega, Initial residual = 0.000412325, Final residual = 2.66163e-05, No Iterations 2
smoothSolver:  Solving for k, Initial residual = 0.00179769, Final residual = 0.000104388, No Iterations 3
ExecutionTime = 4.51 s  ClockTime = 6 s

Time = 164

smoothSolver:  Solving for Ux, Initial residual = 0.00125126, Final residual = 8.43218e-05, No Iterations 6
smoothSolver:  Solving for Uy, Initial residual = 0.00958352, Final residual = 0.000683303, No Iterations 6
GAMG:  Solving for p, Initial residual = 0.00623495, Final residual = 0.000614702, No Iterations 4
time step continuity errors : sum local = 0.0328657, global = 0.00418758, cumulative = 0.423733
smoothSolver:  Solving for omega, Initial residual = 0.000411458, Final residual = 2.64392e-05, No Iterations 2
smoothSolver:  Solving for k, Initial residual = 0.00178838, Final residual = 9.86307e-05, No Iterations 3
ExecutionTime = 4.54 s  ClockTime = 6 s

Time = 165

smoothSolver:  Solving for Ux, Initial residual = 0.0012558, Final residual = 8.44673e-05, No Iterations 6
smoothSolver:  Solving for Uy, Initial residual = 0.00962415, Final residual = 0.000687102, No Iterations 6
GAMG:  Solving for p, Initial residual = 0.00623118, Final residual = 0.000616275, No Iterations 4
time step continuity errors : sum local = 0.0329969, global = 0.00422975, cumulative = 0.427963
smoothSolver:  Solving for omega, Initial residual = 0.000409921, Final residual = 2.57104e-05, No Iterations 2
smoothSolver:  Solving for k, Initial residual = 0.00177276, Final residual = 9.98108e-05, No Iterations 3
ExecutionTime = 4.56 s  ClockTime = 6 s

Time = 166

smoothSolver:  Solving for Ux, Initial residual = 0.00125758, Final residual = 8.44697e-05, No Iterations 6
smoothSolver:  Solving for Uy, Initial residual = 0.00967086, Final residual = 0.000691763, No Iterations 6
GAMG:  Solving for p, Initial residual = 0.0061735, Final residual = 0.000571248, No Iterations 5
time step continuity errors : sum local = 0.0306378, global = -0.00449418, cumulative = 0.423469
smoothSolver:  Solving for omega, Initial residual = 0.000410296, Final residual = 2.55712e-05, No Iterations 2
smoothSolver:  Solving for k, Initial residual = 0.00176392, Final residual = 9.66122e-05, No Iterations 3
ExecutionTime = 4.58 s  ClockTime = 6 s

Time = 167

smoothSolver:  Solving for Ux, Initial residual = 0.00125213, Final residual = 8.39892e-05, No Iterations 6
smoothSolver:  Solving for Uy, Initial residual = 0.00974891, Final residual = 0.000697849, No Iterations 6
GAMG:  Solving for p, Initial residual = 0.00608093, Final residual = 0.000581307, No Iterations 4
time step continuity errors : sum local = 0.0312888, global = -0.00212364, cumulative = 0.421345
smoothSolver:  Solving for omega, Initial residual = 0.000404663, Final residual = 2.51262e-05, No Iterations 2
smoothSolver:  Solving for k, Initial residual = 0.00174996, Final residual = 9.53006e-05, No Iterations 3
ExecutionTime = 4.61 s  ClockTime = 6 s

Time = 168

smoothSolver:  Solving for Ux, Initial residual = 0.00125341, Final residual = 8.40647e-05, No Iterations 6
smoothSolver:  Solving for Uy, Initial residual = 0.00974787, Final residual = 0.00069997, No Iterations 6
GAMG:  Solving for p, Initial residual = 0.00614818, Final residual = 0.000576966, No Iterations 4
time step continuity errors : sum local = 0.0311145, global = -0.00107063, cumulative = 0.420275
smoothSolver:  Solving for omega, Initial residual = 0.000403971, Final residual = 2.48941e-05, No Iterations 2
smoothSolver:  Solving for k, Initial residual = 0.00174073, Final residual = 9.17042e-05, No Iterations 3
ExecutionTime = 4.63 s  ClockTime = 6 s

Time = 169

smoothSolver:  Solving for Ux, Initial residual = 0.00125203, Final residual = 8.38997e-05, No Iterations 6
smoothSolver:  Solving for Uy, Initial residual = 0.00976524, Final residual = 0.000702755, No Iterations 6
GAMG:  Solving for p, Initial residual = 0.00617631, Final residual = 0.00058229, No Iterations 4
time step continuity errors : sum local = 0.0314521, global = 0.00184214, cumulative = 0.422117
smoothSolver:  Solving for omega, Initial residual = 0.000402352, Final residual = 2.45157e-05, No Iterations 2
smoothSolver:  Solving for k, Initial residual = 0.00172788, Final residual = 9.1322e-05, No Iterations 3
ExecutionTime = 4.66 s  ClockTime = 6 s

Time = 170

smoothSolver:  Solving for Ux, Initial residual = 0.00125026, Final residual = 8.37435e-05, No Iterations 6
smoothSolver:  Solving for Uy, Initial residual = 0.00978839, Final residual = 0.000706776, No Iterations 6
GAMG:  Solving for p, Initial residual = 0.00621949, Final residual = 0.000585901, No Iterations 4
time step continuity errors : sum local = 0.0316862, global = 0.00292338, cumulative = 0.42504
smoothSolver:  Solving for omega, Initial residual = 0.000400816, Final residual = 2.41825e-05, No Iterations 2
smoothSolver:  Solving for k, Initial residual = 0.00171801, Final residual = 9.0084e-05, No Iterations 3
ExecutionTime = 4.68 s  ClockTime = 6 s

Time = 171

smoothSolver:  Solving for Ux, Initial residual = 0.00124456, Final residual = 8.34187e-05, No Iterations 6
smoothSolver:  Solving for Uy, Initial residual = 0.00980959, Final residual = 0.000710604, No Iterations 6
GAMG:  Solving for p, Initial residual = 0.0062513, Final residual = 0.000608843, No Iterations 5
time step continuity errors : sum local = 0.0329923, global = -0.00235534, cumulative = 0.422685
smoothSolver:  Solving for omega, Initial residual = 0.000396444, Final residual = 2.39278e-05, No Iterations 2
smoothSolver:  Solving for k, Initial residual = 0.00170627, Final residual = 8.77304e-05, No Iterations 3
ExecutionTime = 4.7 s  ClockTime = 6 s

Time = 172

smoothSolver:  Solving for Ux, Initial residual = 0.00123407, Final residual = 8.26119e-05, No Iterations 6
smoothSolver:  Solving for Uy, Initial residual = 0.00989262, Final residual = 0.000717313, No Iterations 6
GAMG:  Solving for p, Initial residual = 0.00617418, Final residual = 0.000471261, No Iterations 5
time step continuity errors : sum local = 0.0256683, global = 0.00207062, cumulative = 0.424756
smoothSolver:  Solving for omega, Initial residual = 0.000393303, Final residual = 2.3337e-05, No Iterations 2
smoothSolver:  Solving for k, Initial residual = 0.0016937, Final residual = 8.56639e-05, No Iterations 3
ExecutionTime = 4.72 s  ClockTime = 6 s

Time = 173

smoothSolver:  Solving for Ux, Initial residual = 0.00122831, Final residual = 8.22776e-05, No Iterations 6
smoothSolver:  Solving for Uy, Initial residual = 0.00986983, Final residual = 0.000719695, No Iterations 6
GAMG:  Solving for p, Initial residual = 0.00616512, Final residual = 0.000483338, No Iterations 5
time step continuity errors : sum local = 0.0263914, global = 0.00229248, cumulative = 0.427048
smoothSolver:  Solving for omega, Initial residual = 0.00039131, Final residual = 2.31291e-05, No Iterations 2
smoothSolver:  Solving for k, Initial residual = 0.00168326, Final residual = 8.32044e-05, No Iterations 3
ExecutionTime = 4.74 s  ClockTime = 6 s

Time = 174

smoothSolver:  Solving for Ux, Initial residual = 0.00121682, Final residual = 8.13763e-05, No Iterations 6
smoothSolver:  Solving for Uy, Initial residual = 0.00988577, Final residual = 0.000722888, No Iterations 6
GAMG:  Solving for p, Initial residual = 0.00616392, Final residual = 0.000471591, No Iterations 5
time step continuity errors : sum local = 0.0258023, global = 0.00219517, cumulative = 0.429243
smoothSolver:  Solving for omega, Initial residual = 0.000389517, Final residual = 2.28914e-05, No Iterations 2
smoothSolver:  Solving for k, Initial residual = 0.00166774, Final residual = 8.18742e-05, No Iterations 3
ExecutionTime = 4.76 s  ClockTime = 6 s

Time = 175

smoothSolver:  Solving for Ux, Initial residual = 0.00120252, Final residual = 8.05382e-05, No Iterations 6
smoothSolver:  Solving for Uy, Initial residual = 0.00990566, Final residual = 0.000726764, No Iterations 6
GAMG:  Solving for p, Initial residual = 0.00616241, Final residual = 0.000476873, No Iterations 5
time step continuity errors : sum local = 0.0261512, global = 0.00214079, cumulative = 0.431384
smoothSolver:  Solving for omega, Initial residual = 0.000383429, Final residual = 2.23733e-05, No Iterations 2
smoothSolver:  Solving for k, Initial residual = 0.00165209, Final residual = 7.9387e-05, No Iterations 3
ExecutionTime = 4.79 s  ClockTime = 6 s

Time = 176

smoothSolver:  Solving for Ux, Initial residual = 0.00118745, Final residual = 7.9621e-05, No Iterations 6
smoothSolver:  Solving for Uy, Initial residual = 0.00991851, Final residual = 0.000729477, No Iterations 6
GAMG:  Solving for p, Initial residual = 0.00615971, Final residual = 0.000497195, No Iterations 5
time step continuity errors : sum local = 0.0273229, global = 0.00212662, cumulative = 0.433511
smoothSolver:  Solving for omega, Initial residual = 0.000381808, Final residual = 2.20535e-05, No Iterations 2
smoothSolver:  Solving for k, Initial residual = 0.00164313, Final residual = 7.8048e-05, No Iterations 3
ExecutionTime = 4.82 s  ClockTime = 6 s

Time = 177

smoothSolver:  Solving for Ux, Initial residual = 0.00117259, Final residual = 7.86714e-05, No Iterations 6
smoothSolver:  Solving for Uy, Initial residual = 0.00991619, Final residual = 0.000730304, No Iterations 6
GAMG:  Solving for p, Initial residual = 0.00617269, Final residual = 0.000511434, No Iterations 5
time step continuity errors : sum local = 0.0281871, global = 0.00205186, cumulative = 0.435562
smoothSolver:  Solving for omega, Initial residual = 0.000377832, Final residual = 2.18985e-05, No Iterations 2
smoothSolver:  Solving for k, Initial residual = 0.00162345, Final residual = 7.59382e-05, No Iterations 3
ExecutionTime = 4.84 s  ClockTime = 6 s

Time = 178

smoothSolver:  Solving for Ux, Initial residual = 0.00115595, Final residual = 7.76168e-05, No Iterations 6
smoothSolver:  Solving for Uy, Initial residual = 0.00991306, Final residual = 0.000729875, No Iterations 6
GAMG:  Solving for p, Initial residual = 0.00618588, Final residual = 0.000528949, No Iterations 5
time step continuity errors : sum local = 0.0292274, global = 0.00196955, cumulative = 0.437532
smoothSolver:  Solving for omega, Initial residual = 0.000376008, Final residual = 2.1441e-05, No Iterations 2
smoothSolver:  Solving for k, Initial residual = 0.00161541, Final residual = 7.46053e-05, No Iterations 3
ExecutionTime = 4.87 s  ClockTime = 6 s

Time = 179

smoothSolver:  Solving for Ux, Initial residual = 0.00113893, Final residual = 7.65315e-05, No Iterations 6
smoothSolver:  Solving for Uy, Initial residual = 0.00989572, Final residual = 0.000727592, No Iterations 6
GAMG:  Solving for p, Initial residual = 0.00621917, Final residual = 0.000541319, No Iterations 5
time step continuity errors : sum local = 0.0300002, global = 0.00185662, cumulative = 0.439389
smoothSolver:  Solving for omega, Initial residual = 0.000372252, Final residual = 2.13496e-05, No Iterations 2
smoothSolver:  Solving for k, Initial residual = 0.0015952, Final residual = 7.22412e-05, No Iterations 3
ExecutionTime = 4.89 s  ClockTime = 6 s

Time = 180

smoothSolver:  Solving for Ux, Initial residual = 0.00112015, Final residual = 7.54016e-05, No Iterations 6
smoothSolver:  Solving for Uy, Initial residual = 0.00986204, Final residual = 0.00072333, No Iterations 6
GAMG:  Solving for p, Initial residual = 0.0062371, Final residual = 0.000558097, No Iterations 5
time step continuity errors : sum local = 0.0310056, global = 0.00179208, cumulative = 0.441181
smoothSolver:  Solving for omega, Initial residual = 0.000368332, Final residual = 2.07866e-05, No Iterations 2
smoothSolver:  Solving for k, Initial residual = 0.00158236, Final residual = 7.17527e-05, No Iterations 3
ExecutionTime = 4.92 s  ClockTime = 6 s

Time = 181

smoothSolver:  Solving for Ux, Initial residual = 0.0011022, Final residual = 7.42971e-05, No Iterations 6
smoothSolver:  Solving for Uy, Initial residual = 0.00980374, Final residual = 0.000716641, No Iterations 6
GAMG:  Solving for p, Initial residual = 0.00624134, Final residual = 0.000567491, No Iterations 5
time step continuity errors : sum local = 0.0316073, global = 0.00169316, cumulative = 0.442874
smoothSolver:  Solving for omega, Initial residual = 0.000367174, Final residual = 2.05838e-05, No Iterations 2
smoothSolver:  Solving for k, Initial residual = 0.00156443, Final residual = 6.92728e-05, No Iterations 3
ExecutionTime = 4.94 s  ClockTime = 6 s

Time = 182

smoothSolver:  Solving for Ux, Initial residual = 0.00108384, Final residual = 7.31652e-05, No Iterations 6
smoothSolver:  Solving for Uy, Initial residual = 0.00972432, Final residual = 0.000707908, No Iterations 6
GAMG:  Solving for p, Initial residual = 0.00625629, Final residual = 0.00057712, No Iterations 5
time step continuity errors : sum local = 0.0321951, global = 0.00163226, cumulative = 0.444506
smoothSolver:  Solving for omega, Initial residual = 0.000362514, Final residual = 2.00696e-05, No Iterations 2
smoothSolver:  Solving for k, Initial residual = 0.00155174, Final residual = 0.000154144, No Iterations 2
ExecutionTime = 4.96 s  ClockTime = 7 s

Time = 183

smoothSolver:  Solving for Ux, Initial residual = 0.00106552, Final residual = 7.20627e-05, No Iterations 6
smoothSolver:  Solving for Uy, Initial residual = 0.00962853, Final residual = 0.000697236, No Iterations 6
GAMG:  Solving for p, Initial residual = 0.00618208, Final residual = 0.000572498, No Iterations 5
time step continuity errors : sum local = 0.0319945, global = 0.00150754, cumulative = 0.446014
smoothSolver:  Solving for omega, Initial residual = 0.000360341, Final residual = 1.98531e-05, No Iterations 2
smoothSolver:  Solving for k, Initial residual = 0.00153922, Final residual = 0.000153108, No Iterations 2
ExecutionTime = 4.98 s  ClockTime = 7 s

Time = 184

smoothSolver:  Solving for Ux, Initial residual = 0.00104716, Final residual = 7.0971e-05, No Iterations 6
smoothSolver:  Solving for Uy, Initial residual = 0.00951363, Final residual = 0.000684411, No Iterations 6
GAMG:  Solving for p, Initial residual = 0.00613216, Final residual = 0.000571057, No Iterations 5
time step continuity errors : sum local = 0.0319549, global = 0.00140764, cumulative = 0.447421
smoothSolver:  Solving for omega, Initial residual = 0.000352985, Final residual = 1.93333e-05, No Iterations 2
smoothSolver:  Solving for k, Initial residual = 0.00152557, Final residual = 0.000150112, No Iterations 2
ExecutionTime = 5.01 s  ClockTime = 7 s

Time = 185

smoothSolver:  Solving for Ux, Initial residual = 0.00102864, Final residual = 6.98828e-05, No Iterations 6
smoothSolver:  Solving for Uy, Initial residual = 0.00937032, Final residual = 0.000669475, No Iterations 6
GAMG:  Solving for p, Initial residual = 0.0060816, Final residual = 0.000560431, No Iterations 5
time step continuity errors : sum local = 0.0314232, global = 0.00126841, cumulative = 0.44869
smoothSolver:  Solving for omega, Initial residual = 0.000351068, Final residual = 1.8917e-05, No Iterations 2
smoothSolver:  Solving for k, Initial residual = 0.00151168, Final residual = 0.000150274, No Iterations 2
ExecutionTime = 5.03 s  ClockTime = 7 s

Time = 186

smoothSolver:  Solving for Ux, Initial residual = 0.00101113, Final residual = 6.87712e-05, No Iterations 6
smoothSolver:  Solving for Uy, Initial residual = 0.00920467, Final residual = 0.00065277, No Iterations 6
GAMG:  Solving for p, Initial residual = 0.00602579, Final residual = 0.000554979, No Iterations 5
time step continuity errors : sum local = 0.0311535, global = 0.00118614, cumulative = 0.449876
smoothSolver:  Solving for omega, Initial residual = 0.000342107, Final residual = 1.85614e-05, No Iterations 2
smoothSolver:  Solving for k, Initial residual = 0.00149796, Final residual = 0.000148154, No Iterations 2
ExecutionTime = 5.06 s  ClockTime = 7 s

Time = 187

smoothSolver:  Solving for Ux, Initial residual = 0.000993395, Final residual = 6.76437e-05, No Iterations 6
smoothSolver:  Solving for Uy, Initial residual = 0.00900807, Final residual = 0.000634283, No Iterations 6
GAMG:  Solving for p, Initial residual = 0.0059537, Final residual = 0.000543263, No Iterations 5
time step continuity errors : sum local = 0.0305399, global = 0.00111992, cumulative = 0.450996
smoothSolver:  Solving for omega, Initial residual = 0.000340076, Final residual = 1.81463e-05, No Iterations 2
smoothSolver:  Solving for k, Initial residual = 0.00148322, Final residual = 0.000146491, No Iterations 2
ExecutionTime = 5.08 s  ClockTime = 7 s

Time = 188

smoothSolver:  Solving for Ux, Initial residual = 0.000975459, Final residual = 6.64564e-05, No Iterations 6
smoothSolver:  Solving for Uy, Initial residual = 0.00878723, Final residual = 0.000614278, No Iterations 6
GAMG:  Solving for p, Initial residual = 0.00584376, Final residual = 0.000537873, No Iterations 5
time step continuity errors : sum local = 0.0302602, global = 0.00114953, cumulative = 0.452145
smoothSolver:  Solving for omega, Initial residual = 0.000332621, Final residual = 1.78253e-05, No Iterations 2
smoothSolver:  Solving for k, Initial residual = 0.00146268, Final residual = 0.000143247, No Iterations 2
ExecutionTime = 5.1 s  ClockTime = 7 s

Time = 189

smoothSolver:  Solving for Ux, Initial residual = 0.000958093, Final residual = 6.52338e-05, No Iterations 6
smoothSolver:  Solving for Uy, Initial residual = 0.00853919, Final residual = 0.000593075, No Iterations 6
GAMG:  Solving for p, Initial residual = 0.00572835, Final residual = 0.000529805, No Iterations 5
time step continuity errors : sum local = 0.0298314, global = 0.00122985, cumulative = 0.453375
smoothSolver:  Solving for omega, Initial residual = 0.000330509, Final residual = 1.7331e-05, No Iterations 2
smoothSolver:  Solving for k, Initial residual = 0.0014417, Final residual = 0.000141484, No Iterations 2
ExecutionTime = 5.13 s  ClockTime = 7 s

Time = 190

smoothSolver:  Solving for Ux, Initial residual = 0.000940985, Final residual = 6.39533e-05, No Iterations 6
smoothSolver:  Solving for Uy, Initial residual = 0.00827691, Final residual = 0.000570865, No Iterations 6
GAMG:  Solving for p, Initial residual = 0.00558909, Final residual = 0.00052335, No Iterations 5
time step continuity errors : sum local = 0.0294687, global = 0.00140248, cumulative = 0.454778
smoothSolver:  Solving for omega, Initial residual = 0.000322826, Final residual = 1.71219e-05, No Iterations 2
smoothSolver:  Solving for k, Initial residual = 0.00141944, Final residual = 0.000137001, No Iterations 2
ExecutionTime = 5.15 s  ClockTime = 7 s

Time = 191

smoothSolver:  Solving for Ux, Initial residual = 0.00092366, Final residual = 6.26002e-05, No Iterations 6
smoothSolver:  Solving for Uy, Initial residual = 0.00799752, Final residual = 0.000548056, No Iterations 6
GAMG:  Solving for p, Initial residual = 0.00545097, Final residual = 0.000513328, No Iterations 5
time step continuity errors : sum local = 0.0289044, global = 0.00161682, cumulative = 0.456394
smoothSolver:  Solving for omega, Initial residual = 0.000318125, Final residual = 1.66881e-05, No Iterations 2
smoothSolver:  Solving for k, Initial residual = 0.00139355, Final residual = 0.000134223, No Iterations 2
ExecutionTime = 5.17 s  ClockTime = 7 s

Time = 192

smoothSolver:  Solving for Ux, Initial residual = 0.00090579, Final residual = 6.11423e-05, No Iterations 6
smoothSolver:  Solving for Uy, Initial residual = 0.0077118, Final residual = 0.000525054, No Iterations 6
GAMG:  Solving for p, Initial residual = 0.00528137, Final residual = 0.000504056, No Iterations 5
time step continuity errors : sum local = 0.0283648, global = 0.00187164, cumulative = 0.458266
smoothSolver:  Solving for omega, Initial residual = 0.000311118, Final residual = 1.6408e-05, No Iterations 2
smoothSolver:  Solving for k, Initial residual = 0.00136761, Final residual = 0.000130901, No Iterations 2
ExecutionTime = 5.19 s  ClockTime = 7 s

Time = 193

smoothSolver:  Solving for Ux, Initial residual = 0.000887089, Final residual = 5.95694e-05, No Iterations 6
smoothSolver:  Solving for Uy, Initial residual = 0.00741793, Final residual = 0.00050217, No Iterations 6
GAMG:  Solving for p, Initial residual = 0.00511143, Final residual = 0.000495326, No Iterations 5
time step continuity errors : sum local = 0.0278489, global = 0.00191379, cumulative = 0.46018
smoothSolver:  Solving for omega, Initial residual = 0.000307333, Final residual = 1.57867e-05, No Iterations 2
smoothSolver:  Solving for k, Initial residual = 0.00134077, Final residual = 0.000127047, No Iterations 2
ExecutionTime = 5.22 s  ClockTime = 7 s

Time = 194

smoothSolver:  Solving for Ux, Initial residual = 0.000866857, Final residual = 5.78324e-05, No Iterations 6
smoothSolver:  Solving for Uy, Initial residual = 0.00712451, Final residual = 0.000479928, No Iterations 6
GAMG:  Solving for p, Initial residual = 0.00495679, Final residual = 0.000334991, No Iterations 6
time step continuity errors : sum local = 0.0188092, global = -0.000373846, cumulative = 0.459806
smoothSolver:  Solving for omega, Initial residual = 0.000297319, Final residual = 1.55044e-05, No Iterations 2
smoothSolver:  Solving for k, Initial residual = 0.00131291, Final residual = 0.000123386, No Iterations 2
ExecutionTime = 5.25 s  ClockTime = 7 s

Time = 195

smoothSolver:  Solving for Ux, Initial residual = 0.000846191, Final residual = 5.59563e-05, No Iterations 6
smoothSolver:  Solving for Uy, Initial residual = 0.00683682, Final residual = 0.000458354, No Iterations 6
GAMG:  Solving for p, Initial residual = 0.00477191, Final residual = 0.00046176, No Iterations 5
time step continuity errors : sum local = 0.0258891, global = 0.0015354, cumulative = 0.461341
smoothSolver:  Solving for omega, Initial residual = 0.000291241, Final residual = 1.48723e-05, No Iterations 2
smoothSolver:  Solving for k, Initial residual = 0.00128346, Final residual = 0.000119848, No Iterations 2
ExecutionTime = 5.27 s  ClockTime = 7 s

Time = 196

smoothSolver:  Solving for Ux, Initial residual = 0.000822242, Final residual = 5.41088e-05, No Iterations 6
smoothSolver:  Solving for Uy, Initial residual = 0.00653757, Final residual = 0.000437345, No Iterations 6
GAMG:  Solving for p, Initial residual = 0.00465055, Final residual = 0.00044478, No Iterations 5
time step continuity errors : sum local = 0.0248994, global = -0.00188657, cumulative = 0.459455
smoothSolver:  Solving for omega, Initial residual = 0.00028218, Final residual = 1.47959e-05, No Iterations 2
smoothSolver:  Solving for k, Initial residual = 0.00125544, Final residual = 0.000116395, No Iterations 2
ExecutionTime = 5.3 s  ClockTime = 7 s

Time = 197

smoothSolver:  Solving for Ux, Initial residual = 0.0007987, Final residual = 5.21126e-05, No Iterations 6
smoothSolver:  Solving for Uy, Initial residual = 0.00624287, Final residual = 0.000416946, No Iterations 6
GAMG:  Solving for p, Initial residual = 0.004522, Final residual = 0.000426876, No Iterations 5
time step continuity errors : sum local = 0.0238514, global = -0.00197832, cumulative = 0.457477
smoothSolver:  Solving for omega, Initial residual = 0.000276888, Final residual = 1.39686e-05, No Iterations 2
smoothSolver:  Solving for k, Initial residual = 0.0012249, Final residual = 0.000113004, No Iterations 2
ExecutionTime = 5.32 s  ClockTime = 7 s

Time = 198

smoothSolver:  Solving for Ux, Initial residual = 0.000771156, Final residual = 4.98617e-05, No Iterations 6
smoothSolver:  Solving for Uy, Initial residual = 0.00596835, Final residual = 0.000398676, No Iterations 6
GAMG:  Solving for p, Initial residual = 0.00437264, Final residual = 0.000419686, No Iterations 5
time step continuity errors : sum local = 0.0233927, global = -0.00197133, cumulative = 0.455505
smoothSolver:  Solving for omega, Initial residual = 0.000267718, Final residual = 1.38081e-05, No Iterations 2
smoothSolver:  Solving for k, Initial residual = 0.00119642, Final residual = 0.000108488, No Iterations 2
ExecutionTime = 5.34 s  ClockTime = 7 s

Time = 199

smoothSolver:  Solving for Ux, Initial residual = 0.000741888, Final residual = 4.76287e-05, No Iterations 6
smoothSolver:  Solving for Uy, Initial residual = 0.00570417, Final residual = 0.000382577, No Iterations 6
GAMG:  Solving for p, Initial residual = 0.00422225, Final residual = 0.000368295, No Iterations 6
time step continuity errors : sum local = 0.0204706, global = 0.00240177, cumulative = 0.457907
smoothSolver:  Solving for omega, Initial residual = 0.000261297, Final residual = 1.29377e-05, No Iterations 2
smoothSolver:  Solving for k, Initial residual = 0.00116729, Final residual = 0.000106113, No Iterations 2
ExecutionTime = 5.37 s  ClockTime = 7 s

Time = 200

smoothSolver:  Solving for Ux, Initial residual = 0.000708598, Final residual = 7.04807e-05, No Iterations 5
smoothSolver:  Solving for Uy, Initial residual = 0.00546432, Final residual = 0.000368867, No Iterations 6
GAMG:  Solving for p, Initial residual = 0.00402179, Final residual = 0.000373782, No Iterations 6
time step continuity errors : sum local = 0.0207001, global = 0.0024915, cumulative = 0.460399
smoothSolver:  Solving for omega, Initial residual = 0.00024985, Final residual = 1.27206e-05, No Iterations 2
smoothSolver:  Solving for k, Initial residual = 0.00113935, Final residual = 0.000102502, No Iterations 2
ExecutionTime = 5.46 s  ClockTime = 7 s

streamLine streamlines write:
    seeded 10 particles
    Tracks:10
    Total samples:10893
Time = 201

smoothSolver:  Solving for Ux, Initial residual = 0.000681636, Final residual = 6.76412e-05, No Iterations 5
smoothSolver:  Solving for Uy, Initial residual = 0.00516887, Final residual = 0.000352215, No Iterations 6
GAMG:  Solving for p, Initial residual = 0.00391809, Final residual = 0.000390656, No Iterations 6
time step continuity errors : sum local = 0.0215668, global = 0.00262344, cumulative = 0.463022
smoothSolver:  Solving for omega, Initial residual = 0.000243294, Final residual = 1.20921e-05, No Iterations 2
smoothSolver:  Solving for k, Initial residual = 0.00111149, Final residual = 0.000100072, No Iterations 2
ExecutionTime = 5.5 s  ClockTime = 7 s

Time = 202

smoothSolver:  Solving for Ux, Initial residual = 0.000652313, Final residual = 6.44832e-05, No Iterations 5
smoothSolver:  Solving for Uy, Initial residual = 0.00493037, Final residual = 0.000339434, No Iterations 6
GAMG:  Solving for p, Initial residual = 0.00380696, Final residual = 0.000278881, No Iterations 7
time step continuity errors : sum local = 0.0153435, global = -0.000863545, cumulative = 0.462158
smoothSolver:  Solving for omega, Initial residual = 0.000235495, Final residual = 1.17112e-05, No Iterations 2
smoothSolver:  Solving for k, Initial residual = 0.00108424, Final residual = 9.78982e-05, No Iterations 2
ExecutionTime = 5.53 s  ClockTime = 7 s

Time = 203

smoothSolver:  Solving for Ux, Initial residual = 0.000623934, Final residual = 6.12108e-05, No Iterations 5
smoothSolver:  Solving for Uy, Initial residual = 0.00475311, Final residual = 0.000330856, No Iterations 6
GAMG:  Solving for p, Initial residual = 0.00364396, Final residual = 0.000361508, No Iterations 6
time step continuity errors : sum local = 0.0198142, global = 0.0022766, cumulative = 0.464435
smoothSolver:  Solving for omega, Initial residual = 0.000228361, Final residual = 1.07194e-05, No Iterations 2
smoothSolver:  Solving for k, Initial residual = 0.00105743, Final residual = 9.50988e-05, No Iterations 2
ExecutionTime = 5.55 s  ClockTime = 7 s

Time = 204

smoothSolver:  Solving for Ux, Initial residual = 0.000592775, Final residual = 5.81179e-05, No Iterations 5
smoothSolver:  Solving for Uy, Initial residual = 0.00460616, Final residual = 0.000324225, No Iterations 6
GAMG:  Solving for p, Initial residual = 0.00354755, Final residual = 0.000262844, No Iterations 7
time step continuity errors : sum local = 0.0143494, global = -0.000740587, cumulative = 0.463694
smoothSolver:  Solving for omega, Initial residual = 0.000216423, Final residual = 1.07012e-05, No Iterations 2
smoothSolver:  Solving for k, Initial residual = 0.00103629, Final residual = 9.36283e-05, No Iterations 2
ExecutionTime = 5.58 s  ClockTime = 7 s

Time = 205

smoothSolver:  Solving for Ux, Initial residual = 0.000565355, Final residual = 5.50601e-05, No Iterations 5
smoothSolver:  Solving for Uy, Initial residual = 0.00448807, Final residual = 0.000318902, No Iterations 6
GAMG:  Solving for p, Initial residual = 0.00341461, Final residual = 0.000246664, No Iterations 7
time step continuity errors : sum local = 0.0134107, global = -0.00066628, cumulative = 0.463028
smoothSolver:  Solving for omega, Initial residual = 0.000209572, Final residual = 9.82253e-06, No Iterations 2
smoothSolver:  Solving for k, Initial residual = 0.00101219, Final residual = 9.17247e-05, No Iterations 2
ExecutionTime = 5.6 s  ClockTime = 7 s

Time = 206

smoothSolver:  Solving for Ux, Initial residual = 0.000538359, Final residual = 5.23005e-05, No Iterations 5
smoothSolver:  Solving for Uy, Initial residual = 0.00438106, Final residual = 0.000313119, No Iterations 6
GAMG:  Solving for p, Initial residual = 0.00332927, Final residual = 0.000321799, No Iterations 6
time step continuity errors : sum local = 0.0174233, global = 0.00171208, cumulative = 0.46474
smoothSolver:  Solving for omega, Initial residual = 0.000202107, Final residual = 9.74196e-06, No Iterations 2
smoothSolver:  Solving for k, Initial residual = 0.000992631, Final residual = 9.05024e-05, No Iterations 2
ExecutionTime = 5.62 s  ClockTime = 7 s

Time = 207

smoothSolver:  Solving for Ux, Initial residual = 0.000513427, Final residual = 4.98007e-05, No Iterations 5
smoothSolver:  Solving for Uy, Initial residual = 0.00426799, Final residual = 0.000305656, No Iterations 6
GAMG:  Solving for p, Initial residual = 0.00327383, Final residual = 0.000319549, No Iterations 6
time step continuity errors : sum local = 0.0172265, global = 0.00161114, cumulative = 0.466351
smoothSolver:  Solving for omega, Initial residual = 0.000195225, Final residual = 8.98098e-06, No Iterations 2
smoothSolver:  Solving for k, Initial residual = 0.000972514, Final residual = 8.95721e-05, No Iterations 2
ExecutionTime = 5.65 s  ClockTime = 8 s

Time = 208

smoothSolver:  Solving for Ux, Initial residual = 0.000490698, Final residual = 4.75586e-05, No Iterations 5
smoothSolver:  Solving for Uy, Initial residual = 0.00418424, Final residual = 0.000297617, No Iterations 6
GAMG:  Solving for p, Initial residual = 0.00320092, Final residual = 0.00031094, No Iterations 6
time step continuity errors : sum local = 0.0166877, global = 0.00142219, cumulative = 0.467774
smoothSolver:  Solving for omega, Initial residual = 0.000184905, Final residual = 8.82197e-06, No Iterations 2
smoothSolver:  Solving for k, Initial residual = 0.000953575, Final residual = 8.93108e-05, No Iterations 2
ExecutionTime = 5.67 s  ClockTime = 8 s

Time = 209

smoothSolver:  Solving for Ux, Initial residual = 0.000471085, Final residual = 4.56676e-05, No Iterations 5
smoothSolver:  Solving for Uy, Initial residual = 0.0040978, Final residual = 0.000289034, No Iterations 6
GAMG:  Solving for p, Initial residual = 0.00314978, Final residual = 0.00029704, No Iterations 6
time step continuity errors : sum local = 0.0158722, global = 0.0012266, cumulative = 0.469
smoothSolver:  Solving for omega, Initial residual = 0.000179433, Final residual = 8.28642e-06, No Iterations 2
smoothSolver:  Solving for k, Initial residual = 0.000936017, Final residual = 8.82774e-05, No Iterations 2
ExecutionTime = 5.7 s  ClockTime = 8 s

Time = 210

smoothSolver:  Solving for Ux, Initial residual = 0.000454097, Final residual = 4.41302e-05, No Iterations 5
smoothSolver:  Solving for Uy, Initial residual = 0.004, Final residual = 0.00027986, No Iterations 6
GAMG:  Solving for p, Initial residual = 0.00307016, Final residual = 0.00028403, No Iterations 6
time step continuity errors : sum local = 0.0151207, global = 0.00107722, cumulative = 0.470077
smoothSolver:  Solving for omega, Initial residual = 0.000171888, Final residual = 8.0929e-06, No Iterations 2
smoothSolver:  Solving for k, Initial residual = 0.000913273, Final residual = 8.72403e-05, No Iterations 2
ExecutionTime = 5.72 s  ClockTime = 8 s

Time = 211

smoothSolver:  Solving for Ux, Initial residual = 0.000440074, Final residual = 4.29554e-05, No Iterations 5
smoothSolver:  Solving for Uy, Initial residual = 0.0038953, Final residual = 0.000270245, No Iterations 6
GAMG:  Solving for p, Initial residual = 0.00297874, Final residual = 0.000265136, No Iterations 6
time step continuity errors : sum local = 0.0140654, global = 0.000902166, cumulative = 0.47098
smoothSolver:  Solving for omega, Initial residual = 0.000166332, Final residual = 7.43341e-06, No Iterations 2
smoothSolver:  Solving for k, Initial residual = 0.000896545, Final residual = 8.80261e-05, No Iterations 2
ExecutionTime = 5.75 s  ClockTime = 8 s

Time = 212

smoothSolver:  Solving for Ux, Initial residual = 0.000428788, Final residual = 4.20762e-05, No Iterations 5
smoothSolver:  Solving for Uy, Initial residual = 0.00378317, Final residual = 0.000260373, No Iterations 6
GAMG:  Solving for p, Initial residual = 0.00291663, Final residual = 0.000289177, No Iterations 5
time step continuity errors : sum local = 0.0152941, global = -0.000685737, cumulative = 0.470294
smoothSolver:  Solving for omega, Initial residual = 0.00015451, Final residual = 7.31961e-06, No Iterations 2
smoothSolver:  Solving for k, Initial residual = 0.000877136, Final residual = 8.6007e-05, No Iterations 2
ExecutionTime = 5.77 s  ClockTime = 8 s

Time = 213

smoothSolver:  Solving for Ux, Initial residual = 0.000420132, Final residual = 4.15011e-05, No Iterations 5
smoothSolver:  Solving for Uy, Initial residual = 0.00366461, Final residual = 0.000250203, No Iterations 6
GAMG:  Solving for p, Initial residual = 0.00288684, Final residual = 0.000284506, No Iterations 5
time step continuity errors : sum local = 0.0150089, global = -0.000749886, cumulative = 0.469544
smoothSolver:  Solving for omega, Initial residual = 0.000150669, Final residual = 6.8656e-06, No Iterations 2
smoothSolver:  Solving for k, Initial residual = 0.000855638, Final residual = 8.463e-05, No Iterations 2
ExecutionTime = 5.8 s  ClockTime = 8 s

Time = 214

smoothSolver:  Solving for Ux, Initial residual = 0.000413606, Final residual = 4.11908e-05, No Iterations 5
smoothSolver:  Solving for Uy, Initial residual = 0.00354841, Final residual = 0.000240606, No Iterations 6
GAMG:  Solving for p, Initial residual = 0.00281433, Final residual = 0.000266476, No Iterations 5
time step continuity errors : sum local = 0.0140266, global = -0.000707836, cumulative = 0.468836
smoothSolver:  Solving for omega, Initial residual = 0.000144207, Final residual = 6.77368e-06, No Iterations 2
smoothSolver:  Solving for k, Initial residual = 0.000833551, Final residual = 3.399e-05, No Iterations 3
ExecutionTime = 5.82 s  ClockTime = 8 s

Time = 215

smoothSolver:  Solving for Ux, Initial residual = 0.000409725, Final residual = 2.64826e-05, No Iterations 6
smoothSolver:  Solving for Uy, Initial residual = 0.00342359, Final residual = 0.00023125, No Iterations 6
GAMG:  Solving for p, Initial residual = 0.00279102, Final residual = 0.000250555, No Iterations 5
time step continuity errors : sum local = 0.0131592, global = -0.000717594, cumulative = 0.468118
smoothSolver:  Solving for omega, Initial residual = 0.000141213, Final residual = 6.41701e-06, No Iterations 2
smoothSolver:  Solving for k, Initial residual = 0.000812699, Final residual = 3.47175e-05, No Iterations 3
ExecutionTime = 5.85 s  ClockTime = 8 s

Time = 216

smoothSolver:  Solving for Ux, Initial residual = 0.000405222, Final residual = 2.63555e-05, No Iterations 6
smoothSolver:  Solving for Uy, Initial residual = 0.00333781, Final residual = 0.000225012, No Iterations 6
GAMG:  Solving for p, Initial residual = 0.00271537, Final residual = 0.000236296, No Iterations 5
time step continuity errors : sum local = 0.0123887, global = -0.000665404, cumulative = 0.467453
smoothSolver:  Solving for omega, Initial residual = 0.000134636, Final residual = 6.30982e-06, No Iterations 2
smoothSolver:  Solving for k, Initial residual = 0.000792652, Final residual = 3.41033e-05, No Iterations 3
ExecutionTime = 5.87 s  ClockTime = 8 s

Time = 217

smoothSolver:  Solving for Ux, Initial residual = 0.000402507, Final residual = 2.63644e-05, No Iterations 6
smoothSolver:  Solving for Uy, Initial residual = 0.00324021, Final residual = 0.000218314, No Iterations 6
GAMG:  Solving for p, Initial residual = 0.00270405, Final residual = 0.000231397, No Iterations 5
time step continuity errors : sum local = 0.0121057, global = 0.000476131, cumulative = 0.467929
smoothSolver:  Solving for omega, Initial residual = 0.000132688, Final residual = 5.97611e-06, No Iterations 2
smoothSolver:  Solving for k, Initial residual = 0.000763666, Final residual = 3.18451e-05, No Iterations 3
ExecutionTime = 5.9 s  ClockTime = 8 s

Time = 218

smoothSolver:  Solving for Ux, Initial residual = 0.000400721, Final residual = 2.62223e-05, No Iterations 6
smoothSolver:  Solving for Uy, Initial residual = 0.0031358, Final residual = 0.000211409, No Iterations 6
GAMG:  Solving for p, Initial residual = 0.00259193, Final residual = 0.000212305, No Iterations 5
time step continuity errors : sum local = 0.011098, global = 0.000644282, cumulative = 0.468574
smoothSolver:  Solving for omega, Initial residual = 0.000126208, Final residual = 5.86298e-06, No Iterations 2
smoothSolver:  Solving for k, Initial residual = 0.000741861, Final residual = 3.18003e-05, No Iterations 3
ExecutionTime = 5.93 s  ClockTime = 8 s

Time = 219

smoothSolver:  Solving for Ux, Initial residual = 0.000398774, Final residual = 2.59844e-05, No Iterations 6
smoothSolver:  Solving for Uy, Initial residual = 0.00302764, Final residual = 0.000204536, No Iterations 6
GAMG:  Solving for p, Initial residual = 0.00252801, Final residual = 0.000208428, No Iterations 5
time step continuity errors : sum local = 0.0108866, global = 0.000857153, cumulative = 0.469431
smoothSolver:  Solving for omega, Initial residual = 0.000123717, Final residual = 5.5551e-06, No Iterations 2
smoothSolver:  Solving for k, Initial residual = 0.000719334, Final residual = 3.04492e-05, No Iterations 3
ExecutionTime = 5.95 s  ClockTime = 8 s

Time = 220

smoothSolver:  Solving for Ux, Initial residual = 0.00039441, Final residual = 2.56153e-05, No Iterations 6
smoothSolver:  Solving for Uy, Initial residual = 0.00292463, Final residual = 0.000198246, No Iterations 6
GAMG:  Solving for p, Initial residual = 0.00247312, Final residual = 0.000210654, No Iterations 5
time step continuity errors : sum local = 0.0109955, global = 0.000964072, cumulative = 0.470395
smoothSolver:  Solving for omega, Initial residual = 0.000118683, Final residual = 5.4939e-06, No Iterations 2
smoothSolver:  Solving for k, Initial residual = 0.000699623, Final residual = 3.00642e-05, No Iterations 3
ExecutionTime = 5.97 s  ClockTime = 8 s

Time = 221

smoothSolver:  Solving for Ux, Initial residual = 0.000387694, Final residual = 2.5118e-05, No Iterations 6
smoothSolver:  Solving for Uy, Initial residual = 0.00282853, Final residual = 0.000192682, No Iterations 6
GAMG:  Solving for p, Initial residual = 0.00242132, Final residual = 0.000213752, No Iterations 5
time step continuity errors : sum local = 0.0111508, global = 0.00103976, cumulative = 0.471434
smoothSolver:  Solving for omega, Initial residual = 0.000117589, Final residual = 5.39531e-06, No Iterations 2
smoothSolver:  Solving for k, Initial residual = 0.000675429, Final residual = 2.86674e-05, No Iterations 3
ExecutionTime = 5.99 s  ClockTime = 8 s

Time = 222

smoothSolver:  Solving for Ux, Initial residual = 0.00037931, Final residual = 2.45067e-05, No Iterations 6
smoothSolver:  Solving for Uy, Initial residual = 0.00274027, Final residual = 0.00018803, No Iterations 6
GAMG:  Solving for p, Initial residual = 0.00231779, Final residual = 0.000216131, No Iterations 5
time step continuity errors : sum local = 0.0112756, global = 0.00106031, cumulative = 0.472495
smoothSolver:  Solving for omega, Initial residual = 0.000115958, Final residual = 5.27817e-06, No Iterations 2
smoothSolver:  Solving for k, Initial residual = 0.000656167, Final residual = 2.83289e-05, No Iterations 3
ExecutionTime = 6.03 s  ClockTime = 8 s

Time = 223

smoothSolver:  Solving for Ux, Initial residual = 0.000369888, Final residual = 2.38184e-05, No Iterations 6
smoothSolver:  Solving for Uy, Initial residual = 0.00266262, Final residual = 0.000184036, No Iterations 6
GAMG:  Solving for p, Initial residual = 0.00224299, Final residual = 0.000214784, No Iterations 5
time step continuity errors : sum local = 0.0112069, global = 0.00106808, cumulative = 0.473563
smoothSolver:  Solving for omega, Initial residual = 0.000114365, Final residual = 5.12752e-06, No Iterations 2
smoothSolver:  Solving for k, Initial residual = 0.000639438, Final residual = 2.80217e-05, No Iterations 3
ExecutionTime = 6.05 s  ClockTime = 8 s

Time = 224

smoothSolver:  Solving for Ux, Initial residual = 0.000359425, Final residual = 2.30695e-05, No Iterations 6
smoothSolver:  Solving for Uy, Initial residual = 0.00259307, Final residual = 0.000180684, No Iterations 6
GAMG:  Solving for p, Initial residual = 0.00218777, Final residual = 0.00021709, No Iterations 5
time step continuity errors : sum local = 0.0113301, global = 0.00106976, cumulative = 0.474633
smoothSolver:  Solving for omega, Initial residual = 0.000107462, Final residual = 5.01085e-06, No Iterations 2
smoothSolver:  Solving for k, Initial residual = 0.000623784, Final residual = 2.77993e-05, No Iterations 3
ExecutionTime = 6.08 s  ClockTime = 8 s

Time = 225

smoothSolver:  Solving for Ux, Initial residual = 0.000348597, Final residual = 3.4778e-05, No Iterations 5
smoothSolver:  Solving for Uy, Initial residual = 0.00253263, Final residual = 0.000177906, No Iterations 6
GAMG:  Solving for p, Initial residual = 0.00212741, Final residual = 0.000211903, No Iterations 5
time step continuity errors : sum local = 0.0110623, global = 0.00103, cumulative = 0.475663
smoothSolver:  Solving for omega, Initial residual = 0.000104466, Final residual = 5.0357e-06, No Iterations 2
smoothSolver:  Solving for k, Initial residual = 0.000598087, Final residual = 2.68032e-05, No Iterations 3
ExecutionTime = 6.11 s  ClockTime = 8 s

Time = 226

smoothSolver:  Solving for Ux, Initial residual = 0.000338933, Final residual = 3.37868e-05, No Iterations 5
smoothSolver:  Solving for Uy, Initial residual = 0.00244545, Final residual = 0.000173583, No Iterations 6
GAMG:  Solving for p, Initial residual = 0.00208047, Final residual = 0.000198839, No Iterations 6
time step continuity errors : sum local = 0.0103851, global = -0.00142313, cumulative = 0.474239
smoothSolver:  Solving for omega, Initial residual = 0.000104156, Final residual = 4.94328e-06, No Iterations 2
smoothSolver:  Solving for k, Initial residual = 0.000582911, Final residual = 2.64438e-05, No Iterations 3
ExecutionTime = 6.13 s  ClockTime = 8 s

Time = 227

smoothSolver:  Solving for Ux, Initial residual = 0.000326514, Final residual = 3.25131e-05, No Iterations 5
smoothSolver:  Solving for Uy, Initial residual = 0.00238961, Final residual = 0.000170853, No Iterations 6
GAMG:  Solving for p, Initial residual = 0.0020065, Final residual = 0.000187766, No Iterations 6
time step continuity errors : sum local = 0.00981614, global = -0.00129058, cumulative = 0.472949
smoothSolver:  Solving for omega, Initial residual = 0.00010282, Final residual = 4.97075e-06, No Iterations 2
smoothSolver:  Solving for k, Initial residual = 0.000562573, Final residual = 2.58612e-05, No Iterations 3
ExecutionTime = 6.16 s  ClockTime = 8 s

Time = 228

smoothSolver:  Solving for Ux, Initial residual = 0.000314689, Final residual = 3.13647e-05, No Iterations 5
smoothSolver:  Solving for Uy, Initial residual = 0.00234112, Final residual = 0.000169408, No Iterations 6
GAMG:  Solving for p, Initial residual = 0.00196522, Final residual = 0.000186219, No Iterations 6
time step continuity errors : sum local = 0.00974248, global = -0.00123093, cumulative = 0.471718
smoothSolver:  Solving for omega, Initial residual = 0.000100385, Final residual = 4.87422e-06, No Iterations 2
smoothSolver:  Solving for k, Initial residual = 0.000545938, Final residual = 2.50518e-05, No Iterations 3
ExecutionTime = 6.19 s  ClockTime = 8 s

Time = 229

smoothSolver:  Solving for Ux, Initial residual = 0.000302853, Final residual = 3.01658e-05, No Iterations 5
smoothSolver:  Solving for Uy, Initial residual = 0.0023052, Final residual = 0.00016857, No Iterations 6
GAMG:  Solving for p, Initial residual = 0.00191353, Final residual = 0.000182415, No Iterations 6
time step continuity errors : sum local = 0.0095531, global = -0.00117139, cumulative = 0.470547
smoothSolver:  Solving for omega, Initial residual = 9.83851e-05, Final residual = 4.8514e-06, No Iterations 2
smoothSolver:  Solving for k, Initial residual = 0.000526725, Final residual = 2.43592e-05, No Iterations 3
ExecutionTime = 6.21 s  ClockTime = 8 s

Time = 230

smoothSolver:  Solving for Ux, Initial residual = 0.000290978, Final residual = 2.89704e-05, No Iterations 5
smoothSolver:  Solving for Uy, Initial residual = 0.00227419, Final residual = 0.000167569, No Iterations 6
GAMG:  Solving for p, Initial residual = 0.00188436, Final residual = 0.000178942, No Iterations 6
time step continuity errors : sum local = 0.00938003, global = -0.00109981, cumulative = 0.469447
smoothSolver:  Solving for omega, Initial residual = 9.61325e-05, Final residual = 4.80281e-06, No Iterations 2
smoothSolver:  Solving for k, Initial residual = 0.000513153, Final residual = 2.3836e-05, No Iterations 3
ExecutionTime = 6.24 s  ClockTime = 8 s

Time = 231

smoothSolver:  Solving for Ux, Initial residual = 0.00027946, Final residual = 2.78077e-05, No Iterations 5
smoothSolver:  Solving for Uy, Initial residual = 0.0022493, Final residual = 0.000166229, No Iterations 6
GAMG:  Solving for p, Initial residual = 0.00185207, Final residual = 0.000175172, No Iterations 6
time step continuity errors : sum local = 0.009192, global = -0.00102713, cumulative = 0.46842
smoothSolver:  Solving for omega, Initial residual = 9.41326e-05, Final residual = 4.81452e-06, No Iterations 2
smoothSolver:  Solving for k, Initial residual = 0.000493767, Final residual = 2.28767e-05, No Iterations 3
ExecutionTime = 6.26 s  ClockTime = 8 s

Time = 232

smoothSolver:  Solving for Ux, Initial residual = 0.000268049, Final residual = 2.67089e-05, No Iterations 5
smoothSolver:  Solving for Uy, Initial residual = 0.00222479, Final residual = 0.000164525, No Iterations 6
GAMG:  Solving for p, Initial residual = 0.00182118, Final residual = 0.000169342, No Iterations 6
time step continuity errors : sum local = 0.00889421, global = -0.000945012, cumulative = 0.467475
smoothSolver:  Solving for omega, Initial residual = 9.23592e-05, Final residual = 4.72464e-06, No Iterations 2
smoothSolver:  Solving for k, Initial residual = 0.000478986, Final residual = 2.21049e-05, No Iterations 3
ExecutionTime = 6.28 s  ClockTime = 8 s

Time = 233

smoothSolver:  Solving for Ux, Initial residual = 0.000257316, Final residual = 2.56749e-05, No Iterations 5
smoothSolver:  Solving for Uy, Initial residual = 0.00219984, Final residual = 0.000162416, No Iterations 6
GAMG:  Solving for p, Initial residual = 0.00179144, Final residual = 0.000163362, No Iterations 6
time step continuity errors : sum local = 0.00858823, global = -0.00086702, cumulative = 0.466608
smoothSolver:  Solving for omega, Initial residual = 9.18349e-05, Final residual = 4.83588e-06, No Iterations 2
smoothSolver:  Solving for k, Initial residual = 0.000460245, Final residual = 2.13565e-05, No Iterations 3
ExecutionTime = 6.32 s  ClockTime = 8 s

Time = 234

smoothSolver:  Solving for Ux, Initial residual = 0.000247022, Final residual = 1.58941e-05, No Iterations 6
smoothSolver:  Solving for Uy, Initial residual = 0.00217185, Final residual = 0.00015988, No Iterations 6
GAMG:  Solving for p, Initial residual = 0.00179887, Final residual = 0.000163097, No Iterations 6
time step continuity errors : sum local = 0.0085811, global = -0.000806878, cumulative = 0.465801
smoothSolver:  Solving for omega, Initial residual = 9.22668e-05, Final residual = 4.67242e-06, No Iterations 2
smoothSolver:  Solving for k, Initial residual = 0.00044569, Final residual = 2.03677e-05, No Iterations 3
ExecutionTime = 6.34 s  ClockTime = 8 s

Time = 235

smoothSolver:  Solving for Ux, Initial residual = 0.00023603, Final residual = 1.51956e-05, No Iterations 6
smoothSolver:  Solving for Uy, Initial residual = 0.00217069, Final residual = 0.000158925, No Iterations 6
GAMG:  Solving for p, Initial residual = 0.00175308, Final residual = 0.000153902, No Iterations 6
time step continuity errors : sum local = 0.00810503, global = -0.000720875, cumulative = 0.46508
smoothSolver:  Solving for omega, Initial residual = 8.99446e-05, Final residual = 4.54315e-06, No Iterations 2
smoothSolver:  Solving for k, Initial residual = 0.000427535, Final residual = 1.96033e-05, No Iterations 3
ExecutionTime = 6.36 s  ClockTime = 8 s

Time = 236

smoothSolver:  Solving for Ux, Initial residual = 0.000226119, Final residual = 1.46038e-05, No Iterations 6
smoothSolver:  Solving for Uy, Initial residual = 0.0021457, Final residual = 0.000156553, No Iterations 6
GAMG:  Solving for p, Initial residual = 0.00172135, Final residual = 0.000171169, No Iterations 5
time step continuity errors : sum local = 0.00902164, global = 0.000502927, cumulative = 0.465583
smoothSolver:  Solving for omega, Initial residual = 8.521e-05, Final residual = 4.47719e-06, No Iterations 2
smoothSolver:  Solving for k, Initial residual = 0.000412649, Final residual = 1.86366e-05, No Iterations 3
ExecutionTime = 6.39 s  ClockTime = 8 s

Time = 237

smoothSolver:  Solving for Ux, Initial residual = 0.00021814, Final residual = 1.41469e-05, No Iterations 6
smoothSolver:  Solving for Uy, Initial residual = 0.00210909, Final residual = 0.000152759, No Iterations 6
GAMG:  Solving for p, Initial residual = 0.00171076, Final residual = 0.000155988, No Iterations 6
time step continuity errors : sum local = 0.00822793, global = -0.000636933, cumulative = 0.464946
smoothSolver:  Solving for omega, Initial residual = 8.43358e-05, Final residual = 4.54689e-06, No Iterations 2
smoothSolver:  Solving for k, Initial residual = 0.000395363, Final residual = 1.77732e-05, No Iterations 3
ExecutionTime = 6.41 s  ClockTime = 8 s

Time = 238

smoothSolver:  Solving for Ux, Initial residual = 0.000209329, Final residual = 1.36179e-05, No Iterations 6
smoothSolver:  Solving for Uy, Initial residual = 0.00206562, Final residual = 0.000148532, No Iterations 6
GAMG:  Solving for p, Initial residual = 0.00166144, Final residual = 0.000161076, No Iterations 5
time step continuity errors : sum local = 0.00850367, global = 0.00042668, cumulative = 0.465373
smoothSolver:  Solving for omega, Initial residual = 8.52968e-05, Final residual = 4.39805e-06, No Iterations 2
smoothSolver:  Solving for k, Initial residual = 0.000382937, Final residual = 1.68899e-05, No Iterations 3
ExecutionTime = 6.44 s  ClockTime = 8 s

Time = 239

smoothSolver:  Solving for Ux, Initial residual = 0.000202845, Final residual = 1.32682e-05, No Iterations 6
smoothSolver:  Solving for Uy, Initial residual = 0.00201658, Final residual = 0.000144096, No Iterations 6
GAMG:  Solving for p, Initial residual = 0.00163774, Final residual = 0.000141299, No Iterations 6
time step continuity errors : sum local = 0.00746428, global = -0.000492296, cumulative = 0.46488
smoothSolver:  Solving for omega, Initial residual = 8.50564e-05, Final residual = 4.39154e-06, No Iterations 2
smoothSolver:  Solving for k, Initial residual = 0.000368223, Final residual = 1.60318e-05, No Iterations 3
ExecutionTime = 6.47 s  ClockTime = 8 s

Time = 240

smoothSolver:  Solving for Ux, Initial residual = 0.00019566, Final residual = 1.28575e-05, No Iterations 6
smoothSolver:  Solving for Uy, Initial residual = 0.00196134, Final residual = 0.000139304, No Iterations 6
GAMG:  Solving for p, Initial residual = 0.00158083, Final residual = 0.00015171, No Iterations 5
time step continuity errors : sum local = 0.0080192, global = 0.000381185, cumulative = 0.465261
smoothSolver:  Solving for omega, Initial residual = 8.26295e-05, Final residual = 4.25083e-06, No Iterations 2
smoothSolver:  Solving for k, Initial residual = 0.000355688, Final residual = 1.52861e-05, No Iterations 3
ExecutionTime = 6.51 s  ClockTime = 9 s

Time = 241

smoothSolver:  Solving for Ux, Initial residual = 0.000190072, Final residual = 1.25722e-05, No Iterations 6
smoothSolver:  Solving for Uy, Initial residual = 0.0019043, Final residual = 0.000134538, No Iterations 6
GAMG:  Solving for p, Initial residual = 0.00155095, Final residual = 0.000131144, No Iterations 6
time step continuity errors : sum local = 0.00693616, global = -0.000431869, cumulative = 0.46483
smoothSolver:  Solving for omega, Initial residual = 8.25324e-05, Final residual = 4.11699e-06, No Iterations 2
smoothSolver:  Solving for k, Initial residual = 0.000343154, Final residual = 3.42566e-05, No Iterations 2
ExecutionTime = 6.54 s  ClockTime = 9 s

Time = 242

smoothSolver:  Solving for Ux, Initial residual = 0.000184327, Final residual = 1.2233e-05, No Iterations 6
smoothSolver:  Solving for Uy, Initial residual = 0.00184448, Final residual = 0.000129643, No Iterations 6
GAMG:  Solving for p, Initial residual = 0.00148804, Final residual = 0.000144133, No Iterations 5
time step continuity errors : sum local = 0.00762624, global = 0.000387019, cumulative = 0.465217
smoothSolver:  Solving for omega, Initial residual = 7.97934e-05, Final residual = 4.00995e-06, No Iterations 2
smoothSolver:  Solving for k, Initial residual = 0.000334609, Final residual = 3.32039e-05, No Iterations 2
ExecutionTime = 6.56 s  ClockTime = 9 s

Time = 243

smoothSolver:  Solving for Ux, Initial residual = 0.000179829, Final residual = 1.19977e-05, No Iterations 6
smoothSolver:  Solving for Uy, Initial residual = 0.00178262, Final residual = 0.000124835, No Iterations 6
GAMG:  Solving for p, Initial residual = 0.00145197, Final residual = 0.000122962, No Iterations 6
time step continuity errors : sum local = 0.00650918, global = -0.000435698, cumulative = 0.464781
smoothSolver:  Solving for omega, Initial residual = 7.90993e-05, Final residual = 3.90628e-06, No Iterations 2
smoothSolver:  Solving for k, Initial residual = 0.000325099, Final residual = 3.23868e-05, No Iterations 2
ExecutionTime = 6.6 s  ClockTime = 9 s

Time = 244

smoothSolver:  Solving for Ux, Initial residual = 0.000175465, Final residual = 1.17166e-05, No Iterations 6
smoothSolver:  Solving for Uy, Initial residual = 0.00171779, Final residual = 0.00011991, No Iterations 6
GAMG:  Solving for p, Initial residual = 0.00139522, Final residual = 0.000136563, No Iterations 5
time step continuity errors : sum local = 0.00723096, global = 0.000449464, cumulative = 0.46523
smoothSolver:  Solving for omega, Initial residual = 7.6771e-05, Final residual = 3.81731e-06, No Iterations 2
smoothSolver:  Solving for k, Initial residual = 0.000317125, Final residual = 3.13778e-05, No Iterations 2
ExecutionTime = 6.62 s  ClockTime = 9 s

Time = 245

smoothSolver:  Solving for Ux, Initial residual = 0.00017144, Final residual = 1.151e-05, No Iterations 6
smoothSolver:  Solving for Uy, Initial residual = 0.00165428, Final residual = 0.000115239, No Iterations 6
GAMG:  Solving for p, Initial residual = 0.00135994, Final residual = 0.00013567, No Iterations 5
time step continuity errors : sum local = 0.0071865, global = 0.00052141, cumulative = 0.465752
smoothSolver:  Solving for omega, Initial residual = 7.73458e-05, Final residual = 3.81408e-06, No Iterations 2
smoothSolver:  Solving for k, Initial residual = 0.000307464, Final residual = 3.0494e-05, No Iterations 2
ExecutionTime = 6.66 s  ClockTime = 9 s

Time = 246

smoothSolver:  Solving for Ux, Initial residual = 0.000168042, Final residual = 1.12628e-05, No Iterations 6
smoothSolver:  Solving for Uy, Initial residual = 0.00159079, Final residual = 0.000110545, No Iterations 6
GAMG:  Solving for p, Initial residual = 0.00132415, Final residual = 0.000130168, No Iterations 5
time step continuity errors : sum local = 0.00689497, global = 0.000606555, cumulative = 0.466358
smoothSolver:  Solving for omega, Initial residual = 7.6352e-05, Final residual = 3.65121e-06, No Iterations 2
smoothSolver:  Solving for k, Initial residual = 0.000300011, Final residual = 2.94732e-05, No Iterations 2
ExecutionTime = 6.69 s  ClockTime = 9 s

Time = 247

smoothSolver:  Solving for Ux, Initial residual = 0.000164513, Final residual = 1.10164e-05, No Iterations 6
smoothSolver:  Solving for Uy, Initial residual = 0.00153081, Final residual = 0.000106067, No Iterations 6
GAMG:  Solving for p, Initial residual = 0.00126308, Final residual = 0.000120934, No Iterations 5
time step continuity errors : sum local = 0.0064078, global = 0.000672798, cumulative = 0.467031
smoothSolver:  Solving for omega, Initial residual = 7.65112e-05, Final residual = 3.45307e-06, No Iterations 2
smoothSolver:  Solving for k, Initial residual = 0.000291268, Final residual = 2.86189e-05, No Iterations 2
ExecutionTime = 6.71 s  ClockTime = 9 s

Time = 248

smoothSolver:  Solving for Ux, Initial residual = 0.000160904, Final residual = 1.07437e-05, No Iterations 6
smoothSolver:  Solving for Uy, Initial residual = 0.0014711, Final residual = 0.000101963, No Iterations 6
GAMG:  Solving for p, Initial residual = 0.00121274, Final residual = 0.000113648, No Iterations 5
time step continuity errors : sum local = 0.00602119, global = 0.000687656, cumulative = 0.467719
smoothSolver:  Solving for omega, Initial residual = 7.11265e-05, Final residual = 3.39729e-06, No Iterations 2
smoothSolver:  Solving for k, Initial residual = 0.000284515, Final residual = 2.79761e-05, No Iterations 2
ExecutionTime = 6.75 s  ClockTime = 9 s

Time = 249

smoothSolver:  Solving for Ux, Initial residual = 0.000157501, Final residual = 1.04621e-05, No Iterations 6
smoothSolver:  Solving for Uy, Initial residual = 0.00141597, Final residual = 9.80199e-05, No Iterations 6
GAMG:  Solving for p, Initial residual = 0.00116035, Final residual = 0.000104574, No Iterations 5
time step continuity errors : sum local = 0.00554089, global = 0.00065675, cumulative = 0.468376
smoothSolver:  Solving for omega, Initial residual = 7.09205e-05, Final residual = 3.3779e-06, No Iterations 2
smoothSolver:  Solving for k, Initial residual = 0.000275884, Final residual = 2.71237e-05, No Iterations 2
ExecutionTime = 6.77 s  ClockTime = 9 s

Time = 250

smoothSolver:  Solving for Ux, Initial residual = 0.000153928, Final residual = 1.01578e-05, No Iterations 6
smoothSolver:  Solving for Uy, Initial residual = 0.00136197, Final residual = 9.43206e-05, No Iterations 6
GAMG:  Solving for p, Initial residual = 0.00111597, Final residual = 9.82178e-05, No Iterations 5
time step continuity errors : sum local = 0.00520295, global = 0.00063777, cumulative = 0.469013
smoothSolver:  Solving for omega, Initial residual = 7.05142e-05, Final residual = 3.25677e-06, No Iterations 2
smoothSolver:  Solving for k, Initial residual = 0.000268796, Final residual = 2.63592e-05, No Iterations 2
ExecutionTime = 6.8 s  ClockTime = 9 s

Time = 251

smoothSolver:  Solving for Ux, Initial residual = 0.000150086, Final residual = 9.83834e-06, No Iterations 6
smoothSolver:  Solving for Uy, Initial residual = 0.00131233, Final residual = 9.08027e-05, No Iterations 6
GAMG:  Solving for p, Initial residual = 0.00107178, Final residual = 9.16066e-05, No Iterations 5
time step continuity errors : sum local = 0.00485261, global = 0.000593048, cumulative = 0.469606
smoothSolver:  Solving for omega, Initial residual = 7.12982e-05, Final residual = 3.10222e-06, No Iterations 2
smoothSolver:  Solving for k, Initial residual = 0.000261233, Final residual = 2.5621e-05, No Iterations 2
ExecutionTime = 6.84 s  ClockTime = 9 s

Time = 252

smoothSolver:  Solving for Ux, Initial residual = 0.000145883, Final residual = 9.49905e-06, No Iterations 6
smoothSolver:  Solving for Uy, Initial residual = 0.00126259, Final residual = 8.76192e-05, No Iterations 6
GAMG:  Solving for p, Initial residual = 0.0010352, Final residual = 8.77576e-05, No Iterations 5
time step continuity errors : sum local = 0.00464711, global = 0.000573069, cumulative = 0.470179
smoothSolver:  Solving for omega, Initial residual = 6.74725e-05, Final residual = 3.0205e-06, No Iterations 2
smoothSolver:  Solving for k, Initial residual = 0.000255643, Final residual = 2.47985e-05, No Iterations 2
ExecutionTime = 6.86 s  ClockTime = 9 s

Time = 253

smoothSolver:  Solving for Ux, Initial residual = 0.000141354, Final residual = 9.15342e-06, No Iterations 6
smoothSolver:  Solving for Uy, Initial residual = 0.00121707, Final residual = 8.46682e-05, No Iterations 6
GAMG:  Solving for p, Initial residual = 0.000999881, Final residual = 9.40566e-05, No Iterations 4
time step continuity errors : sum local = 0.00498004, global = -0.000397872, cumulative = 0.469782
smoothSolver:  Solving for omega, Initial residual = 6.85352e-05, Final residual = 2.97263e-06, No Iterations 2
smoothSolver:  Solving for k, Initial residual = 0.000248435, Final residual = 2.41196e-05, No Iterations 2
ExecutionTime = 6.89 s  ClockTime = 9 s

Time = 254

smoothSolver:  Solving for Ux, Initial residual = 0.000137096, Final residual = 8.81684e-06, No Iterations 6
smoothSolver:  Solving for Uy, Initial residual = 0.00117165, Final residual = 8.1907e-05, No Iterations 6
GAMG:  Solving for p, Initial residual = 0.000991599, Final residual = 8.72677e-05, No Iterations 5
time step continuity errors : sum local = 0.00461918, global = 0.00057151, cumulative = 0.470353
smoothSolver:  Solving for omega, Initial residual = 6.68619e-05, Final residual = 2.89342e-06, No Iterations 2
smoothSolver:  Solving for k, Initial residual = 0.000243296, Final residual = 2.34094e-05, No Iterations 2
ExecutionTime = 6.91 s  ClockTime = 9 s

Time = 255

smoothSolver:  Solving for Ux, Initial residual = 0.000131678, Final residual = 1.31672e-05, No Iterations 5
smoothSolver:  Solving for Uy, Initial residual = 0.00113517, Final residual = 7.95479e-05, No Iterations 6
GAMG:  Solving for p, Initial residual = 0.000943998, Final residual = 6.91285e-05, No Iterations 5
time step continuity errors : sum local = 0.00365768, global = -0.000274883, cumulative = 0.470078
smoothSolver:  Solving for omega, Initial residual = 6.73721e-05, Final residual = 2.73646e-06, No Iterations 2
smoothSolver:  Solving for k, Initial residual = 0.000237054, Final residual = 2.278e-05, No Iterations 2
ExecutionTime = 6.93 s  ClockTime = 9 s

Time = 256

smoothSolver:  Solving for Ux, Initial residual = 0.000127833, Final residual = 1.27539e-05, No Iterations 5
smoothSolver:  Solving for Uy, Initial residual = 0.00108303, Final residual = 7.6526e-05, No Iterations 6
GAMG:  Solving for p, Initial residual = 0.000916685, Final residual = 8.64327e-05, No Iterations 4
time step continuity errors : sum local = 0.00457135, global = 0.000294908, cumulative = 0.470373
smoothSolver:  Solving for omega, Initial residual = 6.2719e-05, Final residual = 2.67768e-06, No Iterations 2
smoothSolver:  Solving for k, Initial residual = 0.000232922, Final residual = 2.22532e-05, No Iterations 2
ExecutionTime = 6.96 s  ClockTime = 9 s

Time = 257

smoothSolver:  Solving for Ux, Initial residual = 0.000123204, Final residual = 1.22866e-05, No Iterations 5
smoothSolver:  Solving for Uy, Initial residual = 0.00104368, Final residual = 7.41231e-05, No Iterations 6
GAMG:  Solving for p, Initial residual = 0.000900867, Final residual = 6.99682e-05, No Iterations 5
time step continuity errors : sum local = 0.0036992, global = -0.000275616, cumulative = 0.470097
smoothSolver:  Solving for omega, Initial residual = 6.31216e-05, Final residual = 2.64928e-06, No Iterations 2
smoothSolver:  Solving for k, Initial residual = 0.000226982, Final residual = 2.16885e-05, No Iterations 2
ExecutionTime = 6.99 s  ClockTime = 9 s

Time = 258

smoothSolver:  Solving for Ux, Initial residual = 0.000118859, Final residual = 1.18345e-05, No Iterations 5
smoothSolver:  Solving for Uy, Initial residual = 0.0010111, Final residual = 7.25335e-05, No Iterations 6
GAMG:  Solving for p, Initial residual = 0.000869961, Final residual = 6.65766e-05, No Iterations 5
time step continuity errors : sum local = 0.00351816, global = -0.000247989, cumulative = 0.469849
smoothSolver:  Solving for omega, Initial residual = 6.23253e-05, Final residual = 9.9973e-06, No Iterations 1
smoothSolver:  Solving for k, Initial residual = 0.00022289, Final residual = 2.10455e-05, No Iterations 2
ExecutionTime = 7.01 s  ClockTime = 9 s

Time = 259

smoothSolver:  Solving for Ux, Initial residual = 0.000114199, Final residual = 1.13618e-05, No Iterations 5
smoothSolver:  Solving for Uy, Initial residual = 0.000988165, Final residual = 7.12783e-05, No Iterations 6
GAMG:  Solving for p, Initial residual = 0.00084676, Final residual = 6.81204e-05, No Iterations 5
time step continuity errors : sum local = 0.00359862, global = -0.000240163, cumulative = 0.469609
smoothSolver:  Solving for omega, Initial residual = 6.95498e-05, Final residual = 2.63043e-06, No Iterations 2
smoothSolver:  Solving for k, Initial residual = 0.000217437, Final residual = 2.04763e-05, No Iterations 2
ExecutionTime = 7.03 s  ClockTime = 9 s


SIMPLE solution converged in 259 iterations

streamLine streamlines write:
    seeded 10 particles
    Tracks:10
    Total samples:10893
End

