/*---------------------------------------------------------------------------*\
| =========                 |                                                 |
| \\      /  F ield         | OpenFOAM: The Open Source CFD Toolbox           |
|  \\    /   O peration     | Version:  2512                                  |
|   \\  /    A nd           | Website:  www.openfoam.com                      |
|    \\/     M anipulation  |                                                 |
\*---------------------------------------------------------------------------*/
Build  : _bd2b6720-20260127 OPENFOAM=2512 version=2512
Arch   : "LSB;label=32;scalar=64"
Exec   : simpleFoam
Date   : Oct 04 2026
Time   : 00:37:15
Host   : shark-VMware-Virtual-Platform
PID    : 18367
--> FOAM Warning : 
    From Foam::fileName Foam::cwd_L()
    in file POSIX.C at line 554
    PWD is not the cwd() - reverting to physical description
I/O    : uncollated
--> FOAM Warning : 
    From Foam::fileName Foam::cwd_L()
    in file POSIX.C at line 554
    PWD is not the cwd() - reverting to physical description
Case   : /mnt/hgfs/UbuntuShareFolder/.foamlab-build/town-training-20261004/pitz-sst
nProcs : 1
trapFpe: Floating point exception trapping enabled (FOAM_SIGFPE).
memory pool : not available
fileModificationChecking : Monitoring run-time modified files using timeStampMaster (fileModificationSkew 5, maxFileModificationPolls 20)
allowSystemOperations : Allowing user-supplied system call operations

// * * * * * * * * * * * * * * * * * * * * * * * * * * * * * * * * * * * * * //
Create time

Create mesh for time = 0


SIMPLE: convergence criteria
    field p	 tolerance 0.01
    field U	 tolerance 0.001
    field "(k|epsilon|omega|f|v2)"	 tolerance 0.001

Reading field p

Reading field U

Reading/calculating face flux field phi

Selecting incompressible transport model Newtonian
Selecting turbulence model type RAS
Selecting RAS turbulence model kOmegaSST
Selecting patchDistMethod meshWave
RAS
{
    RASModel        kOmegaSST;
    turbulence      on;
    printCoeffs     on;
    alphaK1         0.85;
    alphaK2         1;
    alphaOmega1     0.5;
    alphaOmega2     0.856;
    gamma1          0.555556;
    gamma2          0.44;
    beta1           0.075;
    beta2           0.0828;
    betaStar        0.09;
    a1              0.31;
    b1              1;
    c1              10;
    F3              false;
    decayControl    false;
    kInf            0;
    omegaInf        0;
}

No MRF models present

No finite volume options present

Starting time loop

streamLine streamlines:
    Employing velocity field U
    automatic track length specified through number of sub cycles : 5

Time = 1

smoothSolver:  Solving for Ux, Initial residual = 1, Final residual = 0.0135115, No Iterations 1
smoothSolver:  Solving for Uy, Initial residual = 1, Final residual = 0.0157213, No Iterations 1
GAMG:  Solving for p, Initial residual = 1, Final residual = 0.0684239, No Iterations 17
time step continuity errors : sum local = 1.19727, global = 0.179868, cumulative = 0.179868
smoothSolver:  Solving for omega, Initial residual = 0.140004, Final residual = 0.0077129, No Iterations 3
bounding omega, min: -3732.05 max: 114770 average: 2039.14
smoothSolver:  Solving for k, Initial residual = 1, Final residual = 0.0422318, No Iterations 3
ExecutionTime = 0.19 s  ClockTime = 1 s

Time = 2

smoothSolver:  Solving for Ux, Initial residual = 0.489636, Final residual = 0.044596, No Iterations 4
smoothSolver:  Solving for Uy, Initial residual = 0.344527, Final residual = 0.0282511, No Iterations 4
GAMG:  Solving for p, Initial residual = 0.0435672, Final residual = 0.00349739, No Iterations 15
time step continuity errors : sum local = 5.74622, global = 0.119463, cumulative = 0.299331
smoothSolver:  Solving for omega, Initial residual = 0.0435435, Final residual = 0.00110494, No Iterations 2
smoothSolver:  Solving for k, Initial residual = 0.317236, Final residual = 0.0155902, No Iterations 2
ExecutionTime = 0.23 s  ClockTime = 1 s

Time = 3

smoothSolver:  Solving for Ux, Initial residual = 0.152561, Final residual = 0.0108433, No Iterations 4
smoothSolver:  Solving for Uy, Initial residual = 0.247786, Final residual = 0.0233098, No Iterations 3
GAMG:  Solving for p, Initial residual = 0.135747, Final residual = 0.0119578, No Iterations 6
time step continuity errors : sum local = 4.92376, global = 0.437626, cumulative = 0.736957
smoothSolver:  Solving for omega, Initial residual = 0.0358762, Final residual = 0.0033847, No Iterations 1
smoothSolver:  Solving for k, Initial residual = 0.156668, Final residual = 0.00738618, No Iterations 2
ExecutionTime = 0.25 s  ClockTime = 1 s

Time = 4

smoothSolver:  Solving for Ux, Initial residual = 0.0906938, Final residual = 0.00686534, No Iterations 4
smoothSolver:  Solving for Uy, Initial residual = 0.154871, Final residual = 0.0150824, No Iterations 3
GAMG:  Solving for p, Initial residual = 0.118123, Final residual = 0.00927356, No Iterations 7
time step continuity errors : sum local = 2.26223, global = 0.112465, cumulative = 0.849422
smoothSolver:  Solving for omega, Initial residual = 0.0308051, Final residual = 0.000848185, No Iterations 2
smoothSolver:  Solving for k, Initial residual = 0.106145, Final residual = 0.00606492, No Iterations 2
ExecutionTime = 0.28 s  ClockTime = 1 s

Time = 5

smoothSolver:  Solving for Ux, Initial residual = 0.072727, Final residual = 0.00617399, No Iterations 4
smoothSolver:  Solving for Uy, Initial residual = 0.136495, Final residual = 0.009293, No Iterations 4
GAMG:  Solving for p, Initial residual = 0.120215, Final residual = 0.0116286, No Iterations 4
time step continuity errors : sum local = 1.64405, global = -0.140494, cumulative = 0.708928
smoothSolver:  Solving for omega, Initial residual = 0.0169116, Final residual = 0.000757345, No Iterations 2
bounding omega, min: -612.096 max: 110514 average: 1817
smoothSolver:  Solving for k, Initial residual = 0.0923033, Final residual = 0.00585134, No Iterations 2
ExecutionTime = 0.3 s  ClockTime = 1 s

Time = 6

smoothSolver:  Solving for Ux, Initial residual = 0.0633291, Final residual = 0.00594847, No Iterations 4
smoothSolver:  Solving for Uy, Initial residual = 0.106704, Final residual = 0.00868955, No Iterations 4
GAMG:  Solving for p, Initial residual = 0.107807, Final residual = 0.00893759, No Iterations 5
time step continuity errors : sum local = 1.09226, global = 0.138335, cumulative = 0.847263
smoothSolver:  Solving for omega, Initial residual = 0.0142431, Final residual = 0.00071187, No Iterations 2
smoothSolver:  Solving for k, Initial residual = 0.0772433, Final residual = 0.0051569, No Iterations 2
ExecutionTime = 0.33 s  ClockTime = 1 s

Time = 7

smoothSolver:  Solving for Ux, Initial residual = 0.0565414, Final residual = 0.00348586, No Iterations 5
smoothSolver:  Solving for Uy, Initial residual = 0.0870376, Final residual = 0.00798001, No Iterations 4
GAMG:  Solving for p, Initial residual = 0.100192, Final residual = 0.00780048, No Iterations 4
time step continuity errors : sum local = 0.920649, global = -0.115383, cumulative = 0.731879
smoothSolver:  Solving for omega, Initial residual = 0.0125707, Final residual = 0.000642264, No Iterations 2
smoothSolver:  Solving for k, Initial residual = 0.0693371, Final residual = 0.0048354, No Iterations 2
ExecutionTime = 0.36 s  ClockTime = 1 s

Time = 8

smoothSolver:  Solving for Ux, Initial residual = 0.0507999, Final residual = 0.00331952, No Iterations 5
smoothSolver:  Solving for Uy, Initial residual = 0.0846104, Final residual = 0.00770825, No Iterations 4
GAMG:  Solving for p, Initial residual = 0.096975, Final residual = 0.00687171, No Iterations 4
time step continuity errors : sum local = 0.826258, global = -0.109221, cumulative = 0.622659
smoothSolver:  Solving for omega, Initial residual = 0.0113599, Final residual = 0.000602185, No Iterations 2
smoothSolver:  Solving for k, Initial residual = 0.0599921, Final residual = 0.00422646, No Iterations 2
ExecutionTime = 0.39 s  ClockTime = 1 s

Time = 9

smoothSolver:  Solving for Ux, Initial residual = 0.0471961, Final residual = 0.0031268, No Iterations 5
smoothSolver:  Solving for Uy, Initial residual = 0.0803115, Final residual = 0.00740782, No Iterations 4
GAMG:  Solving for p, Initial residual = 0.0954293, Final residual = 0.00678104, No Iterations 4
time step continuity errors : sum local = 0.780814, global = -0.110363, cumulative = 0.512295
smoothSolver:  Solving for omega, Initial residual = 0.0107183, Final residual = 0.000529857, No Iterations 2
smoothSolver:  Solving for k, Initial residual = 0.0556831, Final residual = 0.00390058, No Iterations 2
ExecutionTime = 0.43 s  ClockTime = 1 s

Time = 10

smoothSolver:  Solving for Ux, Initial residual = 0.0440606, Final residual = 0.00291894, No Iterations 5
smoothSolver:  Solving for Uy, Initial residual = 0.0762982, Final residual = 0.00710808, No Iterations 4
GAMG:  Solving for p, Initial residual = 0.095169, Final residual = 0.00691, No Iterations 4
time step continuity errors : sum local = 0.779559, global = -0.121708, cumulative = 0.390588
smoothSolver:  Solving for omega, Initial residual = 0.0098971, Final residual = 0.000513545, No Iterations 2
smoothSolver:  Solving for k, Initial residual = 0.0501548, Final residual = 0.00348274, No Iterations 2
ExecutionTime = 0.47 s  ClockTime = 1 s

Time = 11

smoothSolver:  Solving for Ux, Initial residual = 0.0406276, Final residual = 0.00270622, No Iterations 5
smoothSolver:  Solving for Uy, Initial residual = 0.075071, Final residual = 0.00699636, No Iterations 4
GAMG:  Solving for p, Initial residual = 0.093112, Final residual = 0.0077493, No Iterations 4
time step continuity errors : sum local = 0.821834, global = -0.133537, cumulative = 0.25705
smoothSolver:  Solving for omega, Initial residual = 0.00957984, Final residual = 0.000458755, No Iterations 2
smoothSolver:  Solving for k, Initial residual = 0.0463914, Final residual = 0.00316665, No Iterations 2
ExecutionTime = 0.5 s  ClockTime = 1 s

Time = 12

smoothSolver:  Solving for Ux, Initial residual = 0.0376364, Final residual = 0.00250181, No Iterations 5
smoothSolver:  Solving for Uy, Initial residual = 0.0753755, Final residual = 0.00704721, No Iterations 4
GAMG:  Solving for p, Initial residual = 0.0974999, Final residual = 0.00796271, No Iterations 4
time step continuity errors : sum local = 0.797425, global = -0.124277, cumulative = 0.132773
smoothSolver:  Solving for omega, Initial residual = 0.00909297, Final residual = 0.000470169, No Iterations 2
smoothSolver:  Solving for k, Initial residual = 0.0441287, Final residual = 0.00297395, No Iterations 2
ExecutionTime = 0.53 s  ClockTime = 1 s

Time = 13

smoothSolver:  Solving for Ux, Initial residual = 0.0351067, Final residual = 0.00232276, No Iterations 5
smoothSolver:  Solving for Uy, Initial residual = 0.075169, Final residual = 0.00723081, No Iterations 4
GAMG:  Solving for p, Initial residual = 0.0947278, Final residual = 0.00746669, No Iterations 4
time step continuity errors : sum local = 0.717773, global = -0.106211, cumulative = 0.0265615
smoothSolver:  Solving for omega, Initial residual = 0.00896458, Final residual = 0.000441125, No Iterations 2
smoothSolver:  Solving for k, Initial residual = 0.0418888, Final residual = 0.00278089, No Iterations 2
ExecutionTime = 0.55 s  ClockTime = 1 s

Time = 14

smoothSolver:  Solving for Ux, Initial residual = 0.0330594, Final residual = 0.00216275, No Iterations 5
smoothSolver:  Solving for Uy, Initial residual = 0.0750657, Final residual = 0.00746181, No Iterations 4
GAMG:  Solving for p, Initial residual = 0.0933646, Final residual = 0.00679009, No Iterations 4
time step continuity errors : sum local = 0.628513, global = -0.0919065, cumulative = -0.065345
smoothSolver:  Solving for omega, Initial residual = 0.00864872, Final residual = 0.000437418, No Iterations 2
smoothSolver:  Solving for k, Initial residual = 0.0404475, Final residual = 0.00261456, No Iterations 2
ExecutionTime = 0.58 s  ClockTime = 1 s

Time = 15

smoothSolver:  Solving for Ux, Initial residual = 0.0312841, Final residual = 0.00202232, No Iterations 5
smoothSolver:  Solving for Uy, Initial residual = 0.0751117, Final residual = 0.00467599, No Iterations 5
GAMG:  Solving for p, Initial residual = 0.0935487, Final residual = 0.00709649, No Iterations 4
time step continuity errors : sum local = 0.62992, global = -0.0900247, cumulative = -0.15537
smoothSolver:  Solving for omega, Initial residual = 0.00840158, Final residual = 0.000400939, No Iterations 2
smoothSolver:  Solving for k, Initial residual = 0.0386066, Final residual = 0.00234261, No Iterations 2
ExecutionTime = 0.6 s  ClockTime = 1 s

Time = 16

smoothSolver:  Solving for Ux, Initial residual = 0.0297213, Final residual = 0.00190846, No Iterations 5
smoothSolver:  Solving for Uy, Initial residual = 0.0741817, Final residual = 0.00475652, No Iterations 5
GAMG:  Solving for p, Initial residual = 0.0920522, Final residual = 0.00726901, No Iterations 4
time step continuity errors : sum local = 0.63272, global = -0.0898572, cumulative = -0.245227
smoothSolver:  Solving for omega, Initial residual = 0.00798742, Final residual = 0.000368955, No Iterations 2
smoothSolver:  Solving for k, Initial residual = 0.0375815, Final residual = 0.00209941, No Iterations 2
ExecutionTime = 0.63 s  ClockTime = 1 s

Time = 17

smoothSolver:  Solving for Ux, Initial residual = 0.0282635, Final residual = 0.0017969, No Iterations 5
smoothSolver:  Solving for Uy, Initial residual = 0.0732005, Final residual = 0.00483365, No Iterations 5
GAMG:  Solving for p, Initial residual = 0.0913087, Final residual = 0.00730637, No Iterations 4
time step continuity errors : sum local = 0.623023, global = -0.0853409, cumulative = -0.330568
smoothSolver:  Solving for omega, Initial residual = 0.0074916, Final residual = 0.000352571, No Iterations 2
smoothSolver:  Solving for k, Initial residual = 0.0359427, Final residual = 0.00188511, No Iterations 2
ExecutionTime = 0.66 s  ClockTime = 1 s

Time = 18

smoothSolver:  Solving for Ux, Initial residual = 0.0268537, Final residual = 0.00169032, No Iterations 5
smoothSolver:  Solving for Uy, Initial residual = 0.0719279, Final residual = 0.0048762, No Iterations 5
GAMG:  Solving for p, Initial residual = 0.0906848, Final residual = 0.00761198, No Iterations 4
time step continuity errors : sum local = 0.620798, global = -0.0847354, cumulative = -0.415303
smoothSolver:  Solving for omega, Initial residual = 0.00720992, Final residual = 0.00032918, No Iterations 2
smoothSolver:  Solving for k, Initial residual = 0.0349064, Final residual = 0.00170337, No Iterations 2
ExecutionTime = 0.69 s  ClockTime = 1 s

Time = 19

smoothSolver:  Solving for Ux, Initial residual = 0.0254035, Final residual = 0.00159023, No Iterations 5
smoothSolver:  Solving for Uy, Initial residual = 0.0702111, Final residual = 0.00487145, No Iterations 5
GAMG:  Solving for p, Initial residual = 0.0907789, Final residual = 0.00761117, No Iterations 4
time step continuity errors : sum local = 0.601887, global = -0.081895, cumulative = -0.497198
smoothSolver:  Solving for omega, Initial residual = 0.00691175, Final residual = 0.000308218, No Iterations 2
smoothSolver:  Solving for k, Initial residual = 0.033194, Final residual = 0.00143748, No Iterations 2
ExecutionTime = 0.72 s  ClockTime = 1 s

Time = 20

smoothSolver:  Solving for Ux, Initial residual = 0.0239213, Final residual = 0.00149627, No Iterations 5
smoothSolver:  Solving for Uy, Initial residual = 0.0680314, Final residual = 0.00482268, No Iterations 5
GAMG:  Solving for p, Initial residual = 0.0918737, Final residual = 0.00748997, No Iterations 4
time step continuity errors : sum local = 0.567898, global = -0.0773464, cumulative = -0.574544
smoothSolver:  Solving for omega, Initial residual = 0.00665123, Final residual = 0.000281845, No Iterations 2
smoothSolver:  Solving for k, Initial residual = 0.0316294, Final residual = 0.00136561, No Iterations 2
ExecutionTime = 0.75 s  ClockTime = 1 s

Time = 21

smoothSolver:  Solving for Ux, Initial residual = 0.0224907, Final residual = 0.00140649, No Iterations 5
smoothSolver:  Solving for Uy, Initial residual = 0.0652681, Final residual = 0.00472703, No Iterations 5
GAMG:  Solving for p, Initial residual = 0.0920662, Final residual = 0.00724318, No Iterations 4
time step continuity errors : sum local = 0.533727, global = -0.0737995, cumulative = -0.648344
smoothSolver:  Solving for omega, Initial residual = 0.00633296, Final residual = 0.000266135, No Iterations 2
smoothSolver:  Solving for k, Initial residual = 0.030573, Final residual = 0.00126953, No Iterations 2
ExecutionTime = 0.77 s  ClockTime = 1 s

Time = 22

smoothSolver:  Solving for Ux, Initial residual = 0.0211895, Final residual = 0.00132083, No Iterations 5
smoothSolver:  Solving for Uy, Initial residual = 0.0621617, Final residual = 0.00458863, No Iterations 5
GAMG:  Solving for p, Initial residual = 0.0912644, Final residual = 0.00681637, No Iterations 4
time step continuity errors : sum local = 0.49212, global = -0.064446, cumulative = -0.71279
smoothSolver:  Solving for omega, Initial residual = 0.00612338, Final residual = 0.00025279, No Iterations 2
smoothSolver:  Solving for k, Initial residual = 0.0295068, Final residual = 0.00124836, No Iterations 2
ExecutionTime = 0.79 s  ClockTime = 1 s

Time = 23

smoothSolver:  Solving for Ux, Initial residual = 0.0198826, Final residual = 0.00123885, No Iterations 5
smoothSolver:  Solving for Uy, Initial residual = 0.0588738, Final residual = 0.00440906, No Iterations 5
GAMG:  Solving for p, Initial residual = 0.0895369, Final residual = 0.00641629, No Iterations 4
time step continuity errors : sum local = 0.455682, global = -0.0508355, cumulative = -0.763626
smoothSolver:  Solving for omega, Initial residual = 0.00597333, Final residual = 0.000250185, No Iterations 2
smoothSolver:  Solving for k, Initial residual = 0.0283115, Final residual = 0.00118781, No Iterations 2
ExecutionTime = 0.81 s  ClockTime = 1 s

Time = 24

smoothSolver:  Solving for Ux, Initial residual = 0.0185395, Final residual = 0.00116118, No Iterations 5
smoothSolver:  Solving for Uy, Initial residual = 0.0554069, Final residual = 0.0041966, No Iterations 5
GAMG:  Solving for p, Initial residual = 0.087334, Final residual = 0.0061511, No Iterations 4
time step continuity errors : sum local = 0.431082, global = -0.0372409, cumulative = -0.800866
smoothSolver:  Solving for omega, Initial residual = 0.00584372, Final residual = 0.000240253, No Iterations 2
smoothSolver:  Solving for k, Initial residual = 0.0273531, Final residual = 0.00116566, No Iterations 2
ExecutionTime = 0.85 s  ClockTime = 1 s

Time = 25

smoothSolver:  Solving for Ux, Initial residual = 0.0172461, Final residual = 0.00108877, No Iterations 5
smoothSolver:  Solving for Uy, Initial residual = 0.0517816, Final residual = 0.00395483, No Iterations 5
GAMG:  Solving for p, Initial residual = 0.085477, Final residual = 0.00606438, No Iterations 4
time step continuity errors : sum local = 0.419527, global = -0.0325174, cumulative = -0.833384
smoothSolver:  Solving for omega, Initial residual = 0.00572555, Final residual = 0.000231911, No Iterations 2
smoothSolver:  Solving for k, Initial residual = 0.0262307, Final residual = 0.00112455, No Iterations 2
ExecutionTime = 0.87 s  ClockTime = 1 s

Time = 26

smoothSolver:  Solving for Ux, Initial residual = 0.0161102, Final residual = 0.00102244, No Iterations 5
smoothSolver:  Solving for Uy, Initial residual = 0.0481477, Final residual = 0.00369804, No Iterations 5
GAMG:  Solving for p, Initial residual = 0.0832829, Final residual = 0.00596929, No Iterations 4
time step continuity errors : sum local = 0.408359, global = -0.0358942, cumulative = -0.869278
smoothSolver:  Solving for omega, Initial residual = 0.0056509, Final residual = 0.00022639, No Iterations 2
smoothSolver:  Solving for k, Initial residual = 0.0254898, Final residual = 0.00116674, No Iterations 2
ExecutionTime = 0.89 s  ClockTime = 1 s

Time = 27

smoothSolver:  Solving for Ux, Initial residual = 0.0150961, Final residual = 0.000962749, No Iterations 5
smoothSolver:  Solving for Uy, Initial residual = 0.0447102, Final residual = 0.00344192, No Iterations 5
GAMG:  Solving for p, Initial residual = 0.0806908, Final residual = 0.00573634, No Iterations 4
time step continuity errors : sum local = 0.38948, global = -0.0418469, cumulative = -0.911125
smoothSolver:  Solving for omega, Initial residual = 0.005479, Final residual = 0.000219458, No Iterations 2
smoothSolver:  Solving for k, Initial residual = 0.0245211, Final residual = 0.00108633, No Iterations 2
ExecutionTime = 0.92 s  ClockTime = 1 s

Time = 28

smoothSolver:  Solving for Ux, Initial residual = 0.0141632, Final residual = 0.000910782, No Iterations 5
smoothSolver:  Solving for Uy, Initial residual = 0.0416222, Final residual = 0.00320625, No Iterations 5
GAMG:  Solving for p, Initial residual = 0.0774493, Final residual = 0.00526852, No Iterations 4
time step continuity errors : sum local = 0.362147, global = -0.0474474, cumulative = -0.958572
smoothSolver:  Solving for omega, Initial residual = 0.00528305, Final residual = 0.000206665, No Iterations 2
smoothSolver:  Solving for k, Initial residual = 0.0237144, Final residual = 0.00102748, No Iterations 2
ExecutionTime = 0.95 s  ClockTime = 1 s

Time = 29

smoothSolver:  Solving for Ux, Initial residual = 0.0133422, Final residual = 0.00086746, No Iterations 5
smoothSolver:  Solving for Uy, Initial residual = 0.0389812, Final residual = 0.00300499, No Iterations 5
GAMG:  Solving for p, Initial residual = 0.0744036, Final residual = 0.00732473, No Iterations 3
time step continuity errors : sum local = 0.517114, global = 0.0496658, cumulative = -0.908907
smoothSolver:  Solving for omega, Initial residual = 0.00519728, Final residual = 0.000198016, No Iterations 2
smoothSolver:  Solving for k, Initial residual = 0.0228372, Final residual = 0.00102262, No Iterations 2
ExecutionTime = 0.97 s  ClockTime = 1 s

Time = 30

smoothSolver:  Solving for Ux, Initial residual = 0.0127205, Final residual = 0.000839597, No Iterations 5
smoothSolver:  Solving for Uy, Initial residual = 0.0367366, Final residual = 0.00284223, No Iterations 5
GAMG:  Solving for p, Initial residual = 0.0739873, Final residual = 0.00718493, No Iterations 3
time step continuity errors : sum local = 0.514251, global = -0.0217837, cumulative = -0.93069
smoothSolver:  Solving for omega, Initial residual = 0.0051318, Final residual = 0.000193867, No Iterations 2
smoothSolver:  Solving for k, Initial residual = 0.0221124, Final residual = 0.000967209, No Iterations 2
ExecutionTime = 0.99 s  ClockTime = 1 s

Time = 31

smoothSolver:  Solving for Ux, Initial residual = 0.0121972, Final residual = 0.000809339, No Iterations 5
smoothSolver:  Solving for Uy, Initial residual = 0.035297, Final residual = 0.00274239, No Iterations 5
GAMG:  Solving for p, Initial residual = 0.0712647, Final residual = 0.0061443, No Iterations 3
time step continuity errors : sum local = 0.451334, global = 0.0389441, cumulative = -0.891746
smoothSolver:  Solving for omega, Initial residual = 0.00510493, Final residual = 0.000188893, No Iterations 2
smoothSolver:  Solving for k, Initial residual = 0.021154, Final residual = 0.000939707, No Iterations 2
ExecutionTime = 1.03 s  ClockTime = 2 s

Time = 32

smoothSolver:  Solving for Ux, Initial residual = 0.0118479, Final residual = 0.000797874, No Iterations 5
smoothSolver:  Solving for Uy, Initial residual = 0.0345333, Final residual = 0.00269025, No Iterations 5
GAMG:  Solving for p, Initial residual = 0.0705344, Final residual = 0.00646459, No Iterations 3
time step continuity errors : sum local = 0.482729, global = -0.0560184, cumulative = -0.947764
smoothSolver:  Solving for omega, Initial residual = 0.00503635, Final residual = 0.000190675, No Iterations 2
smoothSolver:  Solving for k, Initial residual = 0.0203345, Final residual = 0.000898268, No Iterations 2
ExecutionTime = 1.05 s  ClockTime = 2 s

Time = 33

smoothSolver:  Solving for Ux, Initial residual = 0.0115825, Final residual = 0.000794701, No Iterations 5
smoothSolver:  Solving for Uy, Initial residual = 0.0338606, Final residual = 0.00264468, No Iterations 5
GAMG:  Solving for p, Initial residual = 0.0692298, Final residual = 0.0058136, No Iterations 3
time step continuity errors : sum local = 0.449906, global = 0.0644182, cumulative = -0.883346
smoothSolver:  Solving for omega, Initial residual = 0.00509976, Final residual = 0.000187607, No Iterations 2
smoothSolver:  Solving for k, Initial residual = 0.0195707, Final residual = 0.000841646, No Iterations 2
ExecutionTime = 1.07 s  ClockTime = 2 s

Time = 34

smoothSolver:  Solving for Ux, Initial residual = 0.0114143, Final residual = 0.000800044, No Iterations 5
smoothSolver:  Solving for Uy, Initial residual = 0.0337829, Final residual = 0.00262591, No Iterations 5
GAMG:  Solving for p, Initial residual = 0.0697156, Final residual = 0.0062764, No Iterations 3
time step continuity errors : sum local = 0.492116, global = -0.0822791, cumulative = -0.965625
smoothSolver:  Solving for omega, Initial residual = 0.00501494, Final residual = 0.000189899, No Iterations 2
smoothSolver:  Solving for k, Initial residual = 0.0188023, Final residual = 0.00080711, No Iterations 2
ExecutionTime = 1.1 s  ClockTime = 2 s

Time = 35

smoothSolver:  Solving for Ux, Initial residual = 0.0113482, Final residual = 0.000812677, No Iterations 5
smoothSolver:  Solving for Uy, Initial residual = 0.033747, Final residual = 0.00261701, No Iterations 5
GAMG:  Solving for p, Initial residual = 0.0694926, Final residual = 0.00645118, No Iterations 3
time step continuity errors : sum local = 0.517683, global = 0.0877719, cumulative = -0.877854
smoothSolver:  Solving for omega, Initial residual = 0.00497462, Final residual = 0.000184488, No Iterations 2
smoothSolver:  Solving for k, Initial residual = 0.0181474, Final residual = 0.000806471, No Iterations 2
ExecutionTime = 1.12 s  ClockTime = 2 s

Time = 36

smoothSolver:  Solving for Ux, Initial residual = 0.0112544, Final residual = 0.000817571, No Iterations 5
smoothSolver:  Solving for Uy, Initial residual = 0.0341272, Final residual = 0.00263339, No Iterations 5
GAMG:  Solving for p, Initial residual = 0.0703923, Final residual = 0.00684305, No Iterations 3
time step continuity errors : sum local = 0.555121, global = -0.090637, cumulative = -0.96849
smoothSolver:  Solving for omega, Initial residual = 0.004917, Final residual = 0.000182367, No Iterations 2
smoothSolver:  Solving for k, Initial residual = 0.0175905, Final residual = 0.000784205, No Iterations 2
ExecutionTime = 1.15 s  ClockTime = 2 s

Time = 37

smoothSolver:  Solving for Ux, Initial residual = 0.0112497, Final residual = 0.000827446, No Iterations 5
smoothSolver:  Solving for Uy, Initial residual = 0.0343939, Final residual = 0.00264717, No Iterations 5
GAMG:  Solving for p, Initial residual = 0.0702147, Final residual = 0.00657297, No Iterations 3
time step continuity errors : sum local = 0.549035, global = 0.10004, cumulative = -0.868451
smoothSolver:  Solving for omega, Initial residual = 0.0050626, Final residual = 0.000179429, No Iterations 2
smoothSolver:  Solving for k, Initial residual = 0.0170837, Final residual = 0.000778664, No Iterations 2
ExecutionTime = 1.18 s  ClockTime = 2 s

Time = 38

smoothSolver:  Solving for Ux, Initial residual = 0.0112572, Final residual = 0.000832685, No Iterations 5
smoothSolver:  Solving for Uy, Initial residual = 0.0347457, Final residual = 0.00266397, No Iterations 5
GAMG:  Solving for p, Initial residual = 0.0707206, Final residual = 0.0069855, No Iterations 3
time step continuity errors : sum local = 0.591725, global = -0.0946109, cumulative = -0.963062
smoothSolver:  Solving for omega, Initial residual = 0.00503254, Final residual = 0.0001861, No Iterations 2
smoothSolver:  Solving for k, Initial residual = 0.0165686, Final residual = 0.000766636, No Iterations 2
ExecutionTime = 1.21 s  ClockTime = 2 s

Time = 39

smoothSolver:  Solving for Ux, Initial residual = 0.0113048, Final residual = 0.000842772, No Iterations 5
smoothSolver:  Solving for Uy, Initial residual = 0.0349004, Final residual = 0.00267163, No Iterations 5
GAMG:  Solving for p, Initial residual = 0.0700686, Final residual = 0.00645752, No Iterations 3
time step continuity errors : sum local = 0.566074, global = 0.10522, cumulative = -0.857842
smoothSolver:  Solving for omega, Initial residual = 0.00513559, Final residual = 0.000187355, No Iterations 2
smoothSolver:  Solving for k, Initial residual = 0.0161832, Final residual = 0.000764752, No Iterations 2
ExecutionTime = 1.23 s  ClockTime = 2 s

Time = 40

smoothSolver:  Solving for Ux, Initial residual = 0.0113528, Final residual = 0.000846811, No Iterations 5
smoothSolver:  Solving for Uy, Initial residual = 0.0351935, Final residual = 0.00268536, No Iterations 5
GAMG:  Solving for p, Initial residual = 0.0704448, Final residual = 0.00695767, No Iterations 3
time step continuity errors : sum local = 0.620396, global = -0.0986453, cumulative = -0.956488
smoothSolver:  Solving for omega, Initial residual = 0.00512139, Final residual = 0.000189595, No Iterations 2
smoothSolver:  Solving for k, Initial residual = 0.0157815, Final residual = 0.00076768, No Iterations 2
ExecutionTime = 1.25 s  ClockTime = 2 s

Time = 41

smoothSolver:  Solving for Ux, Initial residual = 0.0113911, Final residual = 0.000851115, No Iterations 5
smoothSolver:  Solving for Uy, Initial residual = 0.0353455, Final residual = 0.00269472, No Iterations 5
GAMG:  Solving for p, Initial residual = 0.0691098, Final residual = 0.00638594, No Iterations 3
time step continuity errors : sum local = 0.591444, global = 0.107127, cumulative = -0.84936
smoothSolver:  Solving for omega, Initial residual = 0.00494239, Final residual = 0.000191558, No Iterations 2
smoothSolver:  Solving for k, Initial residual = 0.0154316, Final residual = 0.000778901, No Iterations 2
ExecutionTime = 1.27 s  ClockTime = 2 s

Time = 42

smoothSolver:  Solving for Ux, Initial residual = 0.0114681, Final residual = 0.000851828, No Iterations 5
smoothSolver:  Solving for Uy, Initial residual = 0.0355344, Final residual = 0.00270758, No Iterations 5
GAMG:  Solving for p, Initial residual = 0.0689131, Final residual = 0.00675865, No Iterations 3
time step continuity errors : sum local = 0.637059, global = -0.0994546, cumulative = -0.948815
smoothSolver:  Solving for omega, Initial residual = 0.00483352, Final residual = 0.000191408, No Iterations 2
smoothSolver:  Solving for k, Initial residual = 0.0151448, Final residual = 0.000787365, No Iterations 2
ExecutionTime = 1.31 s  ClockTime = 2 s

Time = 43

smoothSolver:  Solving for Ux, Initial residual = 0.0114866, Final residual = 0.000849618, No Iterations 5
smoothSolver:  Solving for Uy, Initial residual = 0.0355964, Final residual = 0.00271732, No Iterations 5
GAMG:  Solving for p, Initial residual = 0.0673179, Final residual = 0.00623613, No Iterations 3
time step continuity errors : sum local = 0.611161, global = 0.104169, cumulative = -0.844646
smoothSolver:  Solving for omega, Initial residual = 0.00484657, Final residual = 0.000198994, No Iterations 2
smoothSolver:  Solving for k, Initial residual = 0.014959, Final residual = 0.000819523, No Iterations 2
ExecutionTime = 1.33 s  ClockTime = 2 s

Time = 44

smoothSolver:  Solving for Ux, Initial residual = 0.0115844, Final residual = 0.000850018, No Iterations 5
smoothSolver:  Solving for Uy, Initial residual = 0.0356692, Final residual = 0.00273016, No Iterations 5
GAMG:  Solving for p, Initial residual = 0.0671921, Final residual = 0.00654134, No Iterations 3
time step continuity errors : sum local = 0.652142, global = -0.0980076, cumulative = -0.942654
smoothSolver:  Solving for omega, Initial residual = 0.00484661, Final residual = 0.000208004, No Iterations 2
smoothSolver:  Solving for k, Initial residual = 0.0147717, Final residual = 0.000846565, No Iterations 2
ExecutionTime = 1.35 s  ClockTime = 2 s

Time = 45

smoothSolver:  Solving for Ux, Initial residual = 0.0116097, Final residual = 0.000843892, No Iterations 5
smoothSolver:  Solving for Uy, Initial residual = 0.0357548, Final residual = 0.00274065, No Iterations 5
GAMG:  Solving for p, Initial residual = 0.065467, Final residual = 0.00613653, No Iterations 3
time step continuity errors : sum local = 0.63446, global = 0.103493, cumulative = -0.839161
smoothSolver:  Solving for omega, Initial residual = 0.0049166, Final residual = 0.000213569, No Iterations 2
smoothSolver:  Solving for k, Initial residual = 0.0146924, Final residual = 0.000871412, No Iterations 2
ExecutionTime = 1.38 s  ClockTime = 2 s

Time = 46

smoothSolver:  Solving for Ux, Initial residual = 0.0117269, Final residual = 0.000846038, No Iterations 5
smoothSolver:  Solving for Uy, Initial residual = 0.0358582, Final residual = 0.0027558, No Iterations 5
GAMG:  Solving for p, Initial residual = 0.0652437, Final residual = 0.00639894, No Iterations 3
time step continuity errors : sum local = 0.672836, global = -0.0964706, cumulative = -0.935632
smoothSolver:  Solving for omega, Initial residual = 0.00493088, Final residual = 0.000221469, No Iterations 2
smoothSolver:  Solving for k, Initial residual = 0.0146013, Final residual = 0.000913392, No Iterations 2
ExecutionTime = 1.4 s  ClockTime = 2 s

Time = 47

smoothSolver:  Solving for Ux, Initial residual = 0.0117932, Final residual = 0.000843103, No Iterations 5
smoothSolver:  Solving for Uy, Initial residual = 0.0360468, Final residual = 0.00276867, No Iterations 5
GAMG:  Solving for p, Initial residual = 0.0636568, Final residual = 0.00598867, No Iterations 3
time step continuity errors : sum local = 0.651338, global = 0.102695, cumulative = -0.832936
smoothSolver:  Solving for omega, Initial residual = 0.00500871, Final residual = 0.000227144, No Iterations 2
smoothSolver:  Solving for k, Initial residual = 0.0145127, Final residual = 0.000931965, No Iterations 2
ExecutionTime = 1.43 s  ClockTime = 2 s

Time = 48

smoothSolver:  Solving for Ux, Initial residual = 0.011958, Final residual = 0.000853402, No Iterations 5
smoothSolver:  Solving for Uy, Initial residual = 0.0363153, Final residual = 0.00279043, No Iterations 5
GAMG:  Solving for p, Initial residual = 0.0634376, Final residual = 0.00615617, No Iterations 3
time step continuity errors : sum local = 0.68016, global = -0.096158, cumulative = -0.929094
smoothSolver:  Solving for omega, Initial residual = 0.00500167, Final residual = 0.000224241, No Iterations 2
smoothSolver:  Solving for k, Initial residual = 0.014522, Final residual = 0.000967551, No Iterations 2
ExecutionTime = 1.45 s  ClockTime = 2 s

Time = 49

smoothSolver:  Solving for Ux, Initial residual = 0.0120947, Final residual = 0.000864677, No Iterations 5
smoothSolver:  Solving for Uy, Initial residual = 0.0367057, Final residual = 0.00282218, No Iterations 5
GAMG:  Solving for p, Initial residual = 0.0628658, Final residual = 0.00575705, No Iterations 3
time step continuity errors : sum local = 0.655279, global = 0.101582, cumulative = -0.827512
smoothSolver:  Solving for omega, Initial residual = 0.00499872, Final residual = 0.000232428, No Iterations 2
smoothSolver:  Solving for k, Initial residual = 0.0145263, Final residual = 0.000999049, No Iterations 2
ExecutionTime = 1.47 s  ClockTime = 2 s

Time = 50

smoothSolver:  Solving for Ux, Initial residual = 0.0123279, Final residual = 0.000886685, No Iterations 5
smoothSolver:  Solving for Uy, Initial residual = 0.0372261, Final residual = 0.00287095, No Iterations 5
GAMG:  Solving for p, Initial residual = 0.0634863, Final residual = 0.00582564, No Iterations 3
time step continuity errors : sum local = 0.671028, global = -0.09545, cumulative = -0.922963
smoothSolver:  Solving for omega, Initial residual = 0.00504573, Final residual = 0.000233627, No Iterations 2
smoothSolver:  Solving for k, Initial residual = 0.0146068, Final residual = 0.00101859, No Iterations 2
ExecutionTime = 1.51 s  ClockTime = 2 s

Time = 51

smoothSolver:  Solving for Ux, Initial residual = 0.0125956, Final residual = 0.000910179, No Iterations 5
smoothSolver:  Solving for Uy, Initial residual = 0.0378476, Final residual = 0.00292993, No Iterations 5
GAMG:  Solving for p, Initial residual = 0.0636353, Final residual = 0.00555973, No Iterations 3
time step continuity errors : sum local = 0.656043, global = 0.099593, cumulative = -0.82337
smoothSolver:  Solving for omega, Initial residual = 0.00514772, Final residual = 0.000238232, No Iterations 2
smoothSolver:  Solving for k, Initial residual = 0.0147831, Final residual = 0.00104567, No Iterations 2
ExecutionTime = 1.54 s  ClockTime = 2 s

Time = 52

smoothSolver:  Solving for Ux, Initial residual = 0.0129127, Final residual = 0.000934657, No Iterations 5
smoothSolver:  Solving for Uy, Initial residual = 0.0385943, Final residual = 0.00299885, No Iterations 5
GAMG:  Solving for p, Initial residual = 0.0649289, Final residual = 0.00568545, No Iterations 3
time step continuity errors : sum local = 0.676029, global = -0.0952132, cumulative = -0.918583
smoothSolver:  Solving for omega, Initial residual = 0.00527715, Final residual = 0.000244257, No Iterations 2
smoothSolver:  Solving for k, Initial residual = 0.014999, Final residual = 0.00107005, No Iterations 2
ExecutionTime = 1.56 s  ClockTime = 2 s

Time = 53

smoothSolver:  Solving for Ux, Initial residual = 0.0132362, Final residual = 0.000957355, No Iterations 5
smoothSolver:  Solving for Uy, Initial residual = 0.0393727, Final residual = 0.00307715, No Iterations 5
GAMG:  Solving for p, Initial residual = 0.0657277, Final residual = 0.00555385, No Iterations 3
time step continuity errors : sum local = 0.673002, global = 0.0979222, cumulative = -0.820661
smoothSolver:  Solving for omega, Initial residual = 0.00536388, Final residual = 0.000246095, No Iterations 2
smoothSolver:  Solving for k, Initial residual = 0.0152438, Final residual = 0.00108425, No Iterations 2
ExecutionTime = 1.59 s  ClockTime = 2 s

Time = 54

smoothSolver:  Solving for Ux, Initial residual = 0.0135528, Final residual = 0.000976801, No Iterations 5
smoothSolver:  Solving for Uy, Initial residual = 0.0402542, Final residual = 0.00316445, No Iterations 5
GAMG:  Solving for p, Initial residual = 0.0675822, Final residual = 0.00575005, No Iterations 3
time step continuity errors : sum local = 0.699192, global = -0.0972198, cumulative = -0.91788
smoothSolver:  Solving for omega, Initial residual = 0.0055474, Final residual = 0.000256913, No Iterations 2
smoothSolver:  Solving for k, Initial residual = 0.0155351, Final residual = 0.00111112, No Iterations 2
ExecutionTime = 1.61 s  ClockTime = 2 s

Time = 55

smoothSolver:  Solving for Ux, Initial residual = 0.0138395, Final residual = 0.000994044, No Iterations 5
smoothSolver:  Solving for Uy, Initial residual = 0.0411827, Final residual = 0.00325708, No Iterations 5
GAMG:  Solving for p, Initial residual = 0.0688218, Final residual = 0.00566642, No Iterations 3
time step continuity errors : sum local = 0.699442, global = 0.0989613, cumulative = -0.818919
smoothSolver:  Solving for omega, Initial residual = 0.00570988, Final residual = 0.000261939, No Iterations 2
smoothSolver:  Solving for k, Initial residual = 0.0158628, Final residual = 0.00113552, No Iterations 2
ExecutionTime = 1.63 s  ClockTime = 2 s

Time = 56

smoothSolver:  Solving for Ux, Initial residual = 0.0140756, Final residual = 0.00100692, No Iterations 5
smoothSolver:  Solving for Uy, Initial residual = 0.042178, Final residual = 0.00335281, No Iterations 5
GAMG:  Solving for p, Initial residual = 0.0707314, Final residual = 0.00584348, No Iterations 3
time step continuity errors : sum local = 0.721623, global = -0.0959505, cumulative = -0.91487
smoothSolver:  Solving for omega, Initial residual = 0.00573838, Final residual = 0.000266923, No Iterations 2
smoothSolver:  Solving for k, Initial residual = 0.016226, Final residual = 0.00117608, No Iterations 2
ExecutionTime = 1.66 s  ClockTime = 2 s

Time = 57

smoothSolver:  Solving for Ux, Initial residual = 0.0142925, Final residual = 0.00101785, No Iterations 5
smoothSolver:  Solving for Uy, Initial residual = 0.0431338, Final residual = 0.00344578, No Iterations 5
GAMG:  Solving for p, Initial residual = 0.0720925, Final residual = 0.00573356, No Iterations 3
time step continuity errors : sum local = 0.717802, global = 0.0979004, cumulative = -0.816969
smoothSolver:  Solving for omega, Initial residual = 0.00594464, Final residual = 0.000271069, No Iterations 2
smoothSolver:  Solving for k, Initial residual = 0.0165598, Final residual = 0.00119334, No Iterations 2
ExecutionTime = 1.69 s  ClockTime = 2 s

Time = 58

smoothSolver:  Solving for Ux, Initial residual = 0.0144459, Final residual = 0.00102519, No Iterations 5
smoothSolver:  Solving for Uy, Initial residual = 0.0440832, Final residual = 0.00353441, No Iterations 5
GAMG:  Solving for p, Initial residual = 0.0743019, Final residual = 0.00598366, No Iterations 3
time step continuity errors : sum local = 0.749242, global = -0.0949269, cumulative = -0.911896
smoothSolver:  Solving for omega, Initial residual = 0.00604456, Final residual = 0.00027853, No Iterations 2
smoothSolver:  Solving for k, Initial residual = 0.016949, Final residual = 0.00123203, No Iterations 2
ExecutionTime = 1.71 s  ClockTime = 2 s

Time = 59

smoothSolver:  Solving for Ux, Initial residual = 0.0145941, Final residual = 0.00102971, No Iterations 5
smoothSolver:  Solving for Uy, Initial residual = 0.0449321, Final residual = 0.00361632, No Iterations 5
GAMG:  Solving for p, Initial residual = 0.0757979, Final residual = 0.00601994, No Iterations 3
time step continuity errors : sum local = 0.762861, global = 0.102725, cumulative = -0.809171
smoothSolver:  Solving for omega, Initial residual = 0.00627942, Final residual = 0.000275491, No Iterations 2
smoothSolver:  Solving for k, Initial residual = 0.0173515, Final residual = 0.00127889, No Iterations 2
ExecutionTime = 1.74 s  ClockTime = 2 s

Time = 60

smoothSolver:  Solving for Ux, Initial residual = 0.0146907, Final residual = 0.0010315, No Iterations 5
smoothSolver:  Solving for Uy, Initial residual = 0.045701, Final residual = 0.00368832, No Iterations 5
GAMG:  Solving for p, Initial residual = 0.0781619, Final residual = 0.00654661, No Iterations 3
time step continuity errors : sum local = 0.828171, global = -0.0996754, cumulative = -0.908847
smoothSolver:  Solving for omega, Initial residual = 0.00631792, Final residual = 0.000285903, No Iterations 2
smoothSolver:  Solving for k, Initial residual = 0.0177647, Final residual = 0.00131724, No Iterations 2
ExecutionTime = 1.76 s  ClockTime = 2 s

Time = 61

smoothSolver:  Solving for Ux, Initial residual = 0.0147571, Final residual = 0.00103076, No Iterations 5
smoothSolver:  Solving for Uy, Initial residual = 0.046317, Final residual = 0.00374892, No Iterations 5
GAMG:  Solving for p, Initial residual = 0.0794967, Final residual = 0.00662841, No Iterations 3
time step continuity errors : sum local = 0.848169, global = 0.112956, cumulative = -0.79589
smoothSolver:  Solving for omega, Initial residual = 0.00634994, Final residual = 0.00028528, No Iterations 2
smoothSolver:  Solving for k, Initial residual = 0.0180993, Final residual = 0.00136096, No Iterations 2
ExecutionTime = 1.78 s  ClockTime = 2 s

Time = 62

smoothSolver:  Solving for Ux, Initial residual = 0.0147974, Final residual = 0.00102834, No Iterations 5
smoothSolver:  Solving for Uy, Initial residual = 0.0468755, Final residual = 0.00380051, No Iterations 5
GAMG:  Solving for p, Initial residual = 0.0813904, Final residual = 0.0070994, No Iterations 3
time step continuity errors : sum local = 0.908619, global = -0.0981058, cumulative = -0.893996
smoothSolver:  Solving for omega, Initial residual = 0.00636349, Final residual = 0.000281908, No Iterations 2
smoothSolver:  Solving for k, Initial residual = 0.0183393, Final residual = 0.00139342, No Iterations 2
ExecutionTime = 1.81 s  ClockTime = 2 s

Time = 63

smoothSolver:  Solving for Ux, Initial residual = 0.0148372, Final residual = 0.00102584, No Iterations 5
smoothSolver:  Solving for Uy, Initial residual = 0.0473358, Final residual = 0.00384024, No Iterations 5
GAMG:  Solving for p, Initial residual = 0.0828065, Final residual = 0.00728375, No Iterations 3
time step continuity errors : sum local = 0.940991, global = 0.128998, cumulative = -0.764998
smoothSolver:  Solving for omega, Initial residual = 0.00640653, Final residual = 0.000275161, No Iterations 2
smoothSolver:  Solving for k, Initial residual = 0.0185943, Final residual = 0.00142975, No Iterations 2
ExecutionTime = 1.84 s  ClockTime = 2 s

Time = 64

smoothSolver:  Solving for Ux, Initial residual = 0.0148674, Final residual = 0.00102554, No Iterations 5
smoothSolver:  Solving for Uy, Initial residual = 0.0477684, Final residual = 0.00387276, No Iterations 5
GAMG:  Solving for p, Initial residual = 0.0850362, Final residual = 0.00789612, No Iterations 3
time step continuity errors : sum local = 1.0324, global = -0.117185, cumulative = -0.882183
smoothSolver:  Solving for omega, Initial residual = 0.00648594, Final residual = 0.000276949, No Iterations 2
smoothSolver:  Solving for k, Initial residual = 0.0187887, Final residual = 0.00144705, No Iterations 2
ExecutionTime = 1.87 s  ClockTime = 3 s

Time = 65

smoothSolver:  Solving for Ux, Initial residual = 0.0149094, Final residual = 0.00102327, No Iterations 5
smoothSolver:  Solving for Uy, Initial residual = 0.0480921, Final residual = 0.00388666, No Iterations 5
GAMG:  Solving for p, Initial residual = 0.0867806, Final residual = 0.00778574, No Iterations 3
time step continuity errors : sum local = 1.04255, global = 0.13204, cumulative = -0.750143
smoothSolver:  Solving for omega, Initial residual = 0.0065641, Final residual = 0.000272709, No Iterations 2
smoothSolver:  Solving for k, Initial residual = 0.0188339, Final residual = 0.00145076, No Iterations 2
ExecutionTime = 1.89 s  ClockTime = 3 s

Time = 66

smoothSolver:  Solving for Ux, Initial residual = 0.0149311, Final residual = 0.00102137, No Iterations 5
smoothSolver:  Solving for Uy, Initial residual = 0.0483342, Final residual = 0.00389207, No Iterations 5
GAMG:  Solving for p, Initial residual = 0.0882386, Final residual = 0.00806455, No Iterations 3
time step continuity errors : sum local = 1.08977, global = -0.131446, cumulative = -0.881589
smoothSolver:  Solving for omega, Initial residual = 0.00669826, Final residual = 0.000273297, No Iterations 2
smoothSolver:  Solving for k, Initial residual = 0.0190731, Final residual = 0.00145905, No Iterations 2
ExecutionTime = 1.91 s  ClockTime = 3 s

Time = 67

smoothSolver:  Solving for Ux, Initial residual = 0.0149921, Final residual = 0.0010244, No Iterations 5
smoothSolver:  Solving for Uy, Initial residual = 0.0483791, Final residual = 0.00388068, No Iterations 5
GAMG:  Solving for p, Initial residual = 0.0888638, Final residual = 0.00823613, No Iterations 3
time step continuity errors : sum local = 1.12726, global = 0.142817, cumulative = -0.738773
smoothSolver:  Solving for omega, Initial residual = 0.00670171, Final residual = 0.000278736, No Iterations 2
smoothSolver:  Solving for k, Initial residual = 0.0191306, Final residual = 0.00145604, No Iterations 2
ExecutionTime = 1.95 s  ClockTime = 3 s

Time = 68

smoothSolver:  Solving for Ux, Initial residual = 0.0150322, Final residual = 0.00102794, No Iterations 5
smoothSolver:  Solving for Uy, Initial residual = 0.0483013, Final residual = 0.00385794, No Iterations 5
GAMG:  Solving for p, Initial residual = 0.0889638, Final residual = 0.00853034, No Iterations 3
time step continuity errors : sum local = 1.16339, global = -0.13262, cumulative = -0.871393
smoothSolver:  Solving for omega, Initial residual = 0.00674806, Final residual = 0.000282901, No Iterations 2
smoothSolver:  Solving for k, Initial residual = 0.0192319, Final residual = 0.00144789, No Iterations 2
ExecutionTime = 1.97 s  ClockTime = 3 s

Time = 69

smoothSolver:  Solving for Ux, Initial residual = 0.0150826, Final residual = 0.00103266, No Iterations 5
smoothSolver:  Solving for Uy, Initial residual = 0.0480751, Final residual = 0.00382098, No Iterations 5
GAMG:  Solving for p, Initial residual = 0.0859749, Final residual = 0.00846636, No Iterations 3
time step continuity errors : sum local = 1.16464, global = 0.14047, cumulative = -0.730923
smoothSolver:  Solving for omega, Initial residual = 0.00669226, Final residual = 0.000275371, No Iterations 2
smoothSolver:  Solving for k, Initial residual = 0.0192675, Final residual = 0.00144189, No Iterations 2
ExecutionTime = 1.99 s  ClockTime = 3 s

Time = 70

smoothSolver:  Solving for Ux, Initial residual = 0.0150853, Final residual = 0.00103511, No Iterations 5
smoothSolver:  Solving for Uy, Initial residual = 0.0478616, Final residual = 0.00377451, No Iterations 5
GAMG:  Solving for p, Initial residual = 0.0838466, Final residual = 0.0050801, No Iterations 4
time step continuity errors : sum local = 0.698288, global = 0.0592482, cumulative = -0.671674
smoothSolver:  Solving for omega, Initial residual = 0.00656391, Final residual = 0.000271548, No Iterations 2
smoothSolver:  Solving for k, Initial residual = 0.0192009, Final residual = 0.0014207, No Iterations 2
ExecutionTime = 2.02 s  ClockTime = 3 s

Time = 71

smoothSolver:  Solving for Ux, Initial residual = 0.015021, Final residual = 0.00103045, No Iterations 5
smoothSolver:  Solving for Uy, Initial residual = 0.0478474, Final residual = 0.0037399, No Iterations 5
GAMG:  Solving for p, Initial residual = 0.0805821, Final residual = 0.00799365, No Iterations 3
time step continuity errors : sum local = 1.10897, global = -0.111855, cumulative = -0.783529
smoothSolver:  Solving for omega, Initial residual = 0.0065061, Final residual = 0.000267501, No Iterations 2
smoothSolver:  Solving for k, Initial residual = 0.0189615, Final residual = 0.001379, No Iterations 2
ExecutionTime = 2.04 s  ClockTime = 3 s

Time = 72

smoothSolver:  Solving for Ux, Initial residual = 0.0150609, Final residual = 0.00103346, No Iterations 5
smoothSolver:  Solving for Uy, Initial residual = 0.0479543, Final residual = 0.00371901, No Iterations 5
GAMG:  Solving for p, Initial residual = 0.0791338, Final residual = 0.00475179, No Iterations 4
time step continuity errors : sum local = 0.666075, global = -0.0575622, cumulative = -0.841091
smoothSolver:  Solving for omega, Initial residual = 0.00647439, Final residual = 0.00026283, No Iterations 2
smoothSolver:  Solving for k, Initial residual = 0.0188916, Final residual = 0.00136518, No Iterations 2
ExecutionTime = 2.07 s  ClockTime = 3 s

Time = 73

smoothSolver:  Solving for Ux, Initial residual = 0.0149767, Final residual = 0.0010236, No Iterations 5
smoothSolver:  Solving for Uy, Initial residual = 0.0485077, Final residual = 0.00374182, No Iterations 5
GAMG:  Solving for p, Initial residual = 0.0768127, Final residual = 0.00456899, No Iterations 4
time step continuity errors : sum local = 0.642919, global = -0.0575841, cumulative = -0.898675
smoothSolver:  Solving for omega, Initial residual = 0.00647297, Final residual = 0.000266496, No Iterations 2
smoothSolver:  Solving for k, Initial residual = 0.0187245, Final residual = 0.00131817, No Iterations 2
ExecutionTime = 2.09 s  ClockTime = 3 s

Time = 74

smoothSolver:  Solving for Ux, Initial residual = 0.0149401, Final residual = 0.00102442, No Iterations 5
smoothSolver:  Solving for Uy, Initial residual = 0.0493333, Final residual = 0.00379423, No Iterations 5
GAMG:  Solving for p, Initial residual = 0.0754695, Final residual = 0.00488184, No Iterations 4
time step continuity errors : sum local = 0.688702, global = -0.0617506, cumulative = -0.960426
smoothSolver:  Solving for omega, Initial residual = 0.00643316, Final residual = 0.000269159, No Iterations 2
smoothSolver:  Solving for k, Initial residual = 0.0185829, Final residual = 0.00131278, No Iterations 2
ExecutionTime = 2.12 s  ClockTime = 3 s

Time = 75

smoothSolver:  Solving for Ux, Initial residual = 0.0149861, Final residual = 0.0010303, No Iterations 5
smoothSolver:  Solving for Uy, Initial residual = 0.0505883, Final residual = 0.00388368, No Iterations 5
GAMG:  Solving for p, Initial residual = 0.0749711, Final residual = 0.0052814, No Iterations 4
time step continuity errors : sum local = 0.745781, global = -0.0667915, cumulative = -1.02722
smoothSolver:  Solving for omega, Initial residual = 0.00650432, Final residual = 0.000272576, No Iterations 2
smoothSolver:  Solving for k, Initial residual = 0.018489, Final residual = 0.00131754, No Iterations 2
ExecutionTime = 2.15 s  ClockTime = 3 s

Time = 76

smoothSolver:  Solving for Ux, Initial residual = 0.0151167, Final residual = 0.00104735, No Iterations 5
smoothSolver:  Solving for Uy, Initial residual = 0.0522677, Final residual = 0.00400991, No Iterations 5
GAMG:  Solving for p, Initial residual = 0.0744631, Final residual = 0.00565985, No Iterations 4
time step continuity errors : sum local = 0.799285, global = -0.0740022, cumulative = -1.10122
smoothSolver:  Solving for omega, Initial residual = 0.00643638, Final residual = 0.000271088, No Iterations 2
smoothSolver:  Solving for k, Initial residual = 0.0185265, Final residual = 0.00134229, No Iterations 2
ExecutionTime = 2.17 s  ClockTime = 3 s

Time = 77

smoothSolver:  Solving for Ux, Initial residual = 0.0153344, Final residual = 0.00107345, No Iterations 5
smoothSolver:  Solving for Uy, Initial residual = 0.0542426, Final residual = 0.004167, No Iterations 5
GAMG:  Solving for p, Initial residual = 0.074412, Final residual = 0.00602745, No Iterations 4
time step continuity errors : sum local = 0.847954, global = -0.0805429, cumulative = -1.18176
smoothSolver:  Solving for omega, Initial residual = 0.00641574, Final residual = 0.000271388, No Iterations 2
smoothSolver:  Solving for k, Initial residual = 0.0184798, Final residual = 0.00137676, No Iterations 2
ExecutionTime = 2.19 s  ClockTime = 3 s

Time = 78

smoothSolver:  Solving for Ux, Initial residual = 0.0156047, Final residual = 0.00110369, No Iterations 5
smoothSolver:  Solving for Uy, Initial residual = 0.0564102, Final residual = 0.00434676, No Iterations 5
GAMG:  Solving for p, Initial residual = 0.0749985, Final residual = 0.0064215, No Iterations 4
time step continuity errors : sum local = 0.897217, global = -0.0879849, cumulative = -1.26975
smoothSolver:  Solving for omega, Initial residual = 0.00635501, Final residual = 0.000277266, No Iterations 2
smoothSolver:  Solving for k, Initial residual = 0.0185439, Final residual = 0.00142946, No Iterations 2
ExecutionTime = 2.22 s  ClockTime = 3 s

Time = 79

smoothSolver:  Solving for Ux, Initial residual = 0.0158772, Final residual = 0.00113216, No Iterations 5
smoothSolver:  Solving for Uy, Initial residual = 0.0585618, Final residual = 0.00453074, No Iterations 5
GAMG:  Solving for p, Initial residual = 0.0768438, Final residual = 0.00674171, No Iterations 4
time step continuity errors : sum local = 0.93296, global = -0.0878952, cumulative = -1.35764
smoothSolver:  Solving for omega, Initial residual = 0.00640406, Final residual = 0.000279397, No Iterations 2
smoothSolver:  Solving for k, Initial residual = 0.0185603, Final residual = 0.00151198, No Iterations 2
ExecutionTime = 2.24 s  ClockTime = 3 s

Time = 80

smoothSolver:  Solving for Ux, Initial residual = 0.0161179, Final residual = 0.0011564, No Iterations 5
smoothSolver:  Solving for Uy, Initial residual = 0.0604913, Final residual = 0.00470167, No Iterations 5
GAMG:  Solving for p, Initial residual = 0.0790853, Final residual = 0.00706249, No Iterations 4
time step continuity errors : sum local = 0.966646, global = -0.0907516, cumulative = -1.44839
smoothSolver:  Solving for omega, Initial residual = 0.00640821, Final residual = 0.000286358, No Iterations 2
smoothSolver:  Solving for k, Initial residual = 0.0185353, Final residual = 0.00157239, No Iterations 2
ExecutionTime = 2.26 s  ClockTime = 3 s

Time = 81

smoothSolver:  Solving for Ux, Initial residual = 0.0163117, Final residual = 0.00117558, No Iterations 5
smoothSolver:  Solving for Uy, Initial residual = 0.0618064, Final residual = 0.00482537, No Iterations 5
GAMG:  Solving for p, Initial residual = 0.0806077, Final residual = 0.00719911, No Iterations 4
time step continuity errors : sum local = 0.976249, global = -0.0852948, cumulative = -1.53369
smoothSolver:  Solving for omega, Initial residual = 0.0064833, Final residual = 0.000301906, No Iterations 2
smoothSolver:  Solving for k, Initial residual = 0.0185194, Final residual = 0.00169424, No Iterations 2
ExecutionTime = 2.28 s  ClockTime = 3 s

Time = 82

smoothSolver:  Solving for Ux, Initial residual = 0.0164602, Final residual = 0.00119103, No Iterations 5
smoothSolver:  Solving for Uy, Initial residual = 0.062214, Final residual = 0.00486981, No Iterations 5
GAMG:  Solving for p, Initial residual = 0.0813722, Final residual = 0.00723993, No Iterations 4
time step continuity errors : sum local = 0.975082, global = -0.0775083, cumulative = -1.6112
smoothSolver:  Solving for omega, Initial residual = 0.00651515, Final residual = 0.000300318, No Iterations 2
smoothSolver:  Solving for k, Initial residual = 0.0184863, Final residual = 0.00174258, No Iterations 2
ExecutionTime = 2.32 s  ClockTime = 3 s

Time = 83

smoothSolver:  Solving for Ux, Initial residual = 0.0165903, Final residual = 0.00120544, No Iterations 5
smoothSolver:  Solving for Uy, Initial residual = 0.0618171, Final residual = 0.00484876, No Iterations 5
GAMG:  Solving for p, Initial residual = 0.0810204, Final residual = 0.00718199, No Iterations 4
time step continuity errors : sum local = 0.968349, global = -0.0721176, cumulative = -1.68331
smoothSolver:  Solving for omega, Initial residual = 0.00635716, Final residual = 0.000314784, No Iterations 2
smoothSolver:  Solving for k, Initial residual = 0.0183253, Final residual = 0.00179676, No Iterations 2
ExecutionTime = 2.34 s  ClockTime = 3 s

Time = 84

smoothSolver:  Solving for Ux, Initial residual = 0.0166926, Final residual = 0.00122201, No Iterations 5
smoothSolver:  Solving for Uy, Initial residual = 0.0611927, Final residual = 0.0047989, No Iterations 5
GAMG:  Solving for p, Initial residual = 0.0799367, Final residual = 0.00733951, No Iterations 4
time step continuity errors : sum local = 0.993165, global = -0.0689694, cumulative = -1.75228
smoothSolver:  Solving for omega, Initial residual = 0.00628949, Final residual = 0.000310347, No Iterations 2
smoothSolver:  Solving for k, Initial residual = 0.0181594, Final residual = 0.000858373, No Iterations 3
ExecutionTime = 2.36 s  ClockTime = 3 s

Time = 85

smoothSolver:  Solving for Ux, Initial residual = 0.0167758, Final residual = 0.00124326, No Iterations 5
smoothSolver:  Solving for Uy, Initial residual = 0.0606385, Final residual = 0.00474791, No Iterations 5
GAMG:  Solving for p, Initial residual = 0.0789076, Final residual = 0.00750949, No Iterations 4
time step continuity errors : sum local = 1.02581, global = -0.0689719, cumulative = -1.82126
smoothSolver:  Solving for omega, Initial residual = 0.00623291, Final residual = 0.000322596, No Iterations 2
smoothSolver:  Solving for k, Initial residual = 0.0178898, Final residual = 0.00178379, No Iterations 2
ExecutionTime = 2.39 s  ClockTime = 3 s

Time = 86

smoothSolver:  Solving for Ux, Initial residual = 0.0168709, Final residual = 0.00126614, No Iterations 5
smoothSolver:  Solving for Uy, Initial residual = 0.0604169, Final residual = 0.00472665, No Iterations 5
GAMG:  Solving for p, Initial residual = 0.0779099, Final residual = 0.00541026, No Iterations 5
time step continuity errors : sum local = 0.747676, global = 0.0468861, cumulative = -1.77437
smoothSolver:  Solving for omega, Initial residual = 0.00625046, Final residual = 0.000327342, No Iterations 2
smoothSolver:  Solving for k, Initial residual = 0.0175043, Final residual = 0.00172276, No Iterations 2
ExecutionTime = 2.41 s  ClockTime = 3 s

Time = 87

smoothSolver:  Solving for Ux, Initial residual = 0.0169779, Final residual = 0.0012863, No Iterations 5
smoothSolver:  Solving for Uy, Initial residual = 0.0605303, Final residual = 0.00473344, No Iterations 5
GAMG:  Solving for p, Initial residual = 0.0760402, Final residual = 0.00687875, No Iterations 4
time step continuity errors : sum local = 0.961187, global = -0.048236, cumulative = -1.82261
smoothSolver:  Solving for omega, Initial residual = 0.00629045, Final residual = 0.000327122, No Iterations 2
smoothSolver:  Solving for k, Initial residual = 0.0172547, Final residual = 0.00166062, No Iterations 2
ExecutionTime = 2.43 s  ClockTime = 3 s

Time = 88

smoothSolver:  Solving for Ux, Initial residual = 0.0170973, Final residual = 0.00131275, No Iterations 5
smoothSolver:  Solving for Uy, Initial residual = 0.0604768, Final residual = 0.00474908, No Iterations 5
GAMG:  Solving for p, Initial residual = 0.0759019, Final residual = 0.00555686, No Iterations 5
time step continuity errors : sum local = 0.78548, global = 0.0481593, cumulative = -1.77445
smoothSolver:  Solving for omega, Initial residual = 0.00628398, Final residual = 0.000347604, No Iterations 2
smoothSolver:  Solving for k, Initial residual = 0.0169996, Final residual = 0.001608, No Iterations 2
ExecutionTime = 2.46 s  ClockTime = 3 s

Time = 89

smoothSolver:  Solving for Ux, Initial residual = 0.0172818, Final residual = 0.00134009, No Iterations 5
smoothSolver:  Solving for Uy, Initial residual = 0.0604395, Final residual = 0.00477087, No Iterations 5
GAMG:  Solving for p, Initial residual = 0.0758894, Final residual = 0.00703485, No Iterations 4
time step continuity errors : sum local = 1.00281, global = -0.0102357, cumulative = -1.78468
smoothSolver:  Solving for omega, Initial residual = 0.00632371, Final residual = 0.000338408, No Iterations 2
smoothSolver:  Solving for k, Initial residual = 0.0167013, Final residual = 0.00156011, No Iterations 2
ExecutionTime = 2.48 s  ClockTime = 3 s

Time = 90

smoothSolver:  Solving for Ux, Initial residual = 0.0175123, Final residual = 0.00137012, No Iterations 5
smoothSolver:  Solving for Uy, Initial residual = 0.060485, Final residual = 0.00481448, No Iterations 5
GAMG:  Solving for p, Initial residual = 0.0766986, Final residual = 0.00560436, No Iterations 5
time step continuity errors : sum local = 0.802432, global = 0.0480418, cumulative = -1.73664
smoothSolver:  Solving for omega, Initial residual = 0.00629909, Final residual = 0.000340205, No Iterations 2
smoothSolver:  Solving for k, Initial residual = 0.0166073, Final residual = 0.00153498, No Iterations 2
ExecutionTime = 2.51 s  ClockTime = 3 s

Time = 91

smoothSolver:  Solving for Ux, Initial residual = 0.0177897, Final residual = 0.0014015, No Iterations 5
smoothSolver:  Solving for Uy, Initial residual = 0.0607156, Final residual = 0.00487542, No Iterations 5
GAMG:  Solving for p, Initial residual = 0.077593, Final residual = 0.00748238, No Iterations 4
time step continuity errors : sum local = 1.06579, global = 0.0187343, cumulative = -1.71791
smoothSolver:  Solving for omega, Initial residual = 0.00624613, Final residual = 0.000350248, No Iterations 2
smoothSolver:  Solving for k, Initial residual = 0.0165762, Final residual = 0.00151262, No Iterations 2
ExecutionTime = 2.54 s  ClockTime = 3 s

Time = 92

smoothSolver:  Solving for Ux, Initial residual = 0.0181089, Final residual = 0.00143789, No Iterations 5
smoothSolver:  Solving for Uy, Initial residual = 0.0610672, Final residual = 0.00496504, No Iterations 5
GAMG:  Solving for p, Initial residual = 0.0799871, Final residual = 0.007939, No Iterations 4
time step continuity errors : sum local = 1.12452, global = -0.04437, cumulative = -1.76228
smoothSolver:  Solving for omega, Initial residual = 0.00620183, Final residual = 0.000349855, No Iterations 2
smoothSolver:  Solving for k, Initial residual = 0.0165754, Final residual = 0.0015207, No Iterations 2
ExecutionTime = 2.56 s  ClockTime = 3 s

Time = 93

smoothSolver:  Solving for Ux, Initial residual = 0.0183914, Final residual = 0.0014721, No Iterations 5
smoothSolver:  Solving for Uy, Initial residual = 0.0617299, Final residual = 0.0050679, No Iterations 5
GAMG:  Solving for p, Initial residual = 0.0815012, Final residual = 0.00635761, No Iterations 5
time step continuity errors : sum local = 0.895663, global = 0.0669956, cumulative = -1.69528
smoothSolver:  Solving for omega, Initial residual = 0.00619325, Final residual = 0.000343788, No Iterations 2
smoothSolver:  Solving for k, Initial residual = 0.0166772, Final residual = 0.00155173, No Iterations 2
ExecutionTime = 2.58 s  ClockTime = 3 s

Time = 94

smoothSolver:  Solving for Ux, Initial residual = 0.0186683, Final residual = 0.00150371, No Iterations 5
smoothSolver:  Solving for Uy, Initial residual = 0.0623854, Final residual = 0.00518333, No Iterations 5
GAMG:  Solving for p, Initial residual = 0.0841137, Final residual = 0.00792625, No Iterations 4
time step continuity errors : sum local = 1.09127, global = 0.0496911, cumulative = -1.64559
smoothSolver:  Solving for omega, Initial residual = 0.00620907, Final residual = 0.000338627, No Iterations 2
smoothSolver:  Solving for k, Initial residual = 0.0168833, Final residual = 0.00162608, No Iterations 2
ExecutionTime = 2.61 s  ClockTime = 3 s

Time = 95

smoothSolver:  Solving for Ux, Initial residual = 0.0189889, Final residual = 0.00153676, No Iterations 5
smoothSolver:  Solving for Uy, Initial residual = 0.0631183, Final residual = 0.00531222, No Iterations 5
GAMG:  Solving for p, Initial residual = 0.086859, Final residual = 0.0083255, No Iterations 4
time step continuity errors : sum local = 1.12426, global = 0.0135292, cumulative = -1.63206
smoothSolver:  Solving for omega, Initial residual = 0.00612589, Final residual = 0.000331128, No Iterations 2
smoothSolver:  Solving for k, Initial residual = 0.0171672, Final residual = 0.000854106, No Iterations 3
ExecutionTime = 2.63 s  ClockTime = 3 s

Time = 96

smoothSolver:  Solving for Ux, Initial residual = 0.0192371, Final residual = 0.00156328, No Iterations 5
smoothSolver:  Solving for Uy, Initial residual = 0.0638605, Final residual = 0.00543558, No Iterations 5
GAMG:  Solving for p, Initial residual = 0.0890051, Final residual = 0.00807799, No Iterations 4
time step continuity errors : sum local = 1.06315, global = -0.0347862, cumulative = -1.66685
smoothSolver:  Solving for omega, Initial residual = 0.00613993, Final residual = 0.00033094, No Iterations 2
smoothSolver:  Solving for k, Initial residual = 0.0175281, Final residual = 0.000910513, No Iterations 3
ExecutionTime = 2.65 s  ClockTime = 3 s

Time = 97

smoothSolver:  Solving for Ux, Initial residual = 0.019386, Final residual = 0.00158617, No Iterations 5
smoothSolver:  Solving for Uy, Initial residual = 0.0642756, Final residual = 0.00554387, No Iterations 5
GAMG:  Solving for p, Initial residual = 0.0902486, Final residual = 0.00801858, No Iterations 4
time step continuity errors : sum local = 1.02632, global = -0.0497228, cumulative = -1.71657
smoothSolver:  Solving for omega, Initial residual = 0.00607096, Final residual = 0.00033515, No Iterations 2
smoothSolver:  Solving for k, Initial residual = 0.0178733, Final residual = 0.000973227, No Iterations 3
ExecutionTime = 2.69 s  ClockTime = 3 s

Time = 98

smoothSolver:  Solving for Ux, Initial residual = 0.0194506, Final residual = 0.0016036, No Iterations 5
smoothSolver:  Solving for Uy, Initial residual = 0.0646044, Final residual = 0.00563953, No Iterations 5
GAMG:  Solving for p, Initial residual = 0.0915542, Final residual = 0.00811607, No Iterations 4
time step continuity errors : sum local = 1.0028, global = -0.034116, cumulative = -1.75069
smoothSolver:  Solving for omega, Initial residual = 0.00596852, Final residual = 0.00033073, No Iterations 2
smoothSolver:  Solving for k, Initial residual = 0.0181846, Final residual = 0.00103939, No Iterations 3
ExecutionTime = 2.71 s  ClockTime = 4 s

Time = 99

smoothSolver:  Solving for Ux, Initial residual = 0.019477, Final residual = 0.00161638, No Iterations 5
smoothSolver:  Solving for Uy, Initial residual = 0.0650594, Final residual = 0.00572341, No Iterations 5
GAMG:  Solving for p, Initial residual = 0.0932366, Final residual = 0.00831812, No Iterations 4
time step continuity errors : sum local = 0.983508, global = 0.0470604, cumulative = -1.70363
smoothSolver:  Solving for omega, Initial residual = 0.00597256, Final residual = 0.000327691, No Iterations 2
smoothSolver:  Solving for k, Initial residual = 0.0184805, Final residual = 0.00110343, No Iterations 3
ExecutionTime = 2.73 s  ClockTime = 4 s

Time = 100

smoothSolver:  Solving for Ux, Initial residual = 0.0194508, Final residual = 0.00162962, No Iterations 5
smoothSolver:  Solving for Uy, Initial residual = 0.0653622, Final residual = 0.00578916, No Iterations 5
GAMG:  Solving for p, Initial residual = 0.0952109, Final residual = 0.00940997, No Iterations 4
time step continuity errors : sum local = 1.05661, global = 0.0892046, cumulative = -1.61442
smoothSolver:  Solving for omega, Initial residual = 0.00588748, Final residual = 0.000322418, No Iterations 2
smoothSolver:  Solving for k, Initial residual = 0.0187959, Final residual = 0.00116401, No Iterations 3
ExecutionTime = 2.81 s  ClockTime = 4 s

streamLine streamlines write:
    seeded 10 particles
    Tracks:10
    Total samples:12942
Time = 101

smoothSolver:  Solving for Ux, Initial residual = 0.0193508, Final residual = 0.00164135, No Iterations 5
smoothSolver:  Solving for Uy, Initial residual = 0.0654298, Final residual = 0.00582088, No Iterations 5
GAMG:  Solving for p, Initial residual = 0.0981032, Final residual = 0.00786148, No Iterations 5
time step continuity errors : sum local = 0.830108, global = -0.0771737, cumulative = -1.69159
smoothSolver:  Solving for omega, Initial residual = 0.005929, Final residual = 0.000320457, No Iterations 2
smoothSolver:  Solving for k, Initial residual = 0.0190741, Final residual = 0.00121536, No Iterations 3
ExecutionTime = 3 s  ClockTime = 4 s

Time = 102

smoothSolver:  Solving for Ux, Initial residual = 0.0191988, Final residual = 0.00164412, No Iterations 5
smoothSolver:  Solving for Uy, Initial residual = 0.0655051, Final residual = 0.00583827, No Iterations 5
GAMG:  Solving for p, Initial residual = 0.0959977, Final residual = 0.00803352, No Iterations 4
time step continuity errors : sum local = 0.802764, global = 0.0753187, cumulative = -1.61628
smoothSolver:  Solving for omega, Initial residual = 0.00582401, Final residual = 0.000320499, No Iterations 2
smoothSolver:  Solving for k, Initial residual = 0.0193435, Final residual = 0.00125578, No Iterations 3
ExecutionTime = 3.03 s  ClockTime = 4 s

Time = 103

smoothSolver:  Solving for Ux, Initial residual = 0.0190118, Final residual = 0.00164691, No Iterations 5
smoothSolver:  Solving for Uy, Initial residual = 0.0652446, Final residual = 0.00583825, No Iterations 5
GAMG:  Solving for p, Initial residual = 0.0959982, Final residual = 0.00927443, No Iterations 4
time step continuity errors : sum local = 0.880927, global = 0.126171, cumulative = -1.4901
smoothSolver:  Solving for omega, Initial residual = 0.00594253, Final residual = 0.000306732, No Iterations 2
smoothSolver:  Solving for k, Initial residual = 0.0195674, Final residual = 0.00129176, No Iterations 3
ExecutionTime = 3.06 s  ClockTime = 4 s

Time = 104

smoothSolver:  Solving for Ux, Initial residual = 0.0188479, Final residual = 0.00164538, No Iterations 5
smoothSolver:  Solving for Uy, Initial residual = 0.0650504, Final residual = 0.00583596, No Iterations 5
GAMG:  Solving for p, Initial residual = 0.098721, Final residual = 0.00960754, No Iterations 4
time step continuity errors : sum local = 0.858298, global = 0.143149, cumulative = -1.34696
smoothSolver:  Solving for omega, Initial residual = 0.00580949, Final residual = 0.000299302, No Iterations 2
smoothSolver:  Solving for k, Initial residual = 0.0197451, Final residual = 0.00131543, No Iterations 3
ExecutionTime = 3.09 s  ClockTime = 4 s

Time = 105

smoothSolver:  Solving for Ux, Initial residual = 0.0186816, Final residual = 0.00163479, No Iterations 5
smoothSolver:  Solving for Uy, Initial residual = 0.0647908, Final residual = 0.00584206, No Iterations 5
GAMG:  Solving for p, Initial residual = 0.100342, Final residual = 0.00965156, No Iterations 4
time step continuity errors : sum local = 0.823299, global = 0.14953, cumulative = -1.19743
smoothSolver:  Solving for omega, Initial residual = 0.00557426, Final residual = 0.000291782, No Iterations 2
smoothSolver:  Solving for k, Initial residual = 0.0198489, Final residual = 0.00133245, No Iterations 3
ExecutionTime = 3.11 s  ClockTime = 4 s

Time = 106

smoothSolver:  Solving for Ux, Initial residual = 0.0184748, Final residual = 0.00161741, No Iterations 5
smoothSolver:  Solving for Uy, Initial residual = 0.0645278, Final residual = 0.00586082, No Iterations 5
GAMG:  Solving for p, Initial residual = 0.100423, Final residual = 0.00963404, No Iterations 4
time step continuity errors : sum local = 0.791488, global = 0.148168, cumulative = -1.04926
smoothSolver:  Solving for omega, Initial residual = 0.00555448, Final residual = 0.000286035, No Iterations 2
smoothSolver:  Solving for k, Initial residual = 0.0199703, Final residual = 0.00134603, No Iterations 3
ExecutionTime = 3.14 s  ClockTime = 4 s

Time = 107

smoothSolver:  Solving for Ux, Initial residual = 0.0182606, Final residual = 0.00159587, No Iterations 5
smoothSolver:  Solving for Uy, Initial residual = 0.0643822, Final residual = 0.0058981, No Iterations 5
GAMG:  Solving for p, Initial residual = 0.100424, Final residual = 0.00940538, No Iterations 4
time step continuity errors : sum local = 0.752056, global = 0.14393, cumulative = -0.905327
smoothSolver:  Solving for omega, Initial residual = 0.00557335, Final residual = 0.000286499, No Iterations 2
smoothSolver:  Solving for k, Initial residual = 0.0201446, Final residual = 0.0013626, No Iterations 3
ExecutionTime = 3.16 s  ClockTime = 4 s

Time = 108

smoothSolver:  Solving for Ux, Initial residual = 0.0180305, Final residual = 0.00157088, No Iterations 5
smoothSolver:  Solving for Uy, Initial residual = 0.0643074, Final residual = 0.00595217, No Iterations 5
GAMG:  Solving for p, Initial residual = 0.0989054, Final residual = 0.00897252, No Iterations 4
time step continuity errors : sum local = 0.703265, global = 0.128632, cumulative = -0.776695
smoothSolver:  Solving for omega, Initial residual = 0.00562202, Final residual = 0.000283456, No Iterations 2
smoothSolver:  Solving for k, Initial residual = 0.0202497, Final residual = 0.00136402, No Iterations 3
ExecutionTime = 3.19 s  ClockTime = 4 s

Time = 109

smoothSolver:  Solving for Ux, Initial residual = 0.0178031, Final residual = 0.00154723, No Iterations 5
smoothSolver:  Solving for Uy, Initial residual = 0.0644591, Final residual = 0.00603021, No Iterations 5
GAMG:  Solving for p, Initial residual = 0.0977203, Final residual = 0.00866056, No Iterations 4
time step continuity errors : sum local = 0.669869, global = 0.112569, cumulative = -0.664127
smoothSolver:  Solving for omega, Initial residual = 0.00563185, Final residual = 0.000282343, No Iterations 2
smoothSolver:  Solving for k, Initial residual = 0.0204356, Final residual = 0.0013707, No Iterations 3
ExecutionTime = 3.22 s  ClockTime = 4 s

Time = 110

smoothSolver:  Solving for Ux, Initial residual = 0.0175877, Final residual = 0.00152479, No Iterations 5
smoothSolver:  Solving for Uy, Initial residual = 0.06476, Final residual = 0.00611392, No Iterations 5
GAMG:  Solving for p, Initial residual = 0.0957038, Final residual = 0.00842494, No Iterations 4
time step continuity errors : sum local = 0.648607, global = 0.0957861, cumulative = -0.568341
smoothSolver:  Solving for omega, Initial residual = 0.00570649, Final residual = 0.000281376, No Iterations 2
smoothSolver:  Solving for k, Initial residual = 0.0205685, Final residual = 0.00137234, No Iterations 3
ExecutionTime = 3.25 s  ClockTime = 4 s

Time = 111

smoothSolver:  Solving for Ux, Initial residual = 0.0173986, Final residual = 0.00150576, No Iterations 5
smoothSolver:  Solving for Uy, Initial residual = 0.0651451, Final residual = 0.00619776, No Iterations 5
GAMG:  Solving for p, Initial residual = 0.0932254, Final residual = 0.00828571, No Iterations 4
time step continuity errors : sum local = 0.640555, global = 0.0824244, cumulative = -0.485916
smoothSolver:  Solving for omega, Initial residual = 0.00568063, Final residual = 0.000280603, No Iterations 2
smoothSolver:  Solving for k, Initial residual = 0.0207555, Final residual = 0.00137533, No Iterations 3
ExecutionTime = 3.28 s  ClockTime = 4 s

Time = 112

smoothSolver:  Solving for Ux, Initial residual = 0.017235, Final residual = 0.00149042, No Iterations 5
smoothSolver:  Solving for Uy, Initial residual = 0.0656988, Final residual = 0.00627983, No Iterations 5
GAMG:  Solving for p, Initial residual = 0.0905222, Final residual = 0.00814874, No Iterations 4
time step continuity errors : sum local = 0.635948, global = 0.0754944, cumulative = -0.410422
smoothSolver:  Solving for omega, Initial residual = 0.00558306, Final residual = 0.000276161, No Iterations 2
smoothSolver:  Solving for k, Initial residual = 0.0209275, Final residual = 0.00137543, No Iterations 3
ExecutionTime = 3.31 s  ClockTime = 4 s

Time = 113

smoothSolver:  Solving for Ux, Initial residual = 0.017111, Final residual = 0.00147925, No Iterations 5
smoothSolver:  Solving for Uy, Initial residual = 0.0662356, Final residual = 0.00636256, No Iterations 5
GAMG:  Solving for p, Initial residual = 0.0884213, Final residual = 0.00786924, No Iterations 4
time step continuity errors : sum local = 0.621689, global = 0.0766607, cumulative = -0.333761
smoothSolver:  Solving for omega, Initial residual = 0.0055954, Final residual = 0.000278652, No Iterations 2
smoothSolver:  Solving for k, Initial residual = 0.0210814, Final residual = 0.0013757, No Iterations 3
ExecutionTime = 3.34 s  ClockTime = 4 s

Time = 114

smoothSolver:  Solving for Ux, Initial residual = 0.0170349, Final residual = 0.0014718, No Iterations 5
smoothSolver:  Solving for Uy, Initial residual = 0.0668068, Final residual = 0.00644411, No Iterations 5
GAMG:  Solving for p, Initial residual = 0.0866973, Final residual = 0.00750383, No Iterations 4
time step continuity errors : sum local = 0.600813, global = 0.0823051, cumulative = -0.251456
smoothSolver:  Solving for omega, Initial residual = 0.0056175, Final residual = 0.00028085, No Iterations 2
smoothSolver:  Solving for k, Initial residual = 0.0212569, Final residual = 0.00137076, No Iterations 3
ExecutionTime = 3.37 s  ClockTime = 5 s

Time = 115

smoothSolver:  Solving for Ux, Initial residual = 0.0170013, Final residual = 0.00146803, No Iterations 5
smoothSolver:  Solving for Uy, Initial residual = 0.0674137, Final residual = 0.00652076, No Iterations 5
GAMG:  Solving for p, Initial residual = 0.0862474, Final residual = 0.00712412, No Iterations 4
time step continuity errors : sum local = 0.575709, global = 0.0842298, cumulative = -0.167226
smoothSolver:  Solving for omega, Initial residual = 0.00570244, Final residual = 0.00028391, No Iterations 2
smoothSolver:  Solving for k, Initial residual = 0.0214884, Final residual = 0.00137407, No Iterations 3
ExecutionTime = 3.39 s  ClockTime = 5 s

Time = 116

smoothSolver:  Solving for Ux, Initial residual = 0.0170262, Final residual = 0.00146879, No Iterations 5
smoothSolver:  Solving for Uy, Initial residual = 0.0679923, Final residual = 0.00658389, No Iterations 5
GAMG:  Solving for p, Initial residual = 0.0859452, Final residual = 0.00676126, No Iterations 4
time step continuity errors : sum local = 0.553054, global = 0.0799989, cumulative = -0.0872272
smoothSolver:  Solving for omega, Initial residual = 0.00573242, Final residual = 0.000289633, No Iterations 2
smoothSolver:  Solving for k, Initial residual = 0.0217251, Final residual = 0.001372, No Iterations 3
ExecutionTime = 3.42 s  ClockTime = 5 s

Time = 117

smoothSolver:  Solving for Ux, Initial residual = 0.0171176, Final residual = 0.00147306, No Iterations 5
smoothSolver:  Solving for Uy, Initial residual = 0.0684818, Final residual = 0.00663014, No Iterations 5
GAMG:  Solving for p, Initial residual = 0.0857784, Final residual = 0.00651098, No Iterations 4
time step continuity errors : sum local = 0.540089, global = 0.0739302, cumulative = -0.013297
smoothSolver:  Solving for omega, Initial residual = 0.00584144, Final residual = 0.000294211, No Iterations 2
smoothSolver:  Solving for k, Initial residual = 0.0219506, Final residual = 0.00137348, No Iterations 3
ExecutionTime = 3.45 s  ClockTime = 5 s

Time = 118

smoothSolver:  Solving for Ux, Initial residual = 0.0172828, Final residual = 0.00148161, No Iterations 5
smoothSolver:  Solving for Uy, Initial residual = 0.0688347, Final residual = 0.00665918, No Iterations 5
GAMG:  Solving for p, Initial residual = 0.0858049, Final residual = 0.0063959, No Iterations 4
time step continuity errors : sum local = 0.54088, global = 0.0669521, cumulative = 0.0536551
smoothSolver:  Solving for omega, Initial residual = 0.00586779, Final residual = 0.000293226, No Iterations 2
smoothSolver:  Solving for k, Initial residual = 0.0222163, Final residual = 0.00136994, No Iterations 3
ExecutionTime = 3.48 s  ClockTime = 5 s

Time = 119

smoothSolver:  Solving for Ux, Initial residual = 0.0175056, Final residual = 0.00149147, No Iterations 5
smoothSolver:  Solving for Uy, Initial residual = 0.0690734, Final residual = 0.00667613, No Iterations 5
GAMG:  Solving for p, Initial residual = 0.0854618, Final residual = 0.00614184, No Iterations 4
time step continuity errors : sum local = 0.531082, global = 0.06152, cumulative = 0.115175
smoothSolver:  Solving for omega, Initial residual = 0.0058522, Final residual = 0.000296549, No Iterations 2
smoothSolver:  Solving for k, Initial residual = 0.0224997, Final residual = 0.00136809, No Iterations 3
ExecutionTime = 3.51 s  ClockTime = 5 s

Time = 120

smoothSolver:  Solving for Ux, Initial residual = 0.017781, Final residual = 0.00150538, No Iterations 5
smoothSolver:  Solving for Uy, Initial residual = 0.069138, Final residual = 0.0066793, No Iterations 5
GAMG:  Solving for p, Initial residual = 0.0849726, Final residual = 0.00598151, No Iterations 4
time step continuity errors : sum local = 0.532208, global = 0.0563458, cumulative = 0.171521
smoothSolver:  Solving for omega, Initial residual = 0.00588732, Final residual = 0.000293491, No Iterations 2
smoothSolver:  Solving for k, Initial residual = 0.0227586, Final residual = 0.0013605, No Iterations 3
ExecutionTime = 3.53 s  ClockTime = 5 s

Time = 121

smoothSolver:  Solving for Ux, Initial residual = 0.0180814, Final residual = 0.0015216, No Iterations 5
smoothSolver:  Solving for Uy, Initial residual = 0.06899, Final residual = 0.00666817, No Iterations 5
GAMG:  Solving for p, Initial residual = 0.0845301, Final residual = 0.00591942, No Iterations 4
time step continuity errors : sum local = 0.540741, global = 0.052569, cumulative = 0.22409
smoothSolver:  Solving for omega, Initial residual = 0.00598684, Final residual = 0.000291099, No Iterations 2
smoothSolver:  Solving for k, Initial residual = 0.0230427, Final residual = 0.00135352, No Iterations 3
ExecutionTime = 3.56 s  ClockTime = 5 s

Time = 122

smoothSolver:  Solving for Ux, Initial residual = 0.0184117, Final residual = 0.00154078, No Iterations 5
smoothSolver:  Solving for Uy, Initial residual = 0.0687058, Final residual = 0.00664867, No Iterations 5
GAMG:  Solving for p, Initial residual = 0.0834846, Final residual = 0.00582334, No Iterations 4
time step continuity errors : sum local = 0.547225, global = 0.0517919, cumulative = 0.275882
smoothSolver:  Solving for omega, Initial residual = 0.00602399, Final residual = 0.000287836, No Iterations 2
smoothSolver:  Solving for k, Initial residual = 0.0234116, Final residual = 0.00134726, No Iterations 3
ExecutionTime = 3.58 s  ClockTime = 5 s

Time = 123

smoothSolver:  Solving for Ux, Initial residual = 0.0187576, Final residual = 0.00156081, No Iterations 5
smoothSolver:  Solving for Uy, Initial residual = 0.0683395, Final residual = 0.00662126, No Iterations 5
GAMG:  Solving for p, Initial residual = 0.0827011, Final residual = 0.00579897, No Iterations 4
time step continuity errors : sum local = 0.55946, global = 0.0544076, cumulative = 0.33029
smoothSolver:  Solving for omega, Initial residual = 0.00611827, Final residual = 0.000288964, No Iterations 2
smoothSolver:  Solving for k, Initial residual = 0.0237751, Final residual = 0.00133651, No Iterations 3
ExecutionTime = 3.61 s  ClockTime = 5 s

Time = 124

smoothSolver:  Solving for Ux, Initial residual = 0.0191221, Final residual = 0.00158109, No Iterations 5
smoothSolver:  Solving for Uy, Initial residual = 0.0679212, Final residual = 0.006591, No Iterations 5
GAMG:  Solving for p, Initial residual = 0.0822784, Final residual = 0.00602615, No Iterations 4
time step continuity errors : sum local = 0.595717, global = 0.0585005, cumulative = 0.38879
smoothSolver:  Solving for omega, Initial residual = 0.00613946, Final residual = 0.000289778, No Iterations 2
smoothSolver:  Solving for k, Initial residual = 0.0241639, Final residual = 0.00132088, No Iterations 3
ExecutionTime = 3.64 s  ClockTime = 5 s

Time = 125

smoothSolver:  Solving for Ux, Initial residual = 0.0195145, Final residual = 0.00160177, No Iterations 5
smoothSolver:  Solving for Uy, Initial residual = 0.0675042, Final residual = 0.00656119, No Iterations 5
GAMG:  Solving for p, Initial residual = 0.0830795, Final residual = 0.00631171, No Iterations 4
time step continuity errors : sum local = 0.634768, global = 0.0648309, cumulative = 0.453621
smoothSolver:  Solving for omega, Initial residual = 0.00621087, Final residual = 0.000276643, No Iterations 2
smoothSolver:  Solving for k, Initial residual = 0.0245372, Final residual = 0.00130424, No Iterations 3
ExecutionTime = 3.66 s  ClockTime = 5 s

Time = 126

smoothSolver:  Solving for Ux, Initial residual = 0.0199105, Final residual = 0.001619, No Iterations 5
smoothSolver:  Solving for Uy, Initial residual = 0.0671377, Final residual = 0.00652991, No Iterations 5
GAMG:  Solving for p, Initial residual = 0.083273, Final residual = 0.00635475, No Iterations 4
time step continuity errors : sum local = 0.652178, global = 0.0679434, cumulative = 0.521564
smoothSolver:  Solving for omega, Initial residual = 0.00603106, Final residual = 0.000273401, No Iterations 2
smoothSolver:  Solving for k, Initial residual = 0.0249942, Final residual = 0.00128516, No Iterations 3
ExecutionTime = 3.69 s  ClockTime = 5 s

Time = 127

smoothSolver:  Solving for Ux, Initial residual = 0.0202704, Final residual = 0.00163482, No Iterations 5
smoothSolver:  Solving for Uy, Initial residual = 0.0667237, Final residual = 0.00648648, No Iterations 5
GAMG:  Solving for p, Initial residual = 0.0836911, Final residual = 0.00621031, No Iterations 4
time step continuity errors : sum local = 0.647701, global = 0.0657195, cumulative = 0.587284
smoothSolver:  Solving for omega, Initial residual = 0.00589485, Final residual = 0.00026626, No Iterations 2
smoothSolver:  Solving for k, Initial residual = 0.025364, Final residual = 0.00125094, No Iterations 3
ExecutionTime = 3.71 s  ClockTime = 5 s

Time = 128

smoothSolver:  Solving for Ux, Initial residual = 0.0206064, Final residual = 0.00164605, No Iterations 5
smoothSolver:  Solving for Uy, Initial residual = 0.066284, Final residual = 0.00643803, No Iterations 5
GAMG:  Solving for p, Initial residual = 0.0846888, Final residual = 0.00597033, No Iterations 4
time step continuity errors : sum local = 0.632384, global = 0.0621111, cumulative = 0.649395
smoothSolver:  Solving for omega, Initial residual = 0.00584548, Final residual = 0.000261275, No Iterations 2
smoothSolver:  Solving for k, Initial residual = 0.0256655, Final residual = 0.00254112, No Iterations 2
ExecutionTime = 3.73 s  ClockTime = 5 s

Time = 129

smoothSolver:  Solving for Ux, Initial residual = 0.0208949, Final residual = 0.00165497, No Iterations 5
smoothSolver:  Solving for Uy, Initial residual = 0.0657053, Final residual = 0.00637453, No Iterations 5
GAMG:  Solving for p, Initial residual = 0.085438, Final residual = 0.00823459, No Iterations 3
time step continuity errors : sum local = 0.88521, global = -0.0548152, cumulative = 0.59458
smoothSolver:  Solving for omega, Initial residual = 0.00592047, Final residual = 0.000258013, No Iterations 2
smoothSolver:  Solving for k, Initial residual = 0.0257864, Final residual = 0.00248628, No Iterations 2
ExecutionTime = 3.75 s  ClockTime = 5 s

Time = 130

smoothSolver:  Solving for Ux, Initial residual = 0.0213037, Final residual = 0.00166911, No Iterations 5
smoothSolver:  Solving for Uy, Initial residual = 0.0649944, Final residual = 0.0062991, No Iterations 5
GAMG:  Solving for p, Initial residual = 0.0872424, Final residual = 0.00787195, No Iterations 3
time step continuity errors : sum local = 0.861007, global = 0.0752499, cumulative = 0.66983
smoothSolver:  Solving for omega, Initial residual = 0.00591067, Final residual = 0.000260364, No Iterations 2
smoothSolver:  Solving for k, Initial residual = 0.0259448, Final residual = 0.00240842, No Iterations 2
ExecutionTime = 3.77 s  ClockTime = 5 s

Time = 131

smoothSolver:  Solving for Ux, Initial residual = 0.0215446, Final residual = 0.00166632, No Iterations 5
smoothSolver:  Solving for Uy, Initial residual = 0.0648865, Final residual = 0.0062519, No Iterations 5
GAMG:  Solving for p, Initial residual = 0.0874565, Final residual = 0.00761831, No Iterations 3
time step continuity errors : sum local = 0.836361, global = -0.0680485, cumulative = 0.601781
smoothSolver:  Solving for omega, Initial residual = 0.00597169, Final residual = 0.000266083, No Iterations 2
smoothSolver:  Solving for k, Initial residual = 0.0259412, Final residual = 0.0022787, No Iterations 2
ExecutionTime = 3.8 s  ClockTime = 5 s

Time = 132

smoothSolver:  Solving for Ux, Initial residual = 0.0218902, Final residual = 0.00168237, No Iterations 5
smoothSolver:  Solving for Uy, Initial residual = 0.0645298, Final residual = 0.00617442, No Iterations 5
GAMG:  Solving for p, Initial residual = 0.0884766, Final residual = 0.00779981, No Iterations 3
time step continuity errors : sum local = 0.867828, global = 0.0821492, cumulative = 0.68393
smoothSolver:  Solving for omega, Initial residual = 0.00594015, Final residual = 0.000260402, No Iterations 2
smoothSolver:  Solving for k, Initial residual = 0.0257708, Final residual = 0.00215538, No Iterations 2
ExecutionTime = 3.82 s  ClockTime = 5 s

Time = 133

smoothSolver:  Solving for Ux, Initial residual = 0.0220454, Final residual = 0.0016861, No Iterations 5
smoothSolver:  Solving for Uy, Initial residual = 0.0645461, Final residual = 0.00611023, No Iterations 5
GAMG:  Solving for p, Initial residual = 0.0888727, Final residual = 0.00774733, No Iterations 3
time step continuity errors : sum local = 0.861691, global = -0.0843308, cumulative = 0.5996
smoothSolver:  Solving for omega, Initial residual = 0.00587528, Final residual = 0.000262709, No Iterations 2
smoothSolver:  Solving for k, Initial residual = 0.0256355, Final residual = 0.00207019, No Iterations 2
ExecutionTime = 3.84 s  ClockTime = 5 s

Time = 134

smoothSolver:  Solving for Ux, Initial residual = 0.0221932, Final residual = 0.00169372, No Iterations 5
smoothSolver:  Solving for Uy, Initial residual = 0.0647602, Final residual = 0.00604032, No Iterations 5
GAMG:  Solving for p, Initial residual = 0.0886403, Final residual = 0.00847991, No Iterations 3
time step continuity errors : sum local = 0.94973, global = 0.0891075, cumulative = 0.688707
smoothSolver:  Solving for omega, Initial residual = 0.00589015, Final residual = 0.000263126, No Iterations 2
smoothSolver:  Solving for k, Initial residual = 0.0252594, Final residual = 0.00198894, No Iterations 2
ExecutionTime = 3.86 s  ClockTime = 5 s

Time = 135

smoothSolver:  Solving for Ux, Initial residual = 0.0221965, Final residual = 0.00169343, No Iterations 5
smoothSolver:  Solving for Uy, Initial residual = 0.0650302, Final residual = 0.00595242, No Iterations 5
GAMG:  Solving for p, Initial residual = 0.0898931, Final residual = 0.0083396, No Iterations 3
time step continuity errors : sum local = 0.92097, global = -0.102007, cumulative = 0.5867
smoothSolver:  Solving for omega, Initial residual = 0.00584554, Final residual = 0.000270316, No Iterations 2
smoothSolver:  Solving for k, Initial residual = 0.0250049, Final residual = 0.00195541, No Iterations 2
ExecutionTime = 3.89 s  ClockTime = 5 s

Time = 136

smoothSolver:  Solving for Ux, Initial residual = 0.0221152, Final residual = 0.00169209, No Iterations 5
smoothSolver:  Solving for Uy, Initial residual = 0.0653297, Final residual = 0.00586024, No Iterations 5
GAMG:  Solving for p, Initial residual = 0.0898541, Final residual = 0.00601658, No Iterations 4
time step continuity errors : sum local = 0.665696, global = -0.0703311, cumulative = 0.516369
smoothSolver:  Solving for omega, Initial residual = 0.00580722, Final residual = 0.000274005, No Iterations 2
smoothSolver:  Solving for k, Initial residual = 0.0244726, Final residual = 0.00189024, No Iterations 2
ExecutionTime = 3.91 s  ClockTime = 5 s

Time = 137

smoothSolver:  Solving for Ux, Initial residual = 0.0219539, Final residual = 0.00167264, No Iterations 5
smoothSolver:  Solving for Uy, Initial residual = 0.0656399, Final residual = 0.00575166, No Iterations 5
GAMG:  Solving for p, Initial residual = 0.0907569, Final residual = 0.00579753, No Iterations 4
time step continuity errors : sum local = 0.629633, global = -0.0649789, cumulative = 0.45139
smoothSolver:  Solving for omega, Initial residual = 0.00573663, Final residual = 0.000273276, No Iterations 2
smoothSolver:  Solving for k, Initial residual = 0.0239332, Final residual = 0.00184359, No Iterations 2
ExecutionTime = 3.94 s  ClockTime = 5 s

Time = 138

smoothSolver:  Solving for Ux, Initial residual = 0.0217832, Final residual = 0.00166134, No Iterations 5
smoothSolver:  Solving for Uy, Initial residual = 0.0660571, Final residual = 0.00565764, No Iterations 5
GAMG:  Solving for p, Initial residual = 0.0911437, Final residual = 0.00652504, No Iterations 4
time step continuity errors : sum local = 0.696288, global = -0.0763896, cumulative = 0.375
smoothSolver:  Solving for omega, Initial residual = 0.00572185, Final residual = 0.000268755, No Iterations 2
smoothSolver:  Solving for k, Initial residual = 0.0232784, Final residual = 0.00179129, No Iterations 2
ExecutionTime = 3.97 s  ClockTime = 5 s

Time = 139

smoothSolver:  Solving for Ux, Initial residual = 0.0215579, Final residual = 0.00164467, No Iterations 5
smoothSolver:  Solving for Uy, Initial residual = 0.0662432, Final residual = 0.00555687, No Iterations 5
GAMG:  Solving for p, Initial residual = 0.0906405, Final residual = 0.00734457, No Iterations 4
time step continuity errors : sum local = 0.77326, global = -0.0898035, cumulative = 0.285197
smoothSolver:  Solving for omega, Initial residual = 0.00560161, Final residual = 0.000263432, No Iterations 2
smoothSolver:  Solving for k, Initial residual = 0.0226959, Final residual = 0.00174043, No Iterations 2
ExecutionTime = 3.99 s  ClockTime = 5 s

Time = 140

smoothSolver:  Solving for Ux, Initial residual = 0.0212142, Final residual = 0.00161915, No Iterations 5
smoothSolver:  Solving for Uy, Initial residual = 0.0661923, Final residual = 0.00545657, No Iterations 5
GAMG:  Solving for p, Initial residual = 0.0901909, Final residual = 0.00832622, No Iterations 4
time step continuity errors : sum local = 0.860497, global = -0.103304, cumulative = 0.181893
smoothSolver:  Solving for omega, Initial residual = 0.00546067, Final residual = 0.000256429, No Iterations 2
smoothSolver:  Solving for k, Initial residual = 0.0221304, Final residual = 0.00169194, No Iterations 2
ExecutionTime = 4.02 s  ClockTime = 5 s

Time = 141

smoothSolver:  Solving for Ux, Initial residual = 0.0208404, Final residual = 0.00158345, No Iterations 5
smoothSolver:  Solving for Uy, Initial residual = 0.0658121, Final residual = 0.00535983, No Iterations 5
GAMG:  Solving for p, Initial residual = 0.0913915, Final residual = 0.00873424, No Iterations 4
time step continuity errors : sum local = 0.888904, global = -0.0969613, cumulative = 0.0849315
smoothSolver:  Solving for omega, Initial residual = 0.00535479, Final residual = 0.000253418, No Iterations 2
smoothSolver:  Solving for k, Initial residual = 0.0214605, Final residual = 0.00162825, No Iterations 2
ExecutionTime = 4.04 s  ClockTime = 5 s

Time = 142

smoothSolver:  Solving for Ux, Initial residual = 0.0204604, Final residual = 0.00154195, No Iterations 5
smoothSolver:  Solving for Uy, Initial residual = 0.0652503, Final residual = 0.00529221, No Iterations 5
GAMG:  Solving for p, Initial residual = 0.0919439, Final residual = 0.00853913, No Iterations 4
time step continuity errors : sum local = 0.860538, global = -0.0828696, cumulative = 0.00206188
smoothSolver:  Solving for omega, Initial residual = 0.00527882, Final residual = 0.00025009, No Iterations 2
smoothSolver:  Solving for k, Initial residual = 0.0207694, Final residual = 0.00156655, No Iterations 2
ExecutionTime = 4.06 s  ClockTime = 5 s

Time = 143

smoothSolver:  Solving for Ux, Initial residual = 0.0200563, Final residual = 0.00150005, No Iterations 5
smoothSolver:  Solving for Uy, Initial residual = 0.0645484, Final residual = 0.0052759, No Iterations 5
GAMG:  Solving for p, Initial residual = 0.0904373, Final residual = 0.00835842, No Iterations 4
time step continuity errors : sum local = 0.803727, global = -0.0780631, cumulative = -0.0760012
smoothSolver:  Solving for omega, Initial residual = 0.00522951, Final residual = 0.00023704, No Iterations 2
smoothSolver:  Solving for k, Initial residual = 0.0201457, Final residual = 0.00150925, No Iterations 2
ExecutionTime = 4.09 s  ClockTime = 5 s

Time = 144

smoothSolver:  Solving for Ux, Initial residual = 0.0196995, Final residual = 0.00147275, No Iterations 5
smoothSolver:  Solving for Uy, Initial residual = 0.0637924, Final residual = 0.00529375, No Iterations 5
GAMG:  Solving for p, Initial residual = 0.085651, Final residual = 0.00821355, No Iterations 4
time step continuity errors : sum local = 0.748018, global = -0.0792415, cumulative = -0.155243
smoothSolver:  Solving for omega, Initial residual = 0.00510833, Final residual = 0.000235191, No Iterations 2
smoothSolver:  Solving for k, Initial residual = 0.0194458, Final residual = 0.00143178, No Iterations 2
ExecutionTime = 4.11 s  ClockTime = 5 s

Time = 145

smoothSolver:  Solving for Ux, Initial residual = 0.0191975, Final residual = 0.00144532, No Iterations 5
smoothSolver:  Solving for Uy, Initial residual = 0.0623461, Final residual = 0.00521077, No Iterations 5
GAMG:  Solving for p, Initial residual = 0.0798891, Final residual = 0.00633336, No Iterations 5
time step continuity errors : sum local = 0.553104, global = 0.0156091, cumulative = -0.139634
smoothSolver:  Solving for omega, Initial residual = 0.00507465, Final residual = 0.00022478, No Iterations 2
smoothSolver:  Solving for k, Initial residual = 0.0187074, Final residual = 0.00134306, No Iterations 2
ExecutionTime = 4.13 s  ClockTime = 5 s

Time = 146

smoothSolver:  Solving for Ux, Initial residual = 0.0184962, Final residual = 0.00142012, No Iterations 5
smoothSolver:  Solving for Uy, Initial residual = 0.0601166, Final residual = 0.00501492, No Iterations 5
GAMG:  Solving for p, Initial residual = 0.0785114, Final residual = 0.00768083, No Iterations 4
time step continuity errors : sum local = 0.645944, global = 0.0568164, cumulative = -0.0828172
smoothSolver:  Solving for omega, Initial residual = 0.00484795, Final residual = 0.000214331, No Iterations 2
smoothSolver:  Solving for k, Initial residual = 0.0180584, Final residual = 0.00129651, No Iterations 2
ExecutionTime = 4.16 s  ClockTime = 5 s

Time = 147

smoothSolver:  Solving for Ux, Initial residual = 0.0178312, Final residual = 0.00141529, No Iterations 5
smoothSolver:  Solving for Uy, Initial residual = 0.0571498, Final residual = 0.00477337, No Iterations 5
GAMG:  Solving for p, Initial residual = 0.0797378, Final residual = 0.00659808, No Iterations 5
time step continuity errors : sum local = 0.52892, global = -0.0402523, cumulative = -0.12307
smoothSolver:  Solving for omega, Initial residual = 0.00468489, Final residual = 0.000201383, No Iterations 2
smoothSolver:  Solving for k, Initial residual = 0.0174584, Final residual = 0.00126741, No Iterations 2
ExecutionTime = 4.19 s  ClockTime = 5 s

Time = 148

smoothSolver:  Solving for Ux, Initial residual = 0.017115, Final residual = 0.00138318, No Iterations 5
smoothSolver:  Solving for Uy, Initial residual = 0.0539067, Final residual = 0.00444375, No Iterations 5
GAMG:  Solving for p, Initial residual = 0.075582, Final residual = 0.00575449, No Iterations 5
time step continuity errors : sum local = 0.442322, global = -0.0362141, cumulative = -0.159284
smoothSolver:  Solving for omega, Initial residual = 0.00449001, Final residual = 0.000200499, No Iterations 2
smoothSolver:  Solving for k, Initial residual = 0.0168247, Final residual = 0.00119848, No Iterations 2
ExecutionTime = 4.22 s  ClockTime = 6 s

Time = 149

smoothSolver:  Solving for Ux, Initial residual = 0.0163647, Final residual = 0.00132649, No Iterations 5
smoothSolver:  Solving for Uy, Initial residual = 0.0509372, Final residual = 0.00414333, No Iterations 5
GAMG:  Solving for p, Initial residual = 0.0701809, Final residual = 0.00665785, No Iterations 4
time step continuity errors : sum local = 0.504568, global = 0.0503029, cumulative = -0.108981
smoothSolver:  Solving for omega, Initial residual = 0.00420524, Final residual = 0.000199518, No Iterations 2
smoothSolver:  Solving for k, Initial residual = 0.0162609, Final residual = 0.00114156, No Iterations 2
ExecutionTime = 4.24 s  ClockTime = 6 s

Time = 150

smoothSolver:  Solving for Ux, Initial residual = 0.0155289, Final residual = 0.00125108, No Iterations 5
smoothSolver:  Solving for Uy, Initial residual = 0.0477665, Final residual = 0.00389612, No Iterations 5
GAMG:  Solving for p, Initial residual = 0.0676097, Final residual = 0.00626229, No Iterations 4
time step continuity errors : sum local = 0.476609, global = 0.0526145, cumulative = -0.0563662
smoothSolver:  Solving for omega, Initial residual = 0.00413037, Final residual = 0.000188113, No Iterations 2
smoothSolver:  Solving for k, Initial residual = 0.0158301, Final residual = 0.00112405, No Iterations 2
ExecutionTime = 4.26 s  ClockTime = 6 s

Time = 151

smoothSolver:  Solving for Ux, Initial residual = 0.0146098, Final residual = 0.00116716, No Iterations 5
smoothSolver:  Solving for Uy, Initial residual = 0.0445017, Final residual = 0.00371335, No Iterations 5
GAMG:  Solving for p, Initial residual = 0.0655151, Final residual = 0.00540791, No Iterations 4
time step continuity errors : sum local = 0.417532, global = 0.052775, cumulative = -0.00359116
smoothSolver:  Solving for omega, Initial residual = 0.00398622, Final residual = 0.000184959, No Iterations 2
smoothSolver:  Solving for k, Initial residual = 0.0155204, Final residual = 0.00110326, No Iterations 2
ExecutionTime = 4.29 s  ClockTime = 6 s

Time = 152

smoothSolver:  Solving for Ux, Initial residual = 0.0136456, Final residual = 0.00108147, No Iterations 5
smoothSolver:  Solving for Uy, Initial residual = 0.0417162, Final residual = 0.00361056, No Iterations 5
GAMG:  Solving for p, Initial residual = 0.0631984, Final residual = 0.00614632, No Iterations 3
time step continuity errors : sum local = 0.481106, global = -0.0408271, cumulative = -0.0444182
smoothSolver:  Solving for omega, Initial residual = 0.00392102, Final residual = 0.000177413, No Iterations 2
smoothSolver:  Solving for k, Initial residual = 0.0151732, Final residual = 0.00107753, No Iterations 2
ExecutionTime = 4.32 s  ClockTime = 6 s

Time = 153

smoothSolver:  Solving for Ux, Initial residual = 0.0127141, Final residual = 0.0010045, No Iterations 5
smoothSolver:  Solving for Uy, Initial residual = 0.0395107, Final residual = 0.00355521, No Iterations 5
GAMG:  Solving for p, Initial residual = 0.0624566, Final residual = 0.00478989, No Iterations 4
time step continuity errors : sum local = 0.374564, global = -0.0597001, cumulative = -0.104118
smoothSolver:  Solving for omega, Initial residual = 0.00377143, Final residual = 0.000174659, No Iterations 2
smoothSolver:  Solving for k, Initial residual = 0.014908, Final residual = 0.00105207, No Iterations 2
ExecutionTime = 4.34 s  ClockTime = 6 s

Time = 154

smoothSolver:  Solving for Ux, Initial residual = 0.0118224, Final residual = 0.000932628, No Iterations 5
smoothSolver:  Solving for Uy, Initial residual = 0.0380486, Final residual = 0.00351207, No Iterations 5
GAMG:  Solving for p, Initial residual = 0.0616192, Final residual = 0.00479678, No Iterations 4
time step continuity errors : sum local = 0.372486, global = -0.0635041, cumulative = -0.167622
smoothSolver:  Solving for omega, Initial residual = 0.00361023, Final residual = 0.000165729, No Iterations 2
smoothSolver:  Solving for k, Initial residual = 0.0146359, Final residual = 0.00103029, No Iterations 2
ExecutionTime = 4.37 s  ClockTime = 6 s

Time = 155

smoothSolver:  Solving for Ux, Initial residual = 0.0110845, Final residual = 0.000883283, No Iterations 5
smoothSolver:  Solving for Uy, Initial residual = 0.0368902, Final residual = 0.00342959, No Iterations 5
GAMG:  Solving for p, Initial residual = 0.0618629, Final residual = 0.00507739, No Iterations 4
time step continuity errors : sum local = 0.392908, global = -0.0685976, cumulative = -0.23622
smoothSolver:  Solving for omega, Initial residual = 0.00351074, Final residual = 0.00016353, No Iterations 2
smoothSolver:  Solving for k, Initial residual = 0.0143997, Final residual = 0.00100908, No Iterations 2
ExecutionTime = 4.39 s  ClockTime = 6 s

Time = 156

smoothSolver:  Solving for Ux, Initial residual = 0.0104838, Final residual = 0.000847167, No Iterations 5
smoothSolver:  Solving for Uy, Initial residual = 0.0360378, Final residual = 0.00333692, No Iterations 5
GAMG:  Solving for p, Initial residual = 0.0618128, Final residual = 0.00519961, No Iterations 4
time step continuity errors : sum local = 0.403566, global = -0.0716805, cumulative = -0.307901
smoothSolver:  Solving for omega, Initial residual = 0.00344801, Final residual = 0.000158503, No Iterations 2
smoothSolver:  Solving for k, Initial residual = 0.0140862, Final residual = 0.000984242, No Iterations 2
ExecutionTime = 4.42 s  ClockTime = 6 s

Time = 157

smoothSolver:  Solving for Ux, Initial residual = 0.0100097, Final residual = 0.000824071, No Iterations 5
smoothSolver:  Solving for Uy, Initial residual = 0.0352049, Final residual = 0.00325813, No Iterations 5
GAMG:  Solving for p, Initial residual = 0.0612107, Final residual = 0.00511944, No Iterations 4
time step continuity errors : sum local = 0.402811, global = -0.0721341, cumulative = -0.380035
smoothSolver:  Solving for omega, Initial residual = 0.00346272, Final residual = 0.000158068, No Iterations 2
smoothSolver:  Solving for k, Initial residual = 0.0138565, Final residual = 0.000970991, No Iterations 2
ExecutionTime = 4.45 s  ClockTime = 6 s

Time = 158

smoothSolver:  Solving for Ux, Initial residual = 0.00968428, Final residual = 0.000808493, No Iterations 5
smoothSolver:  Solving for Uy, Initial residual = 0.0345788, Final residual = 0.00320757, No Iterations 5
GAMG:  Solving for p, Initial residual = 0.0607112, Final residual = 0.00496863, No Iterations 4
time step continuity errors : sum local = 0.397803, global = -0.0715157, cumulative = -0.45155
smoothSolver:  Solving for omega, Initial residual = 0.00340498, Final residual = 0.000160515, No Iterations 2
smoothSolver:  Solving for k, Initial residual = 0.0136454, Final residual = 0.000962615, No Iterations 2
ExecutionTime = 4.47 s  ClockTime = 6 s

Time = 159

smoothSolver:  Solving for Ux, Initial residual = 0.00949368, Final residual = 0.000797857, No Iterations 5
smoothSolver:  Solving for Uy, Initial residual = 0.034078, Final residual = 0.00318675, No Iterations 5
GAMG:  Solving for p, Initial residual = 0.0604223, Final residual = 0.00480402, No Iterations 4
time step continuity errors : sum local = 0.390746, global = -0.0699047, cumulative = -0.521455
smoothSolver:  Solving for omega, Initial residual = 0.00341672, Final residual = 0.000152789, No Iterations 2
smoothSolver:  Solving for k, Initial residual = 0.0134355, Final residual = 0.000939119, No Iterations 2
ExecutionTime = 4.5 s  ClockTime = 6 s

Time = 160

smoothSolver:  Solving for Ux, Initial residual = 0.00936016, Final residual = 0.000790787, No Iterations 5
smoothSolver:  Solving for Uy, Initial residual = 0.0337727, Final residual = 0.00319285, No Iterations 5
GAMG:  Solving for p, Initial residual = 0.0605698, Final residual = 0.004688, No Iterations 4
time step continuity errors : sum local = 0.386508, global = -0.0678856, cumulative = -0.589341
smoothSolver:  Solving for omega, Initial residual = 0.00338603, Final residual = 0.000149716, No Iterations 2
smoothSolver:  Solving for k, Initial residual = 0.0132339, Final residual = 0.000929763, No Iterations 2
ExecutionTime = 4.53 s  ClockTime = 6 s

Time = 161

smoothSolver:  Solving for Ux, Initial residual = 0.00929199, Final residual = 0.000786038, No Iterations 5
smoothSolver:  Solving for Uy, Initial residual = 0.0336629, Final residual = 0.00321192, No Iterations 5
GAMG:  Solving for p, Initial residual = 0.0609731, Final residual = 0.00462588, No Iterations 4
time step continuity errors : sum local = 0.385326, global = -0.0662279, cumulative = -0.655569
smoothSolver:  Solving for omega, Initial residual = 0.00331037, Final residual = 0.000141533, No Iterations 2
smoothSolver:  Solving for k, Initial residual = 0.013108, Final residual = 0.000920449, No Iterations 2
ExecutionTime = 4.55 s  ClockTime = 6 s

Time = 162

smoothSolver:  Solving for Ux, Initial residual = 0.00926382, Final residual = 0.000784123, No Iterations 5
smoothSolver:  Solving for Uy, Initial residual = 0.0337538, Final residual = 0.0032317, No Iterations 5
GAMG:  Solving for p, Initial residual = 0.0616861, Final residual = 0.00459812, No Iterations 4
time step continuity errors : sum local = 0.387084, global = -0.0651447, cumulative = -0.720713
smoothSolver:  Solving for omega, Initial residual = 0.00331181, Final residual = 0.000142793, No Iterations 2
smoothSolver:  Solving for k, Initial residual = 0.0129863, Final residual = 0.000911148, No Iterations 2
ExecutionTime = 4.58 s  ClockTime = 6 s

Time = 163

smoothSolver:  Solving for Ux, Initial residual = 0.00926252, Final residual = 0.000784297, No Iterations 5
smoothSolver:  Solving for Uy, Initial residual = 0.033937, Final residual = 0.00325043, No Iterations 5
GAMG:  Solving for p, Initial residual = 0.0624338, Final residual = 0.00459861, No Iterations 4
time step continuity errors : sum local = 0.391263, global = -0.0645766, cumulative = -0.78529
smoothSolver:  Solving for omega, Initial residual = 0.0033239, Final residual = 0.000138397, No Iterations 2
smoothSolver:  Solving for k, Initial residual = 0.0128394, Final residual = 0.000901602, No Iterations 2
ExecutionTime = 4.61 s  ClockTime = 6 s

Time = 164

smoothSolver:  Solving for Ux, Initial residual = 0.00928887, Final residual = 0.000786154, No Iterations 5
smoothSolver:  Solving for Uy, Initial residual = 0.0341685, Final residual = 0.00327422, No Iterations 5
GAMG:  Solving for p, Initial residual = 0.0631373, Final residual = 0.00461859, No Iterations 4
time step continuity errors : sum local = 0.396906, global = -0.0641425, cumulative = -0.849432
smoothSolver:  Solving for omega, Initial residual = 0.00338938, Final residual = 0.00013826, No Iterations 2
smoothSolver:  Solving for k, Initial residual = 0.0127784, Final residual = 0.000893524, No Iterations 2
ExecutionTime = 4.63 s  ClockTime = 6 s

Time = 165

smoothSolver:  Solving for Ux, Initial residual = 0.00932811, Final residual = 0.000789206, No Iterations 5
smoothSolver:  Solving for Uy, Initial residual = 0.03453, Final residual = 0.00330208, No Iterations 5
GAMG:  Solving for p, Initial residual = 0.0642494, Final residual = 0.00624117, No Iterations 3
time step continuity errors : sum local = 0.541316, global = 0.0463996, cumulative = -0.803033
smoothSolver:  Solving for omega, Initial residual = 0.00345182, Final residual = 0.000136026, No Iterations 2
smoothSolver:  Solving for k, Initial residual = 0.0126761, Final residual = 0.000886489, No Iterations 2
ExecutionTime = 4.66 s  ClockTime = 6 s

Time = 166

smoothSolver:  Solving for Ux, Initial residual = 0.00947182, Final residual = 0.000800111, No Iterations 5
smoothSolver:  Solving for Uy, Initial residual = 0.0347733, Final residual = 0.00332042, No Iterations 5
GAMG:  Solving for p, Initial residual = 0.0662742, Final residual = 0.00642424, No Iterations 3
time step continuity errors : sum local = 0.558306, global = -0.0208153, cumulative = -0.823848
smoothSolver:  Solving for omega, Initial residual = 0.00351713, Final residual = 0.000139736, No Iterations 2
smoothSolver:  Solving for k, Initial residual = 0.0125497, Final residual = 0.000878981, No Iterations 2
ExecutionTime = 4.68 s  ClockTime = 6 s

Time = 167

smoothSolver:  Solving for Ux, Initial residual = 0.00946447, Final residual = 0.000795373, No Iterations 5
smoothSolver:  Solving for Uy, Initial residual = 0.0355597, Final residual = 0.00337502, No Iterations 5
GAMG:  Solving for p, Initial residual = 0.065598, Final residual = 0.00532761, No Iterations 3
time step continuity errors : sum local = 0.466597, global = 0.0474772, cumulative = -0.776371
smoothSolver:  Solving for omega, Initial residual = 0.00358151, Final residual = 0.000134697, No Iterations 2
smoothSolver:  Solving for k, Initial residual = 0.0125021, Final residual = 0.000873495, No Iterations 2
ExecutionTime = 4.7 s  ClockTime = 6 s

Time = 168

smoothSolver:  Solving for Ux, Initial residual = 0.00951291, Final residual = 0.000803303, No Iterations 5
smoothSolver:  Solving for Uy, Initial residual = 0.0359511, Final residual = 0.0034065, No Iterations 5
GAMG:  Solving for p, Initial residual = 0.0665702, Final residual = 0.00563012, No Iterations 3
time step continuity errors : sum local = 0.499125, global = -0.0647752, cumulative = -0.841146
smoothSolver:  Solving for omega, Initial residual = 0.00347434, Final residual = 0.000134084, No Iterations 2
smoothSolver:  Solving for k, Initial residual = 0.0123773, Final residual = 0.000865561, No Iterations 2
ExecutionTime = 4.72 s  ClockTime = 6 s

Time = 169

smoothSolver:  Solving for Ux, Initial residual = 0.00958453, Final residual = 0.000814134, No Iterations 5
smoothSolver:  Solving for Uy, Initial residual = 0.036183, Final residual = 0.00342192, No Iterations 5
GAMG:  Solving for p, Initial residual = 0.0677832, Final residual = 0.00644048, No Iterations 3
time step continuity errors : sum local = 0.576821, global = 0.0729104, cumulative = -0.768236
smoothSolver:  Solving for omega, Initial residual = 0.00357044, Final residual = 0.000133271, No Iterations 2
smoothSolver:  Solving for k, Initial residual = 0.012339, Final residual = 0.000860247, No Iterations 2
ExecutionTime = 4.76 s  ClockTime = 6 s

Time = 170

smoothSolver:  Solving for Ux, Initial residual = 0.00966363, Final residual = 0.000820148, No Iterations 5
smoothSolver:  Solving for Uy, Initial residual = 0.0365575, Final residual = 0.00344796, No Iterations 5
GAMG:  Solving for p, Initial residual = 0.0690087, Final residual = 0.00455832, No Iterations 4
time step continuity errors : sum local = 0.408292, global = 0.0539366, cumulative = -0.714299
smoothSolver:  Solving for omega, Initial residual = 0.00350819, Final residual = 0.000130703, No Iterations 2
smoothSolver:  Solving for k, Initial residual = 0.0123046, Final residual = 0.000858827, No Iterations 2
ExecutionTime = 4.78 s  ClockTime = 6 s

Time = 171

smoothSolver:  Solving for Ux, Initial residual = 0.00961837, Final residual = 0.000817085, No Iterations 5
smoothSolver:  Solving for Uy, Initial residual = 0.0371961, Final residual = 0.00349881, No Iterations 5
GAMG:  Solving for p, Initial residual = 0.0682053, Final residual = 0.00677011, No Iterations 3
time step continuity errors : sum local = 0.611991, global = -0.0796726, cumulative = -0.793972
smoothSolver:  Solving for omega, Initial residual = 0.00341664, Final residual = 0.000128861, No Iterations 2
smoothSolver:  Solving for k, Initial residual = 0.0122616, Final residual = 0.000855423, No Iterations 2
ExecutionTime = 4.8 s  ClockTime = 6 s

Time = 172

smoothSolver:  Solving for Ux, Initial residual = 0.00967632, Final residual = 0.000828402, No Iterations 5
smoothSolver:  Solving for Uy, Initial residual = 0.03734, Final residual = 0.00351004, No Iterations 5
GAMG:  Solving for p, Initial residual = 0.0690233, Final residual = 0.00478581, No Iterations 4
time step continuity errors : sum local = 0.436426, global = -0.0563767, cumulative = -0.850348
smoothSolver:  Solving for omega, Initial residual = 0.00340373, Final residual = 0.000130539, No Iterations 2
smoothSolver:  Solving for k, Initial residual = 0.0122108, Final residual = 0.000851944, No Iterations 2
ExecutionTime = 4.82 s  ClockTime = 6 s

Time = 173

smoothSolver:  Solving for Ux, Initial residual = 0.00966198, Final residual = 0.000828631, No Iterations 5
smoothSolver:  Solving for Uy, Initial residual = 0.0379601, Final residual = 0.00356618, No Iterations 5
GAMG:  Solving for p, Initial residual = 0.0683907, Final residual = 0.00461247, No Iterations 4
time step continuity errors : sum local = 0.421705, global = -0.0547827, cumulative = -0.905131
smoothSolver:  Solving for omega, Initial residual = 0.00343748, Final residual = 0.000128311, No Iterations 2
smoothSolver:  Solving for k, Initial residual = 0.0121846, Final residual = 0.000851521, No Iterations 2
ExecutionTime = 4.85 s  ClockTime = 6 s

Time = 174

smoothSolver:  Solving for Ux, Initial residual = 0.00967346, Final residual = 0.000837899, No Iterations 5
smoothSolver:  Solving for Uy, Initial residual = 0.0381429, Final residual = 0.0035923, No Iterations 5
GAMG:  Solving for p, Initial residual = 0.0689332, Final residual = 0.00487499, No Iterations 4
time step continuity errors : sum local = 0.44506, global = -0.0570697, cumulative = -0.962201
smoothSolver:  Solving for omega, Initial residual = 0.00341665, Final residual = 0.000125773, No Iterations 2
smoothSolver:  Solving for k, Initial residual = 0.0121619, Final residual = 0.000853861, No Iterations 2
ExecutionTime = 4.87 s  ClockTime = 6 s

Time = 175

smoothSolver:  Solving for Ux, Initial residual = 0.00968961, Final residual = 0.000845584, No Iterations 5
smoothSolver:  Solving for Uy, Initial residual = 0.0384089, Final residual = 0.0036249, No Iterations 5
GAMG:  Solving for p, Initial residual = 0.0695436, Final residual = 0.00521655, No Iterations 4
time step continuity errors : sum local = 0.475102, global = -0.0606182, cumulative = -1.02282
smoothSolver:  Solving for omega, Initial residual = 0.00333831, Final residual = 0.000122607, No Iterations 2
smoothSolver:  Solving for k, Initial residual = 0.0121436, Final residual = 0.000853642, No Iterations 2
ExecutionTime = 4.9 s  ClockTime = 6 s

Time = 176

smoothSolver:  Solving for Ux, Initial residual = 0.00969953, Final residual = 0.000851656, No Iterations 5
smoothSolver:  Solving for Uy, Initial residual = 0.038685, Final residual = 0.00366345, No Iterations 5
GAMG:  Solving for p, Initial residual = 0.0699606, Final residual = 0.00551158, No Iterations 4
time step continuity errors : sum local = 0.500456, global = -0.0638528, cumulative = -1.08667
smoothSolver:  Solving for omega, Initial residual = 0.00335926, Final residual = 0.000120678, No Iterations 2
smoothSolver:  Solving for k, Initial residual = 0.0121188, Final residual = 0.000856899, No Iterations 2
ExecutionTime = 4.93 s  ClockTime = 6 s

Time = 177

smoothSolver:  Solving for Ux, Initial residual = 0.00969511, Final residual = 0.000856593, No Iterations 5
smoothSolver:  Solving for Uy, Initial residual = 0.03897, Final residual = 0.00370515, No Iterations 5
GAMG:  Solving for p, Initial residual = 0.0700861, Final residual = 0.0057429, No Iterations 4
time step continuity errors : sum local = 0.51977, global = -0.0654282, cumulative = -1.1521
smoothSolver:  Solving for omega, Initial residual = 0.00335964, Final residual = 0.000118952, No Iterations 2
smoothSolver:  Solving for k, Initial residual = 0.0120901, Final residual = 0.000858019, No Iterations 2
ExecutionTime = 4.95 s  ClockTime = 6 s

Time = 178

smoothSolver:  Solving for Ux, Initial residual = 0.0096774, Final residual = 0.0008608, No Iterations 5
smoothSolver:  Solving for Uy, Initial residual = 0.039213, Final residual = 0.00374891, No Iterations 5
GAMG:  Solving for p, Initial residual = 0.0699198, Final residual = 0.00590829, No Iterations 4
time step continuity errors : sum local = 0.532625, global = -0.0651257, cumulative = -1.21723
smoothSolver:  Solving for omega, Initial residual = 0.00340823, Final residual = 0.000119056, No Iterations 2
smoothSolver:  Solving for k, Initial residual = 0.012048, Final residual = 0.000861028, No Iterations 2
ExecutionTime = 4.97 s  ClockTime = 6 s

Time = 179

smoothSolver:  Solving for Ux, Initial residual = 0.00965103, Final residual = 0.000864715, No Iterations 5
smoothSolver:  Solving for Uy, Initial residual = 0.0394683, Final residual = 0.00379332, No Iterations 5
GAMG:  Solving for p, Initial residual = 0.0696969, Final residual = 0.00605015, No Iterations 4
time step continuity errors : sum local = 0.542844, global = -0.0637269, cumulative = -1.28095
smoothSolver:  Solving for omega, Initial residual = 0.00339443, Final residual = 0.000118141, No Iterations 2
smoothSolver:  Solving for k, Initial residual = 0.0119879, Final residual = 0.000862521, No Iterations 2
ExecutionTime = 5 s  ClockTime = 6 s

Time = 180

smoothSolver:  Solving for Ux, Initial residual = 0.00962388, Final residual = 0.000867969, No Iterations 5
smoothSolver:  Solving for Uy, Initial residual = 0.0397389, Final residual = 0.00383872, No Iterations 5
GAMG:  Solving for p, Initial residual = 0.0694212, Final residual = 0.00614306, No Iterations 4
time step continuity errors : sum local = 0.548015, global = -0.0620993, cumulative = -1.34305
smoothSolver:  Solving for omega, Initial residual = 0.00345456, Final residual = 0.000118402, No Iterations 2
smoothSolver:  Solving for k, Initial residual = 0.0119337, Final residual = 0.000867633, No Iterations 2
ExecutionTime = 5.02 s  ClockTime = 6 s

Time = 181

smoothSolver:  Solving for Ux, Initial residual = 0.00959829, Final residual = 0.000871079, No Iterations 5
smoothSolver:  Solving for Uy, Initial residual = 0.0400318, Final residual = 0.00388406, No Iterations 5
GAMG:  Solving for p, Initial residual = 0.0692192, Final residual = 0.00624926, No Iterations 4
time step continuity errors : sum local = 0.553243, global = -0.0606152, cumulative = -1.40367
smoothSolver:  Solving for omega, Initial residual = 0.0034291, Final residual = 0.000116923, No Iterations 2
smoothSolver:  Solving for k, Initial residual = 0.0119105, Final residual = 0.00087483, No Iterations 2
ExecutionTime = 5.05 s  ClockTime = 6 s

Time = 182

smoothSolver:  Solving for Ux, Initial residual = 0.00956894, Final residual = 0.00087349, No Iterations 5
smoothSolver:  Solving for Uy, Initial residual = 0.0403488, Final residual = 0.00393003, No Iterations 5
GAMG:  Solving for p, Initial residual = 0.0690257, Final residual = 0.00631092, No Iterations 4
time step continuity errors : sum local = 0.553875, global = -0.0588536, cumulative = -1.46252
smoothSolver:  Solving for omega, Initial residual = 0.00336157, Final residual = 0.000116546, No Iterations 2
smoothSolver:  Solving for k, Initial residual = 0.0118769, Final residual = 0.000881213, No Iterations 2
ExecutionTime = 5.07 s  ClockTime = 7 s

Time = 183

smoothSolver:  Solving for Ux, Initial residual = 0.00953247, Final residual = 0.000874658, No Iterations 5
smoothSolver:  Solving for Uy, Initial residual = 0.0406869, Final residual = 0.00397559, No Iterations 5
GAMG:  Solving for p, Initial residual = 0.0686615, Final residual = 0.0063493, No Iterations 4
time step continuity errors : sum local = 0.553333, global = -0.0574648, cumulative = -1.51999
smoothSolver:  Solving for omega, Initial residual = 0.00337488, Final residual = 0.000115138, No Iterations 2
smoothSolver:  Solving for k, Initial residual = 0.0118246, Final residual = 0.000887379, No Iterations 2
ExecutionTime = 5.09 s  ClockTime = 7 s

Time = 184

smoothSolver:  Solving for Ux, Initial residual = 0.00949268, Final residual = 0.000875659, No Iterations 5
smoothSolver:  Solving for Uy, Initial residual = 0.0410269, Final residual = 0.00401847, No Iterations 5
GAMG:  Solving for p, Initial residual = 0.068466, Final residual = 0.0063935, No Iterations 4
time step continuity errors : sum local = 0.552042, global = -0.0563334, cumulative = -1.57632
smoothSolver:  Solving for omega, Initial residual = 0.00339423, Final residual = 0.000118829, No Iterations 2
smoothSolver:  Solving for k, Initial residual = 0.0118271, Final residual = 0.000899192, No Iterations 2
ExecutionTime = 5.12 s  ClockTime = 7 s

Time = 185

smoothSolver:  Solving for Ux, Initial residual = 0.00944857, Final residual = 0.000875992, No Iterations 5
smoothSolver:  Solving for Uy, Initial residual = 0.0413572, Final residual = 0.00405698, No Iterations 5
GAMG:  Solving for p, Initial residual = 0.068027, Final residual = 0.00642102, No Iterations 4
time step continuity errors : sum local = 0.549173, global = -0.0549249, cumulative = -1.63124
smoothSolver:  Solving for omega, Initial residual = 0.00345357, Final residual = 0.000116052, No Iterations 2
smoothSolver:  Solving for k, Initial residual = 0.0118275, Final residual = 0.000910164, No Iterations 2
ExecutionTime = 5.15 s  ClockTime = 7 s

Time = 186

smoothSolver:  Solving for Ux, Initial residual = 0.00939967, Final residual = 0.000876097, No Iterations 5
smoothSolver:  Solving for Uy, Initial residual = 0.0416616, Final residual = 0.00409228, No Iterations 5
GAMG:  Solving for p, Initial residual = 0.0674701, Final residual = 0.00643078, No Iterations 4
time step continuity errors : sum local = 0.544739, global = -0.0527878, cumulative = -1.68403
smoothSolver:  Solving for omega, Initial residual = 0.00346365, Final residual = 0.000120312, No Iterations 2
smoothSolver:  Solving for k, Initial residual = 0.0117643, Final residual = 0.000916316, No Iterations 2
ExecutionTime = 5.17 s  ClockTime = 7 s

Time = 187

smoothSolver:  Solving for Ux, Initial residual = 0.00935229, Final residual = 0.000875705, No Iterations 5
smoothSolver:  Solving for Uy, Initial residual = 0.0419329, Final residual = 0.00412565, No Iterations 5
GAMG:  Solving for p, Initial residual = 0.0668707, Final residual = 0.00639409, No Iterations 4
time step continuity errors : sum local = 0.536118, global = -0.0500837, cumulative = -1.73412
smoothSolver:  Solving for omega, Initial residual = 0.00357773, Final residual = 0.000119603, No Iterations 2
smoothSolver:  Solving for k, Initial residual = 0.0117309, Final residual = 0.000923299, No Iterations 2
ExecutionTime = 5.2 s  ClockTime = 7 s

Time = 188

smoothSolver:  Solving for Ux, Initial residual = 0.00930434, Final residual = 0.000875595, No Iterations 5
smoothSolver:  Solving for Uy, Initial residual = 0.0421819, Final residual = 0.00416181, No Iterations 5
GAMG:  Solving for p, Initial residual = 0.0661805, Final residual = 0.00641883, No Iterations 4
time step continuity errors : sum local = 0.532437, global = -0.0475341, cumulative = -1.78165
smoothSolver:  Solving for omega, Initial residual = 0.00354749, Final residual = 0.000121398, No Iterations 2
smoothSolver:  Solving for k, Initial residual = 0.011687, Final residual = 0.00092631, No Iterations 2
ExecutionTime = 5.22 s  ClockTime = 7 s

Time = 189

smoothSolver:  Solving for Ux, Initial residual = 0.00925887, Final residual = 0.000875642, No Iterations 5
smoothSolver:  Solving for Uy, Initial residual = 0.0425647, Final residual = 0.00420295, No Iterations 5
GAMG:  Solving for p, Initial residual = 0.0652997, Final residual = 0.00469586, No Iterations 5
time step continuity errors : sum local = 0.385098, global = 0.0314022, cumulative = -1.75025
smoothSolver:  Solving for omega, Initial residual = 0.0035593, Final residual = 0.000119706, No Iterations 2
smoothSolver:  Solving for k, Initial residual = 0.0116711, Final residual = 0.000934649, No Iterations 2
ExecutionTime = 5.24 s  ClockTime = 7 s

Time = 190

smoothSolver:  Solving for Ux, Initial residual = 0.0092205, Final residual = 0.000873195, No Iterations 5
smoothSolver:  Solving for Uy, Initial residual = 0.0431425, Final residual = 0.00426019, No Iterations 5
GAMG:  Solving for p, Initial residual = 0.063999, Final residual = 0.00558322, No Iterations 4
time step continuity errors : sum local = 0.450503, global = -0.0327495, cumulative = -1.783
smoothSolver:  Solving for omega, Initial residual = 0.00354363, Final residual = 0.000124583, No Iterations 2
smoothSolver:  Solving for k, Initial residual = 0.0115993, Final residual = 0.000934261, No Iterations 2
ExecutionTime = 5.27 s  ClockTime = 7 s

Time = 191

smoothSolver:  Solving for Ux, Initial residual = 0.00918482, Final residual = 0.000876019, No Iterations 5
smoothSolver:  Solving for Uy, Initial residual = 0.0435824, Final residual = 0.00430409, No Iterations 5
GAMG:  Solving for p, Initial residual = 0.0637366, Final residual = 0.00472792, No Iterations 5
time step continuity errors : sum local = 0.376943, global = 0.0286248, cumulative = -1.75437
smoothSolver:  Solving for omega, Initial residual = 0.0036206, Final residual = 0.000121686, No Iterations 2
smoothSolver:  Solving for k, Initial residual = 0.0115532, Final residual = 0.00093799, No Iterations 2
ExecutionTime = 5.3 s  ClockTime = 7 s

Time = 192

smoothSolver:  Solving for Ux, Initial residual = 0.00916031, Final residual = 0.000875698, No Iterations 5
smoothSolver:  Solving for Uy, Initial residual = 0.0441829, Final residual = 0.00436252, No Iterations 5
GAMG:  Solving for p, Initial residual = 0.0628306, Final residual = 0.00583883, No Iterations 4
time step continuity errors : sum local = 0.458687, global = -0.0325472, cumulative = -1.78692
smoothSolver:  Solving for omega, Initial residual = 0.00362771, Final residual = 0.000121879, No Iterations 2
smoothSolver:  Solving for k, Initial residual = 0.0114803, Final residual = 0.000937022, No Iterations 2
ExecutionTime = 5.32 s  ClockTime = 7 s

Time = 193

smoothSolver:  Solving for Ux, Initial residual = 0.00912543, Final residual = 0.000876016, No Iterations 5
smoothSolver:  Solving for Uy, Initial residual = 0.0447847, Final residual = 0.00442616, No Iterations 5
GAMG:  Solving for p, Initial residual = 0.062572, Final residual = 0.00499839, No Iterations 5
time step continuity errors : sum local = 0.387806, global = 0.0296029, cumulative = -1.75732
smoothSolver:  Solving for omega, Initial residual = 0.00349122, Final residual = 0.000125814, No Iterations 2
smoothSolver:  Solving for k, Initial residual = 0.0113833, Final residual = 0.000933051, No Iterations 2
ExecutionTime = 5.35 s  ClockTime = 7 s

Time = 194

smoothSolver:  Solving for Ux, Initial residual = 0.00908678, Final residual = 0.000874035, No Iterations 5
smoothSolver:  Solving for Uy, Initial residual = 0.0454333, Final residual = 0.00449545, No Iterations 5
GAMG:  Solving for p, Initial residual = 0.0620102, Final residual = 0.00618279, No Iterations 4
time step continuity errors : sum local = 0.47209, global = -0.0313981, cumulative = -1.78871
smoothSolver:  Solving for omega, Initial residual = 0.00355423, Final residual = 0.000126723, No Iterations 2
smoothSolver:  Solving for k, Initial residual = 0.0113285, Final residual = 0.000932185, No Iterations 2
ExecutionTime = 5.37 s  ClockTime = 7 s

Time = 195

smoothSolver:  Solving for Ux, Initial residual = 0.00904922, Final residual = 0.000872494, No Iterations 5
smoothSolver:  Solving for Uy, Initial residual = 0.0461889, Final residual = 0.00457426, No Iterations 5
GAMG:  Solving for p, Initial residual = 0.0622601, Final residual = 0.00519938, No Iterations 5
time step continuity errors : sum local = 0.39133, global = 0.0290549, cumulative = -1.75966
smoothSolver:  Solving for omega, Initial residual = 0.00352137, Final residual = 0.000126708, No Iterations 2
smoothSolver:  Solving for k, Initial residual = 0.0112444, Final residual = 0.000927453, No Iterations 2
ExecutionTime = 5.4 s  ClockTime = 7 s

Time = 196

smoothSolver:  Solving for Ux, Initial residual = 0.00900618, Final residual = 0.000869736, No Iterations 5
smoothSolver:  Solving for Uy, Initial residual = 0.046952, Final residual = 0.00465163, No Iterations 5
GAMG:  Solving for p, Initial residual = 0.0621621, Final residual = 0.00466597, No Iterations 5
time step continuity errors : sum local = 0.344716, global = 0.0225075, cumulative = -1.73715
smoothSolver:  Solving for omega, Initial residual = 0.00346888, Final residual = 0.000125962, No Iterations 2
smoothSolver:  Solving for k, Initial residual = 0.0111933, Final residual = 0.000926052, No Iterations 2
ExecutionTime = 5.43 s  ClockTime = 7 s

Time = 197

smoothSolver:  Solving for Ux, Initial residual = 0.00895184, Final residual = 0.000864887, No Iterations 5
smoothSolver:  Solving for Uy, Initial residual = 0.0479299, Final residual = 0.0047495, No Iterations 5
GAMG:  Solving for p, Initial residual = 0.0624094, Final residual = 0.00449412, No Iterations 5
time step continuity errors : sum local = 0.32603, global = 0.0193347, cumulative = -1.71782
smoothSolver:  Solving for omega, Initial residual = 0.00346611, Final residual = 0.000126833, No Iterations 2
smoothSolver:  Solving for k, Initial residual = 0.0111233, Final residual = 0.000921348, No Iterations 2
ExecutionTime = 5.46 s  ClockTime = 7 s

Time = 198

smoothSolver:  Solving for Ux, Initial residual = 0.00890761, Final residual = 0.000861041, No Iterations 5
smoothSolver:  Solving for Uy, Initial residual = 0.0486959, Final residual = 0.00482765, No Iterations 5
GAMG:  Solving for p, Initial residual = 0.062686, Final residual = 0.00625973, No Iterations 4
time step continuity errors : sum local = 0.445358, global = -0.0254597, cumulative = -1.74328
smoothSolver:  Solving for omega, Initial residual = 0.00349298, Final residual = 0.000128319, No Iterations 2
smoothSolver:  Solving for k, Initial residual = 0.0110876, Final residual = 0.000920429, No Iterations 2
ExecutionTime = 5.48 s  ClockTime = 7 s

Time = 199

smoothSolver:  Solving for Ux, Initial residual = 0.00888118, Final residual = 0.000857777, No Iterations 5
smoothSolver:  Solving for Uy, Initial residual = 0.0493802, Final residual = 0.00489936, No Iterations 5
GAMG:  Solving for p, Initial residual = 0.0633611, Final residual = 0.00532007, No Iterations 5
time step continuity errors : sum local = 0.372275, global = 0.0238698, cumulative = -1.71941
smoothSolver:  Solving for omega, Initial residual = 0.00354984, Final residual = 0.000130636, No Iterations 2
smoothSolver:  Solving for k, Initial residual = 0.0110166, Final residual = 0.000916169, No Iterations 2
ExecutionTime = 5.51 s  ClockTime = 7 s

Time = 200

smoothSolver:  Solving for Ux, Initial residual = 0.00880937, Final residual = 0.000850097, No Iterations 5
smoothSolver:  Solving for Uy, Initial residual = 0.0502739, Final residual = 0.00498988, No Iterations 5
GAMG:  Solving for p, Initial residual = 0.063437, Final residual = 0.00484185, No Iterations 5
time step continuity errors : sum local = 0.331614, global = 0.0194282, cumulative = -1.69998
smoothSolver:  Solving for omega, Initial residual = 0.00355396, Final residual = 0.000134108, No Iterations 2
smoothSolver:  Solving for k, Initial residual = 0.0109489, Final residual = 0.000912632, No Iterations 2
ExecutionTime = 5.61 s  ClockTime = 7 s

streamLine streamlines write:
    seeded 10 particles
    Tracks:10
    Total samples:12459
Time = 201

smoothSolver:  Solving for Ux, Initial residual = 0.00872879, Final residual = 0.000840246, No Iterations 5
smoothSolver:  Solving for Uy, Initial residual = 0.0512362, Final residual = 0.0050888, No Iterations 5
GAMG:  Solving for p, Initial residual = 0.0632032, Final residual = 0.0060067, No Iterations 4
time step continuity errors : sum local = 0.403564, global = -0.0261713, cumulative = -1.72615
smoothSolver:  Solving for omega, Initial residual = 0.00360744, Final residual = 0.000133036, No Iterations 2
smoothSolver:  Solving for k, Initial residual = 0.0108826, Final residual = 0.000907498, No Iterations 2
ExecutionTime = 5.66 s  ClockTime = 7 s

Time = 202

smoothSolver:  Solving for Ux, Initial residual = 0.00867575, Final residual = 0.000833492, No Iterations 5
smoothSolver:  Solving for Uy, Initial residual = 0.0517491, Final residual = 0.00514933, No Iterations 5
GAMG:  Solving for p, Initial residual = 0.0635346, Final residual = 0.00504759, No Iterations 5
time step continuity errors : sum local = 0.333422, global = 0.0222427, cumulative = -1.70391
smoothSolver:  Solving for omega, Initial residual = 0.00357922, Final residual = 0.000131032, No Iterations 2
smoothSolver:  Solving for k, Initial residual = 0.010813, Final residual = 0.000899101, No Iterations 2
ExecutionTime = 5.68 s  ClockTime = 7 s

Time = 203

smoothSolver:  Solving for Ux, Initial residual = 0.00857353, Final residual = 0.00082281, No Iterations 5
smoothSolver:  Solving for Uy, Initial residual = 0.0524928, Final residual = 0.00523319, No Iterations 5
GAMG:  Solving for p, Initial residual = 0.0631487, Final residual = 0.0059528, No Iterations 4
time step continuity errors : sum local = 0.385949, global = -0.0275927, cumulative = -1.7315
smoothSolver:  Solving for omega, Initial residual = 0.00349624, Final residual = 0.000131076, No Iterations 2
smoothSolver:  Solving for k, Initial residual = 0.0107137, Final residual = 0.000886531, No Iterations 2
ExecutionTime = 5.71 s  ClockTime = 7 s

Time = 204

smoothSolver:  Solving for Ux, Initial residual = 0.00849533, Final residual = 0.000813084, No Iterations 5
smoothSolver:  Solving for Uy, Initial residual = 0.0530348, Final residual = 0.00530325, No Iterations 5
GAMG:  Solving for p, Initial residual = 0.0631114, Final residual = 0.00477051, No Iterations 5
time step continuity errors : sum local = 0.30514, global = 0.0223043, cumulative = -1.7092
smoothSolver:  Solving for omega, Initial residual = 0.00348914, Final residual = 0.000130717, No Iterations 2
smoothSolver:  Solving for k, Initial residual = 0.0106257, Final residual = 0.000875187, No Iterations 2
ExecutionTime = 5.73 s  ClockTime = 7 s

Time = 205

smoothSolver:  Solving for Ux, Initial residual = 0.00837559, Final residual = 0.000800698, No Iterations 5
smoothSolver:  Solving for Uy, Initial residual = 0.0536952, Final residual = 0.00345014, No Iterations 6
GAMG:  Solving for p, Initial residual = 0.063035, Final residual = 0.00554094, No Iterations 4
time step continuity errors : sum local = 0.348886, global = -0.0256418, cumulative = -1.73484
smoothSolver:  Solving for omega, Initial residual = 0.00348654, Final residual = 0.000132047, No Iterations 2
smoothSolver:  Solving for k, Initial residual = 0.0105263, Final residual = 0.000861635, No Iterations 2
ExecutionTime = 5.75 s  ClockTime = 8 s

Time = 206

smoothSolver:  Solving for Ux, Initial residual = 0.00831909, Final residual = 0.000792982, No Iterations 5
smoothSolver:  Solving for Uy, Initial residual = 0.0532892, Final residual = 0.0034374, No Iterations 6
GAMG:  Solving for p, Initial residual = 0.0625057, Final residual = 0.0059299, No Iterations 4
time step continuity errors : sum local = 0.368758, global = -0.0345558, cumulative = -1.76939
smoothSolver:  Solving for omega, Initial residual = 0.00349708, Final residual = 0.00013285, No Iterations 2
smoothSolver:  Solving for k, Initial residual = 0.0104189, Final residual = 0.000849103, No Iterations 2
ExecutionTime = 5.79 s  ClockTime = 8 s

Time = 207

smoothSolver:  Solving for Ux, Initial residual = 0.00821572, Final residual = 0.000782782, No Iterations 5
smoothSolver:  Solving for Uy, Initial residual = 0.053103, Final residual = 0.00346211, No Iterations 6
GAMG:  Solving for p, Initial residual = 0.0617049, Final residual = 0.00598416, No Iterations 4
time step continuity errors : sum local = 0.367471, global = -0.0370034, cumulative = -1.8064
smoothSolver:  Solving for omega, Initial residual = 0.00348015, Final residual = 0.000131432, No Iterations 2
smoothSolver:  Solving for k, Initial residual = 0.0103013, Final residual = 0.000835765, No Iterations 2
ExecutionTime = 5.81 s  ClockTime = 8 s

Time = 208

smoothSolver:  Solving for Ux, Initial residual = 0.00808843, Final residual = 0.000770028, No Iterations 5
smoothSolver:  Solving for Uy, Initial residual = 0.0534175, Final residual = 0.00352616, No Iterations 6
GAMG:  Solving for p, Initial residual = 0.0604771, Final residual = 0.00577005, No Iterations 4
time step continuity errors : sum local = 0.349385, global = -0.0357452, cumulative = -1.84214
smoothSolver:  Solving for omega, Initial residual = 0.00346967, Final residual = 0.000132556, No Iterations 2
smoothSolver:  Solving for k, Initial residual = 0.0101751, Final residual = 0.000819943, No Iterations 2
ExecutionTime = 5.84 s  ClockTime = 8 s

Time = 209

smoothSolver:  Solving for Ux, Initial residual = 0.00795699, Final residual = 0.000757266, No Iterations 5
smoothSolver:  Solving for Uy, Initial residual = 0.0539183, Final residual = 0.00359079, No Iterations 6
GAMG:  Solving for p, Initial residual = 0.0596205, Final residual = 0.00533889, No Iterations 4
time step continuity errors : sum local = 0.3186, global = -0.0326137, cumulative = -1.87476
smoothSolver:  Solving for omega, Initial residual = 0.00345782, Final residual = 0.000129637, No Iterations 2
smoothSolver:  Solving for k, Initial residual = 0.0100336, Final residual = 0.000803303, No Iterations 2
ExecutionTime = 5.87 s  ClockTime = 8 s

Time = 210

smoothSolver:  Solving for Ux, Initial residual = 0.00782003, Final residual = 0.000745684, No Iterations 5
smoothSolver:  Solving for Uy, Initial residual = 0.0544425, Final residual = 0.00364329, No Iterations 6
GAMG:  Solving for p, Initial residual = 0.0591527, Final residual = 0.00481013, No Iterations 4
time step continuity errors : sum local = 0.282675, global = -0.0286674, cumulative = -1.90342
smoothSolver:  Solving for omega, Initial residual = 0.00327321, Final residual = 0.000126419, No Iterations 2
smoothSolver:  Solving for k, Initial residual = 0.00988684, Final residual = 0.000788925, No Iterations 2
ExecutionTime = 5.89 s  ClockTime = 8 s

Time = 211

smoothSolver:  Solving for Ux, Initial residual = 0.00768355, Final residual = 0.000734862, No Iterations 5
smoothSolver:  Solving for Uy, Initial residual = 0.0551267, Final residual = 0.00367948, No Iterations 6
GAMG:  Solving for p, Initial residual = 0.0590168, Final residual = 0.00435484, No Iterations 4
time step continuity errors : sum local = 0.252329, global = -0.024324, cumulative = -1.92775
smoothSolver:  Solving for omega, Initial residual = 0.00329851, Final residual = 0.000123456, No Iterations 2
smoothSolver:  Solving for k, Initial residual = 0.00972091, Final residual = 0.000773108, No Iterations 2
ExecutionTime = 5.92 s  ClockTime = 8 s

Time = 212

smoothSolver:  Solving for Ux, Initial residual = 0.00755101, Final residual = 0.000725377, No Iterations 5
smoothSolver:  Solving for Uy, Initial residual = 0.055707, Final residual = 0.00370059, No Iterations 6
GAMG:  Solving for p, Initial residual = 0.0585836, Final residual = 0.00576231, No Iterations 3
time step continuity errors : sum local = 0.329141, global = 0.0313641, cumulative = -1.89638
smoothSolver:  Solving for omega, Initial residual = 0.00316206, Final residual = 0.000127688, No Iterations 2
smoothSolver:  Solving for k, Initial residual = 0.00954136, Final residual = 0.00076027, No Iterations 2
ExecutionTime = 5.95 s  ClockTime = 8 s

Time = 213

smoothSolver:  Solving for Ux, Initial residual = 0.00743515, Final residual = 0.000718279, No Iterations 5
smoothSolver:  Solving for Uy, Initial residual = 0.0561065, Final residual = 0.00370005, No Iterations 6
GAMG:  Solving for p, Initial residual = 0.0593315, Final residual = 0.00586333, No Iterations 3
time step continuity errors : sum local = 0.328999, global = -0.0255216, cumulative = -1.9219
smoothSolver:  Solving for omega, Initial residual = 0.00324565, Final residual = 0.000122535, No Iterations 2
smoothSolver:  Solving for k, Initial residual = 0.0093721, Final residual = 0.000746894, No Iterations 2
ExecutionTime = 5.98 s  ClockTime = 8 s

Time = 214

smoothSolver:  Solving for Ux, Initial residual = 0.00730398, Final residual = 0.000710802, No Iterations 5
smoothSolver:  Solving for Uy, Initial residual = 0.0568521, Final residual = 0.00370309, No Iterations 6
GAMG:  Solving for p, Initial residual = 0.0584084, Final residual = 0.00539055, No Iterations 3
time step continuity errors : sum local = 0.298447, global = 0.0313664, cumulative = -1.89054
smoothSolver:  Solving for omega, Initial residual = 0.0030608, Final residual = 0.000121365, No Iterations 2
smoothSolver:  Solving for k, Initial residual = 0.00919466, Final residual = 0.000737638, No Iterations 2
ExecutionTime = 6.01 s  ClockTime = 8 s

Time = 215

smoothSolver:  Solving for Ux, Initial residual = 0.00718933, Final residual = 0.000704599, No Iterations 5
smoothSolver:  Solving for Uy, Initial residual = 0.0572715, Final residual = 0.00368088, No Iterations 6
GAMG:  Solving for p, Initial residual = 0.0585245, Final residual = 0.0053153, No Iterations 3
time step continuity errors : sum local = 0.290272, global = -0.0218428, cumulative = -1.91238
smoothSolver:  Solving for omega, Initial residual = 0.00294228, Final residual = 0.000121536, No Iterations 2
smoothSolver:  Solving for k, Initial residual = 0.00900105, Final residual = 0.000726915, No Iterations 2
ExecutionTime = 6.03 s  ClockTime = 8 s

Time = 216

smoothSolver:  Solving for Ux, Initial residual = 0.0070727, Final residual = 0.000697458, No Iterations 5
smoothSolver:  Solving for Uy, Initial residual = 0.0574708, Final residual = 0.0057409, No Iterations 5
GAMG:  Solving for p, Initial residual = 0.0574866, Final residual = 0.00497259, No Iterations 3
time step continuity errors : sum local = 0.270574, global = 0.0212578, cumulative = -1.89112
smoothSolver:  Solving for omega, Initial residual = 0.00278169, Final residual = 0.000118291, No Iterations 2
smoothSolver:  Solving for k, Initial residual = 0.00880197, Final residual = 0.000717594, No Iterations 2
ExecutionTime = 6.06 s  ClockTime = 8 s

Time = 217

smoothSolver:  Solving for Ux, Initial residual = 0.00695523, Final residual = 0.000688566, No Iterations 5
smoothSolver:  Solving for Uy, Initial residual = 0.0581848, Final residual = 0.00576537, No Iterations 5
GAMG:  Solving for p, Initial residual = 0.0578382, Final residual = 0.00498056, No Iterations 3
time step continuity errors : sum local = 0.268414, global = -0.00676325, cumulative = -1.89789
smoothSolver:  Solving for omega, Initial residual = 0.00267297, Final residual = 0.000121125, No Iterations 2
smoothSolver:  Solving for k, Initial residual = 0.00860844, Final residual = 0.000710618, No Iterations 2
ExecutionTime = 6.08 s  ClockTime = 8 s

Time = 218

smoothSolver:  Solving for Ux, Initial residual = 0.00683938, Final residual = 0.000676438, No Iterations 5
smoothSolver:  Solving for Uy, Initial residual = 0.058448, Final residual = 0.00574407, No Iterations 5
GAMG:  Solving for p, Initial residual = 0.0562606, Final residual = 0.0049484, No Iterations 3
time step continuity errors : sum local = 0.266546, global = 0.0183148, cumulative = -1.87957
smoothSolver:  Solving for omega, Initial residual = 0.00257936, Final residual = 0.000118714, No Iterations 2
smoothSolver:  Solving for k, Initial residual = 0.00839441, Final residual = 0.00070204, No Iterations 2
ExecutionTime = 6.11 s  ClockTime = 8 s

Time = 219

smoothSolver:  Solving for Ux, Initial residual = 0.00675446, Final residual = 0.000666991, No Iterations 5
smoothSolver:  Solving for Uy, Initial residual = 0.0575422, Final residual = 0.0056168, No Iterations 5
GAMG:  Solving for p, Initial residual = 0.0566058, Final residual = 0.00520587, No Iterations 3
time step continuity errors : sum local = 0.280579, global = 0.0114749, cumulative = -1.8681
smoothSolver:  Solving for omega, Initial residual = 0.0025352, Final residual = 0.000117461, No Iterations 2
smoothSolver:  Solving for k, Initial residual = 0.00820885, Final residual = 0.000703773, No Iterations 2
ExecutionTime = 6.14 s  ClockTime = 8 s

Time = 220

smoothSolver:  Solving for Ux, Initial residual = 0.00664791, Final residual = 0.000653099, No Iterations 5
smoothSolver:  Solving for Uy, Initial residual = 0.0566752, Final residual = 0.00549082, No Iterations 5
GAMG:  Solving for p, Initial residual = 0.0553312, Final residual = 0.00547135, No Iterations 3
time step continuity errors : sum local = 0.295015, global = 0.0192397, cumulative = -1.84886
smoothSolver:  Solving for omega, Initial residual = 0.00250046, Final residual = 0.000118064, No Iterations 2
smoothSolver:  Solving for k, Initial residual = 0.00802016, Final residual = 0.000699573, No Iterations 2
ExecutionTime = 6.16 s  ClockTime = 8 s

Time = 221

smoothSolver:  Solving for Ux, Initial residual = 0.00655455, Final residual = 0.000641149, No Iterations 5
smoothSolver:  Solving for Uy, Initial residual = 0.0552868, Final residual = 0.00532027, No Iterations 5
GAMG:  Solving for p, Initial residual = 0.0549975, Final residual = 0.00397277, No Iterations 4
time step continuity errors : sum local = 0.214413, global = -0.0155863, cumulative = -1.86444
smoothSolver:  Solving for omega, Initial residual = 0.00245073, Final residual = 0.00011851, No Iterations 2
smoothSolver:  Solving for k, Initial residual = 0.00781589, Final residual = 0.000684408, No Iterations 2
ExecutionTime = 6.19 s  ClockTime = 8 s

Time = 222

smoothSolver:  Solving for Ux, Initial residual = 0.00644035, Final residual = 0.000626523, No Iterations 5
smoothSolver:  Solving for Uy, Initial residual = 0.0541063, Final residual = 0.00516659, No Iterations 5
GAMG:  Solving for p, Initial residual = 0.0539372, Final residual = 0.00447094, No Iterations 4
time step continuity errors : sum local = 0.242561, global = -0.0206702, cumulative = -1.88511
smoothSolver:  Solving for omega, Initial residual = 0.00240666, Final residual = 0.000113049, No Iterations 2
smoothSolver:  Solving for k, Initial residual = 0.00761905, Final residual = 0.000678957, No Iterations 2
ExecutionTime = 6.21 s  ClockTime = 8 s

Time = 223

smoothSolver:  Solving for Ux, Initial residual = 0.00634005, Final residual = 0.000613815, No Iterations 5
smoothSolver:  Solving for Uy, Initial residual = 0.0525654, Final residual = 0.00496873, No Iterations 5
GAMG:  Solving for p, Initial residual = 0.0540332, Final residual = 0.00506253, No Iterations 4
time step continuity errors : sum local = 0.275872, global = -0.0248575, cumulative = -1.90997
smoothSolver:  Solving for omega, Initial residual = 0.00229748, Final residual = 0.000111397, No Iterations 2
smoothSolver:  Solving for k, Initial residual = 0.00743258, Final residual = 0.000677743, No Iterations 2
ExecutionTime = 6.23 s  ClockTime = 8 s

Time = 224

smoothSolver:  Solving for Ux, Initial residual = 0.00622344, Final residual = 0.000597847, No Iterations 5
smoothSolver:  Solving for Uy, Initial residual = 0.0511774, Final residual = 0.00477567, No Iterations 5
GAMG:  Solving for p, Initial residual = 0.0541582, Final residual = 0.00538505, No Iterations 4
time step continuity errors : sum local = 0.293728, global = -0.0260705, cumulative = -1.93604
smoothSolver:  Solving for omega, Initial residual = 0.00213906, Final residual = 0.000106683, No Iterations 2
smoothSolver:  Solving for k, Initial residual = 0.00725364, Final residual = 0.000681066, No Iterations 2
ExecutionTime = 6.26 s  ClockTime = 8 s

Time = 225

smoothSolver:  Solving for Ux, Initial residual = 0.00609648, Final residual = 0.000580111, No Iterations 5
smoothSolver:  Solving for Uy, Initial residual = 0.0499535, Final residual = 0.00459408, No Iterations 5
GAMG:  Solving for p, Initial residual = 0.0544826, Final residual = 0.00484298, No Iterations 5
time step continuity errors : sum local = 0.263983, global = 0.0337536, cumulative = -1.90229
smoothSolver:  Solving for omega, Initial residual = 0.00208307, Final residual = 0.000102356, No Iterations 2
smoothSolver:  Solving for k, Initial residual = 0.00706714, Final residual = 0.00067717, No Iterations 2
ExecutionTime = 6.28 s  ClockTime = 8 s

Time = 226

smoothSolver:  Solving for Ux, Initial residual = 0.00596188, Final residual = 0.000558966, No Iterations 5
smoothSolver:  Solving for Uy, Initial residual = 0.0491421, Final residual = 0.0044509, No Iterations 5
GAMG:  Solving for p, Initial residual = 0.0546512, Final residual = 0.0049327, No Iterations 4
time step continuity errors : sum local = 0.266282, global = -0.0184517, cumulative = -1.92074
smoothSolver:  Solving for omega, Initial residual = 0.00201954, Final residual = 0.00010217, No Iterations 2
smoothSolver:  Solving for k, Initial residual = 0.00684281, Final residual = 0.000671674, No Iterations 2
ExecutionTime = 6.31 s  ClockTime = 8 s

Time = 227

smoothSolver:  Solving for Ux, Initial residual = 0.0058377, Final residual = 0.000542604, No Iterations 5
smoothSolver:  Solving for Uy, Initial residual = 0.0478838, Final residual = 0.00430819, No Iterations 5
GAMG:  Solving for p, Initial residual = 0.0552045, Final residual = 0.00491266, No Iterations 5
time step continuity errors : sum local = 0.266549, global = 0.0303581, cumulative = -1.89038
smoothSolver:  Solving for omega, Initial residual = 0.00201276, Final residual = 9.86108e-05, No Iterations 2
smoothSolver:  Solving for k, Initial residual = 0.00665779, Final residual = 0.000326559, No Iterations 3
ExecutionTime = 6.33 s  ClockTime = 8 s

Time = 228

smoothSolver:  Solving for Ux, Initial residual = 0.00568234, Final residual = 0.000517798, No Iterations 5
smoothSolver:  Solving for Uy, Initial residual = 0.0468432, Final residual = 0.00416597, No Iterations 5
GAMG:  Solving for p, Initial residual = 0.0562123, Final residual = 0.0050309, No Iterations 4
time step continuity errors : sum local = 0.271397, global = -0.0188416, cumulative = -1.90922
smoothSolver:  Solving for omega, Initial residual = 0.00191981, Final residual = 0.000101541, No Iterations 2
smoothSolver:  Solving for k, Initial residual = 0.00644838, Final residual = 0.000330274, No Iterations 3
ExecutionTime = 6.36 s  ClockTime = 8 s

Time = 229

smoothSolver:  Solving for Ux, Initial residual = 0.00552558, Final residual = 0.000496313, No Iterations 5
smoothSolver:  Solving for Uy, Initial residual = 0.0454961, Final residual = 0.0040667, No Iterations 5
GAMG:  Solving for p, Initial residual = 0.0574265, Final residual = 0.00539823, No Iterations 4
time step continuity errors : sum local = 0.291056, global = -0.0216307, cumulative = -1.93085
smoothSolver:  Solving for omega, Initial residual = 0.0019485, Final residual = 9.66487e-05, No Iterations 2
smoothSolver:  Solving for k, Initial residual = 0.00624256, Final residual = 0.000336664, No Iterations 3
ExecutionTime = 6.4 s  ClockTime = 8 s

Time = 230

smoothSolver:  Solving for Ux, Initial residual = 0.00534216, Final residual = 0.000469785, No Iterations 5
smoothSolver:  Solving for Uy, Initial residual = 0.0440414, Final residual = 0.00397713, No Iterations 5
GAMG:  Solving for p, Initial residual = 0.0594055, Final residual = 0.00525689, No Iterations 4
time step continuity errors : sum local = 0.280898, global = -0.0234062, cumulative = -1.95426
smoothSolver:  Solving for omega, Initial residual = 0.00180661, Final residual = 9.01415e-05, No Iterations 2
smoothSolver:  Solving for k, Initial residual = 0.00603453, Final residual = 0.000333203, No Iterations 3
ExecutionTime = 6.42 s  ClockTime = 8 s

Time = 231

smoothSolver:  Solving for Ux, Initial residual = 0.00513252, Final residual = 0.000439832, No Iterations 5
smoothSolver:  Solving for Uy, Initial residual = 0.0423894, Final residual = 0.00391719, No Iterations 5
GAMG:  Solving for p, Initial residual = 0.0615879, Final residual = 0.00480888, No Iterations 4
time step continuity errors : sum local = 0.253861, global = -0.0151189, cumulative = -1.96938
smoothSolver:  Solving for omega, Initial residual = 0.00177183, Final residual = 8.50899e-05, No Iterations 2
smoothSolver:  Solving for k, Initial residual = 0.00583712, Final residual = 0.000337257, No Iterations 3
ExecutionTime = 6.44 s  ClockTime = 8 s

Time = 232

smoothSolver:  Solving for Ux, Initial residual = 0.00489312, Final residual = 0.000405184, No Iterations 5
smoothSolver:  Solving for Uy, Initial residual = 0.0405146, Final residual = 0.00386643, No Iterations 5
GAMG:  Solving for p, Initial residual = 0.0575686, Final residual = 0.00485057, No Iterations 4
time step continuity errors : sum local = 0.240357, global = 0.0195681, cumulative = -1.94981
smoothSolver:  Solving for omega, Initial residual = 0.00164311, Final residual = 7.60877e-05, No Iterations 2
smoothSolver:  Solving for k, Initial residual = 0.00566332, Final residual = 0.000335853, No Iterations 3
ExecutionTime = 6.46 s  ClockTime = 8 s

Time = 233

smoothSolver:  Solving for Ux, Initial residual = 0.00463681, Final residual = 0.00037747, No Iterations 5
smoothSolver:  Solving for Uy, Initial residual = 0.0380116, Final residual = 0.0036669, No Iterations 5
GAMG:  Solving for p, Initial residual = 0.0538748, Final residual = 0.00534739, No Iterations 4
time step continuity errors : sum local = 0.246885, global = 0.0252317, cumulative = -1.92458
smoothSolver:  Solving for omega, Initial residual = 0.0016613, Final residual = 7.00507e-05, No Iterations 2
smoothSolver:  Solving for k, Initial residual = 0.00549914, Final residual = 0.000337441, No Iterations 3
ExecutionTime = 6.49 s  ClockTime = 8 s

Time = 234

smoothSolver:  Solving for Ux, Initial residual = 0.00436973, Final residual = 0.000352476, No Iterations 5
smoothSolver:  Solving for Uy, Initial residual = 0.0355197, Final residual = 0.00333397, No Iterations 5
GAMG:  Solving for p, Initial residual = 0.0500593, Final residual = 0.00369921, No Iterations 5
time step continuity errors : sum local = 0.161563, global = -0.0095659, cumulative = -1.93415
smoothSolver:  Solving for omega, Initial residual = 0.00161721, Final residual = 6.79698e-05, No Iterations 2
smoothSolver:  Solving for k, Initial residual = 0.00532003, Final residual = 0.000338323, No Iterations 3
ExecutionTime = 6.51 s  ClockTime = 8 s

Time = 235

smoothSolver:  Solving for Ux, Initial residual = 0.00411006, Final residual = 0.00032824, No Iterations 5
smoothSolver:  Solving for Uy, Initial residual = 0.0329873, Final residual = 0.00292265, No Iterations 5
GAMG:  Solving for p, Initial residual = 0.0452046, Final residual = 0.00337653, No Iterations 5
time step continuity errors : sum local = 0.140515, global = -0.00797204, cumulative = -1.94212
smoothSolver:  Solving for omega, Initial residual = 0.00162996, Final residual = 6.2356e-05, No Iterations 2
smoothSolver:  Solving for k, Initial residual = 0.00514332, Final residual = 0.000339661, No Iterations 3
ExecutionTime = 6.54 s  ClockTime = 8 s

Time = 236

smoothSolver:  Solving for Ux, Initial residual = 0.0038415, Final residual = 0.000306742, No Iterations 5
smoothSolver:  Solving for Uy, Initial residual = 0.0304317, Final residual = 0.00250718, No Iterations 5
GAMG:  Solving for p, Initial residual = 0.0402199, Final residual = 0.00314184, No Iterations 5
time step continuity errors : sum local = 0.124973, global = -0.00747674, cumulative = -1.94959
smoothSolver:  Solving for omega, Initial residual = 0.00155551, Final residual = 5.77985e-05, No Iterations 2
smoothSolver:  Solving for k, Initial residual = 0.00495207, Final residual = 0.000335892, No Iterations 3
ExecutionTime = 6.56 s  ClockTime = 8 s

Time = 237

smoothSolver:  Solving for Ux, Initial residual = 0.00357757, Final residual = 0.000286712, No Iterations 5
smoothSolver:  Solving for Uy, Initial residual = 0.0280522, Final residual = 0.00212295, No Iterations 5
GAMG:  Solving for p, Initial residual = 0.0353218, Final residual = 0.00312609, No Iterations 5
time step continuity errors : sum local = 0.118972, global = -0.00802231, cumulative = -1.95762
smoothSolver:  Solving for omega, Initial residual = 0.00132931, Final residual = 5.52449e-05, No Iterations 2
smoothSolver:  Solving for k, Initial residual = 0.00477164, Final residual = 0.000341237, No Iterations 3
ExecutionTime = 6.6 s  ClockTime = 9 s

Time = 238

smoothSolver:  Solving for Ux, Initial residual = 0.00331485, Final residual = 0.000267533, No Iterations 5
smoothSolver:  Solving for Uy, Initial residual = 0.025232, Final residual = 0.00180564, No Iterations 5
GAMG:  Solving for p, Initial residual = 0.0306917, Final residual = 0.0025877, No Iterations 5
time step continuity errors : sum local = 0.0948253, global = -0.00673719, cumulative = -1.96435
smoothSolver:  Solving for omega, Initial residual = 0.00119914, Final residual = 5.11044e-05, No Iterations 2
bounding omega, min: -97.8771 max: 112453 average: 2428.25
smoothSolver:  Solving for k, Initial residual = 0.004578, Final residual = 0.000339773, No Iterations 3
ExecutionTime = 6.63 s  ClockTime = 9 s

Time = 239

smoothSolver:  Solving for Ux, Initial residual = 0.00306877, Final residual = 0.000251906, No Iterations 5
smoothSolver:  Solving for Uy, Initial residual = 0.0221735, Final residual = 0.00158011, No Iterations 5
GAMG:  Solving for p, Initial residual = 0.0278866, Final residual = 0.00238588, No Iterations 5
time step continuity errors : sum local = 0.0839903, global = -0.00680443, cumulative = -1.97116
smoothSolver:  Solving for omega, Initial residual = 0.00119843, Final residual = 4.88291e-05, No Iterations 2
smoothSolver:  Solving for k, Initial residual = 0.00439467, Final residual = 0.000336143, No Iterations 3
ExecutionTime = 6.66 s  ClockTime = 9 s

Time = 240

smoothSolver:  Solving for Ux, Initial residual = 0.00284719, Final residual = 0.000239208, No Iterations 5
smoothSolver:  Solving for Uy, Initial residual = 0.0192439, Final residual = 0.0014304, No Iterations 5
GAMG:  Solving for p, Initial residual = 0.0260014, Final residual = 0.00242862, No Iterations 4
time step continuity errors : sum local = 0.0825661, global = 0.00748987, cumulative = -1.96367
smoothSolver:  Solving for omega, Initial residual = 0.0010437, Final residual = 4.71715e-05, No Iterations 2
bounding omega, min: -219.736 max: 112793 average: 2420.8
smoothSolver:  Solving for k, Initial residual = 0.00421944, Final residual = 0.000339496, No Iterations 3
ExecutionTime = 6.69 s  ClockTime = 9 s

Time = 241

smoothSolver:  Solving for Ux, Initial residual = 0.00266443, Final residual = 0.000228284, No Iterations 5
smoothSolver:  Solving for Uy, Initial residual = 0.0169079, Final residual = 0.00133676, No Iterations 5
GAMG:  Solving for p, Initial residual = 0.0246562, Final residual = 0.00143457, No Iterations 5
time step continuity errors : sum local = 0.0475389, global = -0.00253461, cumulative = -1.9662
smoothSolver:  Solving for omega, Initial residual = 0.00105322, Final residual = 4.56105e-05, No Iterations 2
smoothSolver:  Solving for k, Initial residual = 0.00406557, Final residual = 0.000324124, No Iterations 3
ExecutionTime = 6.73 s  ClockTime = 9 s

Time = 242

smoothSolver:  Solving for Ux, Initial residual = 0.00249857, Final residual = 0.000218009, No Iterations 5
smoothSolver:  Solving for Uy, Initial residual = 0.0151966, Final residual = 0.00127746, No Iterations 5
GAMG:  Solving for p, Initial residual = 0.0226514, Final residual = 0.00190002, No Iterations 4
time step continuity errors : sum local = 0.0624707, global = -0.00466704, cumulative = -1.97087
smoothSolver:  Solving for omega, Initial residual = 0.000968672, Final residual = 4.45552e-05, No Iterations 2
smoothSolver:  Solving for k, Initial residual = 0.00391804, Final residual = 0.000326593, No Iterations 3
ExecutionTime = 6.76 s  ClockTime = 9 s

Time = 243

smoothSolver:  Solving for Ux, Initial residual = 0.0023686, Final residual = 0.000211676, No Iterations 5
smoothSolver:  Solving for Uy, Initial residual = 0.0139456, Final residual = 0.00124402, No Iterations 5
GAMG:  Solving for p, Initial residual = 0.0214509, Final residual = 0.00196282, No Iterations 4
time step continuity errors : sum local = 0.0638393, global = -0.00702364, cumulative = -1.97789
smoothSolver:  Solving for omega, Initial residual = 0.000968005, Final residual = 4.32901e-05, No Iterations 2
smoothSolver:  Solving for k, Initial residual = 0.00377369, Final residual = 0.000316178, No Iterations 3
ExecutionTime = 6.78 s  ClockTime = 9 s

Time = 244

smoothSolver:  Solving for Ux, Initial residual = 0.00225844, Final residual = 0.000205134, No Iterations 5
smoothSolver:  Solving for Uy, Initial residual = 0.0130934, Final residual = 0.00121579, No Iterations 5
GAMG:  Solving for p, Initial residual = 0.0199871, Final residual = 0.00187272, No Iterations 4
time step continuity errors : sum local = 0.0608698, global = -0.00624641, cumulative = -1.98414
smoothSolver:  Solving for omega, Initial residual = 0.000883241, Final residual = 4.02201e-05, No Iterations 2
smoothSolver:  Solving for k, Initial residual = 0.00365624, Final residual = 0.000307488, No Iterations 3
ExecutionTime = 6.8 s  ClockTime = 9 s

Time = 245

smoothSolver:  Solving for Ux, Initial residual = 0.00216643, Final residual = 0.000199283, No Iterations 5
smoothSolver:  Solving for Uy, Initial residual = 0.0125824, Final residual = 0.00119671, No Iterations 5
GAMG:  Solving for p, Initial residual = 0.018841, Final residual = 0.00168953, No Iterations 4
time step continuity errors : sum local = 0.0551164, global = -0.00514223, cumulative = -1.98928
smoothSolver:  Solving for omega, Initial residual = 0.000776406, Final residual = 3.89002e-05, No Iterations 2
smoothSolver:  Solving for k, Initial residual = 0.0035472, Final residual = 0.000301007, No Iterations 3
ExecutionTime = 6.83 s  ClockTime = 9 s

Time = 246

smoothSolver:  Solving for Ux, Initial residual = 0.00209009, Final residual = 0.000194197, No Iterations 5
smoothSolver:  Solving for Uy, Initial residual = 0.0122076, Final residual = 0.00118365, No Iterations 5
GAMG:  Solving for p, Initial residual = 0.0176463, Final residual = 0.00150655, No Iterations 4
time step continuity errors : sum local = 0.0493995, global = -0.00331656, cumulative = -1.9926
smoothSolver:  Solving for omega, Initial residual = 0.000755646, Final residual = 3.89151e-05, No Iterations 2
smoothSolver:  Solving for k, Initial residual = 0.00344807, Final residual = 0.00029364, No Iterations 3
ExecutionTime = 6.87 s  ClockTime = 9 s

Time = 247

smoothSolver:  Solving for Ux, Initial residual = 0.00202975, Final residual = 0.000189882, No Iterations 5
smoothSolver:  Solving for Uy, Initial residual = 0.011921, Final residual = 0.00117083, No Iterations 5
GAMG:  Solving for p, Initial residual = 0.0167484, Final residual = 0.00145194, No Iterations 4
time step continuity errors : sum local = 0.0478825, global = -0.000308814, cumulative = -1.99291
smoothSolver:  Solving for omega, Initial residual = 0.000762004, Final residual = 3.83399e-05, No Iterations 2
smoothSolver:  Solving for k, Initial residual = 0.00335315, Final residual = 0.000286353, No Iterations 3
ExecutionTime = 6.89 s  ClockTime = 9 s

Time = 248

smoothSolver:  Solving for Ux, Initial residual = 0.00198186, Final residual = 0.000186343, No Iterations 5
smoothSolver:  Solving for Uy, Initial residual = 0.0117183, Final residual = 0.00115696, No Iterations 5
GAMG:  Solving for p, Initial residual = 0.0158824, Final residual = 0.00133543, No Iterations 4
time step continuity errors : sum local = 0.0441977, global = 0.00244413, cumulative = -1.99046
smoothSolver:  Solving for omega, Initial residual = 0.000774888, Final residual = 3.80986e-05, No Iterations 2
smoothSolver:  Solving for k, Initial residual = 0.00326943, Final residual = 0.000279349, No Iterations 3
ExecutionTime = 6.92 s  ClockTime = 9 s

Time = 249

smoothSolver:  Solving for Ux, Initial residual = 0.00194146, Final residual = 0.000183469, No Iterations 5
smoothSolver:  Solving for Uy, Initial residual = 0.0115666, Final residual = 0.00114299, No Iterations 5
GAMG:  Solving for p, Initial residual = 0.0153208, Final residual = 0.00131773, No Iterations 4
time step continuity errors : sum local = 0.0437909, global = 0.00318135, cumulative = -1.98728
smoothSolver:  Solving for omega, Initial residual = 0.000764795, Final residual = 3.90066e-05, No Iterations 2
smoothSolver:  Solving for k, Initial residual = 0.00318194, Final residual = 0.000271351, No Iterations 3
ExecutionTime = 6.94 s  ClockTime = 9 s

Time = 250

smoothSolver:  Solving for Ux, Initial residual = 0.0019054, Final residual = 0.000180521, No Iterations 5
smoothSolver:  Solving for Uy, Initial residual = 0.0114112, Final residual = 0.00112974, No Iterations 5
GAMG:  Solving for p, Initial residual = 0.0146703, Final residual = 0.00126699, No Iterations 4
time step continuity errors : sum local = 0.0422866, global = 0.00295887, cumulative = -1.98432
smoothSolver:  Solving for omega, Initial residual = 0.000790428, Final residual = 3.69231e-05, No Iterations 2
smoothSolver:  Solving for k, Initial residual = 0.00311349, Final residual = 0.00026727, No Iterations 3
ExecutionTime = 6.98 s  ClockTime = 9 s

Time = 251

smoothSolver:  Solving for Ux, Initial residual = 0.00187152, Final residual = 0.000177524, No Iterations 5
smoothSolver:  Solving for Uy, Initial residual = 0.0112886, Final residual = 0.00112009, No Iterations 5
GAMG:  Solving for p, Initial residual = 0.0141644, Final residual = 0.00121906, No Iterations 4
time step continuity errors : sum local = 0.0409273, global = 0.00165489, cumulative = -1.98267
smoothSolver:  Solving for omega, Initial residual = 0.000774004, Final residual = 3.48352e-05, No Iterations 2
smoothSolver:  Solving for k, Initial residual = 0.00304919, Final residual = 0.000265791, No Iterations 3
ExecutionTime = 7.01 s  ClockTime = 9 s

Time = 252

smoothSolver:  Solving for Ux, Initial residual = 0.00183802, Final residual = 0.000174732, No Iterations 5
smoothSolver:  Solving for Uy, Initial residual = 0.011172, Final residual = 0.00111287, No Iterations 5
GAMG:  Solving for p, Initial residual = 0.0136051, Final residual = 0.00119203, No Iterations 4
time step continuity errors : sum local = 0.0402385, global = -0.00179894, cumulative = -1.98447
smoothSolver:  Solving for omega, Initial residual = 0.000675347, Final residual = 3.41289e-05, No Iterations 2
smoothSolver:  Solving for k, Initial residual = 0.00298797, Final residual = 0.000254947, No Iterations 3
ExecutionTime = 7.04 s  ClockTime = 9 s

Time = 253

smoothSolver:  Solving for Ux, Initial residual = 0.00180911, Final residual = 0.000172157, No Iterations 5
smoothSolver:  Solving for Uy, Initial residual = 0.011075, Final residual = 0.000715039, No Iterations 6
GAMG:  Solving for p, Initial residual = 0.0132863, Final residual = 0.00126382, No Iterations 4
time step continuity errors : sum local = 0.0429008, global = -0.00378142, cumulative = -1.98825
smoothSolver:  Solving for omega, Initial residual = 0.000747186, Final residual = 3.25761e-05, No Iterations 2
smoothSolver:  Solving for k, Initial residual = 0.00294432, Final residual = 0.000254204, No Iterations 3
ExecutionTime = 7.06 s  ClockTime = 9 s

Time = 254

smoothSolver:  Solving for Ux, Initial residual = 0.00178482, Final residual = 0.000170752, No Iterations 5
smoothSolver:  Solving for Uy, Initial residual = 0.0108206, Final residual = 0.000698901, No Iterations 6
GAMG:  Solving for p, Initial residual = 0.0131057, Final residual = 0.00103341, No Iterations 5
time step continuity errors : sum local = 0.0352197, global = 0.00373603, cumulative = -1.98451
smoothSolver:  Solving for omega, Initial residual = 0.000717421, Final residual = 3.3294e-05, No Iterations 2
smoothSolver:  Solving for k, Initial residual = 0.00290026, Final residual = 0.000250073, No Iterations 3
ExecutionTime = 7.09 s  ClockTime = 9 s

Time = 255

smoothSolver:  Solving for Ux, Initial residual = 0.00176242, Final residual = 0.000168432, No Iterations 5
smoothSolver:  Solving for Uy, Initial residual = 0.0107052, Final residual = 0.00107008, No Iterations 5
GAMG:  Solving for p, Initial residual = 0.0127115, Final residual = 0.00123977, No Iterations 4
time step continuity errors : sum local = 0.0423998, global = -0.00459323, cumulative = -1.98911
smoothSolver:  Solving for omega, Initial residual = 0.000849787, Final residual = 3.19215e-05, No Iterations 2
smoothSolver:  Solving for k, Initial residual = 0.00285967, Final residual = 0.000247029, No Iterations 3
ExecutionTime = 7.12 s  ClockTime = 9 s

Time = 256

smoothSolver:  Solving for Ux, Initial residual = 0.00173214, Final residual = 0.000165947, No Iterations 5
smoothSolver:  Solving for Uy, Initial residual = 0.0107845, Final residual = 0.00070179, No Iterations 6
GAMG:  Solving for p, Initial residual = 0.0124142, Final residual = 0.00105137, No Iterations 5
time step continuity errors : sum local = 0.0361366, global = 0.00406045, cumulative = -1.98505
smoothSolver:  Solving for omega, Initial residual = 0.000785636, Final residual = 3.71676e-05, No Iterations 2
smoothSolver:  Solving for k, Initial residual = 0.00281355, Final residual = 0.000237684, No Iterations 3
ExecutionTime = 7.14 s  ClockTime = 9 s

Time = 257

smoothSolver:  Solving for Ux, Initial residual = 0.00171479, Final residual = 0.000163993, No Iterations 5
smoothSolver:  Solving for Uy, Initial residual = 0.0107041, Final residual = 0.000695541, No Iterations 6
GAMG:  Solving for p, Initial residual = 0.0121551, Final residual = 0.000957504, No Iterations 5
time step continuity errors : sum local = 0.0330308, global = 0.00373666, cumulative = -1.98131
smoothSolver:  Solving for omega, Initial residual = 0.000926763, Final residual = 3.36492e-05, No Iterations 2
smoothSolver:  Solving for k, Initial residual = 0.00277906, Final residual = 0.000231845, No Iterations 3
ExecutionTime = 7.17 s  ClockTime = 9 s

Time = 258

smoothSolver:  Solving for Ux, Initial residual = 0.00169264, Final residual = 0.00016205, No Iterations 5
smoothSolver:  Solving for Uy, Initial residual = 0.0106293, Final residual = 0.000691841, No Iterations 6
GAMG:  Solving for p, Initial residual = 0.0118519, Final residual = 0.000937428, No Iterations 5
time step continuity errors : sum local = 0.0324809, global = 0.00367497, cumulative = -1.97763
smoothSolver:  Solving for omega, Initial residual = 0.000820204, Final residual = 3.16802e-05, No Iterations 2
smoothSolver:  Solving for k, Initial residual = 0.00274777, Final residual = 0.000232682, No Iterations 3
ExecutionTime = 7.19 s  ClockTime = 9 s

Time = 259

smoothSolver:  Solving for Ux, Initial residual = 0.00166922, Final residual = 0.000160202, No Iterations 5
smoothSolver:  Solving for Uy, Initial residual = 0.0105919, Final residual = 0.000691666, No Iterations 6
GAMG:  Solving for p, Initial residual = 0.0114784, Final residual = 0.000933644, No Iterations 5
time step continuity errors : sum local = 0.032484, global = 0.00371733, cumulative = -1.97392
smoothSolver:  Solving for omega, Initial residual = 0.000621202, Final residual = 3.12486e-05, No Iterations 2
smoothSolver:  Solving for k, Initial residual = 0.00271017, Final residual = 0.000225306, No Iterations 3
ExecutionTime = 7.23 s  ClockTime = 9 s

Time = 260

smoothSolver:  Solving for Ux, Initial residual = 0.00164437, Final residual = 0.000158334, No Iterations 5
smoothSolver:  Solving for Uy, Initial residual = 0.01057, Final residual = 0.000692717, No Iterations 6
GAMG:  Solving for p, Initial residual = 0.0112627, Final residual = 0.000936416, No Iterations 5
time step continuity errors : sum local = 0.0327265, global = 0.00377805, cumulative = -1.97014
smoothSolver:  Solving for omega, Initial residual = 0.000593847, Final residual = 3.00078e-05, No Iterations 2
smoothSolver:  Solving for k, Initial residual = 0.00266811, Final residual = 0.000219872, No Iterations 3
ExecutionTime = 7.25 s  ClockTime = 9 s

Time = 261

smoothSolver:  Solving for Ux, Initial residual = 0.00162319, Final residual = 0.000156524, No Iterations 5
smoothSolver:  Solving for Uy, Initial residual = 0.0105565, Final residual = 0.000694448, No Iterations 6
GAMG:  Solving for p, Initial residual = 0.0109812, Final residual = 0.000942755, No Iterations 5
time step continuity errors : sum local = 0.0331057, global = 0.00383939, cumulative = -1.9663
smoothSolver:  Solving for omega, Initial residual = 0.000570857, Final residual = 2.93729e-05, No Iterations 2
smoothSolver:  Solving for k, Initial residual = 0.0026288, Final residual = 0.000220061, No Iterations 3
ExecutionTime = 7.27 s  ClockTime = 9 s

Time = 262

smoothSolver:  Solving for Ux, Initial residual = 0.00160347, Final residual = 0.000154748, No Iterations 5
smoothSolver:  Solving for Uy, Initial residual = 0.010558, Final residual = 0.000696139, No Iterations 6
GAMG:  Solving for p, Initial residual = 0.0108227, Final residual = 0.000947252, No Iterations 5
time step continuity errors : sum local = 0.0334182, global = 0.00388447, cumulative = -1.96241
smoothSolver:  Solving for omega, Initial residual = 0.000617131, Final residual = 2.95416e-05, No Iterations 2
smoothSolver:  Solving for k, Initial residual = 0.00258358, Final residual = 0.000214732, No Iterations 3
ExecutionTime = 7.3 s  ClockTime = 9 s

Time = 263

smoothSolver:  Solving for Ux, Initial residual = 0.00158442, Final residual = 0.000153075, No Iterations 5
smoothSolver:  Solving for Uy, Initial residual = 0.0105628, Final residual = 0.000698415, No Iterations 6
GAMG:  Solving for p, Initial residual = 0.0107053, Final residual = 0.000951288, No Iterations 5
time step continuity errors : sum local = 0.0337351, global = 0.00391399, cumulative = -1.9585
smoothSolver:  Solving for omega, Initial residual = 0.000606367, Final residual = 2.97221e-05, No Iterations 2
smoothSolver:  Solving for k, Initial residual = 0.00254915, Final residual = 0.000215323, No Iterations 3
ExecutionTime = 7.32 s  ClockTime = 9 s

Time = 264

smoothSolver:  Solving for Ux, Initial residual = 0.0015659, Final residual = 0.000151454, No Iterations 5
smoothSolver:  Solving for Uy, Initial residual = 0.0105723, Final residual = 0.000700659, No Iterations 6
GAMG:  Solving for p, Initial residual = 0.0105795, Final residual = 0.000956939, No Iterations 5
time step continuity errors : sum local = 0.0340992, global = 0.00392238, cumulative = -1.95458
smoothSolver:  Solving for omega, Initial residual = 0.000667817, Final residual = 3.10028e-05, No Iterations 2
smoothSolver:  Solving for k, Initial residual = 0.00250877, Final residual = 0.000212905, No Iterations 3
ExecutionTime = 7.35 s  ClockTime = 9 s

Time = 265

smoothSolver:  Solving for Ux, Initial residual = 0.00154748, Final residual = 0.000149922, No Iterations 5
smoothSolver:  Solving for Uy, Initial residual = 0.0105815, Final residual = 0.000703295, No Iterations 6
GAMG:  Solving for p, Initial residual = 0.0105173, Final residual = 0.000962631, No Iterations 5
time step continuity errors : sum local = 0.0344852, global = 0.00392492, cumulative = -1.95065
smoothSolver:  Solving for omega, Initial residual = 0.000637112, Final residual = 2.8671e-05, No Iterations 2
smoothSolver:  Solving for k, Initial residual = 0.00246969, Final residual = 0.000208147, No Iterations 3
ExecutionTime = 7.38 s  ClockTime = 9 s

Time = 266

smoothSolver:  Solving for Ux, Initial residual = 0.00152896, Final residual = 0.000148474, No Iterations 5
smoothSolver:  Solving for Uy, Initial residual = 0.0105952, Final residual = 0.000705975, No Iterations 6
GAMG:  Solving for p, Initial residual = 0.010307, Final residual = 0.000968511, No Iterations 5
time step continuity errors : sum local = 0.034859, global = 0.00390935, cumulative = -1.94674
smoothSolver:  Solving for omega, Initial residual = 0.000563406, Final residual = 2.83942e-05, No Iterations 2
bounding omega, min: -83.1316 max: 112982 average: 2407.42
smoothSolver:  Solving for k, Initial residual = 0.00243312, Final residual = 0.000200151, No Iterations 3
ExecutionTime = 7.4 s  ClockTime = 9 s

Time = 267

smoothSolver:  Solving for Ux, Initial residual = 0.00151113, Final residual = 0.000147111, No Iterations 5
smoothSolver:  Solving for Uy, Initial residual = 0.0106076, Final residual = 0.000708924, No Iterations 6
GAMG:  Solving for p, Initial residual = 0.0103162, Final residual = 0.00097002, No Iterations 5
time step continuity errors : sum local = 0.0351027, global = 0.00386182, cumulative = -1.94288
smoothSolver:  Solving for omega, Initial residual = 0.000564622, Final residual = 2.7421e-05, No Iterations 2
smoothSolver:  Solving for k, Initial residual = 0.00238915, Final residual = 0.000197583, No Iterations 3
ExecutionTime = 7.43 s  ClockTime = 9 s

Time = 268

smoothSolver:  Solving for Ux, Initial residual = 0.00149567, Final residual = 0.000145813, No Iterations 5
smoothSolver:  Solving for Uy, Initial residual = 0.0106298, Final residual = 0.000712112, No Iterations 6
GAMG:  Solving for p, Initial residual = 0.0101859, Final residual = 0.000977197, No Iterations 5
time step continuity errors : sum local = 0.035523, global = 0.00383265, cumulative = -1.93905
smoothSolver:  Solving for omega, Initial residual = 0.00059278, Final residual = 2.83652e-05, No Iterations 2
bounding omega, min: -287.699 max: 112935 average: 2410.46
smoothSolver:  Solving for k, Initial residual = 0.00234777, Final residual = 0.00019278, No Iterations 3
ExecutionTime = 7.45 s  ClockTime = 10 s

Time = 269

smoothSolver:  Solving for Ux, Initial residual = 0.00148312, Final residual = 0.000144604, No Iterations 5
smoothSolver:  Solving for Uy, Initial residual = 0.0106597, Final residual = 0.000715606, No Iterations 6
GAMG:  Solving for p, Initial residual = 0.010425, Final residual = 0.000983558, No Iterations 5
time step continuity errors : sum local = 0.0359416, global = 0.00381268, cumulative = -1.93524
smoothSolver:  Solving for omega, Initial residual = 0.000714968, Final residual = 2.76294e-05, No Iterations 2
smoothSolver:  Solving for k, Initial residual = 0.00230505, Final residual = 0.000189018, No Iterations 3
ExecutionTime = 7.48 s  ClockTime = 10 s

Time = 270

smoothSolver:  Solving for Ux, Initial residual = 0.00147072, Final residual = 0.000143462, No Iterations 5
smoothSolver:  Solving for Uy, Initial residual = 0.0106975, Final residual = 0.000719532, No Iterations 6
GAMG:  Solving for p, Initial residual = 0.0103295, Final residual = 0.000994273, No Iterations 5
time step continuity errors : sum local = 0.0364992, global = 0.00379559, cumulative = -1.93144
smoothSolver:  Solving for omega, Initial residual = 0.000606155, Final residual = 3.00878e-05, No Iterations 2
bounding omega, min: -416.761 max: 112891 average: 2407.59
smoothSolver:  Solving for k, Initial residual = 0.00226496, Final residual = 0.000186984, No Iterations 3
ExecutionTime = 7.51 s  ClockTime = 10 s

Time = 271

smoothSolver:  Solving for Ux, Initial residual = 0.00146002, Final residual = 0.000142338, No Iterations 5
smoothSolver:  Solving for Uy, Initial residual = 0.0107288, Final residual = 0.000723663, No Iterations 6
GAMG:  Solving for p, Initial residual = 0.0103388, Final residual = 0.00100897, No Iterations 5
time step continuity errors : sum local = 0.0372021, global = 0.00378616, cumulative = -1.92765
smoothSolver:  Solving for omega, Initial residual = 0.000675424, Final residual = 2.98797e-05, No Iterations 2
smoothSolver:  Solving for k, Initial residual = 0.00222389, Final residual = 0.000176559, No Iterations 3
ExecutionTime = 7.53 s  ClockTime = 10 s

Time = 272

smoothSolver:  Solving for Ux, Initial residual = 0.00144862, Final residual = 0.00014137, No Iterations 5
smoothSolver:  Solving for Uy, Initial residual = 0.0107605, Final residual = 0.000728128, No Iterations 6
GAMG:  Solving for p, Initial residual = 0.0103518, Final residual = 0.0010205, No Iterations 5
time step continuity errors : sum local = 0.0377977, global = 0.00375584, cumulative = -1.9239
smoothSolver:  Solving for omega, Initial residual = 0.000634964, Final residual = 2.81151e-05, No Iterations 2
smoothSolver:  Solving for k, Initial residual = 0.00217845, Final residual = 0.000170638, No Iterations 3
ExecutionTime = 7.56 s  ClockTime = 10 s

Time = 273

smoothSolver:  Solving for Ux, Initial residual = 0.0014383, Final residual = 0.000140465, No Iterations 5
smoothSolver:  Solving for Uy, Initial residual = 0.0107986, Final residual = 0.000732935, No Iterations 6
GAMG:  Solving for p, Initial residual = 0.0102251, Final residual = 0.00091853, No Iterations 6
time step continuity errors : sum local = 0.034178, global = -0.00499302, cumulative = -1.92889
smoothSolver:  Solving for omega, Initial residual = 0.000605157, Final residual = 2.87978e-05, No Iterations 2
smoothSolver:  Solving for k, Initial residual = 0.00214329, Final residual = 0.000165374, No Iterations 3
ExecutionTime = 7.58 s  ClockTime = 10 s

Time = 274

smoothSolver:  Solving for Ux, Initial residual = 0.00142357, Final residual = 0.0001393, No Iterations 5
smoothSolver:  Solving for Uy, Initial residual = 0.0108804, Final residual = 0.000740638, No Iterations 6
GAMG:  Solving for p, Initial residual = 0.0102878, Final residual = 0.00101515, No Iterations 5
time step continuity errors : sum local = 0.0380484, global = 0.0038437, cumulative = -1.92505
smoothSolver:  Solving for omega, Initial residual = 0.000601927, Final residual = 2.74911e-05, No Iterations 2
smoothSolver:  Solving for k, Initial residual = 0.00210603, Final residual = 0.000161766, No Iterations 3
ExecutionTime = 7.61 s  ClockTime = 10 s

Time = 275

smoothSolver:  Solving for Ux, Initial residual = 0.0014237, Final residual = 0.000139403, No Iterations 5
smoothSolver:  Solving for Uy, Initial residual = 0.0108792, Final residual = 0.000744172, No Iterations 6
GAMG:  Solving for p, Initial residual = 0.0103744, Final residual = 0.000960946, No Iterations 6
time step continuity errors : sum local = 0.0361488, global = -0.00488897, cumulative = -1.92994
smoothSolver:  Solving for omega, Initial residual = 0.000632464, Final residual = 2.68755e-05, No Iterations 2
smoothSolver:  Solving for k, Initial residual = 0.00206993, Final residual = 0.000154926, No Iterations 3
ExecutionTime = 7.64 s  ClockTime = 10 s

Time = 276

smoothSolver:  Solving for Ux, Initial residual = 0.00141162, Final residual = 0.000137999, No Iterations 5
smoothSolver:  Solving for Uy, Initial residual = 0.0109693, Final residual = 0.000751208, No Iterations 6
GAMG:  Solving for p, Initial residual = 0.0101593, Final residual = 0.000970676, No Iterations 6
time step continuity errors : sum local = 0.0367612, global = -0.00479087, cumulative = -1.93473
smoothSolver:  Solving for omega, Initial residual = 0.000662895, Final residual = 2.78712e-05, No Iterations 2
smoothSolver:  Solving for k, Initial residual = 0.00203903, Final residual = 0.000150718, No Iterations 3
ExecutionTime = 7.67 s  ClockTime = 10 s

Time = 277

smoothSolver:  Solving for Ux, Initial residual = 0.0014065, Final residual = 0.00013772, No Iterations 5
smoothSolver:  Solving for Uy, Initial residual = 0.0110215, Final residual = 0.000758057, No Iterations 6
GAMG:  Solving for p, Initial residual = 0.0101426, Final residual = 0.000697751, No Iterations 7
time step continuity errors : sum local = 0.026547, global = 0.00176015, cumulative = -1.93297
smoothSolver:  Solving for omega, Initial residual = 0.000726898, Final residual = 2.79327e-05, No Iterations 2
smoothSolver:  Solving for k, Initial residual = 0.00201471, Final residual = 0.000145205, No Iterations 3
ExecutionTime = 7.69 s  ClockTime = 10 s

Time = 278

smoothSolver:  Solving for Ux, Initial residual = 0.00140179, Final residual = 0.000137186, No Iterations 5
smoothSolver:  Solving for Uy, Initial residual = 0.011082, Final residual = 0.000764816, No Iterations 6
GAMG:  Solving for p, Initial residual = 0.00988927, Final residual = 0.000901752, No Iterations 6
time step continuity errors : sum local = 0.0344951, global = -0.00401525, cumulative = -1.93698
smoothSolver:  Solving for omega, Initial residual = 0.000751858, Final residual = 3.2138e-05, No Iterations 2
smoothSolver:  Solving for k, Initial residual = 0.00198394, Final residual = 0.000141478, No Iterations 3
ExecutionTime = 7.72 s  ClockTime = 10 s

Time = 279

smoothSolver:  Solving for Ux, Initial residual = 0.00139479, Final residual = 0.000136763, No Iterations 5
smoothSolver:  Solving for Uy, Initial residual = 0.0111243, Final residual = 0.000770658, No Iterations 6
GAMG:  Solving for p, Initial residual = 0.00995319, Final residual = 0.000695509, No Iterations 7
time step continuity errors : sum local = 0.0267882, global = 0.00158982, cumulative = -1.93539
smoothSolver:  Solving for omega, Initial residual = 0.000788018, Final residual = 2.63694e-05, No Iterations 2
smoothSolver:  Solving for k, Initial residual = 0.00195529, Final residual = 0.000138074, No Iterations 3
ExecutionTime = 7.74 s  ClockTime = 10 s

Time = 280

smoothSolver:  Solving for Ux, Initial residual = 0.0013869, Final residual = 0.000136176, No Iterations 5
smoothSolver:  Solving for Uy, Initial residual = 0.0111949, Final residual = 0.000776566, No Iterations 6
GAMG:  Solving for p, Initial residual = 0.0096551, Final residual = 0.000907447, No Iterations 6
time step continuity errors : sum local = 0.0351253, global = -0.00363974, cumulative = -1.93903
smoothSolver:  Solving for omega, Initial residual = 0.000662971, Final residual = 2.47236e-05, No Iterations 2
smoothSolver:  Solving for k, Initial residual = 0.00192612, Final residual = 0.000132291, No Iterations 3
ExecutionTime = 7.77 s  ClockTime = 10 s

Time = 281

smoothSolver:  Solving for Ux, Initial residual = 0.00137766, Final residual = 0.000135752, No Iterations 5
smoothSolver:  Solving for Uy, Initial residual = 0.0112455, Final residual = 0.0007814, No Iterations 6
GAMG:  Solving for p, Initial residual = 0.00959633, Final residual = 0.000700131, No Iterations 7
time step continuity errors : sum local = 0.0272767, global = 0.00142797, cumulative = -1.93761
smoothSolver:  Solving for omega, Initial residual = 0.000513966, Final residual = 2.50304e-05, No Iterations 2
smoothSolver:  Solving for k, Initial residual = 0.00190739, Final residual = 0.000130066, No Iterations 3
ExecutionTime = 7.79 s  ClockTime = 10 s

Time = 282

smoothSolver:  Solving for Ux, Initial residual = 0.00137044, Final residual = 0.000135212, No Iterations 5
smoothSolver:  Solving for Uy, Initial residual = 0.0113122, Final residual = 0.0007852, No Iterations 6
GAMG:  Solving for p, Initial residual = 0.0093736, Final residual = 0.000892961, No Iterations 6
time step continuity errors : sum local = 0.0349531, global = -0.0031873, cumulative = -1.94079
smoothSolver:  Solving for omega, Initial residual = 0.000514299, Final residual = 2.47792e-05, No Iterations 2
smoothSolver:  Solving for k, Initial residual = 0.00188103, Final residual = 0.00012563, No Iterations 3
ExecutionTime = 7.82 s  ClockTime = 10 s

Time = 283

smoothSolver:  Solving for Ux, Initial residual = 0.00136417, Final residual = 0.000134823, No Iterations 5
smoothSolver:  Solving for Uy, Initial residual = 0.0113553, Final residual = 0.000787192, No Iterations 6
GAMG:  Solving for p, Initial residual = 0.00937597, Final residual = 0.000921267, No Iterations 6
time step continuity errors : sum local = 0.0362969, global = -0.00314321, cumulative = -1.94394
smoothSolver:  Solving for omega, Initial residual = 0.00054156, Final residual = 2.43423e-05, No Iterations 2
smoothSolver:  Solving for k, Initial residual = 0.0018658, Final residual = 0.000123138, No Iterations 3
ExecutionTime = 7.85 s  ClockTime = 10 s

Time = 284

smoothSolver:  Solving for Ux, Initial residual = 0.00135818, Final residual = 0.00013438, No Iterations 5
smoothSolver:  Solving for Uy, Initial residual = 0.011411, Final residual = 0.000787407, No Iterations 6
GAMG:  Solving for p, Initial residual = 0.00935328, Final residual = 0.000918309, No Iterations 6
time step continuity errors : sum local = 0.036398, global = -0.00297203, cumulative = -1.94691
smoothSolver:  Solving for omega, Initial residual = 0.000539232, Final residual = 2.59756e-05, No Iterations 2
smoothSolver:  Solving for k, Initial residual = 0.0018467, Final residual = 0.000121391, No Iterations 3
ExecutionTime = 7.88 s  ClockTime = 10 s

Time = 285

smoothSolver:  Solving for Ux, Initial residual = 0.00135259, Final residual = 0.000133931, No Iterations 5
smoothSolver:  Solving for Uy, Initial residual = 0.0114527, Final residual = 0.00078548, No Iterations 6
GAMG:  Solving for p, Initial residual = 0.00930959, Final residual = 0.000902456, No Iterations 6
time step continuity errors : sum local = 0.0359719, global = -0.00275064, cumulative = -1.94966
smoothSolver:  Solving for omega, Initial residual = 0.000585469, Final residual = 2.54736e-05, No Iterations 2
smoothSolver:  Solving for k, Initial residual = 0.00182934, Final residual = 0.000119251, No Iterations 3
ExecutionTime = 7.91 s  ClockTime = 10 s

Time = 286

smoothSolver:  Solving for Ux, Initial residual = 0.00134645, Final residual = 0.000133531, No Iterations 5
smoothSolver:  Solving for Uy, Initial residual = 0.0114741, Final residual = 0.000781123, No Iterations 6
GAMG:  Solving for p, Initial residual = 0.00931241, Final residual = 0.000883903, No Iterations 6
time step continuity errors : sum local = 0.0354236, global = -0.00250436, cumulative = -1.95216
smoothSolver:  Solving for omega, Initial residual = 0.000566236, Final residual = 2.40054e-05, No Iterations 2
smoothSolver:  Solving for k, Initial residual = 0.00181121, Final residual = 0.000116764, No Iterations 3
ExecutionTime = 7.94 s  ClockTime = 10 s

Time = 287

smoothSolver:  Solving for Ux, Initial residual = 0.00133946, Final residual = 0.000133117, No Iterations 5
smoothSolver:  Solving for Uy, Initial residual = 0.0114816, Final residual = 0.0007744, No Iterations 6
GAMG:  Solving for p, Initial residual = 0.00920425, Final residual = 0.000861864, No Iterations 6
time step continuity errors : sum local = 0.0347268, global = -0.00224695, cumulative = -1.95441
smoothSolver:  Solving for omega, Initial residual = 0.000476892, Final residual = 2.23029e-05, No Iterations 2
smoothSolver:  Solving for k, Initial residual = 0.00179566, Final residual = 0.000115259, No Iterations 3
ExecutionTime = 7.96 s  ClockTime = 10 s

Time = 288

smoothSolver:  Solving for Ux, Initial residual = 0.00133235, Final residual = 0.000132685, No Iterations 5
smoothSolver:  Solving for Uy, Initial residual = 0.0114581, Final residual = 0.00076505, No Iterations 6
GAMG:  Solving for p, Initial residual = 0.00922281, Final residual = 0.000842986, No Iterations 6
time step continuity errors : sum local = 0.0341282, global = -0.0020009, cumulative = -1.95641
smoothSolver:  Solving for omega, Initial residual = 0.000507503, Final residual = 2.27887e-05, No Iterations 2
smoothSolver:  Solving for k, Initial residual = 0.00177781, Final residual = 0.000112645, No Iterations 3
ExecutionTime = 7.99 s  ClockTime = 10 s

Time = 289

smoothSolver:  Solving for Ux, Initial residual = 0.00132568, Final residual = 0.000132166, No Iterations 5
smoothSolver:  Solving for Uy, Initial residual = 0.0114215, Final residual = 0.000753442, No Iterations 6
GAMG:  Solving for p, Initial residual = 0.0092, Final residual = 0.000821797, No Iterations 6
time step continuity errors : sum local = 0.0334463, global = -0.00177335, cumulative = -1.95818
smoothSolver:  Solving for omega, Initial residual = 0.000510063, Final residual = 2.24597e-05, No Iterations 2
smoothSolver:  Solving for k, Initial residual = 0.00175825, Final residual = 0.000113464, No Iterations 3
ExecutionTime = 8.02 s  ClockTime = 10 s

Time = 290

smoothSolver:  Solving for Ux, Initial residual = 0.00131895, Final residual = 0.000131538, No Iterations 5
smoothSolver:  Solving for Uy, Initial residual = 0.0113432, Final residual = 0.000739673, No Iterations 6
GAMG:  Solving for p, Initial residual = 0.00912632, Final residual = 0.000799544, No Iterations 6
time step continuity errors : sum local = 0.0326756, global = -0.00158984, cumulative = -1.95977
smoothSolver:  Solving for omega, Initial residual = 0.000527118, Final residual = 2.26751e-05, No Iterations 2
smoothSolver:  Solving for k, Initial residual = 0.0017358, Final residual = 0.000110106, No Iterations 3
ExecutionTime = 8.04 s  ClockTime = 10 s

Time = 291

smoothSolver:  Solving for Ux, Initial residual = 0.0013127, Final residual = 0.000130761, No Iterations 5
smoothSolver:  Solving for Uy, Initial residual = 0.0112206, Final residual = 0.000723882, No Iterations 6
GAMG:  Solving for p, Initial residual = 0.00907237, Final residual = 0.000776886, No Iterations 6
time step continuity errors : sum local = 0.0318792, global = -0.00147634, cumulative = -1.96125
smoothSolver:  Solving for omega, Initial residual = 0.000511293, Final residual = 2.36695e-05, No Iterations 2
smoothSolver:  Solving for k, Initial residual = 0.00171577, Final residual = 0.000108704, No Iterations 3
ExecutionTime = 8.07 s  ClockTime = 10 s

Time = 292

smoothSolver:  Solving for Ux, Initial residual = 0.00130694, Final residual = 0.000129728, No Iterations 5
smoothSolver:  Solving for Uy, Initial residual = 0.0110606, Final residual = 0.00110271, No Iterations 5
GAMG:  Solving for p, Initial residual = 0.00901466, Final residual = 0.000764163, No Iterations 6
time step continuity errors : sum local = 0.0314701, global = -0.00147813, cumulative = -1.96273
smoothSolver:  Solving for omega, Initial residual = 0.000578248, Final residual = 2.38954e-05, No Iterations 2
smoothSolver:  Solving for k, Initial residual = 0.00169184, Final residual = 0.000104675, No Iterations 3
ExecutionTime = 8.1 s  ClockTime = 10 s

Time = 293

smoothSolver:  Solving for Ux, Initial residual = 0.00129343, Final residual = 0.000127925, No Iterations 5
smoothSolver:  Solving for Uy, Initial residual = 0.0110207, Final residual = 0.00109339, No Iterations 5
GAMG:  Solving for p, Initial residual = 0.00880225, Final residual = 0.000734569, No Iterations 6
time step continuity errors : sum local = 0.0303558, global = -0.00148468, cumulative = -1.96421
smoothSolver:  Solving for omega, Initial residual = 0.000559081, Final residual = 2.18065e-05, No Iterations 2
smoothSolver:  Solving for k, Initial residual = 0.00166529, Final residual = 0.000104054, No Iterations 3
ExecutionTime = 8.13 s  ClockTime = 10 s

Time = 294

smoothSolver:  Solving for Ux, Initial residual = 0.00128087, Final residual = 0.000126235, No Iterations 5
smoothSolver:  Solving for Uy, Initial residual = 0.0108667, Final residual = 0.00107193, No Iterations 5
GAMG:  Solving for p, Initial residual = 0.00864534, Final residual = 0.000706092, No Iterations 6
time step continuity errors : sum local = 0.0292587, global = -0.00147823, cumulative = -1.96569
smoothSolver:  Solving for omega, Initial residual = 0.000492179, Final residual = 2.09451e-05, No Iterations 2
smoothSolver:  Solving for k, Initial residual = 0.00164259, Final residual = 0.000101316, No Iterations 3
ExecutionTime = 8.15 s  ClockTime = 10 s

Time = 295

smoothSolver:  Solving for Ux, Initial residual = 0.00126789, Final residual = 0.000124333, No Iterations 5
smoothSolver:  Solving for Uy, Initial residual = 0.0106401, Final residual = 0.00104277, No Iterations 5
GAMG:  Solving for p, Initial residual = 0.00854367, Final residual = 0.000664602, No Iterations 6
time step continuity errors : sum local = 0.0275986, global = -0.00123308, cumulative = -1.96692
smoothSolver:  Solving for omega, Initial residual = 0.000526095, Final residual = 2.11059e-05, No Iterations 2
smoothSolver:  Solving for k, Initial residual = 0.00161446, Final residual = 0.000100236, No Iterations 3
ExecutionTime = 8.18 s  ClockTime = 10 s

Time = 296

smoothSolver:  Solving for Ux, Initial residual = 0.0012535, Final residual = 0.000122143, No Iterations 5
smoothSolver:  Solving for Uy, Initial residual = 0.0103728, Final residual = 0.0010112, No Iterations 5
GAMG:  Solving for p, Initial residual = 0.0084484, Final residual = 0.000613651, No Iterations 6
time step continuity errors : sum local = 0.0255221, global = -0.000554989, cumulative = -1.96748
smoothSolver:  Solving for omega, Initial residual = 0.000521815, Final residual = 2.20667e-05, No Iterations 2
smoothSolver:  Solving for k, Initial residual = 0.00158696, Final residual = 9.67105e-05, No Iterations 3
ExecutionTime = 8.2 s  ClockTime = 10 s

Time = 297

smoothSolver:  Solving for Ux, Initial residual = 0.00124058, Final residual = 0.000119596, No Iterations 5
smoothSolver:  Solving for Uy, Initial residual = 0.0101052, Final residual = 0.000979741, No Iterations 5
GAMG:  Solving for p, Initial residual = 0.0083641, Final residual = 0.000774061, No Iterations 5
time step continuity errors : sum local = 0.0322181, global = -0.00260372, cumulative = -1.97008
smoothSolver:  Solving for omega, Initial residual = 0.000647885, Final residual = 2.17134e-05, No Iterations 2
smoothSolver:  Solving for k, Initial residual = 0.00155723, Final residual = 9.54262e-05, No Iterations 3
ExecutionTime = 8.23 s  ClockTime = 10 s

Time = 298

smoothSolver:  Solving for Ux, Initial residual = 0.00122154, Final residual = 0.000116948, No Iterations 5
smoothSolver:  Solving for Uy, Initial residual = 0.009805, Final residual = 0.000947373, No Iterations 5
GAMG:  Solving for p, Initial residual = 0.00845879, Final residual = 0.00081235, No Iterations 5
time step continuity errors : sum local = 0.0338466, global = -0.00301624, cumulative = -1.9731
smoothSolver:  Solving for omega, Initial residual = 0.000611942, Final residual = 2.31108e-05, No Iterations 2
smoothSolver:  Solving for k, Initial residual = 0.00152617, Final residual = 9.24602e-05, No Iterations 3
ExecutionTime = 8.25 s  ClockTime = 10 s

Time = 299

smoothSolver:  Solving for Ux, Initial residual = 0.00120034, Final residual = 0.000113708, No Iterations 5
smoothSolver:  Solving for Uy, Initial residual = 0.00949433, Final residual = 0.000915734, No Iterations 5
GAMG:  Solving for p, Initial residual = 0.00816285, Final residual = 0.000710098, No Iterations 6
time step continuity errors : sum local = 0.0295623, global = 0.00320607, cumulative = -1.96989
smoothSolver:  Solving for omega, Initial residual = 0.000726345, Final residual = 2.16302e-05, No Iterations 2
smoothSolver:  Solving for k, Initial residual = 0.0014996, Final residual = 9.03448e-05, No Iterations 3
ExecutionTime = 8.29 s  ClockTime = 11 s

Time = 300

smoothSolver:  Solving for Ux, Initial residual = 0.00117159, Final residual = 0.000109994, No Iterations 5
smoothSolver:  Solving for Uy, Initial residual = 0.00921512, Final residual = 0.000889317, No Iterations 5
GAMG:  Solving for p, Initial residual = 0.00796964, Final residual = 0.000786224, No Iterations 6
time step continuity errors : sum local = 0.0326665, global = 0.00402067, cumulative = -1.96587
smoothSolver:  Solving for omega, Initial residual = 0.000651357, Final residual = 2.33845e-05, No Iterations 2
smoothSolver:  Solving for k, Initial residual = 0.0014687, Final residual = 8.95976e-05, No Iterations 3
ExecutionTime = 8.38 s  ClockTime = 11 s

streamLine streamlines write:
    seeded 10 particles
    Tracks:10
    Total samples:11980
Time = 301

smoothSolver:  Solving for Ux, Initial residual = 0.00114304, Final residual = 0.000106357, No Iterations 5
smoothSolver:  Solving for Uy, Initial residual = 0.00890718, Final residual = 0.000863254, No Iterations 5
GAMG:  Solving for p, Initial residual = 0.00775631, Final residual = 0.000603228, No Iterations 7
time step continuity errors : sum local = 0.0250221, global = -0.00173731, cumulative = -1.96761
smoothSolver:  Solving for omega, Initial residual = 0.000658248, Final residual = 1.82484e-05, No Iterations 2
smoothSolver:  Solving for k, Initial residual = 0.0014429, Final residual = 8.69796e-05, No Iterations 3
ExecutionTime = 8.44 s  ClockTime = 11 s

Time = 302

smoothSolver:  Solving for Ux, Initial residual = 0.00111238, Final residual = 0.000102436, No Iterations 5
smoothSolver:  Solving for Uy, Initial residual = 0.00861498, Final residual = 0.000841471, No Iterations 5
GAMG:  Solving for p, Initial residual = 0.00756272, Final residual = 0.000573332, No Iterations 7
time step continuity errors : sum local = 0.0237204, global = -0.00157968, cumulative = -1.96919
smoothSolver:  Solving for omega, Initial residual = 0.000599089, Final residual = 1.73285e-05, No Iterations 2
smoothSolver:  Solving for k, Initial residual = 0.00141008, Final residual = 8.63191e-05, No Iterations 3
ExecutionTime = 8.46 s  ClockTime = 11 s

Time = 303

smoothSolver:  Solving for Ux, Initial residual = 0.00107791, Final residual = 9.84609e-05, No Iterations 5
smoothSolver:  Solving for Uy, Initial residual = 0.00833391, Final residual = 0.000823065, No Iterations 5
GAMG:  Solving for p, Initial residual = 0.00727851, Final residual = 0.000564344, No Iterations 7
time step continuity errors : sum local = 0.0232673, global = -0.00148676, cumulative = -1.97068
smoothSolver:  Solving for omega, Initial residual = 0.000463695, Final residual = 1.84076e-05, No Iterations 2
smoothSolver:  Solving for k, Initial residual = 0.00138188, Final residual = 8.3989e-05, No Iterations 3
ExecutionTime = 8.49 s  ClockTime = 11 s

Time = 304

smoothSolver:  Solving for Ux, Initial residual = 0.00104093, Final residual = 9.44235e-05, No Iterations 5
smoothSolver:  Solving for Uy, Initial residual = 0.0080789, Final residual = 0.00052416, No Iterations 6
GAMG:  Solving for p, Initial residual = 0.00712611, Final residual = 0.000547992, No Iterations 7
time step continuity errors : sum local = 0.0224898, global = -0.00137557, cumulative = -1.97205
smoothSolver:  Solving for omega, Initial residual = 0.000488823, Final residual = 1.69616e-05, No Iterations 2
smoothSolver:  Solving for k, Initial residual = 0.00135227, Final residual = 8.26665e-05, No Iterations 3
ExecutionTime = 8.52 s  ClockTime = 11 s

Time = 305

smoothSolver:  Solving for Ux, Initial residual = 0.00100686, Final residual = 9.07138e-05, No Iterations 5
smoothSolver:  Solving for Uy, Initial residual = 0.00771607, Final residual = 0.000505264, No Iterations 6
GAMG:  Solving for p, Initial residual = 0.00696972, Final residual = 0.000555273, No Iterations 7
time step continuity errors : sum local = 0.0226833, global = -0.00131058, cumulative = -1.97336
smoothSolver:  Solving for omega, Initial residual = 0.000491222, Final residual = 1.93654e-05, No Iterations 2
smoothSolver:  Solving for k, Initial residual = 0.00132321, Final residual = 8.07748e-05, No Iterations 3
ExecutionTime = 8.54 s  ClockTime = 11 s

Time = 306

smoothSolver:  Solving for Ux, Initial residual = 0.000968502, Final residual = 8.68263e-05, No Iterations 5
smoothSolver:  Solving for Uy, Initial residual = 0.00748391, Final residual = 0.00049366, No Iterations 6
GAMG:  Solving for p, Initial residual = 0.00695308, Final residual = 0.000541342, No Iterations 7
time step continuity errors : sum local = 0.0219952, global = -0.00122403, cumulative = -1.97459
smoothSolver:  Solving for omega, Initial residual = 0.000527929, Final residual = 1.719e-05, No Iterations 2
smoothSolver:  Solving for k, Initial residual = 0.00129043, Final residual = 7.92431e-05, No Iterations 3
ExecutionTime = 8.57 s  ClockTime = 11 s

Time = 307

smoothSolver:  Solving for Ux, Initial residual = 0.000928473, Final residual = 8.30374e-05, No Iterations 5
smoothSolver:  Solving for Uy, Initial residual = 0.00730947, Final residual = 0.000483319, No Iterations 6
GAMG:  Solving for p, Initial residual = 0.00666378, Final residual = 0.000527079, No Iterations 7
time step continuity errors : sum local = 0.0212754, global = -0.00112537, cumulative = -1.97571
smoothSolver:  Solving for omega, Initial residual = 0.000448459, Final residual = 1.50003e-05, No Iterations 2
smoothSolver:  Solving for k, Initial residual = 0.00125777, Final residual = 7.58889e-05, No Iterations 3
ExecutionTime = 8.59 s  ClockTime = 11 s

Time = 308

smoothSolver:  Solving for Ux, Initial residual = 0.000888289, Final residual = 7.95389e-05, No Iterations 5
smoothSolver:  Solving for Uy, Initial residual = 0.00713363, Final residual = 0.00047049, No Iterations 6
GAMG:  Solving for p, Initial residual = 0.00636416, Final residual = 0.000504491, No Iterations 7
time step continuity errors : sum local = 0.0202311, global = -0.00105318, cumulative = -1.97677
smoothSolver:  Solving for omega, Initial residual = 0.000374967, Final residual = 1.37936e-05, No Iterations 2
smoothSolver:  Solving for k, Initial residual = 0.0012248, Final residual = 7.44723e-05, No Iterations 3
ExecutionTime = 8.62 s  ClockTime = 11 s

Time = 309

smoothSolver:  Solving for Ux, Initial residual = 0.000850225, Final residual = 7.63975e-05, No Iterations 5
smoothSolver:  Solving for Uy, Initial residual = 0.00695786, Final residual = 0.000455767, No Iterations 6
GAMG:  Solving for p, Initial residual = 0.00621012, Final residual = 0.000500562, No Iterations 7
time step continuity errors : sum local = 0.0199309, global = -0.000965137, cumulative = -1.97773
smoothSolver:  Solving for omega, Initial residual = 0.000377072, Final residual = 1.32423e-05, No Iterations 2
smoothSolver:  Solving for k, Initial residual = 0.0011972, Final residual = 7.2732e-05, No Iterations 3
ExecutionTime = 8.64 s  ClockTime = 11 s

Time = 310

smoothSolver:  Solving for Ux, Initial residual = 0.000816343, Final residual = 7.36525e-05, No Iterations 5
smoothSolver:  Solving for Uy, Initial residual = 0.00678475, Final residual = 0.000439424, No Iterations 6
GAMG:  Solving for p, Initial residual = 0.00601005, Final residual = 0.000491304, No Iterations 7
time step continuity errors : sum local = 0.0194265, global = -0.00087904, cumulative = -1.97861
smoothSolver:  Solving for omega, Initial residual = 0.000380502, Final residual = 1.36535e-05, No Iterations 2
smoothSolver:  Solving for k, Initial residual = 0.00117177, Final residual = 7.11414e-05, No Iterations 3
ExecutionTime = 8.67 s  ClockTime = 11 s

Time = 311

smoothSolver:  Solving for Ux, Initial residual = 0.00078675, Final residual = 7.13469e-05, No Iterations 5
smoothSolver:  Solving for Uy, Initial residual = 0.00660494, Final residual = 0.000659154, No Iterations 5
GAMG:  Solving for p, Initial residual = 0.00590372, Final residual = 0.000481181, No Iterations 7
time step continuity errors : sum local = 0.0188975, global = -0.000806988, cumulative = -1.97942
smoothSolver:  Solving for omega, Initial residual = 0.000410738, Final residual = 1.31302e-05, No Iterations 2
smoothSolver:  Solving for k, Initial residual = 0.00114634, Final residual = 6.91396e-05, No Iterations 3
ExecutionTime = 8.7 s  ClockTime = 11 s

Time = 312

smoothSolver:  Solving for Ux, Initial residual = 0.000758447, Final residual = 6.92404e-05, No Iterations 5
smoothSolver:  Solving for Uy, Initial residual = 0.00652713, Final residual = 0.00064506, No Iterations 5
GAMG:  Solving for p, Initial residual = 0.00567067, Final residual = 0.000453849, No Iterations 7
time step continuity errors : sum local = 0.017707, global = -0.000698925, cumulative = -1.98012
smoothSolver:  Solving for omega, Initial residual = 0.000400569, Final residual = 1.5029e-05, No Iterations 2
smoothSolver:  Solving for k, Initial residual = 0.00112537, Final residual = 6.76568e-05, No Iterations 3
ExecutionTime = 8.73 s  ClockTime = 11 s

Time = 313

smoothSolver:  Solving for Ux, Initial residual = 0.000736635, Final residual = 6.78049e-05, No Iterations 5
smoothSolver:  Solving for Uy, Initial residual = 0.00637595, Final residual = 0.000623011, No Iterations 5
GAMG:  Solving for p, Initial residual = 0.00547514, Final residual = 0.000424803, No Iterations 7
time step continuity errors : sum local = 0.0164756, global = -0.000592689, cumulative = -1.98071
smoothSolver:  Solving for omega, Initial residual = 0.000452704, Final residual = 1.44746e-05, No Iterations 2
smoothSolver:  Solving for k, Initial residual = 0.00110236, Final residual = 6.66523e-05, No Iterations 3
ExecutionTime = 8.76 s  ClockTime = 11 s

Time = 314

smoothSolver:  Solving for Ux, Initial residual = 0.000719261, Final residual = 6.69001e-05, No Iterations 5
smoothSolver:  Solving for Uy, Initial residual = 0.00617168, Final residual = 0.00059712, No Iterations 5
GAMG:  Solving for p, Initial residual = 0.00534514, Final residual = 0.000527763, No Iterations 6
time step continuity errors : sum local = 0.0203627, global = 0.00138861, cumulative = -1.97932
smoothSolver:  Solving for omega, Initial residual = 0.000432154, Final residual = 1.32707e-05, No Iterations 2
smoothSolver:  Solving for k, Initial residual = 0.00108022, Final residual = 6.57588e-05, No Iterations 3
ExecutionTime = 8.79 s  ClockTime = 11 s

Time = 315

smoothSolver:  Solving for Ux, Initial residual = 0.000705307, Final residual = 6.63666e-05, No Iterations 5
smoothSolver:  Solving for Uy, Initial residual = 0.00594601, Final residual = 0.000570415, No Iterations 5
GAMG:  Solving for p, Initial residual = 0.00523855, Final residual = 0.000499961, No Iterations 6
time step continuity errors : sum local = 0.0192109, global = 0.00124458, cumulative = -1.97807
smoothSolver:  Solving for omega, Initial residual = 0.000391195, Final residual = 1.20159e-05, No Iterations 2
smoothSolver:  Solving for k, Initial residual = 0.00105661, Final residual = 6.44357e-05, No Iterations 3
ExecutionTime = 8.83 s  ClockTime = 11 s

Time = 316

smoothSolver:  Solving for Ux, Initial residual = 0.000693708, Final residual = 6.60657e-05, No Iterations 5
smoothSolver:  Solving for Uy, Initial residual = 0.00570886, Final residual = 0.000545808, No Iterations 5
GAMG:  Solving for p, Initial residual = 0.00502666, Final residual = 0.000462317, No Iterations 6
time step continuity errors : sum local = 0.0176964, global = 0.00114367, cumulative = -1.97693
smoothSolver:  Solving for omega, Initial residual = 0.000358327, Final residual = 1.26642e-05, No Iterations 2
smoothSolver:  Solving for k, Initial residual = 0.00102991, Final residual = 6.39023e-05, No Iterations 3
ExecutionTime = 8.86 s  ClockTime = 11 s

Time = 317

smoothSolver:  Solving for Ux, Initial residual = 0.000686748, Final residual = 6.58616e-05, No Iterations 5
smoothSolver:  Solving for Uy, Initial residual = 0.00548462, Final residual = 0.000523078, No Iterations 5
GAMG:  Solving for p, Initial residual = 0.00494369, Final residual = 0.000434322, No Iterations 6
time step continuity errors : sum local = 0.0165786, global = 0.00113808, cumulative = -1.97579
smoothSolver:  Solving for omega, Initial residual = 0.000405772, Final residual = 1.38349e-05, No Iterations 2
smoothSolver:  Solving for k, Initial residual = 0.0010062, Final residual = 6.26924e-05, No Iterations 3
ExecutionTime = 8.89 s  ClockTime = 11 s

Time = 318

smoothSolver:  Solving for Ux, Initial residual = 0.000681015, Final residual = 6.55346e-05, No Iterations 5
smoothSolver:  Solving for Uy, Initial residual = 0.00526424, Final residual = 0.000502403, No Iterations 5
GAMG:  Solving for p, Initial residual = 0.00498517, Final residual = 0.000496183, No Iterations 5
time step continuity errors : sum local = 0.0189026, global = -0.00137645, cumulative = -1.97717
smoothSolver:  Solving for omega, Initial residual = 0.00043658, Final residual = 1.34715e-05, No Iterations 2
smoothSolver:  Solving for k, Initial residual = 0.000979521, Final residual = 6.19173e-05, No Iterations 3
ExecutionTime = 8.91 s  ClockTime = 11 s

Time = 319

smoothSolver:  Solving for Ux, Initial residual = 0.000677876, Final residual = 6.49991e-05, No Iterations 5
smoothSolver:  Solving for Uy, Initial residual = 0.00505981, Final residual = 0.000483209, No Iterations 5
GAMG:  Solving for p, Initial residual = 0.00491671, Final residual = 0.000396433, No Iterations 6
time step continuity errors : sum local = 0.0150822, global = 0.00113224, cumulative = -1.97604
smoothSolver:  Solving for omega, Initial residual = 0.000457308, Final residual = 1.45401e-05, No Iterations 2
smoothSolver:  Solving for k, Initial residual = 0.000957068, Final residual = 6.11603e-05, No Iterations 3
ExecutionTime = 8.95 s  ClockTime = 11 s

Time = 320

smoothSolver:  Solving for Ux, Initial residual = 0.000670862, Final residual = 6.40124e-05, No Iterations 5
smoothSolver:  Solving for Uy, Initial residual = 0.00488549, Final residual = 0.000467736, No Iterations 5
GAMG:  Solving for p, Initial residual = 0.00482112, Final residual = 0.000478539, No Iterations 5
time step continuity errors : sum local = 0.0181936, global = -0.00192329, cumulative = -1.97796
smoothSolver:  Solving for omega, Initial residual = 0.000496634, Final residual = 1.5602e-05, No Iterations 2
smoothSolver:  Solving for k, Initial residual = 0.000929366, Final residual = 5.96411e-05, No Iterations 3
ExecutionTime = 8.98 s  ClockTime = 12 s

Time = 321

smoothSolver:  Solving for Ux, Initial residual = 0.000660221, Final residual = 6.29859e-05, No Iterations 5
smoothSolver:  Solving for Uy, Initial residual = 0.00469609, Final residual = 0.000453071, No Iterations 5
GAMG:  Solving for p, Initial residual = 0.0046253, Final residual = 0.00045367, No Iterations 5
time step continuity errors : sum local = 0.0172509, global = -0.00194549, cumulative = -1.97991
smoothSolver:  Solving for omega, Initial residual = 0.000538961, Final residual = 1.24265e-05, No Iterations 2
smoothSolver:  Solving for k, Initial residual = 0.000909138, Final residual = 5.89621e-05, No Iterations 3
ExecutionTime = 9 s  ClockTime = 12 s

Time = 322

smoothSolver:  Solving for Ux, Initial residual = 0.000646052, Final residual = 6.16269e-05, No Iterations 5
smoothSolver:  Solving for Uy, Initial residual = 0.00454095, Final residual = 0.000441056, No Iterations 5
GAMG:  Solving for p, Initial residual = 0.00444865, Final residual = 0.000416394, No Iterations 5
time step continuity errors : sum local = 0.0158465, global = 0.000509734, cumulative = -1.9794
smoothSolver:  Solving for omega, Initial residual = 0.000453258, Final residual = 1.54789e-05, No Iterations 2
smoothSolver:  Solving for k, Initial residual = 0.000886143, Final residual = 5.79827e-05, No Iterations 3
ExecutionTime = 9.03 s  ClockTime = 12 s

Time = 323

smoothSolver:  Solving for Ux, Initial residual = 0.000634812, Final residual = 6.01053e-05, No Iterations 5
smoothSolver:  Solving for Uy, Initial residual = 0.00441402, Final residual = 0.000430937, No Iterations 5
GAMG:  Solving for p, Initial residual = 0.00447124, Final residual = 0.000346242, No Iterations 5
time step continuity errors : sum local = 0.0131943, global = 0.000953537, cumulative = -1.97844
smoothSolver:  Solving for omega, Initial residual = 0.000583006, Final residual = 5.56861e-05, No Iterations 1
smoothSolver:  Solving for k, Initial residual = 0.000868697, Final residual = 5.74216e-05, No Iterations 3
ExecutionTime = 9.06 s  ClockTime = 12 s

Time = 324

smoothSolver:  Solving for Ux, Initial residual = 0.000618133, Final residual = 5.85758e-05, No Iterations 5
smoothSolver:  Solving for Uy, Initial residual = 0.00428369, Final residual = 0.000421751, No Iterations 5
GAMG:  Solving for p, Initial residual = 0.0042324, Final residual = 0.000352065, No Iterations 5
time step continuity errors : sum local = 0.0134312, global = 0.00124169, cumulative = -1.9772
smoothSolver:  Solving for omega, Initial residual = 0.000462947, Final residual = 1.22406e-05, No Iterations 2
smoothSolver:  Solving for k, Initial residual = 0.000849188, Final residual = 5.67309e-05, No Iterations 3
ExecutionTime = 9.08 s  ClockTime = 12 s

Time = 325

smoothSolver:  Solving for Ux, Initial residual = 0.000602514, Final residual = 5.69679e-05, No Iterations 5
smoothSolver:  Solving for Uy, Initial residual = 0.00415364, Final residual = 0.000411857, No Iterations 5
GAMG:  Solving for p, Initial residual = 0.00415083, Final residual = 0.000361788, No Iterations 5
time step continuity errors : sum local = 0.0138152, global = 0.0014014, cumulative = -1.9758
smoothSolver:  Solving for omega, Initial residual = 0.000369184, Final residual = 1.31884e-05, No Iterations 2
smoothSolver:  Solving for k, Initial residual = 0.000827551, Final residual = 5.58701e-05, No Iterations 3
ExecutionTime = 9.11 s  ClockTime = 12 s

Time = 326

smoothSolver:  Solving for Ux, Initial residual = 0.000583803, Final residual = 5.52397e-05, No Iterations 5
smoothSolver:  Solving for Uy, Initial residual = 0.00405189, Final residual = 0.000404261, No Iterations 5
GAMG:  Solving for p, Initial residual = 0.00411153, Final residual = 0.000374824, No Iterations 5
time step continuity errors : sum local = 0.0143378, global = 0.00148068, cumulative = -1.97432
smoothSolver:  Solving for omega, Initial residual = 0.000322968, Final residual = 1.2742e-05, No Iterations 2
smoothSolver:  Solving for k, Initial residual = 0.000805992, Final residual = 5.50228e-05, No Iterations 3
ExecutionTime = 9.13 s  ClockTime = 12 s

Time = 327

smoothSolver:  Solving for Ux, Initial residual = 0.000566432, Final residual = 5.34452e-05, No Iterations 5
smoothSolver:  Solving for Uy, Initial residual = 0.00395548, Final residual = 0.000258667, No Iterations 6
GAMG:  Solving for p, Initial residual = 0.00393501, Final residual = 0.000378408, No Iterations 5
time step continuity errors : sum local = 0.0144969, global = 0.00148504, cumulative = -1.97283
smoothSolver:  Solving for omega, Initial residual = 0.000352952, Final residual = 1.24865e-05, No Iterations 2
smoothSolver:  Solving for k, Initial residual = 0.000788754, Final residual = 5.44542e-05, No Iterations 3
ExecutionTime = 9.17 s  ClockTime = 12 s

Time = 328

smoothSolver:  Solving for Ux, Initial residual = 0.000549524, Final residual = 5.18048e-05, No Iterations 5
smoothSolver:  Solving for Uy, Initial residual = 0.00381515, Final residual = 0.000250504, No Iterations 6
GAMG:  Solving for p, Initial residual = 0.003882, Final residual = 0.000386797, No Iterations 5
time step continuity errors : sum local = 0.0148527, global = 0.00148217, cumulative = -1.97135
smoothSolver:  Solving for omega, Initial residual = 0.000315593, Final residual = 1.00503e-05, No Iterations 2
smoothSolver:  Solving for k, Initial residual = 0.000769089, Final residual = 5.37141e-05, No Iterations 3
ExecutionTime = 9.19 s  ClockTime = 12 s

Time = 329

smoothSolver:  Solving for Ux, Initial residual = 0.000530515, Final residual = 5.00591e-05, No Iterations 5
smoothSolver:  Solving for Uy, Initial residual = 0.00371279, Final residual = 0.000246243, No Iterations 6
GAMG:  Solving for p, Initial residual = 0.0036698, Final residual = 0.000357052, No Iterations 6
time step continuity errors : sum local = 0.0137429, global = -0.00200216, cumulative = -1.97335
smoothSolver:  Solving for omega, Initial residual = 0.000246028, Final residual = 9.51849e-06, No Iterations 2
smoothSolver:  Solving for k, Initial residual = 0.000757357, Final residual = 5.30308e-05, No Iterations 3
ExecutionTime = 9.22 s  ClockTime = 12 s

Time = 330

smoothSolver:  Solving for Ux, Initial residual = 0.000509769, Final residual = 4.81939e-05, No Iterations 5
smoothSolver:  Solving for Uy, Initial residual = 0.00365887, Final residual = 0.000245037, No Iterations 6
GAMG:  Solving for p, Initial residual = 0.00358062, Final residual = 0.000340247, No Iterations 6
time step continuity errors : sum local = 0.0131429, global = -0.00187042, cumulative = -1.97522
smoothSolver:  Solving for omega, Initial residual = 0.000246149, Final residual = 9.52143e-06, No Iterations 2
smoothSolver:  Solving for k, Initial residual = 0.00074002, Final residual = 5.22371e-05, No Iterations 3
ExecutionTime = 9.25 s  ClockTime = 12 s

Time = 331

smoothSolver:  Solving for Ux, Initial residual = 0.000493446, Final residual = 4.66789e-05, No Iterations 5
smoothSolver:  Solving for Uy, Initial residual = 0.00360312, Final residual = 0.000243614, No Iterations 6
GAMG:  Solving for p, Initial residual = 0.00344457, Final residual = 0.000242609, No Iterations 7
time step continuity errors : sum local = 0.00939759, global = 0.000668758, cumulative = -1.97456
smoothSolver:  Solving for omega, Initial residual = 0.000262631, Final residual = 1.02507e-05, No Iterations 2
smoothSolver:  Solving for k, Initial residual = 0.000724397, Final residual = 5.10921e-05, No Iterations 3
ExecutionTime = 9.27 s  ClockTime = 12 s

Time = 332

smoothSolver:  Solving for Ux, Initial residual = 0.000479629, Final residual = 4.51376e-05, No Iterations 5
smoothSolver:  Solving for Uy, Initial residual = 0.00356115, Final residual = 0.000241876, No Iterations 6
GAMG:  Solving for p, Initial residual = 0.00341745, Final residual = 0.000331691, No Iterations 6
time step continuity errors : sum local = 0.0128808, global = -0.00174332, cumulative = -1.9763
smoothSolver:  Solving for omega, Initial residual = 0.000303722, Final residual = 9.66077e-06, No Iterations 2
smoothSolver:  Solving for k, Initial residual = 0.000708288, Final residual = 5.02297e-05, No Iterations 3
ExecutionTime = 9.3 s  ClockTime = 12 s

Time = 333

smoothSolver:  Solving for Ux, Initial residual = 0.000464145, Final residual = 4.3707e-05, No Iterations 5
smoothSolver:  Solving for Uy, Initial residual = 0.00352391, Final residual = 0.000239769, No Iterations 6
GAMG:  Solving for p, Initial residual = 0.00339847, Final residual = 0.000253533, No Iterations 7
time step continuity errors : sum local = 0.00987416, global = 0.000647051, cumulative = -1.97565
smoothSolver:  Solving for omega, Initial residual = 0.000302791, Final residual = 1.16565e-05, No Iterations 2
smoothSolver:  Solving for k, Initial residual = 0.000692421, Final residual = 4.90042e-05, No Iterations 3
ExecutionTime = 9.32 s  ClockTime = 12 s

Time = 334

smoothSolver:  Solving for Ux, Initial residual = 0.000450456, Final residual = 4.23166e-05, No Iterations 5
smoothSolver:  Solving for Uy, Initial residual = 0.00348815, Final residual = 0.000237932, No Iterations 6
GAMG:  Solving for p, Initial residual = 0.00333763, Final residual = 0.000235171, No Iterations 7
time step continuity errors : sum local = 0.00918125, global = 0.000585239, cumulative = -1.97507
smoothSolver:  Solving for omega, Initial residual = 0.000347461, Final residual = 1.06826e-05, No Iterations 2
smoothSolver:  Solving for k, Initial residual = 0.000675916, Final residual = 4.78901e-05, No Iterations 3
ExecutionTime = 9.35 s  ClockTime = 12 s

Time = 335

smoothSolver:  Solving for Ux, Initial residual = 0.000436106, Final residual = 4.1058e-05, No Iterations 5
smoothSolver:  Solving for Uy, Initial residual = 0.00345816, Final residual = 0.000235983, No Iterations 6
GAMG:  Solving for p, Initial residual = 0.00331831, Final residual = 0.000324789, No Iterations 6
time step continuity errors : sum local = 0.0127185, global = -0.00154762, cumulative = -1.97661
smoothSolver:  Solving for omega, Initial residual = 0.000320724, Final residual = 1.02993e-05, No Iterations 2
smoothSolver:  Solving for k, Initial residual = 0.000660197, Final residual = 4.65889e-05, No Iterations 3
ExecutionTime = 9.38 s  ClockTime = 12 s

Time = 336

smoothSolver:  Solving for Ux, Initial residual = 0.000421446, Final residual = 3.99475e-05, No Iterations 5
smoothSolver:  Solving for Uy, Initial residual = 0.00342284, Final residual = 0.000233266, No Iterations 6
GAMG:  Solving for p, Initial residual = 0.00325248, Final residual = 0.000245257, No Iterations 7
time step continuity errors : sum local = 0.00963023, global = 0.000554341, cumulative = -1.97606
smoothSolver:  Solving for omega, Initial residual = 0.000244867, Final residual = 8.41736e-06, No Iterations 2
smoothSolver:  Solving for k, Initial residual = 0.000642877, Final residual = 4.5149e-05, No Iterations 3
ExecutionTime = 9.41 s  ClockTime = 12 s

Time = 337

smoothSolver:  Solving for Ux, Initial residual = 0.000408929, Final residual = 3.88708e-05, No Iterations 5
smoothSolver:  Solving for Uy, Initial residual = 0.00338646, Final residual = 0.00023066, No Iterations 6
GAMG:  Solving for p, Initial residual = 0.00320634, Final residual = 0.000229406, No Iterations 7
time step continuity errors : sum local = 0.0090296, global = 0.000489656, cumulative = -1.97557
smoothSolver:  Solving for omega, Initial residual = 0.000256756, Final residual = 8.76607e-06, No Iterations 2
smoothSolver:  Solving for k, Initial residual = 0.000629015, Final residual = 4.3883e-05, No Iterations 3
ExecutionTime = 9.44 s  ClockTime = 12 s

Time = 338

smoothSolver:  Solving for Ux, Initial residual = 0.000397995, Final residual = 3.79396e-05, No Iterations 5
smoothSolver:  Solving for Uy, Initial residual = 0.00335325, Final residual = 0.000227692, No Iterations 6
GAMG:  Solving for p, Initial residual = 0.00315173, Final residual = 0.000313872, No Iterations 6
time step continuity errors : sum local = 0.0123854, global = -0.00124012, cumulative = -1.97681
smoothSolver:  Solving for omega, Initial residual = 0.00025498, Final residual = 9.23422e-06, No Iterations 2
smoothSolver:  Solving for k, Initial residual = 0.000611422, Final residual = 4.24021e-05, No Iterations 3
ExecutionTime = 9.47 s  ClockTime = 12 s

Time = 339

smoothSolver:  Solving for Ux, Initial residual = 0.000389033, Final residual = 3.71127e-05, No Iterations 5
smoothSolver:  Solving for Uy, Initial residual = 0.00331901, Final residual = 0.00022395, No Iterations 6
GAMG:  Solving for p, Initial residual = 0.00319305, Final residual = 0.00023243, No Iterations 7
time step continuity errors : sum local = 0.00919447, global = 0.000422866, cumulative = -1.97639
smoothSolver:  Solving for omega, Initial residual = 0.000331957, Final residual = 9.18077e-06, No Iterations 2
smoothSolver:  Solving for k, Initial residual = 0.000597301, Final residual = 4.10029e-05, No Iterations 3
ExecutionTime = 9.5 s  ClockTime = 12 s

Time = 340

smoothSolver:  Solving for Ux, Initial residual = 0.000380595, Final residual = 3.63254e-05, No Iterations 5
smoothSolver:  Solving for Uy, Initial residual = 0.00328393, Final residual = 0.000220282, No Iterations 6
GAMG:  Solving for p, Initial residual = 0.003183, Final residual = 0.000304327, No Iterations 6
time step continuity errors : sum local = 0.0120654, global = -0.00101409, cumulative = -1.9774
smoothSolver:  Solving for omega, Initial residual = 0.000316846, Final residual = 1.13453e-05, No Iterations 2
smoothSolver:  Solving for k, Initial residual = 0.000581996, Final residual = 3.95573e-05, No Iterations 3
ExecutionTime = 9.53 s  ClockTime = 12 s

Time = 341

smoothSolver:  Solving for Ux, Initial residual = 0.000375665, Final residual = 3.56662e-05, No Iterations 5
smoothSolver:  Solving for Uy, Initial residual = 0.00325023, Final residual = 0.000215673, No Iterations 6
GAMG:  Solving for p, Initial residual = 0.00320651, Final residual = 0.000305234, No Iterations 6
time step continuity errors : sum local = 0.0121292, global = -0.000937523, cumulative = -1.97834
smoothSolver:  Solving for omega, Initial residual = 0.000441242, Final residual = 1.06596e-05, No Iterations 2
smoothSolver:  Solving for k, Initial residual = 0.000569148, Final residual = 3.81508e-05, No Iterations 3
ExecutionTime = 9.55 s  ClockTime = 12 s

Time = 342

smoothSolver:  Solving for Ux, Initial residual = 0.00036654, Final residual = 3.5082e-05, No Iterations 5
smoothSolver:  Solving for Uy, Initial residual = 0.00320217, Final residual = 0.000210845, No Iterations 6
GAMG:  Solving for p, Initial residual = 0.00323321, Final residual = 0.00029649, No Iterations 6
time step continuity errors : sum local = 0.0118057, global = -0.000826041, cumulative = -1.97917
smoothSolver:  Solving for omega, Initial residual = 0.000386051, Final residual = 1.04252e-05, No Iterations 2
smoothSolver:  Solving for k, Initial residual = 0.000553624, Final residual = 3.67785e-05, No Iterations 3
ExecutionTime = 9.59 s  ClockTime = 12 s

Time = 343

smoothSolver:  Solving for Ux, Initial residual = 0.000359402, Final residual = 3.45528e-05, No Iterations 5
smoothSolver:  Solving for Uy, Initial residual = 0.00314236, Final residual = 0.000205486, No Iterations 6
GAMG:  Solving for p, Initial residual = 0.0030392, Final residual = 0.000283711, No Iterations 6
time step continuity errors : sum local = 0.0113189, global = -0.00070781, cumulative = -1.97987
smoothSolver:  Solving for omega, Initial residual = 0.000398367, Final residual = 3.89897e-05, No Iterations 1
smoothSolver:  Solving for k, Initial residual = 0.000543219, Final residual = 3.58496e-05, No Iterations 3
ExecutionTime = 9.61 s  ClockTime = 12 s

Time = 344

smoothSolver:  Solving for Ux, Initial residual = 0.000350862, Final residual = 3.40785e-05, No Iterations 5
smoothSolver:  Solving for Uy, Initial residual = 0.00307355, Final residual = 0.000199947, No Iterations 6
GAMG:  Solving for p, Initial residual = 0.00304077, Final residual = 0.000274964, No Iterations 6
time step continuity errors : sum local = 0.0109863, global = -0.000620041, cumulative = -1.98049
smoothSolver:  Solving for omega, Initial residual = 0.000373471, Final residual = 1.21156e-05, No Iterations 2
smoothSolver:  Solving for k, Initial residual = 0.000530014, Final residual = 3.4502e-05, No Iterations 3
ExecutionTime = 9.64 s  ClockTime = 12 s

Time = 345

smoothSolver:  Solving for Ux, Initial residual = 0.000347402, Final residual = 3.36892e-05, No Iterations 5
smoothSolver:  Solving for Uy, Initial residual = 0.00301166, Final residual = 0.00019359, No Iterations 6
GAMG:  Solving for p, Initial residual = 0.00298573, Final residual = 0.000264408, No Iterations 6
time step continuity errors : sum local = 0.0105838, global = -0.000547579, cumulative = -1.98104
smoothSolver:  Solving for omega, Initial residual = 0.000463693, Final residual = 4.31133e-05, No Iterations 1
smoothSolver:  Solving for k, Initial residual = 0.000517899, Final residual = 3.33774e-05, No Iterations 3
ExecutionTime = 9.66 s  ClockTime = 12 s

Time = 346

smoothSolver:  Solving for Ux, Initial residual = 0.000341763, Final residual = 3.33149e-05, No Iterations 5
smoothSolver:  Solving for Uy, Initial residual = 0.00294468, Final residual = 0.000292278, No Iterations 5
GAMG:  Solving for p, Initial residual = 0.0030112, Final residual = 0.000258983, No Iterations 6
time step continuity errors : sum local = 0.0103787, global = -0.00053268, cumulative = -1.98157
smoothSolver:  Solving for omega, Initial residual = 0.000430282, Final residual = 8.58349e-06, No Iterations 2
smoothSolver:  Solving for k, Initial residual = 0.000503572, Final residual = 3.20865e-05, No Iterations 3
ExecutionTime = 9.69 s  ClockTime = 12 s

Time = 347

smoothSolver:  Solving for Ux, Initial residual = 0.000335898, Final residual = 3.28617e-05, No Iterations 5
smoothSolver:  Solving for Uy, Initial residual = 0.00290814, Final residual = 0.000287045, No Iterations 5
GAMG:  Solving for p, Initial residual = 0.00284111, Final residual = 0.000251826, No Iterations 6
time step continuity errors : sum local = 0.0101081, global = -0.000531262, cumulative = -1.9821
smoothSolver:  Solving for omega, Initial residual = 0.000286297, Final residual = 1.04325e-05, No Iterations 2
smoothSolver:  Solving for k, Initial residual = 0.000489267, Final residual = 3.09617e-05, No Iterations 3
ExecutionTime = 9.71 s  ClockTime = 12 s

Time = 348

smoothSolver:  Solving for Ux, Initial residual = 0.000330242, Final residual = 3.24698e-05, No Iterations 5
smoothSolver:  Solving for Uy, Initial residual = 0.00284714, Final residual = 0.00027932, No Iterations 5
GAMG:  Solving for p, Initial residual = 0.00281498, Final residual = 0.00024384, No Iterations 6
time step continuity errors : sum local = 0.00979174, global = -0.000548075, cumulative = -1.98265
smoothSolver:  Solving for omega, Initial residual = 0.000320749, Final residual = 9.15095e-06, No Iterations 2
smoothSolver:  Solving for k, Initial residual = 0.000476133, Final residual = 3.00239e-05, No Iterations 3
ExecutionTime = 9.74 s  ClockTime = 12 s

Time = 349

smoothSolver:  Solving for Ux, Initial residual = 0.000325789, Final residual = 3.20733e-05, No Iterations 5
smoothSolver:  Solving for Uy, Initial residual = 0.00275999, Final residual = 0.000269672, No Iterations 5
GAMG:  Solving for p, Initial residual = 0.00269461, Final residual = 0.00023462, No Iterations 6
time step continuity errors : sum local = 0.00943386, global = -0.000578386, cumulative = -1.98323
smoothSolver:  Solving for omega, Initial residual = 0.00028971, Final residual = 8.03769e-06, No Iterations 2
smoothSolver:  Solving for k, Initial residual = 0.000461451, Final residual = 2.87091e-05, No Iterations 3
ExecutionTime = 9.76 s  ClockTime = 12 s

Time = 350

smoothSolver:  Solving for Ux, Initial residual = 0.000320527, Final residual = 3.15987e-05, No Iterations 5
smoothSolver:  Solving for Uy, Initial residual = 0.00266708, Final residual = 0.000259397, No Iterations 5
GAMG:  Solving for p, Initial residual = 0.00260099, Final residual = 0.000220787, No Iterations 6
time step continuity errors : sum local = 0.00887984, global = -0.000562067, cumulative = -1.98379
smoothSolver:  Solving for omega, Initial residual = 0.000212882, Final residual = 6.90578e-06, No Iterations 2
smoothSolver:  Solving for k, Initial residual = 0.000446929, Final residual = 2.77308e-05, No Iterations 3
ExecutionTime = 9.79 s  ClockTime = 12 s

Time = 351

smoothSolver:  Solving for Ux, Initial residual = 0.000315409, Final residual = 3.10457e-05, No Iterations 5
smoothSolver:  Solving for Uy, Initial residual = 0.00257069, Final residual = 0.00024918, No Iterations 5
GAMG:  Solving for p, Initial residual = 0.00251956, Final residual = 0.000205926, No Iterations 6
time step continuity errors : sum local = 0.00828824, global = -0.000512128, cumulative = -1.98431
smoothSolver:  Solving for omega, Initial residual = 0.000215634, Final residual = 7.34241e-06, No Iterations 2
smoothSolver:  Solving for k, Initial residual = 0.000432459, Final residual = 2.67223e-05, No Iterations 3
ExecutionTime = 9.81 s  ClockTime = 12 s

Time = 352

smoothSolver:  Solving for Ux, Initial residual = 0.000310831, Final residual = 3.03841e-05, No Iterations 5
smoothSolver:  Solving for Uy, Initial residual = 0.00248031, Final residual = 0.00023941, No Iterations 5
GAMG:  Solving for p, Initial residual = 0.00246224, Final residual = 0.000193547, No Iterations 6
time step continuity errors : sum local = 0.00778981, global = -0.000448078, cumulative = -1.98475
smoothSolver:  Solving for omega, Initial residual = 0.000210892, Final residual = 7.59533e-06, No Iterations 2
smoothSolver:  Solving for k, Initial residual = 0.000418639, Final residual = 2.56776e-05, No Iterations 3
ExecutionTime = 9.84 s  ClockTime = 13 s

Time = 353

smoothSolver:  Solving for Ux, Initial residual = 0.000306291, Final residual = 2.963e-05, No Iterations 5
smoothSolver:  Solving for Uy, Initial residual = 0.00239235, Final residual = 0.000230112, No Iterations 5
GAMG:  Solving for p, Initial residual = 0.00241705, Final residual = 0.000179375, No Iterations 6
time step continuity errors : sum local = 0.0072202, global = -0.000381449, cumulative = -1.98513
smoothSolver:  Solving for omega, Initial residual = 0.000263674, Final residual = 7.81737e-06, No Iterations 2
smoothSolver:  Solving for k, Initial residual = 0.000404865, Final residual = 2.48546e-05, No Iterations 3
ExecutionTime = 9.86 s  ClockTime = 13 s

Time = 354

smoothSolver:  Solving for Ux, Initial residual = 0.000300475, Final residual = 2.88028e-05, No Iterations 5
smoothSolver:  Solving for Uy, Initial residual = 0.00230934, Final residual = 0.000221506, No Iterations 5
GAMG:  Solving for p, Initial residual = 0.00240813, Final residual = 0.000236013, No Iterations 5
time step continuity errors : sum local = 0.00949691, global = 0.000958408, cumulative = -1.98418
smoothSolver:  Solving for omega, Initial residual = 0.000249633, Final residual = 8.79863e-06, No Iterations 2
smoothSolver:  Solving for k, Initial residual = 0.000391715, Final residual = 2.37412e-05, No Iterations 3
ExecutionTime = 9.9 s  ClockTime = 13 s

Time = 355

smoothSolver:  Solving for Ux, Initial residual = 0.000293747, Final residual = 2.79206e-05, No Iterations 5
smoothSolver:  Solving for Uy, Initial residual = 0.00222078, Final residual = 0.000213156, No Iterations 5
GAMG:  Solving for p, Initial residual = 0.00232454, Final residual = 0.000213905, No Iterations 5
time step continuity errors : sum local = 0.00860507, global = -0.000720295, cumulative = -1.9849
smoothSolver:  Solving for omega, Initial residual = 0.000310764, Final residual = 9.11221e-06, No Iterations 2
smoothSolver:  Solving for k, Initial residual = 0.000378552, Final residual = 2.30069e-05, No Iterations 3
ExecutionTime = 9.92 s  ClockTime = 13 s

Time = 356

smoothSolver:  Solving for Ux, Initial residual = 0.000286495, Final residual = 2.69681e-05, No Iterations 5
smoothSolver:  Solving for Uy, Initial residual = 0.00213926, Final residual = 0.000205985, No Iterations 5
GAMG:  Solving for p, Initial residual = 0.00230002, Final residual = 0.000198973, No Iterations 5
time step continuity errors : sum local = 0.00799988, global = -0.000720299, cumulative = -1.98562
smoothSolver:  Solving for omega, Initial residual = 0.000274679, Final residual = 7.3536e-06, No Iterations 2
smoothSolver:  Solving for k, Initial residual = 0.000366088, Final residual = 2.19835e-05, No Iterations 3
ExecutionTime = 9.94 s  ClockTime = 13 s

Time = 357

smoothSolver:  Solving for Ux, Initial residual = 0.000277017, Final residual = 2.59519e-05, No Iterations 5
smoothSolver:  Solving for Uy, Initial residual = 0.00205998, Final residual = 0.000199613, No Iterations 5
GAMG:  Solving for p, Initial residual = 0.002169, Final residual = 0.000198379, No Iterations 5
time step continuity errors : sum local = 0.00797144, global = -0.000760523, cumulative = -1.98638
smoothSolver:  Solving for omega, Initial residual = 0.000211325, Final residual = 6.41196e-06, No Iterations 2
smoothSolver:  Solving for k, Initial residual = 0.000353384, Final residual = 2.12482e-05, No Iterations 3
ExecutionTime = 9.97 s  ClockTime = 13 s

Time = 358

smoothSolver:  Solving for Ux, Initial residual = 0.000267271, Final residual = 2.49466e-05, No Iterations 5
smoothSolver:  Solving for Uy, Initial residual = 0.00198102, Final residual = 0.000193878, No Iterations 5
GAMG:  Solving for p, Initial residual = 0.00215385, Final residual = 0.000202225, No Iterations 5
time step continuity errors : sum local = 0.00811615, global = -0.00077209, cumulative = -1.98715
smoothSolver:  Solving for omega, Initial residual = 0.000210508, Final residual = 6.17175e-06, No Iterations 2
smoothSolver:  Solving for k, Initial residual = 0.000342369, Final residual = 2.04931e-05, No Iterations 3
ExecutionTime = 9.99 s  ClockTime = 13 s

Time = 359

smoothSolver:  Solving for Ux, Initial residual = 0.000258065, Final residual = 2.3902e-05, No Iterations 5
smoothSolver:  Solving for Uy, Initial residual = 0.00191722, Final residual = 0.000189058, No Iterations 5
GAMG:  Solving for p, Initial residual = 0.00207882, Final residual = 0.000206476, No Iterations 5
time step continuity errors : sum local = 0.00827923, global = -0.000748972, cumulative = -1.9879
smoothSolver:  Solving for omega, Initial residual = 0.000226076, Final residual = 6.74124e-06, No Iterations 2
smoothSolver:  Solving for k, Initial residual = 0.00033246, Final residual = 1.99086e-05, No Iterations 3
ExecutionTime = 10.02 s  ClockTime = 13 s

Time = 360

smoothSolver:  Solving for Ux, Initial residual = 0.000249531, Final residual = 2.28713e-05, No Iterations 5
smoothSolver:  Solving for Uy, Initial residual = 0.00186303, Final residual = 0.000185243, No Iterations 5
GAMG:  Solving for p, Initial residual = 0.00208166, Final residual = 0.000207306, No Iterations 5
time step continuity errors : sum local = 0.00829832, global = -0.000720012, cumulative = -1.98862
smoothSolver:  Solving for omega, Initial residual = 0.000269287, Final residual = 6.88301e-06, No Iterations 2
smoothSolver:  Solving for k, Initial residual = 0.000323914, Final residual = 1.93284e-05, No Iterations 3
ExecutionTime = 10.04 s  ClockTime = 13 s

Time = 361

smoothSolver:  Solving for Ux, Initial residual = 0.000241511, Final residual = 2.18677e-05, No Iterations 5
smoothSolver:  Solving for Uy, Initial residual = 0.00182121, Final residual = 0.000118405, No Iterations 6
GAMG:  Solving for p, Initial residual = 0.00208109, Final residual = 0.000206151, No Iterations 5
time step continuity errors : sum local = 0.00824257, global = -0.00067814, cumulative = -1.9893
smoothSolver:  Solving for omega, Initial residual = 0.000288853, Final residual = 8.58641e-06, No Iterations 2
smoothSolver:  Solving for k, Initial residual = 0.000315323, Final residual = 1.88618e-05, No Iterations 3
ExecutionTime = 10.07 s  ClockTime = 13 s

Time = 362

smoothSolver:  Solving for Ux, Initial residual = 0.00023315, Final residual = 2.09885e-05, No Iterations 5
smoothSolver:  Solving for Uy, Initial residual = 0.00174905, Final residual = 0.00011434, No Iterations 6
GAMG:  Solving for p, Initial residual = 0.00205734, Final residual = 0.000184707, No Iterations 6
time step continuity errors : sum local = 0.00737123, global = 0.000912616, cumulative = -1.98838
smoothSolver:  Solving for omega, Initial residual = 0.000341064, Final residual = 8.90031e-06, No Iterations 2
smoothSolver:  Solving for k, Initial residual = 0.000308941, Final residual = 1.84734e-05, No Iterations 3
ExecutionTime = 10.09 s  ClockTime = 13 s

Time = 363

smoothSolver:  Solving for Ux, Initial residual = 0.000225602, Final residual = 2.00509e-05, No Iterations 5
smoothSolver:  Solving for Uy, Initial residual = 0.00170985, Final residual = 0.000111484, No Iterations 6
GAMG:  Solving for p, Initial residual = 0.00204802, Final residual = 0.000195643, No Iterations 5
time step continuity errors : sum local = 0.00779418, global = -0.000569575, cumulative = -1.98895
smoothSolver:  Solving for omega, Initial residual = 0.000392467, Final residual = 3.41112e-05, No Iterations 1
smoothSolver:  Solving for k, Initial residual = 0.000302697, Final residual = 1.81523e-05, No Iterations 3
ExecutionTime = 10.13 s  ClockTime = 13 s

Time = 364

smoothSolver:  Solving for Ux, Initial residual = 0.000214656, Final residual = 1.92919e-05, No Iterations 5
smoothSolver:  Solving for Uy, Initial residual = 0.0016574, Final residual = 0.000108777, No Iterations 6
GAMG:  Solving for p, Initial residual = 0.0019571, Final residual = 0.000177033, No Iterations 6
time step continuity errors : sum local = 0.00704156, global = 0.000768839, cumulative = -1.98818
smoothSolver:  Solving for omega, Initial residual = 0.000297226, Final residual = 6.83018e-06, No Iterations 2
smoothSolver:  Solving for k, Initial residual = 0.000297085, Final residual = 1.77558e-05, No Iterations 3
ExecutionTime = 10.15 s  ClockTime = 13 s

Time = 365

smoothSolver:  Solving for Ux, Initial residual = 0.000205578, Final residual = 1.84213e-05, No Iterations 5
smoothSolver:  Solving for Uy, Initial residual = 0.00161774, Final residual = 0.000105502, No Iterations 6
GAMG:  Solving for p, Initial residual = 0.00184245, Final residual = 0.000159333, No Iterations 6
time step continuity errors : sum local = 0.00632652, global = 0.000652051, cumulative = -1.98753
smoothSolver:  Solving for omega, Initial residual = 0.000384696, Final residual = 3.40462e-05, No Iterations 1
smoothSolver:  Solving for k, Initial residual = 0.000291153, Final residual = 1.74142e-05, No Iterations 3
ExecutionTime = 10.18 s  ClockTime = 13 s

Time = 366

smoothSolver:  Solving for Ux, Initial residual = 0.000196666, Final residual = 1.77477e-05, No Iterations 5
smoothSolver:  Solving for Uy, Initial residual = 0.00157443, Final residual = 0.000102472, No Iterations 6
GAMG:  Solving for p, Initial residual = 0.00178752, Final residual = 0.000156098, No Iterations 6
time step continuity errors : sum local = 0.00618687, global = 0.0005663, cumulative = -1.98697
smoothSolver:  Solving for omega, Initial residual = 0.000356749, Final residual = 1.06965e-05, No Iterations 2
smoothSolver:  Solving for k, Initial residual = 0.000286923, Final residual = 1.70339e-05, No Iterations 3
ExecutionTime = 10.2 s  ClockTime = 13 s

Time = 367

smoothSolver:  Solving for Ux, Initial residual = 0.000192545, Final residual = 1.71319e-05, No Iterations 5
smoothSolver:  Solving for Uy, Initial residual = 0.00154534, Final residual = 0.000153492, No Iterations 5
GAMG:  Solving for p, Initial residual = 0.00184196, Final residual = 0.000155464, No Iterations 6
time step continuity errors : sum local = 0.00615392, global = 0.000505751, cumulative = -1.98646
smoothSolver:  Solving for omega, Initial residual = 0.000495683, Final residual = 4.50553e-05, No Iterations 1
smoothSolver:  Solving for k, Initial residual = 0.000281784, Final residual = 1.66501e-05, No Iterations 3
ExecutionTime = 10.23 s  ClockTime = 13 s

Time = 368

smoothSolver:  Solving for Ux, Initial residual = 0.000183924, Final residual = 1.65165e-05, No Iterations 5
smoothSolver:  Solving for Uy, Initial residual = 0.00153246, Final residual = 0.000151023, No Iterations 5
GAMG:  Solving for p, Initial residual = 0.0017957, Final residual = 0.000178182, No Iterations 5
time step continuity errors : sum local = 0.00704188, global = -0.000387511, cumulative = -1.98685
smoothSolver:  Solving for omega, Initial residual = 0.000402849, Final residual = 3.41901e-05, No Iterations 1
smoothSolver:  Solving for k, Initial residual = 0.000275675, Final residual = 1.63391e-05, No Iterations 3
ExecutionTime = 10.26 s  ClockTime = 13 s

Time = 369

smoothSolver:  Solving for Ux, Initial residual = 0.00017821, Final residual = 1.60436e-05, No Iterations 5
smoothSolver:  Solving for Uy, Initial residual = 0.00150186, Final residual = 0.00014624, No Iterations 5
GAMG:  Solving for p, Initial residual = 0.00167092, Final residual = 0.000150137, No Iterations 6
time step continuity errors : sum local = 0.00592735, global = 0.000407654, cumulative = -1.98644
smoothSolver:  Solving for omega, Initial residual = 0.000284224, Final residual = 9.12044e-06, No Iterations 2
smoothSolver:  Solving for k, Initial residual = 0.000269221, Final residual = 1.59312e-05, No Iterations 3
ExecutionTime = 10.28 s  ClockTime = 13 s

Time = 370

smoothSolver:  Solving for Ux, Initial residual = 0.000170874, Final residual = 1.56396e-05, No Iterations 5
smoothSolver:  Solving for Uy, Initial residual = 0.00146445, Final residual = 0.000140739, No Iterations 5
GAMG:  Solving for p, Initial residual = 0.00166484, Final residual = 0.000159599, No Iterations 5
time step continuity errors : sum local = 0.0062891, global = -0.000305665, cumulative = -1.98675
smoothSolver:  Solving for omega, Initial residual = 0.00025513, Final residual = 1.09463e-05, No Iterations 2
smoothSolver:  Solving for k, Initial residual = 0.00026374, Final residual = 1.55762e-05, No Iterations 3
ExecutionTime = 10.3 s  ClockTime = 13 s

Time = 371

smoothSolver:  Solving for Ux, Initial residual = 0.000168045, Final residual = 1.53916e-05, No Iterations 5
smoothSolver:  Solving for Uy, Initial residual = 0.00141542, Final residual = 0.000134852, No Iterations 5
GAMG:  Solving for p, Initial residual = 0.00163052, Final residual = 0.000156092, No Iterations 5
time step continuity errors : sum local = 0.00614737, global = -0.000287893, cumulative = -1.98703
smoothSolver:  Solving for omega, Initial residual = 0.000314838, Final residual = 6.73639e-06, No Iterations 2
smoothSolver:  Solving for k, Initial residual = 0.000257863, Final residual = 1.52158e-05, No Iterations 3
ExecutionTime = 10.33 s  ClockTime = 13 s

Time = 372

smoothSolver:  Solving for Ux, Initial residual = 0.000162925, Final residual = 1.51571e-05, No Iterations 5
smoothSolver:  Solving for Uy, Initial residual = 0.00136403, Final residual = 0.000128994, No Iterations 5
GAMG:  Solving for p, Initial residual = 0.00161566, Final residual = 0.000147682, No Iterations 5
time step continuity errors : sum local = 0.00580908, global = -0.000259792, cumulative = -1.98729
smoothSolver:  Solving for omega, Initial residual = 0.000242665, Final residual = 5.11236e-06, No Iterations 2
smoothSolver:  Solving for k, Initial residual = 0.000250559, Final residual = 1.49129e-05, No Iterations 3
ExecutionTime = 10.36 s  ClockTime = 13 s

Time = 373

smoothSolver:  Solving for Ux, Initial residual = 0.000158785, Final residual = 1.49961e-05, No Iterations 5
smoothSolver:  Solving for Uy, Initial residual = 0.00130948, Final residual = 0.000123532, No Iterations 5
GAMG:  Solving for p, Initial residual = 0.00145692, Final residual = 0.000139747, No Iterations 5
time step continuity errors : sum local = 0.00549473, global = -0.000244643, cumulative = -1.98754
smoothSolver:  Solving for omega, Initial residual = 0.000251171, Final residual = 1.09465e-05, No Iterations 2
smoothSolver:  Solving for k, Initial residual = 0.000246177, Final residual = 1.45778e-05, No Iterations 3
ExecutionTime = 10.39 s  ClockTime = 13 s

Time = 374

smoothSolver:  Solving for Ux, Initial residual = 0.000156124, Final residual = 1.488e-05, No Iterations 5
smoothSolver:  Solving for Uy, Initial residual = 0.00126577, Final residual = 0.000118322, No Iterations 5
GAMG:  Solving for p, Initial residual = 0.00190829, Final residual = 0.00014274, No Iterations 5
time step continuity errors : sum local = 0.00561089, global = -0.000262885, cumulative = -1.9878
smoothSolver:  Solving for omega, Initial residual = 0.000430089, Final residual = 3.13637e-05, No Iterations 1
smoothSolver:  Solving for k, Initial residual = 0.000238196, Final residual = 1.4395e-05, No Iterations 3
ExecutionTime = 10.41 s  ClockTime = 13 s

Time = 375

smoothSolver:  Solving for Ux, Initial residual = 0.000155407, Final residual = 1.47797e-05, No Iterations 5
smoothSolver:  Solving for Uy, Initial residual = 0.0012265, Final residual = 0.000113482, No Iterations 5
GAMG:  Solving for p, Initial residual = 0.00167033, Final residual = 0.000131524, No Iterations 5
time step continuity errors : sum local = 0.00516475, global = -0.000293373, cumulative = -1.98809
smoothSolver:  Solving for omega, Initial residual = 0.000177303, Final residual = 5.8421e-06, No Iterations 2
smoothSolver:  Solving for k, Initial residual = 0.000232883, Final residual = 1.40877e-05, No Iterations 3
ExecutionTime = 10.43 s  ClockTime = 13 s

Time = 376

smoothSolver:  Solving for Ux, Initial residual = 0.000154239, Final residual = 1.46199e-05, No Iterations 5
smoothSolver:  Solving for Uy, Initial residual = 0.00117464, Final residual = 0.0001085, No Iterations 5
GAMG:  Solving for p, Initial residual = 0.00164125, Final residual = 0.0001277, No Iterations 5
time step continuity errors : sum local = 0.00500939, global = -0.00031234, cumulative = -1.98841
smoothSolver:  Solving for omega, Initial residual = 0.0002203, Final residual = 5.58433e-06, No Iterations 2
smoothSolver:  Solving for k, Initial residual = 0.000224702, Final residual = 1.37201e-05, No Iterations 3
ExecutionTime = 10.46 s  ClockTime = 13 s

Time = 377

smoothSolver:  Solving for Ux, Initial residual = 0.000153241, Final residual = 1.44542e-05, No Iterations 5
smoothSolver:  Solving for Uy, Initial residual = 0.00113169, Final residual = 0.000104376, No Iterations 5
GAMG:  Solving for p, Initial residual = 0.00154706, Final residual = 0.000124234, No Iterations 5
time step continuity errors : sum local = 0.00487238, global = -0.000383464, cumulative = -1.98879
smoothSolver:  Solving for omega, Initial residual = 0.000193887, Final residual = 6.46391e-06, No Iterations 2
smoothSolver:  Solving for k, Initial residual = 0.000218152, Final residual = 1.34291e-05, No Iterations 3
ExecutionTime = 10.48 s  ClockTime = 13 s

Time = 378

smoothSolver:  Solving for Ux, Initial residual = 0.000152824, Final residual = 1.42195e-05, No Iterations 5
smoothSolver:  Solving for Uy, Initial residual = 0.00110077, Final residual = 0.000100543, No Iterations 5
GAMG:  Solving for p, Initial residual = 0.0015013, Final residual = 0.000135894, No Iterations 4
time step continuity errors : sum local = 0.00532754, global = 0.000296053, cumulative = -1.98849
smoothSolver:  Solving for omega, Initial residual = 0.000262365, Final residual = 6.87928e-06, No Iterations 2
smoothSolver:  Solving for k, Initial residual = 0.000212487, Final residual = 1.32066e-05, No Iterations 3
ExecutionTime = 10.51 s  ClockTime = 13 s

Time = 379

smoothSolver:  Solving for Ux, Initial residual = 0.000150947, Final residual = 1.39813e-05, No Iterations 5
smoothSolver:  Solving for Uy, Initial residual = 0.00105732, Final residual = 9.71604e-05, No Iterations 5
GAMG:  Solving for p, Initial residual = 0.00160442, Final residual = 0.000145297, No Iterations 4
time step continuity errors : sum local = 0.00569802, global = 0.000469985, cumulative = -1.98802
smoothSolver:  Solving for omega, Initial residual = 0.000234022, Final residual = 4.53061e-06, No Iterations 2
smoothSolver:  Solving for k, Initial residual = 0.000207373, Final residual = 1.29152e-05, No Iterations 3
ExecutionTime = 10.53 s  ClockTime = 13 s

Time = 380

smoothSolver:  Solving for Ux, Initial residual = 0.000147603, Final residual = 1.36615e-05, No Iterations 5
smoothSolver:  Solving for Uy, Initial residual = 0.00102057, Final residual = 9.37591e-05, No Iterations 5
GAMG:  Solving for p, Initial residual = 0.00141723, Final residual = 0.000135641, No Iterations 4
time step continuity errors : sum local = 0.00531859, global = 0.000320555, cumulative = -1.9877
smoothSolver:  Solving for omega, Initial residual = 0.0001819, Final residual = 4.95994e-06, No Iterations 2
smoothSolver:  Solving for k, Initial residual = 0.000201258, Final residual = 1.26443e-05, No Iterations 3
ExecutionTime = 10.55 s  ClockTime = 13 s

Time = 381

smoothSolver:  Solving for Ux, Initial residual = 0.000144288, Final residual = 1.33002e-05, No Iterations 5
smoothSolver:  Solving for Uy, Initial residual = 0.00098859, Final residual = 9.10858e-05, No Iterations 5
GAMG:  Solving for p, Initial residual = 0.00148888, Final residual = 0.000129739, No Iterations 4
time step continuity errors : sum local = 0.00509037, global = 0.000268275, cumulative = -1.98744
smoothSolver:  Solving for omega, Initial residual = 0.000189411, Final residual = 4.29741e-06, No Iterations 2
smoothSolver:  Solving for k, Initial residual = 0.000193559, Final residual = 1.23692e-05, No Iterations 3
ExecutionTime = 10.58 s  ClockTime = 13 s


SIMPLE solution converged in 381 iterations

streamLine streamlines write:
    seeded 10 particles
    Tracks:10
    Total samples:11975
End

