/*---------------------------------------------------------------------------*\
| =========                 |                                                 |
| \\      /  F ield         | OpenFOAM: The Open Source CFD Toolbox           |
|  \\    /   O peration     | Version:  2512                                  |
|   \\  /    A nd           | Website:  www.openfoam.com                      |
|    \\/     M anipulation  |                                                 |
\*---------------------------------------------------------------------------*/
Build  : _bd2b6720-20260127 OPENFOAM=2512 version=2512
Arch   : "LSB;label=32;scalar=64"
Exec   : simpleFoam
Date   : Oct 04 2026
Time   : 00:38:12
Host   : shark-VMware-Virtual-Platform
PID    : 18433
--> FOAM Warning : 
    From Foam::fileName Foam::cwd_L()
    in file POSIX.C at line 554
    PWD is not the cwd() - reverting to physical description
I/O    : uncollated
--> FOAM Warning : 
    From Foam::fileName Foam::cwd_L()
    in file POSIX.C at line 554
    PWD is not the cwd() - reverting to physical description
Case   : /mnt/hgfs/UbuntuShareFolder/.foamlab-build/town-training-20261004/pitz-inlet20
nProcs : 1
trapFpe: Floating point exception trapping enabled (FOAM_SIGFPE).
memory pool : not available
fileModificationChecking : Monitoring run-time modified files using timeStampMaster (fileModificationSkew 5, maxFileModificationPolls 20)
allowSystemOperations : Allowing user-supplied system call operations

// * * * * * * * * * * * * * * * * * * * * * * * * * * * * * * * * * * * * * //
Create time

Create mesh for time = 0


SIMPLE: convergence criteria
    field p	 tolerance 0.01
    field U	 tolerance 0.001
    field "(k|epsilon|omega|f|v2)"	 tolerance 0.001

Reading field p

Reading field U

Reading/calculating face flux field phi

Selecting incompressible transport model Newtonian
Selecting turbulence model type RAS
Selecting RAS turbulence model kEpsilon
RAS
{
    RASModel        kEpsilon;
    turbulence      on;
    printCoeffs     on;
    Cmu             0.09;
    C1              1.44;
    C2              1.92;
    C3              0;
    sigmak          1;
    sigmaEps        1.3;
    twoLayerTreatment false;
    ReyStar         200;
    ReyFactor       0.05;
}

No MRF models present

No finite volume options present

Starting time loop

streamLine streamlines:
    Employing velocity field U
    automatic track length specified through number of sub cycles : 5

Time = 1

smoothSolver:  Solving for Ux, Initial residual = 1, Final residual = 0.0570496, No Iterations 1
smoothSolver:  Solving for Uy, Initial residual = 1, Final residual = 0.0339813, No Iterations 2
GAMG:  Solving for p, Initial residual = 1, Final residual = 0.0685873, No Iterations 17
time step continuity errors : sum local = 2.40027, global = 0.358884, cumulative = 0.358884
smoothSolver:  Solving for epsilon, Initial residual = 0.199679, Final residual = 0.0100362, No Iterations 3
bounding epsilon, min: -164.706 max: 8641.96 average: 380.714
smoothSolver:  Solving for k, Initial residual = 1, Final residual = 0.0439666, No Iterations 3
bounding k, min: -1.14744 max: 40.6018 average: 1.90559
ExecutionTime = 0.17 s  ClockTime = 0 s

Time = 2

smoothSolver:  Solving for Ux, Initial residual = 0.442744, Final residual = 0.0309596, No Iterations 5
smoothSolver:  Solving for Uy, Initial residual = 0.285683, Final residual = 0.0258718, No Iterations 4
GAMG:  Solving for p, Initial residual = 0.0531717, Final residual = 0.00531104, No Iterations 15
time step continuity errors : sum local = 10.2406, global = 0.194472, cumulative = 0.553356
smoothSolver:  Solving for epsilon, Initial residual = 0.161576, Final residual = 0.0110512, No Iterations 3
bounding epsilon, min: -1195.15 max: 220654 average: 684.551
smoothSolver:  Solving for k, Initial residual = 0.429338, Final residual = 0.0308975, No Iterations 3
bounding k, min: -0.775656 max: 44.3843 average: 2.31413
ExecutionTime = 0.2 s  ClockTime = 1 s

Time = 3

smoothSolver:  Solving for Ux, Initial residual = 0.122908, Final residual = 0.0112682, No Iterations 4
smoothSolver:  Solving for Uy, Initial residual = 0.202885, Final residual = 0.0160107, No Iterations 4
GAMG:  Solving for p, Initial residual = 0.151828, Final residual = 0.012263, No Iterations 6
time step continuity errors : sum local = 6.972, global = 0.616004, cumulative = 1.16936
smoothSolver:  Solving for epsilon, Initial residual = 0.119462, Final residual = 0.00913869, No Iterations 2
bounding epsilon, min: -511.25 max: 327287 average: 953.283
smoothSolver:  Solving for k, Initial residual = 0.175715, Final residual = 0.0139599, No Iterations 3
bounding k, min: -0.101712 max: 32.5089 average: 2.564
ExecutionTime = 0.22 s  ClockTime = 1 s

Time = 4

smoothSolver:  Solving for Ux, Initial residual = 0.0697995, Final residual = 0.00443377, No Iterations 5
smoothSolver:  Solving for Uy, Initial residual = 0.102138, Final residual = 0.0083555, No Iterations 4
GAMG:  Solving for p, Initial residual = 0.12535, Final residual = 0.0109268, No Iterations 6
time step continuity errors : sum local = 3.87442, global = 0.290759, cumulative = 1.46012
smoothSolver:  Solving for epsilon, Initial residual = 0.0895877, Final residual = 0.00584285, No Iterations 2
bounding epsilon, min: -173.4 max: 172392 average: 889.33
smoothSolver:  Solving for k, Initial residual = 0.116204, Final residual = 0.0100684, No Iterations 3
ExecutionTime = 0.26 s  ClockTime = 1 s

Time = 5

smoothSolver:  Solving for Ux, Initial residual = 0.0592149, Final residual = 0.0040519, No Iterations 5
smoothSolver:  Solving for Uy, Initial residual = 0.0891371, Final residual = 0.00843324, No Iterations 4
GAMG:  Solving for p, Initial residual = 0.12169, Final residual = 0.0119186, No Iterations 3
time step continuity errors : sum local = 2.74193, global = 0.142094, cumulative = 1.60221
smoothSolver:  Solving for epsilon, Initial residual = 0.0579003, Final residual = 0.00506807, No Iterations 2
bounding epsilon, min: -9.28813 max: 81934.9 average: 865.08
smoothSolver:  Solving for k, Initial residual = 0.0872824, Final residual = 0.00840899, No Iterations 3
ExecutionTime = 0.28 s  ClockTime = 1 s

Time = 6

smoothSolver:  Solving for Ux, Initial residual = 0.0534717, Final residual = 0.0039417, No Iterations 5
smoothSolver:  Solving for Uy, Initial residual = 0.0749266, Final residual = 0.00514038, No Iterations 5
GAMG:  Solving for p, Initial residual = 0.0956705, Final residual = 0.00777893, No Iterations 4
time step continuity errors : sum local = 1.68159, global = -0.225954, cumulative = 1.37626
smoothSolver:  Solving for epsilon, Initial residual = 0.0440882, Final residual = 0.00237485, No Iterations 3
bounding epsilon, min: -19.9566 max: 81558.4 average: 904.211
smoothSolver:  Solving for k, Initial residual = 0.0701957, Final residual = 0.00444191, No Iterations 4
ExecutionTime = 0.3 s  ClockTime = 1 s

Time = 7

smoothSolver:  Solving for Ux, Initial residual = 0.0497157, Final residual = 0.00394155, No Iterations 5
smoothSolver:  Solving for Uy, Initial residual = 0.0643169, Final residual = 0.00461193, No Iterations 5
GAMG:  Solving for p, Initial residual = 0.075364, Final residual = 0.00541963, No Iterations 4
time step continuity errors : sum local = 1.17166, global = -0.143129, cumulative = 1.23313
smoothSolver:  Solving for epsilon, Initial residual = 0.0378165, Final residual = 0.00225152, No Iterations 3
bounding epsilon, min: -9.59383 max: 76166.1 average: 938.326
smoothSolver:  Solving for k, Initial residual = 0.0594413, Final residual = 0.00408114, No Iterations 4
ExecutionTime = 0.33 s  ClockTime = 1 s

Time = 8

smoothSolver:  Solving for Ux, Initial residual = 0.0455849, Final residual = 0.00385214, No Iterations 5
smoothSolver:  Solving for Uy, Initial residual = 0.0601942, Final residual = 0.00447779, No Iterations 5
GAMG:  Solving for p, Initial residual = 0.0639791, Final residual = 0.0043213, No Iterations 4
time step continuity errors : sum local = 0.946509, global = -0.116091, cumulative = 1.11704
smoothSolver:  Solving for epsilon, Initial residual = 0.0384499, Final residual = 0.00237785, No Iterations 3
smoothSolver:  Solving for k, Initial residual = 0.0539759, Final residual = 0.00386128, No Iterations 4
ExecutionTime = 0.36 s  ClockTime = 1 s

Time = 9

smoothSolver:  Solving for Ux, Initial residual = 0.0422986, Final residual = 0.00372005, No Iterations 5
smoothSolver:  Solving for Uy, Initial residual = 0.056545, Final residual = 0.00433614, No Iterations 5
GAMG:  Solving for p, Initial residual = 0.0560855, Final residual = 0.0055166, No Iterations 3
time step continuity errors : sum local = 1.22744, global = 0.0892479, cumulative = 1.20629
smoothSolver:  Solving for epsilon, Initial residual = 0.0367751, Final residual = 0.00247062, No Iterations 3
smoothSolver:  Solving for k, Initial residual = 0.0503945, Final residual = 0.00374661, No Iterations 4
ExecutionTime = 0.38 s  ClockTime = 1 s

Time = 10

smoothSolver:  Solving for Ux, Initial residual = 0.0397435, Final residual = 0.003553, No Iterations 5
smoothSolver:  Solving for Uy, Initial residual = 0.0527737, Final residual = 0.00421567, No Iterations 5
GAMG:  Solving for p, Initial residual = 0.0519373, Final residual = 0.00473155, No Iterations 3
time step continuity errors : sum local = 1.08465, global = 0.0399299, cumulative = 1.24622
smoothSolver:  Solving for epsilon, Initial residual = 0.0350369, Final residual = 0.0025417, No Iterations 3
smoothSolver:  Solving for k, Initial residual = 0.0469835, Final residual = 0.00354059, No Iterations 4
ExecutionTime = 0.42 s  ClockTime = 1 s

Time = 11

smoothSolver:  Solving for Ux, Initial residual = 0.0372304, Final residual = 0.00338153, No Iterations 5
smoothSolver:  Solving for Uy, Initial residual = 0.0495895, Final residual = 0.00408975, No Iterations 5
GAMG:  Solving for p, Initial residual = 0.0539793, Final residual = 0.00416852, No Iterations 3
time step continuity errors : sum local = 1.04667, global = 0.0314266, cumulative = 1.27764
smoothSolver:  Solving for epsilon, Initial residual = 0.0328937, Final residual = 0.00255193, No Iterations 3
bounding epsilon, min: -2.64582 max: 65231.7 average: 1071.99
smoothSolver:  Solving for k, Initial residual = 0.0440313, Final residual = 0.00334983, No Iterations 4
ExecutionTime = 0.45 s  ClockTime = 1 s

Time = 12

smoothSolver:  Solving for Ux, Initial residual = 0.0348252, Final residual = 0.00319479, No Iterations 5
smoothSolver:  Solving for Uy, Initial residual = 0.0475805, Final residual = 0.00399865, No Iterations 5
GAMG:  Solving for p, Initial residual = 0.0513778, Final residual = 0.00443013, No Iterations 3
time step continuity errors : sum local = 1.00144, global = 0.024628, cumulative = 1.30227
smoothSolver:  Solving for epsilon, Initial residual = 0.0310657, Final residual = 0.00251481, No Iterations 3
bounding epsilon, min: -35.5415 max: 62913.7 average: 1110.67
smoothSolver:  Solving for k, Initial residual = 0.0415351, Final residual = 0.00316941, No Iterations 4
ExecutionTime = 0.48 s  ClockTime = 1 s

Time = 13

smoothSolver:  Solving for Ux, Initial residual = 0.0328995, Final residual = 0.00301321, No Iterations 5
smoothSolver:  Solving for Uy, Initial residual = 0.0461811, Final residual = 0.00392152, No Iterations 5
GAMG:  Solving for p, Initial residual = 0.0520107, Final residual = 0.00414665, No Iterations 3
time step continuity errors : sum local = 0.940866, global = 0.0220143, cumulative = 1.32429
smoothSolver:  Solving for epsilon, Initial residual = 0.0296947, Final residual = 0.00247989, No Iterations 3
bounding epsilon, min: -7.42194 max: 60727.3 average: 1147.51
smoothSolver:  Solving for k, Initial residual = 0.0393664, Final residual = 0.00301172, No Iterations 4
ExecutionTime = 0.52 s  ClockTime = 1 s

Time = 14

smoothSolver:  Solving for Ux, Initial residual = 0.0311135, Final residual = 0.00284398, No Iterations 5
smoothSolver:  Solving for Uy, Initial residual = 0.0453814, Final residual = 0.00386, No Iterations 5
GAMG:  Solving for p, Initial residual = 0.0508313, Final residual = 0.00407925, No Iterations 3
time step continuity errors : sum local = 0.896821, global = 0.00972234, cumulative = 1.33401
smoothSolver:  Solving for epsilon, Initial residual = 0.0271968, Final residual = 0.00235027, No Iterations 3
bounding epsilon, min: -12.9332 max: 59809.7 average: 1184.84
smoothSolver:  Solving for k, Initial residual = 0.0368384, Final residual = 0.00282439, No Iterations 4
ExecutionTime = 0.54 s  ClockTime = 1 s

Time = 15

smoothSolver:  Solving for Ux, Initial residual = 0.0291583, Final residual = 0.0026835, No Iterations 5
smoothSolver:  Solving for Uy, Initial residual = 0.0443706, Final residual = 0.0037922, No Iterations 5
GAMG:  Solving for p, Initial residual = 0.0476187, Final residual = 0.00408257, No Iterations 3
time step continuity errors : sum local = 0.850783, global = 0.00367488, cumulative = 1.33768
smoothSolver:  Solving for epsilon, Initial residual = 0.0260107, Final residual = 0.00227647, No Iterations 3
bounding epsilon, min: -15.098 max: 62152.2 average: 1219.2
smoothSolver:  Solving for k, Initial residual = 0.0348922, Final residual = 0.00267014, No Iterations 4
ExecutionTime = 0.57 s  ClockTime = 1 s

Time = 16

smoothSolver:  Solving for Ux, Initial residual = 0.0272556, Final residual = 0.00253439, No Iterations 5
smoothSolver:  Solving for Uy, Initial residual = 0.0429117, Final residual = 0.00372319, No Iterations 5
GAMG:  Solving for p, Initial residual = 0.0445537, Final residual = 0.00405452, No Iterations 3
time step continuity errors : sum local = 0.832703, global = -0.00452492, cumulative = 1.33316
smoothSolver:  Solving for epsilon, Initial residual = 0.0240088, Final residual = 0.00213012, No Iterations 3
bounding epsilon, min: -15.2882 max: 62340.1 average: 1255.02
smoothSolver:  Solving for k, Initial residual = 0.0329823, Final residual = 0.00252711, No Iterations 4
ExecutionTime = 0.6 s  ClockTime = 1 s

Time = 17

smoothSolver:  Solving for Ux, Initial residual = 0.0256013, Final residual = 0.00239502, No Iterations 5
smoothSolver:  Solving for Uy, Initial residual = 0.0412835, Final residual = 0.00364866, No Iterations 5
GAMG:  Solving for p, Initial residual = 0.0423444, Final residual = 0.00411414, No Iterations 3
time step continuity errors : sum local = 0.826101, global = -0.0103647, cumulative = 1.32279
smoothSolver:  Solving for epsilon, Initial residual = 0.022447, Final residual = 0.00201145, No Iterations 3
bounding epsilon, min: -16.308 max: 62677.4 average: 1289.34
smoothSolver:  Solving for k, Initial residual = 0.0310938, Final residual = 0.00235872, No Iterations 4
ExecutionTime = 0.62 s  ClockTime = 1 s

Time = 18

smoothSolver:  Solving for Ux, Initial residual = 0.0241977, Final residual = 0.00226398, No Iterations 5
smoothSolver:  Solving for Uy, Initial residual = 0.0396174, Final residual = 0.0035657, No Iterations 5
GAMG:  Solving for p, Initial residual = 0.0407935, Final residual = 0.00300394, No Iterations 4
time step continuity errors : sum local = 0.589033, global = 0.0565448, cumulative = 1.37934
smoothSolver:  Solving for epsilon, Initial residual = 0.0212113, Final residual = 0.0018904, No Iterations 3
bounding epsilon, min: -14.7389 max: 63318.2 average: 1322.86
smoothSolver:  Solving for k, Initial residual = 0.0293776, Final residual = 0.00223033, No Iterations 4
ExecutionTime = 0.66 s  ClockTime = 1 s

Time = 19

smoothSolver:  Solving for Ux, Initial residual = 0.0228361, Final residual = 0.00213341, No Iterations 5
smoothSolver:  Solving for Uy, Initial residual = 0.0380303, Final residual = 0.00346327, No Iterations 5
GAMG:  Solving for p, Initial residual = 0.0389698, Final residual = 0.00362091, No Iterations 3
time step continuity errors : sum local = 0.687745, global = -0.0168873, cumulative = 1.36245
smoothSolver:  Solving for epsilon, Initial residual = 0.0201211, Final residual = 0.0017824, No Iterations 3
bounding epsilon, min: -16.794 max: 62889.8 average: 1354.87
smoothSolver:  Solving for k, Initial residual = 0.0277256, Final residual = 0.00209464, No Iterations 4
ExecutionTime = 0.69 s  ClockTime = 1 s

Time = 20

smoothSolver:  Solving for Ux, Initial residual = 0.0216187, Final residual = 0.00202584, No Iterations 5
smoothSolver:  Solving for Uy, Initial residual = 0.0367448, Final residual = 0.00339737, No Iterations 5
GAMG:  Solving for p, Initial residual = 0.0376472, Final residual = 0.00312847, No Iterations 4
time step continuity errors : sum local = 0.58193, global = 0.0657154, cumulative = 1.42817
smoothSolver:  Solving for epsilon, Initial residual = 0.0189703, Final residual = 0.00167019, No Iterations 3
bounding epsilon, min: -14.0334 max: 61550 average: 1385.08
smoothSolver:  Solving for k, Initial residual = 0.0263851, Final residual = 0.00198248, No Iterations 4
ExecutionTime = 0.71 s  ClockTime = 1 s

Time = 21

smoothSolver:  Solving for Ux, Initial residual = 0.020337, Final residual = 0.00190529, No Iterations 5
smoothSolver:  Solving for Uy, Initial residual = 0.0352929, Final residual = 0.00328492, No Iterations 5
GAMG:  Solving for p, Initial residual = 0.0355641, Final residual = 0.00291061, No Iterations 4
time step continuity errors : sum local = 0.523353, global = 0.0695892, cumulative = 1.49776
smoothSolver:  Solving for epsilon, Initial residual = 0.0179724, Final residual = 0.00156454, No Iterations 3
bounding epsilon, min: -16.3842 max: 60614.9 average: 1414.05
smoothSolver:  Solving for k, Initial residual = 0.0250916, Final residual = 0.00188328, No Iterations 4
ExecutionTime = 0.75 s  ClockTime = 1 s

Time = 22

smoothSolver:  Solving for Ux, Initial residual = 0.0191824, Final residual = 0.00179943, No Iterations 5
smoothSolver:  Solving for Uy, Initial residual = 0.0339479, Final residual = 0.00319791, No Iterations 5
GAMG:  Solving for p, Initial residual = 0.0340748, Final residual = 0.00291746, No Iterations 4
time step continuity errors : sum local = 0.513661, global = 0.0712399, cumulative = 1.56899
smoothSolver:  Solving for epsilon, Initial residual = 0.0171095, Final residual = 0.00147912, No Iterations 3
bounding epsilon, min: -13.7925 max: 60481.9 average: 1441.31
smoothSolver:  Solving for k, Initial residual = 0.0239248, Final residual = 0.0017869, No Iterations 4
ExecutionTime = 0.77 s  ClockTime = 1 s

Time = 23

smoothSolver:  Solving for Ux, Initial residual = 0.0181012, Final residual = 0.00169683, No Iterations 5
smoothSolver:  Solving for Uy, Initial residual = 0.0326184, Final residual = 0.00310037, No Iterations 5
GAMG:  Solving for p, Initial residual = 0.0328365, Final residual = 0.00296892, No Iterations 4
time step continuity errors : sum local = 0.508518, global = 0.071279, cumulative = 1.64027
smoothSolver:  Solving for epsilon, Initial residual = 0.0162567, Final residual = 0.00138766, No Iterations 3
bounding epsilon, min: -16.8676 max: 59827 average: 1467.45
smoothSolver:  Solving for k, Initial residual = 0.0228074, Final residual = 0.00170169, No Iterations 4
ExecutionTime = 0.8 s  ClockTime = 1 s

Time = 24

smoothSolver:  Solving for Ux, Initial residual = 0.0170793, Final residual = 0.00159812, No Iterations 5
smoothSolver:  Solving for Uy, Initial residual = 0.0313567, Final residual = 0.00299986, No Iterations 5
GAMG:  Solving for p, Initial residual = 0.031817, Final residual = 0.00283722, No Iterations 4
time step continuity errors : sum local = 0.473042, global = 0.0627355, cumulative = 1.70301
smoothSolver:  Solving for epsilon, Initial residual = 0.0155834, Final residual = 0.00132226, No Iterations 3
bounding epsilon, min: -13.5028 max: 58839.5 average: 1492.01
smoothSolver:  Solving for k, Initial residual = 0.0217504, Final residual = 0.0016108, No Iterations 4
ExecutionTime = 0.82 s  ClockTime = 1 s

Time = 25

smoothSolver:  Solving for Ux, Initial residual = 0.0161025, Final residual = 0.00150651, No Iterations 5
smoothSolver:  Solving for Uy, Initial residual = 0.0301234, Final residual = 0.00289809, No Iterations 5
GAMG:  Solving for p, Initial residual = 0.03086, Final residual = 0.00304487, No Iterations 4
time step continuity errors : sum local = 0.496121, global = 0.0638169, cumulative = 1.76683
smoothSolver:  Solving for epsilon, Initial residual = 0.0147406, Final residual = 0.00124057, No Iterations 3
bounding epsilon, min: -17.0442 max: 57752.6 average: 1515.44
smoothSolver:  Solving for k, Initial residual = 0.0207956, Final residual = 0.00154259, No Iterations 4
ExecutionTime = 0.86 s  ClockTime = 1 s

Time = 26

smoothSolver:  Solving for Ux, Initial residual = 0.0151307, Final residual = 0.00141535, No Iterations 5
smoothSolver:  Solving for Uy, Initial residual = 0.0289037, Final residual = 0.0027929, No Iterations 5
GAMG:  Solving for p, Initial residual = 0.0300157, Final residual = 0.00268445, No Iterations 5
time step continuity errors : sum local = 0.425489, global = -0.0653441, cumulative = 1.70148
smoothSolver:  Solving for epsilon, Initial residual = 0.0141331, Final residual = 0.0011838, No Iterations 3
bounding epsilon, min: -13.1644 max: 57154.2 average: 1537.85
smoothSolver:  Solving for k, Initial residual = 0.0199708, Final residual = 0.00147817, No Iterations 4
ExecutionTime = 0.88 s  ClockTime = 1 s

Time = 27

smoothSolver:  Solving for Ux, Initial residual = 0.014167, Final residual = 0.00132457, No Iterations 5
smoothSolver:  Solving for Uy, Initial residual = 0.0277495, Final residual = 0.00269065, No Iterations 5
GAMG:  Solving for p, Initial residual = 0.029352, Final residual = 0.0026853, No Iterations 4
time step continuity errors : sum local = 0.410414, global = 0.0552812, cumulative = 1.75676
smoothSolver:  Solving for epsilon, Initial residual = 0.0134965, Final residual = 0.00112402, No Iterations 3
bounding epsilon, min: -17.5403 max: 56442.1 average: 1558.57
smoothSolver:  Solving for k, Initial residual = 0.0192205, Final residual = 0.00141573, No Iterations 4
ExecutionTime = 0.91 s  ClockTime = 1 s

Time = 28

smoothSolver:  Solving for Ux, Initial residual = 0.0132645, Final residual = 0.00124022, No Iterations 5
smoothSolver:  Solving for Uy, Initial residual = 0.0266561, Final residual = 0.00259358, No Iterations 5
GAMG:  Solving for p, Initial residual = 0.028626, Final residual = 0.00275827, No Iterations 4
time step continuity errors : sum local = 0.41178, global = 0.0561963, cumulative = 1.81296
smoothSolver:  Solving for epsilon, Initial residual = 0.0128861, Final residual = 0.00107914, No Iterations 3
bounding epsilon, min: -12.7253 max: 55645 average: 1578.17
smoothSolver:  Solving for k, Initial residual = 0.0185032, Final residual = 0.00135412, No Iterations 4
ExecutionTime = 0.95 s  ClockTime = 1 s

Time = 29

smoothSolver:  Solving for Ux, Initial residual = 0.0124421, Final residual = 0.00116603, No Iterations 5
smoothSolver:  Solving for Uy, Initial residual = 0.025567, Final residual = 0.00250052, No Iterations 5
GAMG:  Solving for p, Initial residual = 0.0278866, Final residual = 0.00235962, No Iterations 5
time step continuity errors : sum local = 0.345417, global = -0.0463384, cumulative = 1.76662
smoothSolver:  Solving for epsilon, Initial residual = 0.0122239, Final residual = 0.00102077, No Iterations 3
bounding epsilon, min: -17.8211 max: 54878.7 average: 1597.17
smoothSolver:  Solving for k, Initial residual = 0.0177445, Final residual = 0.00129757, No Iterations 4
ExecutionTime = 0.97 s  ClockTime = 1 s

Time = 30

smoothSolver:  Solving for Ux, Initial residual = 0.0116486, Final residual = 0.00109273, No Iterations 5
smoothSolver:  Solving for Uy, Initial residual = 0.0245122, Final residual = 0.00240341, No Iterations 5
GAMG:  Solving for p, Initial residual = 0.0270349, Final residual = 0.00256985, No Iterations 4
time step continuity errors : sum local = 0.36607, global = 0.0411346, cumulative = 1.80776
smoothSolver:  Solving for epsilon, Initial residual = 0.0117423, Final residual = 0.000977688, No Iterations 3
bounding epsilon, min: -12.3421 max: 54180 average: 1615
smoothSolver:  Solving for k, Initial residual = 0.0171445, Final residual = 0.0012492, No Iterations 4
ExecutionTime = 0.99 s  ClockTime = 1 s

Time = 31

smoothSolver:  Solving for Ux, Initial residual = 0.0108831, Final residual = 0.00102277, No Iterations 5
smoothSolver:  Solving for Uy, Initial residual = 0.023597, Final residual = 0.00232081, No Iterations 5
GAMG:  Solving for p, Initial residual = 0.0265418, Final residual = 0.00227458, No Iterations 5
time step continuity errors : sum local = 0.316216, global = -0.0422061, cumulative = 1.76555
smoothSolver:  Solving for epsilon, Initial residual = 0.0112604, Final residual = 0.000943221, No Iterations 3
smoothSolver:  Solving for k, Initial residual = 0.0165221, Final residual = 0.00119668, No Iterations 4
ExecutionTime = 1.02 s  ClockTime = 1 s

Time = 32

smoothSolver:  Solving for Ux, Initial residual = 0.0101677, Final residual = 0.000958194, No Iterations 5
smoothSolver:  Solving for Uy, Initial residual = 0.0227897, Final residual = 0.00224884, No Iterations 5
GAMG:  Solving for p, Initial residual = 0.0260378, Final residual = 0.00222232, No Iterations 4
time step continuity errors : sum local = 0.300465, global = 0.0313174, cumulative = 1.79687
smoothSolver:  Solving for epsilon, Initial residual = 0.0107486, Final residual = 0.000903588, No Iterations 3
smoothSolver:  Solving for k, Initial residual = 0.0159935, Final residual = 0.00115271, No Iterations 4
ExecutionTime = 1.05 s  ClockTime = 2 s

Time = 33

smoothSolver:  Solving for Ux, Initial residual = 0.00950159, Final residual = 0.000897489, No Iterations 5
smoothSolver:  Solving for Uy, Initial residual = 0.0221086, Final residual = 0.00218341, No Iterations 5
GAMG:  Solving for p, Initial residual = 0.0260095, Final residual = 0.00232773, No Iterations 4
time step continuity errors : sum local = 0.306433, global = 0.0370869, cumulative = 1.83395
smoothSolver:  Solving for epsilon, Initial residual = 0.0104002, Final residual = 0.000882952, No Iterations 3
smoothSolver:  Solving for k, Initial residual = 0.0154392, Final residual = 0.0011144, No Iterations 4
ExecutionTime = 1.08 s  ClockTime = 2 s

Time = 34

smoothSolver:  Solving for Ux, Initial residual = 0.00889438, Final residual = 0.000843798, No Iterations 5
smoothSolver:  Solving for Uy, Initial residual = 0.0214716, Final residual = 0.00212983, No Iterations 5
GAMG:  Solving for p, Initial residual = 0.0253404, Final residual = 0.00245993, No Iterations 4
time step continuity errors : sum local = 0.317293, global = 0.0400074, cumulative = 1.87396
smoothSolver:  Solving for epsilon, Initial residual = 0.0100033, Final residual = 0.000849762, No Iterations 3
smoothSolver:  Solving for k, Initial residual = 0.0149361, Final residual = 0.00107314, No Iterations 4
ExecutionTime = 1.1 s  ClockTime = 2 s

Time = 35

smoothSolver:  Solving for Ux, Initial residual = 0.0083268, Final residual = 0.000792967, No Iterations 5
smoothSolver:  Solving for Uy, Initial residual = 0.0208893, Final residual = 0.00207941, No Iterations 5
GAMG:  Solving for p, Initial residual = 0.0249256, Final residual = 0.00213348, No Iterations 5
time step continuity errors : sum local = 0.268062, global = -0.0350159, cumulative = 1.83895
smoothSolver:  Solving for epsilon, Initial residual = 0.00959003, Final residual = 0.00081448, No Iterations 3
smoothSolver:  Solving for k, Initial residual = 0.0145201, Final residual = 0.00105077, No Iterations 4
ExecutionTime = 1.12 s  ClockTime = 2 s

Time = 36

smoothSolver:  Solving for Ux, Initial residual = 0.00778483, Final residual = 0.000744287, No Iterations 5
smoothSolver:  Solving for Uy, Initial residual = 0.0203806, Final residual = 0.0013179, No Iterations 6
GAMG:  Solving for p, Initial residual = 0.0240429, Final residual = 0.00199281, No Iterations 4
time step continuity errors : sum local = 0.242713, global = 0.0306205, cumulative = 1.86957
smoothSolver:  Solving for epsilon, Initial residual = 0.0092273, Final residual = 0.000784291, No Iterations 3
smoothSolver:  Solving for k, Initial residual = 0.0139838, Final residual = 0.00100283, No Iterations 4
ExecutionTime = 1.15 s  ClockTime = 2 s

Time = 37

smoothSolver:  Solving for Ux, Initial residual = 0.00733761, Final residual = 0.000704259, No Iterations 5
smoothSolver:  Solving for Uy, Initial residual = 0.0200827, Final residual = 0.00199445, No Iterations 5
GAMG:  Solving for p, Initial residual = 0.0249842, Final residual = 0.00204951, No Iterations 4
time step continuity errors : sum local = 0.243354, global = 0.0292475, cumulative = 1.89881
smoothSolver:  Solving for epsilon, Initial residual = 0.00890227, Final residual = 0.000766876, No Iterations 3
smoothSolver:  Solving for k, Initial residual = 0.0135132, Final residual = 0.000970372, No Iterations 4
ExecutionTime = 1.17 s  ClockTime = 2 s

Time = 38

smoothSolver:  Solving for Ux, Initial residual = 0.00689371, Final residual = 0.000665354, No Iterations 5
smoothSolver:  Solving for Uy, Initial residual = 0.0196576, Final residual = 0.00128434, No Iterations 6
GAMG:  Solving for p, Initial residual = 0.0237567, Final residual = 0.00215977, No Iterations 4
time step continuity errors : sum local = 0.252084, global = 0.0299095, cumulative = 1.92872
smoothSolver:  Solving for epsilon, Initial residual = 0.00857105, Final residual = 0.000732087, No Iterations 3
bounding epsilon, min: -12.47 max: 49645.4 average: 1733.34
smoothSolver:  Solving for k, Initial residual = 0.0130882, Final residual = 0.000936046, No Iterations 4
ExecutionTime = 1.2 s  ClockTime = 2 s

Time = 39

smoothSolver:  Solving for Ux, Initial residual = 0.00652321, Final residual = 0.000632342, No Iterations 5
smoothSolver:  Solving for Uy, Initial residual = 0.0190967, Final residual = 0.0012634, No Iterations 6
GAMG:  Solving for p, Initial residual = 0.0232838, Final residual = 0.00212726, No Iterations 4
time step continuity errors : sum local = 0.243204, global = 0.0289558, cumulative = 1.95768
smoothSolver:  Solving for epsilon, Initial residual = 0.00830287, Final residual = 0.000715922, No Iterations 3
bounding epsilon, min: -24.734 max: 49123.5 average: 1746.09
smoothSolver:  Solving for k, Initial residual = 0.0126846, Final residual = 0.000909001, No Iterations 4
ExecutionTime = 1.23 s  ClockTime = 2 s

Time = 40

smoothSolver:  Solving for Ux, Initial residual = 0.00620038, Final residual = 0.000601567, No Iterations 5
smoothSolver:  Solving for Uy, Initial residual = 0.0193104, Final residual = 0.00125671, No Iterations 6
GAMG:  Solving for p, Initial residual = 0.0248418, Final residual = 0.00209422, No Iterations 4
time step continuity errors : sum local = 0.235096, global = 0.0280734, cumulative = 1.98575
smoothSolver:  Solving for epsilon, Initial residual = 0.00804574, Final residual = 0.000685278, No Iterations 3
smoothSolver:  Solving for k, Initial residual = 0.0122338, Final residual = 0.000873761, No Iterations 4
ExecutionTime = 1.26 s  ClockTime = 2 s

Time = 41

smoothSolver:  Solving for Ux, Initial residual = 0.00587151, Final residual = 0.000574299, No Iterations 5
smoothSolver:  Solving for Uy, Initial residual = 0.0187102, Final residual = 0.00125479, No Iterations 6
GAMG:  Solving for p, Initial residual = 0.0234489, Final residual = 0.0020171, No Iterations 4
time step continuity errors : sum local = 0.223302, global = 0.0262432, cumulative = 2.012
smoothSolver:  Solving for epsilon, Initial residual = 0.00771075, Final residual = 0.000660244, No Iterations 3
smoothSolver:  Solving for k, Initial residual = 0.0118626, Final residual = 0.000849168, No Iterations 4
ExecutionTime = 1.28 s  ClockTime = 2 s

Time = 42

smoothSolver:  Solving for Ux, Initial residual = 0.00558525, Final residual = 0.000550224, No Iterations 5
smoothSolver:  Solving for Uy, Initial residual = 0.0185214, Final residual = 0.00125718, No Iterations 6
GAMG:  Solving for p, Initial residual = 0.0216372, Final residual = 0.00192839, No Iterations 4
time step continuity errors : sum local = 0.20974, global = 0.0241449, cumulative = 2.03614
smoothSolver:  Solving for epsilon, Initial residual = 0.00743928, Final residual = 0.000638951, No Iterations 3
smoothSolver:  Solving for k, Initial residual = 0.0114618, Final residual = 0.000816352, No Iterations 4
ExecutionTime = 1.31 s  ClockTime = 2 s

Time = 43

smoothSolver:  Solving for Ux, Initial residual = 0.0053281, Final residual = 0.000529756, No Iterations 5
smoothSolver:  Solving for Uy, Initial residual = 0.0184162, Final residual = 0.00126198, No Iterations 6
GAMG:  Solving for p, Initial residual = 0.0211817, Final residual = 0.00183071, No Iterations 4
time step continuity errors : sum local = 0.195946, global = 0.0223354, cumulative = 2.05848
smoothSolver:  Solving for epsilon, Initial residual = 0.00719359, Final residual = 0.000613261, No Iterations 3
smoothSolver:  Solving for k, Initial residual = 0.0110841, Final residual = 0.000793268, No Iterations 4
ExecutionTime = 1.33 s  ClockTime = 2 s

Time = 44

smoothSolver:  Solving for Ux, Initial residual = 0.00511491, Final residual = 0.000328915, No Iterations 6
smoothSolver:  Solving for Uy, Initial residual = 0.0183897, Final residual = 0.00126749, No Iterations 6
GAMG:  Solving for p, Initial residual = 0.0212281, Final residual = 0.00177764, No Iterations 4
time step continuity errors : sum local = 0.187435, global = 0.020536, cumulative = 2.07901
smoothSolver:  Solving for epsilon, Initial residual = 0.00698152, Final residual = 0.000593357, No Iterations 3
smoothSolver:  Solving for k, Initial residual = 0.0106822, Final residual = 0.0007659, No Iterations 4
ExecutionTime = 1.36 s  ClockTime = 2 s

Time = 45

smoothSolver:  Solving for Ux, Initial residual = 0.00490178, Final residual = 0.000317457, No Iterations 6
smoothSolver:  Solving for Uy, Initial residual = 0.0185036, Final residual = 0.00128455, No Iterations 6
GAMG:  Solving for p, Initial residual = 0.0207574, Final residual = 0.0017026, No Iterations 4
time step continuity errors : sum local = 0.17734, global = 0.0175727, cumulative = 2.09658
smoothSolver:  Solving for epsilon, Initial residual = 0.00674179, Final residual = 0.000567443, No Iterations 3
smoothSolver:  Solving for k, Initial residual = 0.0103459, Final residual = 0.000740714, No Iterations 4
ExecutionTime = 1.38 s  ClockTime = 2 s

Time = 46

smoothSolver:  Solving for Ux, Initial residual = 0.00473546, Final residual = 0.000308436, No Iterations 6
smoothSolver:  Solving for Uy, Initial residual = 0.0186261, Final residual = 0.00129542, No Iterations 6
GAMG:  Solving for p, Initial residual = 0.0207337, Final residual = 0.00176838, No Iterations 4
time step continuity errors : sum local = 0.181878, global = 0.00612169, cumulative = 2.10271
smoothSolver:  Solving for epsilon, Initial residual = 0.00653322, Final residual = 0.000544922, No Iterations 3
smoothSolver:  Solving for k, Initial residual = 0.0100288, Final residual = 0.000716515, No Iterations 4
ExecutionTime = 1.41 s  ClockTime = 2 s

Time = 47

smoothSolver:  Solving for Ux, Initial residual = 0.00459318, Final residual = 0.000301189, No Iterations 6
smoothSolver:  Solving for Uy, Initial residual = 0.0186185, Final residual = 0.00130585, No Iterations 6
GAMG:  Solving for p, Initial residual = 0.0203434, Final residual = 0.00194615, No Iterations 3
time step continuity errors : sum local = 0.197472, global = 0.00763657, cumulative = 2.11034
smoothSolver:  Solving for epsilon, Initial residual = 0.00627598, Final residual = 0.000525603, No Iterations 3
smoothSolver:  Solving for k, Initial residual = 0.00971662, Final residual = 0.000699529, No Iterations 4
ExecutionTime = 1.43 s  ClockTime = 2 s

Time = 48

smoothSolver:  Solving for Ux, Initial residual = 0.00447768, Final residual = 0.000294527, No Iterations 6
smoothSolver:  Solving for Uy, Initial residual = 0.0186352, Final residual = 0.00130654, No Iterations 6
GAMG:  Solving for p, Initial residual = 0.0211599, Final residual = 0.00163222, No Iterations 4
time step continuity errors : sum local = 0.164492, global = -0.0171269, cumulative = 2.09322
smoothSolver:  Solving for epsilon, Initial residual = 0.0061484, Final residual = 0.000503781, No Iterations 3
smoothSolver:  Solving for k, Initial residual = 0.00938737, Final residual = 0.000669397, No Iterations 4
ExecutionTime = 1.45 s  ClockTime = 2 s

Time = 49

smoothSolver:  Solving for Ux, Initial residual = 0.00437302, Final residual = 0.000288703, No Iterations 6
smoothSolver:  Solving for Uy, Initial residual = 0.0186837, Final residual = 0.0013181, No Iterations 6
GAMG:  Solving for p, Initial residual = 0.0200782, Final residual = 0.0019805, No Iterations 3
time step continuity errors : sum local = 0.196989, global = 0.0288548, cumulative = 2.12207
smoothSolver:  Solving for epsilon, Initial residual = 0.00596383, Final residual = 0.000485588, No Iterations 3
bounding epsilon, min: -4.40496 max: 45541.4 average: 1866.42
smoothSolver:  Solving for k, Initial residual = 0.00908214, Final residual = 0.000649105, No Iterations 4
ExecutionTime = 1.48 s  ClockTime = 2 s

Time = 50

smoothSolver:  Solving for Ux, Initial residual = 0.00428351, Final residual = 0.000283797, No Iterations 6
smoothSolver:  Solving for Uy, Initial residual = 0.0185404, Final residual = 0.00131862, No Iterations 6
GAMG:  Solving for p, Initial residual = 0.0205967, Final residual = 0.00160975, No Iterations 4
time step continuity errors : sum local = 0.159782, global = 0.0157235, cumulative = 2.13779
smoothSolver:  Solving for epsilon, Initial residual = 0.00577838, Final residual = 0.00046228, No Iterations 3
bounding epsilon, min: -37.5567 max: 45281.5 average: 1878.34
smoothSolver:  Solving for k, Initial residual = 0.00879432, Final residual = 0.000624863, No Iterations 4
ExecutionTime = 1.51 s  ClockTime = 2 s

Time = 51

smoothSolver:  Solving for Ux, Initial residual = 0.00420349, Final residual = 0.000279239, No Iterations 6
smoothSolver:  Solving for Uy, Initial residual = 0.0186222, Final residual = 0.0013282, No Iterations 6
GAMG:  Solving for p, Initial residual = 0.0203258, Final residual = 0.00198598, No Iterations 3
time step continuity errors : sum local = 0.195437, global = 0.00693026, cumulative = 2.14472
smoothSolver:  Solving for epsilon, Initial residual = 0.00565104, Final residual = 0.000449952, No Iterations 3
bounding epsilon, min: -4.67828 max: 45031.3 average: 1890.14
smoothSolver:  Solving for k, Initial residual = 0.00852711, Final residual = 0.00060743, No Iterations 4
ExecutionTime = 1.53 s  ClockTime = 2 s

Time = 52

smoothSolver:  Solving for Ux, Initial residual = 0.00413445, Final residual = 0.000274941, No Iterations 6
smoothSolver:  Solving for Uy, Initial residual = 0.0185679, Final residual = 0.00133077, No Iterations 6
GAMG:  Solving for p, Initial residual = 0.0192448, Final residual = 0.00183767, No Iterations 3
time step continuity errors : sum local = 0.180141, global = 0.0287033, cumulative = 2.17343
smoothSolver:  Solving for epsilon, Initial residual = 0.00554555, Final residual = 0.000434332, No Iterations 3
smoothSolver:  Solving for k, Initial residual = 0.00825853, Final residual = 0.00058306, No Iterations 4
ExecutionTime = 1.55 s  ClockTime = 2 s

Time = 53

smoothSolver:  Solving for Ux, Initial residual = 0.00406903, Final residual = 0.000270819, No Iterations 6
smoothSolver:  Solving for Uy, Initial residual = 0.0186304, Final residual = 0.00133631, No Iterations 6
GAMG:  Solving for p, Initial residual = 0.0187378, Final residual = 0.00141192, No Iterations 4
time step continuity errors : sum local = 0.138032, global = -0.013084, cumulative = 2.16034
smoothSolver:  Solving for epsilon, Initial residual = 0.00537408, Final residual = 0.000416732, No Iterations 3
smoothSolver:  Solving for k, Initial residual = 0.00800124, Final residual = 0.000569448, No Iterations 4
ExecutionTime = 1.59 s  ClockTime = 2 s

Time = 54

smoothSolver:  Solving for Ux, Initial residual = 0.00402004, Final residual = 0.000267319, No Iterations 6
smoothSolver:  Solving for Uy, Initial residual = 0.0187622, Final residual = 0.00134406, No Iterations 6
GAMG:  Solving for p, Initial residual = 0.0185751, Final residual = 0.00172767, No Iterations 3
time step continuity errors : sum local = 0.166726, global = 0.0307253, cumulative = 2.19107
smoothSolver:  Solving for epsilon, Initial residual = 0.00525791, Final residual = 0.000404241, No Iterations 3
smoothSolver:  Solving for k, Initial residual = 0.00778413, Final residual = 0.00054977, No Iterations 4
ExecutionTime = 1.61 s  ClockTime = 2 s

Time = 55

smoothSolver:  Solving for Ux, Initial residual = 0.00396451, Final residual = 0.000263742, No Iterations 6
smoothSolver:  Solving for Uy, Initial residual = 0.0186849, Final residual = 0.00133933, No Iterations 6
GAMG:  Solving for p, Initial residual = 0.018809, Final residual = 0.00131211, No Iterations 4
time step continuity errors : sum local = 0.126442, global = 0.0116976, cumulative = 2.20277
smoothSolver:  Solving for epsilon, Initial residual = 0.00514199, Final residual = 0.000394116, No Iterations 3
smoothSolver:  Solving for k, Initial residual = 0.00758728, Final residual = 0.000535717, No Iterations 4
ExecutionTime = 1.63 s  ClockTime = 2 s

Time = 56

smoothSolver:  Solving for Ux, Initial residual = 0.00391073, Final residual = 0.000259053, No Iterations 6
smoothSolver:  Solving for Uy, Initial residual = 0.0188768, Final residual = 0.00134863, No Iterations 6
GAMG:  Solving for p, Initial residual = 0.018462, Final residual = 0.00162654, No Iterations 3
time step continuity errors : sum local = 0.1553, global = 0.0231671, cumulative = 2.22593
smoothSolver:  Solving for epsilon, Initial residual = 0.00504246, Final residual = 0.000382334, No Iterations 3
smoothSolver:  Solving for k, Initial residual = 0.00735029, Final residual = 0.000515561, No Iterations 4
ExecutionTime = 1.65 s  ClockTime = 2 s

Time = 57

smoothSolver:  Solving for Ux, Initial residual = 0.00386192, Final residual = 0.000255499, No Iterations 6
smoothSolver:  Solving for Uy, Initial residual = 0.0188508, Final residual = 0.00135285, No Iterations 6
GAMG:  Solving for p, Initial residual = 0.0183253, Final residual = 0.00117784, No Iterations 4
time step continuity errors : sum local = 0.112217, global = 0.00464452, cumulative = 2.23058
smoothSolver:  Solving for epsilon, Initial residual = 0.00497199, Final residual = 0.000376271, No Iterations 3
smoothSolver:  Solving for k, Initial residual = 0.00717173, Final residual = 0.000501214, No Iterations 4
ExecutionTime = 1.68 s  ClockTime = 2 s

Time = 58

smoothSolver:  Solving for Ux, Initial residual = 0.00381645, Final residual = 0.000251906, No Iterations 6
smoothSolver:  Solving for Uy, Initial residual = 0.0190476, Final residual = 0.00136187, No Iterations 6
GAMG:  Solving for p, Initial residual = 0.0186979, Final residual = 0.00165975, No Iterations 3
time step continuity errors : sum local = 0.156897, global = 0.0322396, cumulative = 2.26282
smoothSolver:  Solving for epsilon, Initial residual = 0.00488096, Final residual = 0.00036905, No Iterations 3
smoothSolver:  Solving for k, Initial residual = 0.00697386, Final residual = 0.000487936, No Iterations 4
ExecutionTime = 1.71 s  ClockTime = 2 s

Time = 59

smoothSolver:  Solving for Ux, Initial residual = 0.00377929, Final residual = 0.000249096, No Iterations 6
smoothSolver:  Solving for Uy, Initial residual = 0.0189647, Final residual = 0.00136287, No Iterations 6
GAMG:  Solving for p, Initial residual = 0.0180413, Final residual = 0.00107447, No Iterations 4
time step continuity errors : sum local = 0.101517, global = 0.00986214, cumulative = 2.27268
smoothSolver:  Solving for epsilon, Initial residual = 0.00480704, Final residual = 0.000361725, No Iterations 3
bounding epsilon, min: -6.8078 max: 43255.6 average: 1982.68
smoothSolver:  Solving for k, Initial residual = 0.00684771, Final residual = 0.000477604, No Iterations 4
ExecutionTime = 1.74 s  ClockTime = 2 s

Time = 60

smoothSolver:  Solving for Ux, Initial residual = 0.00374089, Final residual = 0.000245752, No Iterations 6
smoothSolver:  Solving for Uy, Initial residual = 0.0189756, Final residual = 0.00137348, No Iterations 6
GAMG:  Solving for p, Initial residual = 0.0180008, Final residual = 0.0015783, No Iterations 3
time step continuity errors : sum local = 0.148774, global = 0.0319, cumulative = 2.30458
smoothSolver:  Solving for epsilon, Initial residual = 0.00473708, Final residual = 0.000353358, No Iterations 3
bounding epsilon, min: -35.5865 max: 43328.4 average: 1994.09
smoothSolver:  Solving for k, Initial residual = 0.00665194, Final residual = 0.0004638, No Iterations 4
ExecutionTime = 1.76 s  ClockTime = 2 s

Time = 61

smoothSolver:  Solving for Ux, Initial residual = 0.00370681, Final residual = 0.000243359, No Iterations 6
smoothSolver:  Solving for Uy, Initial residual = 0.0189962, Final residual = 0.00137866, No Iterations 6
GAMG:  Solving for p, Initial residual = 0.0185232, Final residual = 0.00176542, No Iterations 3
time step continuity errors : sum local = 0.166744, global = -0.0210524, cumulative = 2.28353
smoothSolver:  Solving for epsilon, Initial residual = 0.00468602, Final residual = 0.000349917, No Iterations 3
bounding epsilon, min: -5.81049 max: 43430.1 average: 2005.35
smoothSolver:  Solving for k, Initial residual = 0.00647882, Final residual = 0.000450535, No Iterations 4
ExecutionTime = 1.78 s  ClockTime = 2 s

Time = 62

smoothSolver:  Solving for Ux, Initial residual = 0.00368181, Final residual = 0.000241012, No Iterations 6
smoothSolver:  Solving for Uy, Initial residual = 0.0190282, Final residual = 0.00138745, No Iterations 6
GAMG:  Solving for p, Initial residual = 0.0172307, Final residual = 0.00149766, No Iterations 4
time step continuity errors : sum local = 0.141779, global = -0.0274196, cumulative = 2.25611
smoothSolver:  Solving for epsilon, Initial residual = 0.00462405, Final residual = 0.000345084, No Iterations 3
bounding epsilon, min: -14.2255 max: 43510.1 average: 2016.43
smoothSolver:  Solving for k, Initial residual = 0.00636862, Final residual = 0.000443888, No Iterations 4
ExecutionTime = 1.81 s  ClockTime = 2 s

Time = 63

smoothSolver:  Solving for Ux, Initial residual = 0.00364996, Final residual = 0.00023935, No Iterations 6
smoothSolver:  Solving for Uy, Initial residual = 0.0190946, Final residual = 0.00139666, No Iterations 6
GAMG:  Solving for p, Initial residual = 0.0168299, Final residual = 0.00162137, No Iterations 4
time step continuity errors : sum local = 0.153848, global = -0.0317079, cumulative = 2.2244
smoothSolver:  Solving for epsilon, Initial residual = 0.00455988, Final residual = 0.000340873, No Iterations 3
bounding epsilon, min: -13.0004 max: 43583.9 average: 2027.42
smoothSolver:  Solving for k, Initial residual = 0.00621439, Final residual = 0.000434025, No Iterations 4
ExecutionTime = 1.83 s  ClockTime = 2 s

Time = 64

smoothSolver:  Solving for Ux, Initial residual = 0.003624, Final residual = 0.000237557, No Iterations 6
smoothSolver:  Solving for Uy, Initial residual = 0.0191805, Final residual = 0.00140538, No Iterations 6
GAMG:  Solving for p, Initial residual = 0.0165997, Final residual = 0.00123994, No Iterations 5
time step continuity errors : sum local = 0.117776, global = 0.0214147, cumulative = 2.24581
smoothSolver:  Solving for epsilon, Initial residual = 0.00452985, Final residual = 0.000341175, No Iterations 3
bounding epsilon, min: -16.7712 max: 43642.2 average: 2038.17
smoothSolver:  Solving for k, Initial residual = 0.00610647, Final residual = 0.000428812, No Iterations 4
ExecutionTime = 1.86 s  ClockTime = 2 s

Time = 65

smoothSolver:  Solving for Ux, Initial residual = 0.00359314, Final residual = 0.000235706, No Iterations 6
smoothSolver:  Solving for Uy, Initial residual = 0.0193154, Final residual = 0.00141703, No Iterations 6
GAMG:  Solving for p, Initial residual = 0.0160441, Final residual = 0.00111267, No Iterations 4
time step continuity errors : sum local = 0.105892, global = -0.0179208, cumulative = 2.22789
smoothSolver:  Solving for epsilon, Initial residual = 0.00445241, Final residual = 0.000336389, No Iterations 3
bounding epsilon, min: -13.3498 max: 43692.7 average: 2048.83
smoothSolver:  Solving for k, Initial residual = 0.00596873, Final residual = 0.000418, No Iterations 4
ExecutionTime = 1.89 s  ClockTime = 2 s

Time = 66

smoothSolver:  Solving for Ux, Initial residual = 0.00357949, Final residual = 0.000234925, No Iterations 6
smoothSolver:  Solving for Uy, Initial residual = 0.019424, Final residual = 0.00142739, No Iterations 6
GAMG:  Solving for p, Initial residual = 0.015775, Final residual = 0.00144599, No Iterations 4
time step continuity errors : sum local = 0.137825, global = -0.0282356, cumulative = 2.19966
smoothSolver:  Solving for epsilon, Initial residual = 0.00445094, Final residual = 0.00033555, No Iterations 3
bounding epsilon, min: -17.6297 max: 43744.5 average: 2059.27
smoothSolver:  Solving for k, Initial residual = 0.00589716, Final residual = 0.000414322, No Iterations 4
ExecutionTime = 1.91 s  ClockTime = 3 s

Time = 67

smoothSolver:  Solving for Ux, Initial residual = 0.00357324, Final residual = 0.000234852, No Iterations 6
smoothSolver:  Solving for Uy, Initial residual = 0.0195064, Final residual = 0.00143575, No Iterations 6
GAMG:  Solving for p, Initial residual = 0.0156449, Final residual = 0.00116422, No Iterations 5
time step continuity errors : sum local = 0.111379, global = 0.02027, cumulative = 2.21993
smoothSolver:  Solving for epsilon, Initial residual = 0.00436948, Final residual = 0.000331144, No Iterations 3
bounding epsilon, min: -12.4825 max: 43798.1 average: 2069.54
smoothSolver:  Solving for k, Initial residual = 0.0057963, Final residual = 0.000410337, No Iterations 4
ExecutionTime = 1.94 s  ClockTime = 3 s

Time = 68

smoothSolver:  Solving for Ux, Initial residual = 0.00355953, Final residual = 0.000234169, No Iterations 6
smoothSolver:  Solving for Uy, Initial residual = 0.0196398, Final residual = 0.00144514, No Iterations 6
GAMG:  Solving for p, Initial residual = 0.0152796, Final residual = 0.00105367, No Iterations 4
time step continuity errors : sum local = 0.100811, global = -0.0170248, cumulative = 2.2029
smoothSolver:  Solving for epsilon, Initial residual = 0.00434335, Final residual = 0.000331754, No Iterations 3
bounding epsilon, min: -18.759 max: 43854.2 average: 2079.73
smoothSolver:  Solving for k, Initial residual = 0.00573576, Final residual = 0.000408552, No Iterations 4
ExecutionTime = 1.96 s  ClockTime = 3 s

Time = 69

smoothSolver:  Solving for Ux, Initial residual = 0.00356117, Final residual = 0.000234445, No Iterations 6
smoothSolver:  Solving for Uy, Initial residual = 0.019768, Final residual = 0.00145545, No Iterations 6
GAMG:  Solving for p, Initial residual = 0.015065, Final residual = 0.00137577, No Iterations 4
time step continuity errors : sum local = 0.13174, global = -0.0279308, cumulative = 2.17497
smoothSolver:  Solving for epsilon, Initial residual = 0.00430411, Final residual = 0.00032993, No Iterations 3
bounding epsilon, min: -11.9016 max: 43916.4 average: 2089.77
smoothSolver:  Solving for k, Initial residual = 0.00561368, Final residual = 0.000400415, No Iterations 4
ExecutionTime = 1.99 s  ClockTime = 3 s

Time = 70

smoothSolver:  Solving for Ux, Initial residual = 0.00356856, Final residual = 0.000235248, No Iterations 6
smoothSolver:  Solving for Uy, Initial residual = 0.0198677, Final residual = 0.0014648, No Iterations 6
GAMG:  Solving for p, Initial residual = 0.0150523, Final residual = 0.00114027, No Iterations 5
time step continuity errors : sum local = 0.109517, global = 0.0201953, cumulative = 2.19517
smoothSolver:  Solving for epsilon, Initial residual = 0.00427361, Final residual = 0.000329454, No Iterations 3
smoothSolver:  Solving for k, Initial residual = 0.00554669, Final residual = 0.000397164, No Iterations 4
ExecutionTime = 2.02 s  ClockTime = 3 s

Time = 71

smoothSolver:  Solving for Ux, Initial residual = 0.00356728, Final residual = 0.000235194, No Iterations 6
smoothSolver:  Solving for Uy, Initial residual = 0.0200235, Final residual = 0.00147441, No Iterations 6
GAMG:  Solving for p, Initial residual = 0.0151789, Final residual = 0.00147834, No Iterations 3
time step continuity errors : sum local = 0.142047, global = 0.0273474, cumulative = 2.22252
smoothSolver:  Solving for epsilon, Initial residual = 0.0042426, Final residual = 0.000331839, No Iterations 3
smoothSolver:  Solving for k, Initial residual = 0.00550685, Final residual = 0.000396717, No Iterations 4
ExecutionTime = 2.04 s  ClockTime = 3 s

Time = 72

smoothSolver:  Solving for Ux, Initial residual = 0.00358289, Final residual = 0.00023608, No Iterations 6
smoothSolver:  Solving for Uy, Initial residual = 0.0202287, Final residual = 0.00148491, No Iterations 6
GAMG:  Solving for p, Initial residual = 0.0160005, Final residual = 0.000907361, No Iterations 4
time step continuity errors : sum local = 0.0869731, global = 0.00509037, cumulative = 2.22761
smoothSolver:  Solving for epsilon, Initial residual = 0.00420724, Final residual = 0.000328535, No Iterations 3
smoothSolver:  Solving for k, Initial residual = 0.00543188, Final residual = 0.000394693, No Iterations 4
ExecutionTime = 2.07 s  ClockTime = 3 s

Time = 73

smoothSolver:  Solving for Ux, Initial residual = 0.00357332, Final residual = 0.000235767, No Iterations 6
smoothSolver:  Solving for Uy, Initial residual = 0.0204062, Final residual = 0.00149735, No Iterations 6
GAMG:  Solving for p, Initial residual = 0.0152643, Final residual = 0.00128843, No Iterations 3
time step continuity errors : sum local = 0.123973, global = 0.0263259, cumulative = 2.25393
smoothSolver:  Solving for epsilon, Initial residual = 0.00418853, Final residual = 0.000331663, No Iterations 3
smoothSolver:  Solving for k, Initial residual = 0.00538883, Final residual = 0.000392257, No Iterations 4
ExecutionTime = 2.1 s  ClockTime = 3 s

Time = 74

smoothSolver:  Solving for Ux, Initial residual = 0.00360471, Final residual = 0.000237574, No Iterations 6
smoothSolver:  Solving for Uy, Initial residual = 0.0206615, Final residual = 0.00150738, No Iterations 6
GAMG:  Solving for p, Initial residual = 0.0163311, Final residual = 0.00163209, No Iterations 3
time step continuity errors : sum local = 0.156471, global = -0.0108935, cumulative = 2.24304
smoothSolver:  Solving for epsilon, Initial residual = 0.00418545, Final residual = 0.000332172, No Iterations 3
smoothSolver:  Solving for k, Initial residual = 0.00534633, Final residual = 0.000393003, No Iterations 4
ExecutionTime = 2.11 s  ClockTime = 3 s

Time = 75

smoothSolver:  Solving for Ux, Initial residual = 0.00361238, Final residual = 0.000237474, No Iterations 6
smoothSolver:  Solving for Uy, Initial residual = 0.0207263, Final residual = 0.00151755, No Iterations 6
GAMG:  Solving for p, Initial residual = 0.0155852, Final residual = 0.00143455, No Iterations 4
time step continuity errors : sum local = 0.138085, global = -0.027678, cumulative = 2.21536
smoothSolver:  Solving for epsilon, Initial residual = 0.00415294, Final residual = 0.000332612, No Iterations 3
smoothSolver:  Solving for k, Initial residual = 0.00529559, Final residual = 0.000391284, No Iterations 4
ExecutionTime = 2.15 s  ClockTime = 3 s

Time = 76

smoothSolver:  Solving for Ux, Initial residual = 0.00362803, Final residual = 0.000238282, No Iterations 6
smoothSolver:  Solving for Uy, Initial residual = 0.0211807, Final residual = 0.0015283, No Iterations 6
GAMG:  Solving for p, Initial residual = 0.0171132, Final residual = 0.0015236, No Iterations 4
time step continuity errors : sum local = 0.146565, global = -0.028921, cumulative = 2.18644
smoothSolver:  Solving for epsilon, Initial residual = 0.00412877, Final residual = 0.000332758, No Iterations 3
smoothSolver:  Solving for k, Initial residual = 0.0052913, Final residual = 0.000393567, No Iterations 4
ExecutionTime = 2.17 s  ClockTime = 3 s

Time = 77

smoothSolver:  Solving for Ux, Initial residual = 0.00362934, Final residual = 0.000238191, No Iterations 6
smoothSolver:  Solving for Uy, Initial residual = 0.0211082, Final residual = 0.00153876, No Iterations 6
GAMG:  Solving for p, Initial residual = 0.0156612, Final residual = 0.00154291, No Iterations 4
time step continuity errors : sum local = 0.148919, global = -0.0282405, cumulative = 2.1582
smoothSolver:  Solving for epsilon, Initial residual = 0.00411567, Final residual = 0.000334614, No Iterations 3
smoothSolver:  Solving for k, Initial residual = 0.00524429, Final residual = 0.000392545, No Iterations 4
ExecutionTime = 2.19 s  ClockTime = 3 s

Time = 78

smoothSolver:  Solving for Ux, Initial residual = 0.00362894, Final residual = 0.000238181, No Iterations 6
smoothSolver:  Solving for Uy, Initial residual = 0.0211269, Final residual = 0.00155018, No Iterations 6
GAMG:  Solving for p, Initial residual = 0.0156653, Final residual = 0.00152337, No Iterations 4
time step continuity errors : sum local = 0.147208, global = -0.0269705, cumulative = 2.13123
smoothSolver:  Solving for epsilon, Initial residual = 0.00409547, Final residual = 0.000337286, No Iterations 3
smoothSolver:  Solving for k, Initial residual = 0.00521963, Final residual = 0.000394043, No Iterations 4
ExecutionTime = 2.22 s  ClockTime = 3 s

Time = 79

smoothSolver:  Solving for Ux, Initial residual = 0.00363532, Final residual = 0.000238287, No Iterations 6
smoothSolver:  Solving for Uy, Initial residual = 0.0213843, Final residual = 0.00156188, No Iterations 6
GAMG:  Solving for p, Initial residual = 0.0155839, Final residual = 0.00151118, No Iterations 4
time step continuity errors : sum local = 0.145981, global = -0.0265076, cumulative = 2.10472
smoothSolver:  Solving for epsilon, Initial residual = 0.00408635, Final residual = 0.000339497, No Iterations 3
smoothSolver:  Solving for k, Initial residual = 0.00515689, Final residual = 0.000391576, No Iterations 4
ExecutionTime = 2.25 s  ClockTime = 3 s

Time = 80

smoothSolver:  Solving for Ux, Initial residual = 0.00363027, Final residual = 0.000238561, No Iterations 6
smoothSolver:  Solving for Uy, Initial residual = 0.0214601, Final residual = 0.00157501, No Iterations 6
GAMG:  Solving for p, Initial residual = 0.0150446, Final residual = 0.00149691, No Iterations 4
time step continuity errors : sum local = 0.144909, global = -0.0262732, cumulative = 2.07845
smoothSolver:  Solving for epsilon, Initial residual = 0.00403295, Final residual = 0.000338522, No Iterations 3
bounding epsilon, min: -0.949831 max: 44629.9 average: 2187.18
smoothSolver:  Solving for k, Initial residual = 0.00517074, Final residual = 0.000395748, No Iterations 4
ExecutionTime = 2.27 s  ClockTime = 3 s

Time = 81

smoothSolver:  Solving for Ux, Initial residual = 0.00363419, Final residual = 0.000238649, No Iterations 6
smoothSolver:  Solving for Uy, Initial residual = 0.0215093, Final residual = 0.00158774, No Iterations 6
GAMG:  Solving for p, Initial residual = 0.0152566, Final residual = 0.00148342, No Iterations 4
time step continuity errors : sum local = 0.143699, global = -0.0261488, cumulative = 2.0523
smoothSolver:  Solving for epsilon, Initial residual = 0.00400265, Final residual = 0.000339095, No Iterations 3
smoothSolver:  Solving for k, Initial residual = 0.00512238, Final residual = 0.000395093, No Iterations 4
ExecutionTime = 2.3 s  ClockTime = 3 s

Time = 82

smoothSolver:  Solving for Ux, Initial residual = 0.00363224, Final residual = 0.000238601, No Iterations 6
smoothSolver:  Solving for Uy, Initial residual = 0.0216335, Final residual = 0.00160109, No Iterations 6
GAMG:  Solving for p, Initial residual = 0.0150351, Final residual = 0.00146767, No Iterations 4
time step continuity errors : sum local = 0.142621, global = -0.026162, cumulative = 2.02614
smoothSolver:  Solving for epsilon, Initial residual = 0.00397621, Final residual = 0.000339969, No Iterations 3
smoothSolver:  Solving for k, Initial residual = 0.00512806, Final residual = 0.00039867, No Iterations 4
ExecutionTime = 2.33 s  ClockTime = 3 s

Time = 83

smoothSolver:  Solving for Ux, Initial residual = 0.00363235, Final residual = 0.000238442, No Iterations 6
smoothSolver:  Solving for Uy, Initial residual = 0.0218625, Final residual = 0.00161467, No Iterations 6
GAMG:  Solving for p, Initial residual = 0.0144695, Final residual = 0.0010845, No Iterations 5
time step continuity errors : sum local = 0.105415, global = 0.0205544, cumulative = 2.04669
smoothSolver:  Solving for epsilon, Initial residual = 0.00394072, Final residual = 0.000340181, No Iterations 3
smoothSolver:  Solving for k, Initial residual = 0.0051117, Final residual = 0.000400282, No Iterations 4
ExecutionTime = 2.36 s  ClockTime = 3 s

Time = 84

smoothSolver:  Solving for Ux, Initial residual = 0.00363018, Final residual = 0.000237891, No Iterations 6
smoothSolver:  Solving for Uy, Initial residual = 0.0221077, Final residual = 0.00163061, No Iterations 6
GAMG:  Solving for p, Initial residual = 0.0142162, Final residual = 0.00110452, No Iterations 4
time step continuity errors : sum local = 0.10722, global = -0.0242164, cumulative = 2.02247
smoothSolver:  Solving for epsilon, Initial residual = 0.00394066, Final residual = 0.000342955, No Iterations 3
smoothSolver:  Solving for k, Initial residual = 0.0051042, Final residual = 0.00040311, No Iterations 4
ExecutionTime = 2.39 s  ClockTime = 3 s

Time = 85

smoothSolver:  Solving for Ux, Initial residual = 0.00364086, Final residual = 0.000238099, No Iterations 6
smoothSolver:  Solving for Uy, Initial residual = 0.0228198, Final residual = 0.00164567, No Iterations 6
GAMG:  Solving for p, Initial residual = 0.0167355, Final residual = 0.00140165, No Iterations 4
time step continuity errors : sum local = 0.135614, global = -0.0268235, cumulative = 1.99565
smoothSolver:  Solving for epsilon, Initial residual = 0.00390772, Final residual = 0.000342119, No Iterations 3
smoothSolver:  Solving for k, Initial residual = 0.00507419, Final residual = 0.000403945, No Iterations 4
ExecutionTime = 2.41 s  ClockTime = 3 s

Time = 86

smoothSolver:  Solving for Ux, Initial residual = 0.00363894, Final residual = 0.000238185, No Iterations 6
smoothSolver:  Solving for Uy, Initial residual = 0.0226781, Final residual = 0.0016604, No Iterations 6
GAMG:  Solving for p, Initial residual = 0.0154443, Final residual = 0.00150622, No Iterations 4
time step continuity errors : sum local = 0.146158, global = -0.0284043, cumulative = 1.96725
smoothSolver:  Solving for epsilon, Initial residual = 0.00387544, Final residual = 0.000342299, No Iterations 3
smoothSolver:  Solving for k, Initial residual = 0.00510258, Final residual = 0.0004097, No Iterations 4
ExecutionTime = 2.43 s  ClockTime = 3 s

Time = 87

smoothSolver:  Solving for Ux, Initial residual = 0.00363291, Final residual = 0.000237482, No Iterations 6
smoothSolver:  Solving for Uy, Initial residual = 0.0227125, Final residual = 0.00167435, No Iterations 6
GAMG:  Solving for p, Initial residual = 0.0151556, Final residual = 0.00148861, No Iterations 4
time step continuity errors : sum local = 0.144595, global = -0.0276864, cumulative = 1.93956
smoothSolver:  Solving for epsilon, Initial residual = 0.00385238, Final residual = 0.000344166, No Iterations 3
smoothSolver:  Solving for k, Initial residual = 0.00504769, Final residual = 0.000407785, No Iterations 4
ExecutionTime = 2.47 s  ClockTime = 3 s

Time = 88

smoothSolver:  Solving for Ux, Initial residual = 0.00362575, Final residual = 0.000236741, No Iterations 6
smoothSolver:  Solving for Uy, Initial residual = 0.02299, Final residual = 0.00168941, No Iterations 6
GAMG:  Solving for p, Initial residual = 0.0152024, Final residual = 0.00149088, No Iterations 4
time step continuity errors : sum local = 0.1448, global = -0.0279813, cumulative = 1.91158
smoothSolver:  Solving for epsilon, Initial residual = 0.00381841, Final residual = 0.000343396, No Iterations 3
smoothSolver:  Solving for k, Initial residual = 0.00502611, Final residual = 0.00040924, No Iterations 4
ExecutionTime = 2.49 s  ClockTime = 3 s

Time = 89

smoothSolver:  Solving for Ux, Initial residual = 0.00360922, Final residual = 0.000236295, No Iterations 6
smoothSolver:  Solving for Uy, Initial residual = 0.0230858, Final residual = 0.00170579, No Iterations 6
GAMG:  Solving for p, Initial residual = 0.0145816, Final residual = 0.00121075, No Iterations 5
time step continuity errors : sum local = 0.117656, global = 0.0270611, cumulative = 1.93864
smoothSolver:  Solving for epsilon, Initial residual = 0.00380964, Final residual = 0.000344344, No Iterations 3
smoothSolver:  Solving for k, Initial residual = 0.00503556, Final residual = 0.000413435, No Iterations 4
ExecutionTime = 2.51 s  ClockTime = 3 s

Time = 90

smoothSolver:  Solving for Ux, Initial residual = 0.00360205, Final residual = 0.000235463, No Iterations 6
smoothSolver:  Solving for Uy, Initial residual = 0.0233085, Final residual = 0.00172303, No Iterations 6
GAMG:  Solving for p, Initial residual = 0.0138013, Final residual = 0.00131874, No Iterations 4
time step continuity errors : sum local = 0.127335, global = -0.0306615, cumulative = 1.90798
smoothSolver:  Solving for epsilon, Initial residual = 0.00377107, Final residual = 0.00034348, No Iterations 3
smoothSolver:  Solving for k, Initial residual = 0.00502515, Final residual = 0.000415503, No Iterations 4
ExecutionTime = 2.53 s  ClockTime = 3 s

Time = 91

smoothSolver:  Solving for Ux, Initial residual = 0.00359227, Final residual = 0.000235456, No Iterations 6
smoothSolver:  Solving for Uy, Initial residual = 0.0234699, Final residual = 0.00174156, No Iterations 6
GAMG:  Solving for p, Initial residual = 0.0138912, Final residual = 0.00117332, No Iterations 5
time step continuity errors : sum local = 0.113451, global = 0.023693, cumulative = 1.93167
smoothSolver:  Solving for epsilon, Initial residual = 0.00374587, Final residual = 0.000342435, No Iterations 3
smoothSolver:  Solving for k, Initial residual = 0.00503109, Final residual = 0.000418156, No Iterations 4
ExecutionTime = 2.56 s  ClockTime = 3 s

Time = 92

smoothSolver:  Solving for Ux, Initial residual = 0.003586, Final residual = 0.00023474, No Iterations 6
smoothSolver:  Solving for Uy, Initial residual = 0.0238897, Final residual = 0.00175774, No Iterations 6
GAMG:  Solving for p, Initial residual = 0.0144779, Final residual = 0.00138758, No Iterations 4
time step continuity errors : sum local = 0.133622, global = -0.0309286, cumulative = 1.90074
smoothSolver:  Solving for epsilon, Initial residual = 0.00373555, Final residual = 0.000343196, No Iterations 3
smoothSolver:  Solving for k, Initial residual = 0.00501937, Final residual = 0.000419873, No Iterations 4
ExecutionTime = 2.59 s  ClockTime = 3 s

Time = 93

smoothSolver:  Solving for Ux, Initial residual = 0.0035758, Final residual = 0.00023421, No Iterations 6
smoothSolver:  Solving for Uy, Initial residual = 0.0239968, Final residual = 0.00177431, No Iterations 6
GAMG:  Solving for p, Initial residual = 0.0143119, Final residual = 0.00124448, No Iterations 5
time step continuity errors : sum local = 0.120145, global = 0.0246318, cumulative = 1.92537
smoothSolver:  Solving for epsilon, Initial residual = 0.00369675, Final residual = 0.000341265, No Iterations 3
bounding epsilon, min: -2.79718 max: 44738.2 average: 2260.21
smoothSolver:  Solving for k, Initial residual = 0.00499571, Final residual = 0.000420672, No Iterations 4
ExecutionTime = 2.61 s  ClockTime = 3 s

Time = 94

smoothSolver:  Solving for Ux, Initial residual = 0.00356633, Final residual = 0.000233389, No Iterations 6
smoothSolver:  Solving for Uy, Initial residual = 0.0241185, Final residual = 0.00179126, No Iterations 6
GAMG:  Solving for p, Initial residual = 0.0145193, Final residual = 0.00142267, No Iterations 4
time step continuity errors : sum local = 0.136949, global = -0.0316869, cumulative = 1.89369
smoothSolver:  Solving for epsilon, Initial residual = 0.00368913, Final residual = 0.000341848, No Iterations 3
bounding epsilon, min: -38.4889 max: 44702.2 average: 2263.68
smoothSolver:  Solving for k, Initial residual = 0.00499144, Final residual = 0.000422807, No Iterations 4
ExecutionTime = 2.64 s  ClockTime = 3 s

Time = 95

smoothSolver:  Solving for Ux, Initial residual = 0.00355153, Final residual = 0.000232614, No Iterations 6
smoothSolver:  Solving for Uy, Initial residual = 0.0242985, Final residual = 0.00180794, No Iterations 6
GAMG:  Solving for p, Initial residual = 0.0151952, Final residual = 0.00130039, No Iterations 5
time step continuity errors : sum local = 0.125567, global = 0.0261826, cumulative = 1.91987
smoothSolver:  Solving for epsilon, Initial residual = 0.00366527, Final residual = 0.000340536, No Iterations 3
bounding epsilon, min: -3.44906 max: 44675.4 average: 2266.86
smoothSolver:  Solving for k, Initial residual = 0.00498471, Final residual = 0.000424967, No Iterations 4
ExecutionTime = 2.66 s  ClockTime = 3 s

Time = 96

smoothSolver:  Solving for Ux, Initial residual = 0.0035404, Final residual = 0.000231865, No Iterations 6
smoothSolver:  Solving for Uy, Initial residual = 0.0244973, Final residual = 0.00182471, No Iterations 6
GAMG:  Solving for p, Initial residual = 0.0142699, Final residual = 0.00103512, No Iterations 5
time step continuity errors : sum local = 0.0997153, global = 0.0183324, cumulative = 1.9382
smoothSolver:  Solving for epsilon, Initial residual = 0.0036316, Final residual = 0.000338237, No Iterations 3
smoothSolver:  Solving for k, Initial residual = 0.00496485, Final residual = 0.000425215, No Iterations 4
ExecutionTime = 2.68 s  ClockTime = 3 s

Time = 97

smoothSolver:  Solving for Ux, Initial residual = 0.00352213, Final residual = 0.000230755, No Iterations 6
smoothSolver:  Solving for Uy, Initial residual = 0.024703, Final residual = 0.0018432, No Iterations 6
GAMG:  Solving for p, Initial residual = 0.0136845, Final residual = 0.00133786, No Iterations 4
time step continuity errors : sum local = 0.128709, global = -0.028495, cumulative = 1.90971
smoothSolver:  Solving for epsilon, Initial residual = 0.00360378, Final residual = 0.000337034, No Iterations 3
smoothSolver:  Solving for k, Initial residual = 0.00500574, Final residual = 0.000430742, No Iterations 4
ExecutionTime = 2.71 s  ClockTime = 3 s

Time = 98

smoothSolver:  Solving for Ux, Initial residual = 0.00351022, Final residual = 0.000230301, No Iterations 6
smoothSolver:  Solving for Uy, Initial residual = 0.0249944, Final residual = 0.00186063, No Iterations 6
GAMG:  Solving for p, Initial residual = 0.0141017, Final residual = 0.00132868, No Iterations 5
time step continuity errors : sum local = 0.127759, global = 0.0244051, cumulative = 1.93411
smoothSolver:  Solving for epsilon, Initial residual = 0.00358019, Final residual = 0.000334596, No Iterations 3
smoothSolver:  Solving for k, Initial residual = 0.0049917, Final residual = 0.000431019, No Iterations 4
ExecutionTime = 2.74 s  ClockTime = 3 s

Time = 99

smoothSolver:  Solving for Ux, Initial residual = 0.00349746, Final residual = 0.000229514, No Iterations 6
smoothSolver:  Solving for Uy, Initial residual = 0.0252203, Final residual = 0.00187588, No Iterations 6
GAMG:  Solving for p, Initial residual = 0.0141231, Final residual = 0.00108972, No Iterations 5
time step continuity errors : sum local = 0.104435, global = 0.0184419, cumulative = 1.95255
smoothSolver:  Solving for epsilon, Initial residual = 0.00355333, Final residual = 0.000332488, No Iterations 3
smoothSolver:  Solving for k, Initial residual = 0.00500324, Final residual = 0.000433458, No Iterations 4
ExecutionTime = 2.77 s  ClockTime = 4 s

Time = 100

smoothSolver:  Solving for Ux, Initial residual = 0.00347968, Final residual = 0.000228054, No Iterations 6
smoothSolver:  Solving for Uy, Initial residual = 0.0255681, Final residual = 0.00189438, No Iterations 6
GAMG:  Solving for p, Initial residual = 0.0141499, Final residual = 0.00135938, No Iterations 4
time step continuity errors : sum local = 0.129709, global = -0.0274914, cumulative = 1.92506
smoothSolver:  Solving for epsilon, Initial residual = 0.00353722, Final residual = 0.000330403, No Iterations 3
smoothSolver:  Solving for k, Initial residual = 0.00500998, Final residual = 0.00043544, No Iterations 4
ExecutionTime = 2.85 s  ClockTime = 4 s

streamLine streamlines write:
    seeded 10 particles
    Tracks:10
    Total samples:11985
Time = 101

smoothSolver:  Solving for Ux, Initial residual = 0.00346113, Final residual = 0.000227455, No Iterations 6
smoothSolver:  Solving for Uy, Initial residual = 0.0257104, Final residual = 0.0019131, No Iterations 6
GAMG:  Solving for p, Initial residual = 0.0140852, Final residual = 0.00135632, No Iterations 5
time step continuity errors : sum local = 0.129394, global = 0.0237299, cumulative = 1.94879
smoothSolver:  Solving for epsilon, Initial residual = 0.00350677, Final residual = 0.000328092, No Iterations 3
smoothSolver:  Solving for k, Initial residual = 0.00500759, Final residual = 0.000436441, No Iterations 4
ExecutionTime = 3.05 s  ClockTime = 4 s

Time = 102

smoothSolver:  Solving for Ux, Initial residual = 0.00344882, Final residual = 0.00022663, No Iterations 6
smoothSolver:  Solving for Uy, Initial residual = 0.0260437, Final residual = 0.00192777, No Iterations 6
GAMG:  Solving for p, Initial residual = 0.0145366, Final residual = 0.00108722, No Iterations 5
time step continuity errors : sum local = 0.103015, global = 0.0175435, cumulative = 1.96634
smoothSolver:  Solving for epsilon, Initial residual = 0.00349249, Final residual = 0.000326235, No Iterations 3
smoothSolver:  Solving for k, Initial residual = 0.00502408, Final residual = 0.000439155, No Iterations 4
ExecutionTime = 3.08 s  ClockTime = 4 s

Time = 103

smoothSolver:  Solving for Ux, Initial residual = 0.00342673, Final residual = 0.000225136, No Iterations 6
smoothSolver:  Solving for Uy, Initial residual = 0.0262116, Final residual = 0.00194715, No Iterations 6
GAMG:  Solving for p, Initial residual = 0.0137441, Final residual = 0.0013356, No Iterations 4
time step continuity errors : sum local = 0.126191, global = -0.0254108, cumulative = 1.94093
smoothSolver:  Solving for epsilon, Initial residual = 0.00346776, Final residual = 0.000322911, No Iterations 3
bounding epsilon, min: -4.7621 max: 44484.7 average: 2281.48
smoothSolver:  Solving for k, Initial residual = 0.00502888, Final residual = 0.00044016, No Iterations 4
ExecutionTime = 3.11 s  ClockTime = 4 s

Time = 104

smoothSolver:  Solving for Ux, Initial residual = 0.00340795, Final residual = 0.000224478, No Iterations 6
smoothSolver:  Solving for Uy, Initial residual = 0.026295, Final residual = 0.00196486, No Iterations 6
GAMG:  Solving for p, Initial residual = 0.0144226, Final residual = 0.00133509, No Iterations 5
time step continuity errors : sum local = 0.126018, global = 0.0214428, cumulative = 1.96237
smoothSolver:  Solving for epsilon, Initial residual = 0.00344419, Final residual = 0.00032054, No Iterations 3
bounding epsilon, min: -37.5212 max: 44463.4 average: 2281.85
smoothSolver:  Solving for k, Initial residual = 0.00503514, Final residual = 0.000441756, No Iterations 4
ExecutionTime = 3.15 s  ClockTime = 4 s

Time = 105

smoothSolver:  Solving for Ux, Initial residual = 0.00339354, Final residual = 0.000223722, No Iterations 6
smoothSolver:  Solving for Uy, Initial residual = 0.0264907, Final residual = 0.00198087, No Iterations 6
GAMG:  Solving for p, Initial residual = 0.0150077, Final residual = 0.0014227, No Iterations 4
time step continuity errors : sum local = 0.134048, global = -0.0265526, cumulative = 1.93582
smoothSolver:  Solving for epsilon, Initial residual = 0.00342931, Final residual = 0.000319166, No Iterations 3
bounding epsilon, min: -4.23692 max: 44450.5 average: 2281.95
smoothSolver:  Solving for k, Initial residual = 0.00503798, Final residual = 0.000442139, No Iterations 4
ExecutionTime = 3.18 s  ClockTime = 4 s

Time = 106

smoothSolver:  Solving for Ux, Initial residual = 0.00337022, Final residual = 0.000222309, No Iterations 6
smoothSolver:  Solving for Uy, Initial residual = 0.0266504, Final residual = 0.0019974, No Iterations 6
GAMG:  Solving for p, Initial residual = 0.0139648, Final residual = 0.00131522, No Iterations 5
time step continuity errors : sum local = 0.123962, global = 0.0212376, cumulative = 1.95705
smoothSolver:  Solving for epsilon, Initial residual = 0.00340714, Final residual = 0.000316504, No Iterations 3
smoothSolver:  Solving for k, Initial residual = 0.0050317, Final residual = 0.000442213, No Iterations 4
ExecutionTime = 3.2 s  ClockTime = 4 s

Time = 107

smoothSolver:  Solving for Ux, Initial residual = 0.0033521, Final residual = 0.000221665, No Iterations 6
smoothSolver:  Solving for Uy, Initial residual = 0.0268789, Final residual = 0.00201799, No Iterations 6
GAMG:  Solving for p, Initial residual = 0.0135984, Final residual = 0.00133947, No Iterations 4
time step continuity errors : sum local = 0.125789, global = -0.024237, cumulative = 1.93282
smoothSolver:  Solving for epsilon, Initial residual = 0.00338624, Final residual = 0.000315848, No Iterations 3
smoothSolver:  Solving for k, Initial residual = 0.00504526, Final residual = 0.000443469, No Iterations 4
ExecutionTime = 3.24 s  ClockTime = 4 s

Time = 108

smoothSolver:  Solving for Ux, Initial residual = 0.00332752, Final residual = 0.00022032, No Iterations 6
smoothSolver:  Solving for Uy, Initial residual = 0.0271691, Final residual = 0.00203474, No Iterations 6
GAMG:  Solving for p, Initial residual = 0.0139428, Final residual = 0.00123974, No Iterations 5
time step continuity errors : sum local = 0.116089, global = 0.0185522, cumulative = 1.95137
smoothSolver:  Solving for epsilon, Initial residual = 0.0033713, Final residual = 0.00031243, No Iterations 3
smoothSolver:  Solving for k, Initial residual = 0.00505316, Final residual = 0.000443967, No Iterations 4
ExecutionTime = 3.26 s  ClockTime = 4 s

Time = 109

smoothSolver:  Solving for Ux, Initial residual = 0.00331341, Final residual = 0.000219951, No Iterations 6
smoothSolver:  Solving for Uy, Initial residual = 0.0274354, Final residual = 0.00205591, No Iterations 6
GAMG:  Solving for p, Initial residual = 0.0140437, Final residual = 0.00124357, No Iterations 4
time step continuity errors : sum local = 0.115929, global = -0.0219465, cumulative = 1.92942
smoothSolver:  Solving for epsilon, Initial residual = 0.00336048, Final residual = 0.0003114, No Iterations 3
smoothSolver:  Solving for k, Initial residual = 0.0050602, Final residual = 0.000443878, No Iterations 4
ExecutionTime = 3.28 s  ClockTime = 4 s

Time = 110

smoothSolver:  Solving for Ux, Initial residual = 0.00329057, Final residual = 0.000218812, No Iterations 6
smoothSolver:  Solving for Uy, Initial residual = 0.0277854, Final residual = 0.00207309, No Iterations 6
GAMG:  Solving for p, Initial residual = 0.0144249, Final residual = 0.00116724, No Iterations 5
time step continuity errors : sum local = 0.108215, global = 0.0144135, cumulative = 1.94384
smoothSolver:  Solving for epsilon, Initial residual = 0.00335525, Final residual = 0.000310876, No Iterations 3
smoothSolver:  Solving for k, Initial residual = 0.00505166, Final residual = 0.000443259, No Iterations 4
ExecutionTime = 3.32 s  ClockTime = 4 s

Time = 111

smoothSolver:  Solving for Ux, Initial residual = 0.00327777, Final residual = 0.000218699, No Iterations 6
smoothSolver:  Solving for Uy, Initial residual = 0.027927, Final residual = 0.0020942, No Iterations 6
GAMG:  Solving for p, Initial residual = 0.0142478, Final residual = 0.00129611, No Iterations 4
time step continuity errors : sum local = 0.119894, global = -0.020081, cumulative = 1.92375
smoothSolver:  Solving for epsilon, Initial residual = 0.00333765, Final residual = 0.000307011, No Iterations 3
smoothSolver:  Solving for k, Initial residual = 0.00507803, Final residual = 0.000444641, No Iterations 4
ExecutionTime = 3.34 s  ClockTime = 4 s

Time = 112

smoothSolver:  Solving for Ux, Initial residual = 0.00325859, Final residual = 0.000217794, No Iterations 6
smoothSolver:  Solving for Uy, Initial residual = 0.0283143, Final residual = 0.0021096, No Iterations 6
GAMG:  Solving for p, Initial residual = 0.0150919, Final residual = 0.00114297, No Iterations 5
time step continuity errors : sum local = 0.105225, global = 0.0140327, cumulative = 1.93779
smoothSolver:  Solving for epsilon, Initial residual = 0.00332851, Final residual = 0.000304594, No Iterations 3
smoothSolver:  Solving for k, Initial residual = 0.0050805, Final residual = 0.000444101, No Iterations 4
ExecutionTime = 3.36 s  ClockTime = 4 s

Time = 113

smoothSolver:  Solving for Ux, Initial residual = 0.00324665, Final residual = 0.000217578, No Iterations 6
smoothSolver:  Solving for Uy, Initial residual = 0.0284398, Final residual = 0.00213054, No Iterations 6
GAMG:  Solving for p, Initial residual = 0.0143688, Final residual = 0.0011311, No Iterations 4
time step continuity errors : sum local = 0.103872, global = -0.0168688, cumulative = 1.92092
smoothSolver:  Solving for epsilon, Initial residual = 0.00331376, Final residual = 0.000303917, No Iterations 3
bounding epsilon, min: -10.0112 max: 44197.2 average: 2272.51
smoothSolver:  Solving for k, Initial residual = 0.00510259, Final residual = 0.000444764, No Iterations 4
ExecutionTime = 3.39 s  ClockTime = 4 s

Time = 114

smoothSolver:  Solving for Ux, Initial residual = 0.003228, Final residual = 0.000216957, No Iterations 6
smoothSolver:  Solving for Uy, Initial residual = 0.0284752, Final residual = 0.00214728, No Iterations 6
GAMG:  Solving for p, Initial residual = 0.014905, Final residual = 0.00106966, No Iterations 5
time step continuity errors : sum local = 0.0979848, global = 0.0110989, cumulative = 1.93202
smoothSolver:  Solving for epsilon, Initial residual = 0.00329715, Final residual = 0.000302066, No Iterations 3
bounding epsilon, min: -32.2288 max: 44166.7 average: 2270.09
smoothSolver:  Solving for k, Initial residual = 0.0050866, Final residual = 0.000442006, No Iterations 4
ExecutionTime = 3.44 s  ClockTime = 5 s

Time = 115

smoothSolver:  Solving for Ux, Initial residual = 0.00322084, Final residual = 0.000217199, No Iterations 6
smoothSolver:  Solving for Uy, Initial residual = 0.0286255, Final residual = 0.00216402, No Iterations 6
GAMG:  Solving for p, Initial residual = 0.0157078, Final residual = 0.00115781, No Iterations 4
time step continuity errors : sum local = 0.106233, global = -0.0148158, cumulative = 1.9172
smoothSolver:  Solving for epsilon, Initial residual = 0.00328827, Final residual = 0.000300814, No Iterations 3
bounding epsilon, min: -8.58565 max: 44148.8 average: 2267.37
smoothSolver:  Solving for k, Initial residual = 0.00513023, Final residual = 0.000444391, No Iterations 4
ExecutionTime = 3.47 s  ClockTime = 5 s

Time = 116

smoothSolver:  Solving for Ux, Initial residual = 0.00320869, Final residual = 0.000216991, No Iterations 6
smoothSolver:  Solving for Uy, Initial residual = 0.0287436, Final residual = 0.0021783, No Iterations 6
GAMG:  Solving for p, Initial residual = 0.0147215, Final residual = 0.00105738, No Iterations 5
time step continuity errors : sum local = 0.0971409, global = 0.00950496, cumulative = 1.92671
smoothSolver:  Solving for epsilon, Initial residual = 0.00326758, Final residual = 0.000296251, No Iterations 3
bounding epsilon, min: -10.4124 max: 44113.8 average: 2264.42
smoothSolver:  Solving for k, Initial residual = 0.00511154, Final residual = 0.000441537, No Iterations 4
ExecutionTime = 3.5 s  ClockTime = 5 s

Time = 117

smoothSolver:  Solving for Ux, Initial residual = 0.00320449, Final residual = 0.000217396, No Iterations 6
smoothSolver:  Solving for Uy, Initial residual = 0.0288848, Final residual = 0.00219298, No Iterations 6
GAMG:  Solving for p, Initial residual = 0.0145478, Final residual = 0.00115938, No Iterations 4
time step continuity errors : sum local = 0.10673, global = -0.0129395, cumulative = 1.91377
smoothSolver:  Solving for epsilon, Initial residual = 0.00325029, Final residual = 0.00029361, No Iterations 3
smoothSolver:  Solving for k, Initial residual = 0.00512675, Final residual = 0.000440918, No Iterations 4
ExecutionTime = 3.53 s  ClockTime = 5 s

Time = 118

smoothSolver:  Solving for Ux, Initial residual = 0.00319617, Final residual = 0.000217456, No Iterations 6
smoothSolver:  Solving for Uy, Initial residual = 0.0290356, Final residual = 0.00220575, No Iterations 6
GAMG:  Solving for p, Initial residual = 0.0145426, Final residual = 0.00104591, No Iterations 5
time step continuity errors : sum local = 0.096415, global = 0.00849813, cumulative = 1.92227
smoothSolver:  Solving for epsilon, Initial residual = 0.00323099, Final residual = 0.000290549, No Iterations 3
smoothSolver:  Solving for k, Initial residual = 0.00513815, Final residual = 0.000439961, No Iterations 4
ExecutionTime = 3.56 s  ClockTime = 5 s

Time = 119

smoothSolver:  Solving for Ux, Initial residual = 0.00320194, Final residual = 0.00021796, No Iterations 6
smoothSolver:  Solving for Uy, Initial residual = 0.029312, Final residual = 0.00221715, No Iterations 6
GAMG:  Solving for p, Initial residual = 0.0151778, Final residual = 0.001169, No Iterations 4
time step continuity errors : sum local = 0.107781, global = -0.011171, cumulative = 1.91109
smoothSolver:  Solving for epsilon, Initial residual = 0.00321585, Final residual = 0.000288328, No Iterations 3
smoothSolver:  Solving for k, Initial residual = 0.00512836, Final residual = 0.000436837, No Iterations 4
ExecutionTime = 3.59 s  ClockTime = 5 s

Time = 120

smoothSolver:  Solving for Ux, Initial residual = 0.0031977, Final residual = 0.000218205, No Iterations 6
smoothSolver:  Solving for Uy, Initial residual = 0.0294668, Final residual = 0.00222787, No Iterations 6
GAMG:  Solving for p, Initial residual = 0.0153408, Final residual = 0.00152459, No Iterations 4
time step continuity errors : sum local = 0.140651, global = -0.0159087, cumulative = 1.89519
smoothSolver:  Solving for epsilon, Initial residual = 0.00320153, Final residual = 0.000285968, No Iterations 3
smoothSolver:  Solving for k, Initial residual = 0.00515124, Final residual = 0.000436663, No Iterations 4
ExecutionTime = 3.62 s  ClockTime = 5 s

Time = 121

smoothSolver:  Solving for Ux, Initial residual = 0.00320276, Final residual = 0.00021894, No Iterations 6
smoothSolver:  Solving for Uy, Initial residual = 0.0296328, Final residual = 0.00223378, No Iterations 6
GAMG:  Solving for p, Initial residual = 0.0160009, Final residual = 0.00115705, No Iterations 5
time step continuity errors : sum local = 0.106768, global = 0.00922193, cumulative = 1.90441
smoothSolver:  Solving for epsilon, Initial residual = 0.00317947, Final residual = 0.000282404, No Iterations 3
smoothSolver:  Solving for k, Initial residual = 0.00514824, Final residual = 0.00043412, No Iterations 4
ExecutionTime = 3.65 s  ClockTime = 5 s

Time = 122

smoothSolver:  Solving for Ux, Initial residual = 0.00319984, Final residual = 0.00021897, No Iterations 6
smoothSolver:  Solving for Uy, Initial residual = 0.0297176, Final residual = 0.00224246, No Iterations 6
GAMG:  Solving for p, Initial residual = 0.0151574, Final residual = 0.00118987, No Iterations 4
time step continuity errors : sum local = 0.109937, global = -0.00925044, cumulative = 1.89516
smoothSolver:  Solving for epsilon, Initial residual = 0.00316406, Final residual = 0.000277552, No Iterations 3
smoothSolver:  Solving for k, Initial residual = 0.00514742, Final residual = 0.000431643, No Iterations 4
ExecutionTime = 3.67 s  ClockTime = 5 s

Time = 123

smoothSolver:  Solving for Ux, Initial residual = 0.00321081, Final residual = 0.000219329, No Iterations 6
smoothSolver:  Solving for Uy, Initial residual = 0.0306127, Final residual = 0.00224533, No Iterations 6
GAMG:  Solving for p, Initial residual = 0.0180466, Final residual = 0.00154261, No Iterations 4
time step continuity errors : sum local = 0.141933, global = -0.0144395, cumulative = 1.88072
smoothSolver:  Solving for epsilon, Initial residual = 0.00315171, Final residual = 0.000275297, No Iterations 3
smoothSolver:  Solving for k, Initial residual = 0.00513746, Final residual = 0.000428394, No Iterations 4
ExecutionTime = 3.7 s  ClockTime = 5 s

Time = 124

smoothSolver:  Solving for Ux, Initial residual = 0.00321258, Final residual = 0.000219988, No Iterations 6
smoothSolver:  Solving for Uy, Initial residual = 0.0301239, Final residual = 0.00224927, No Iterations 6
GAMG:  Solving for p, Initial residual = 0.016712, Final residual = 0.00120617, No Iterations 5
time step continuity errors : sum local = 0.111455, global = 0.00863896, cumulative = 1.88936
smoothSolver:  Solving for epsilon, Initial residual = 0.00311734, Final residual = 0.000270987, No Iterations 3
smoothSolver:  Solving for k, Initial residual = 0.00516052, Final residual = 0.000428167, No Iterations 4
ExecutionTime = 3.73 s  ClockTime = 5 s

Time = 125

smoothSolver:  Solving for Ux, Initial residual = 0.00321548, Final residual = 0.000220116, No Iterations 6
smoothSolver:  Solving for Uy, Initial residual = 0.0299593, Final residual = 0.0022493, No Iterations 6
GAMG:  Solving for p, Initial residual = 0.0164403, Final residual = 0.00126789, No Iterations 4
time step continuity errors : sum local = 0.117469, global = -0.00858827, cumulative = 1.88077
smoothSolver:  Solving for epsilon, Initial residual = 0.0030813, Final residual = 0.000268285, No Iterations 3
smoothSolver:  Solving for k, Initial residual = 0.00516441, Final residual = 0.000426172, No Iterations 4
ExecutionTime = 3.76 s  ClockTime = 5 s

Time = 126

smoothSolver:  Solving for Ux, Initial residual = 0.00321575, Final residual = 0.000220308, No Iterations 6
smoothSolver:  Solving for Uy, Initial residual = 0.0299519, Final residual = 0.0022463, No Iterations 6
GAMG:  Solving for p, Initial residual = 0.0168132, Final residual = 0.00157977, No Iterations 4
time step continuity errors : sum local = 0.146678, global = -0.0129247, cumulative = 1.86784
smoothSolver:  Solving for epsilon, Initial residual = 0.00305831, Final residual = 0.000263398, No Iterations 3
smoothSolver:  Solving for k, Initial residual = 0.00516521, Final residual = 0.000423928, No Iterations 4
ExecutionTime = 3.78 s  ClockTime = 5 s

Time = 127

smoothSolver:  Solving for Ux, Initial residual = 0.00321415, Final residual = 0.000220892, No Iterations 6
smoothSolver:  Solving for Uy, Initial residual = 0.0298126, Final residual = 0.00224009, No Iterations 6
GAMG:  Solving for p, Initial residual = 0.0162822, Final residual = 0.00120269, No Iterations 5
time step continuity errors : sum local = 0.112098, global = 0.00954699, cumulative = 1.87739
smoothSolver:  Solving for epsilon, Initial residual = 0.00303411, Final residual = 0.00026157, No Iterations 3
smoothSolver:  Solving for k, Initial residual = 0.00514742, Final residual = 0.000420364, No Iterations 4
ExecutionTime = 3.81 s  ClockTime = 5 s

Time = 128

smoothSolver:  Solving for Ux, Initial residual = 0.00321267, Final residual = 0.000220599, No Iterations 6
smoothSolver:  Solving for Uy, Initial residual = 0.0297333, Final residual = 0.00223035, No Iterations 6
GAMG:  Solving for p, Initial residual = 0.0155391, Final residual = 0.00125946, No Iterations 4
time step continuity errors : sum local = 0.117447, global = -0.00567208, cumulative = 1.87172
smoothSolver:  Solving for epsilon, Initial residual = 0.00301045, Final residual = 0.000259605, No Iterations 3
smoothSolver:  Solving for k, Initial residual = 0.00514809, Final residual = 0.000418238, No Iterations 4
ExecutionTime = 3.84 s  ClockTime = 5 s

Time = 129

smoothSolver:  Solving for Ux, Initial residual = 0.00320851, Final residual = 0.000220613, No Iterations 6
smoothSolver:  Solving for Uy, Initial residual = 0.0295628, Final residual = 0.00221691, No Iterations 6
GAMG:  Solving for p, Initial residual = 0.0156945, Final residual = 0.00154998, No Iterations 4
time step continuity errors : sum local = 0.144815, global = -0.011801, cumulative = 1.85992
smoothSolver:  Solving for epsilon, Initial residual = 0.00298963, Final residual = 0.000257358, No Iterations 3
smoothSolver:  Solving for k, Initial residual = 0.00514643, Final residual = 0.000415981, No Iterations 4
ExecutionTime = 3.86 s  ClockTime = 5 s

Time = 130

smoothSolver:  Solving for Ux, Initial residual = 0.00321057, Final residual = 0.000220847, No Iterations 6
smoothSolver:  Solving for Uy, Initial residual = 0.0294907, Final residual = 0.00219613, No Iterations 6
GAMG:  Solving for p, Initial residual = 0.0160667, Final residual = 0.00122331, No Iterations 5
time step continuity errors : sum local = 0.11443, global = 0.011352, cumulative = 1.87127
smoothSolver:  Solving for epsilon, Initial residual = 0.00297179, Final residual = 0.000257061, No Iterations 3
smoothSolver:  Solving for k, Initial residual = 0.00512007, Final residual = 0.000411703, No Iterations 4
ExecutionTime = 3.89 s  ClockTime = 5 s

Time = 131

smoothSolver:  Solving for Ux, Initial residual = 0.00320815, Final residual = 0.000220073, No Iterations 6
smoothSolver:  Solving for Uy, Initial residual = 0.0292641, Final residual = 0.00217368, No Iterations 6
GAMG:  Solving for p, Initial residual = 0.0158768, Final residual = 0.00138933, No Iterations 4
time step continuity errors : sum local = 0.130055, global = 0.00393423, cumulative = 1.8752
smoothSolver:  Solving for epsilon, Initial residual = 0.00295666, Final residual = 0.000254227, No Iterations 3
smoothSolver:  Solving for k, Initial residual = 0.00511681, Final residual = 0.000409408, No Iterations 4
ExecutionTime = 3.92 s  ClockTime = 5 s

Time = 132

smoothSolver:  Solving for Ux, Initial residual = 0.00320644, Final residual = 0.000219567, No Iterations 6
smoothSolver:  Solving for Uy, Initial residual = 0.0291161, Final residual = 0.00214631, No Iterations 6
GAMG:  Solving for p, Initial residual = 0.0161097, Final residual = 0.00155027, No Iterations 4
time step continuity errors : sum local = 0.144936, global = -0.00798558, cumulative = 1.86722
smoothSolver:  Solving for epsilon, Initial residual = 0.00293375, Final residual = 0.000253386, No Iterations 3
smoothSolver:  Solving for k, Initial residual = 0.00511066, Final residual = 0.000406953, No Iterations 4
ExecutionTime = 3.94 s  ClockTime = 5 s

Time = 133

smoothSolver:  Solving for Ux, Initial residual = 0.00319875, Final residual = 0.000219174, No Iterations 6
smoothSolver:  Solving for Uy, Initial residual = 0.0287212, Final residual = 0.00211652, No Iterations 6
GAMG:  Solving for p, Initial residual = 0.01602, Final residual = 0.00130045, No Iterations 5
time step continuity errors : sum local = 0.121661, global = 0.0130847, cumulative = 1.8803
smoothSolver:  Solving for epsilon, Initial residual = 0.00290943, Final residual = 0.000250783, No Iterations 3
smoothSolver:  Solving for k, Initial residual = 0.00511096, Final residual = 0.000405207, No Iterations 4
ExecutionTime = 3.97 s  ClockTime = 5 s

Time = 134

smoothSolver:  Solving for Ux, Initial residual = 0.00781955, Final residual = 0.000559417, No Iterations 4
smoothSolver:  Solving for Uy, Initial residual = 0.252837, Final residual = 0.0210431, No Iterations 1
GAMG:  Solving for p, Initial residual = 0.0230893, Final residual = 0.00195867, No Iterations 4
time step continuity errors : sum local = 0.178285, global = 0.0120804, cumulative = 1.89238
smoothSolver:  Solving for epsilon, Initial residual = 0.00764844, Final residual = 0.000383182, No Iterations 3
smoothSolver:  Solving for k, Initial residual = 0.00608554, Final residual = 0.000530384, No Iterations 4
ExecutionTime = 4 s  ClockTime = 5 s

Time = 135

smoothSolver:  Solving for Ux, Initial residual = 0.00309702, Final residual = 0.000201929, No Iterations 6
smoothSolver:  Solving for Uy, Initial residual = 0.0350822, Final residual = 0.00245921, No Iterations 6
GAMG:  Solving for p, Initial residual = 0.0293482, Final residual = 0.00283584, No Iterations 3
time step continuity errors : sum local = 0.263912, global = -0.0218465, cumulative = 1.87054
smoothSolver:  Solving for epsilon, Initial residual = 0.00289311, Final residual = 0.000246262, No Iterations 3
smoothSolver:  Solving for k, Initial residual = 0.00502798, Final residual = 0.000394814, No Iterations 4
ExecutionTime = 4.02 s  ClockTime = 5 s

Time = 136

smoothSolver:  Solving for Ux, Initial residual = 0.00321579, Final residual = 0.000212216, No Iterations 6
smoothSolver:  Solving for Uy, Initial residual = 0.0310211, Final residual = 0.00219301, No Iterations 6
GAMG:  Solving for p, Initial residual = 0.0197157, Final residual = 0.00151461, No Iterations 5
time step continuity errors : sum local = 0.139525, global = 0.0134214, cumulative = 1.88396
smoothSolver:  Solving for epsilon, Initial residual = 0.0028431, Final residual = 0.00024627, No Iterations 3
bounding epsilon, min: -57.2316 max: 43834.7 average: 2165.39
smoothSolver:  Solving for k, Initial residual = 0.00498758, Final residual = 0.000390535, No Iterations 4
ExecutionTime = 4.05 s  ClockTime = 5 s

Time = 137

smoothSolver:  Solving for Ux, Initial residual = 0.00323829, Final residual = 0.000214271, No Iterations 6
smoothSolver:  Solving for Uy, Initial residual = 0.0283827, Final residual = 0.00201059, No Iterations 6
GAMG:  Solving for p, Initial residual = 0.0201104, Final residual = 0.00171683, No Iterations 4
time step continuity errors : sum local = 0.157025, global = 0.0133403, cumulative = 1.8973
smoothSolver:  Solving for epsilon, Initial residual = 0.00285185, Final residual = 0.000242345, No Iterations 3
bounding epsilon, min: -25.1704 max: 43653.5 average: 2159.22
smoothSolver:  Solving for k, Initial residual = 0.00495663, Final residual = 0.000386263, No Iterations 4
ExecutionTime = 4.07 s  ClockTime = 5 s

Time = 138

smoothSolver:  Solving for Ux, Initial residual = 0.0031926, Final residual = 0.000212664, No Iterations 6
smoothSolver:  Solving for Uy, Initial residual = 0.0269987, Final residual = 0.00194804, No Iterations 6
GAMG:  Solving for p, Initial residual = 0.0190645, Final residual = 0.00175049, No Iterations 4
time step continuity errors : sum local = 0.160421, global = 0.0112735, cumulative = 1.90857
smoothSolver:  Solving for epsilon, Initial residual = 0.00281156, Final residual = 0.000241269, No Iterations 3
bounding epsilon, min: -6.35495 max: 43483.2 average: 2152.95
smoothSolver:  Solving for k, Initial residual = 0.00491695, Final residual = 0.000381705, No Iterations 4
ExecutionTime = 4.11 s  ClockTime = 5 s

Time = 139

smoothSolver:  Solving for Ux, Initial residual = 0.00315084, Final residual = 0.000210469, No Iterations 6
smoothSolver:  Solving for Uy, Initial residual = 0.0263702, Final residual = 0.00191715, No Iterations 6
GAMG:  Solving for p, Initial residual = 0.0181822, Final residual = 0.00176803, No Iterations 4
time step continuity errors : sum local = 0.162177, global = 0.0102438, cumulative = 1.91882
smoothSolver:  Solving for epsilon, Initial residual = 0.00278681, Final residual = 0.000238276, No Iterations 3
bounding epsilon, min: -12.1525 max: 43304.8 average: 2146.33
smoothSolver:  Solving for k, Initial residual = 0.00488009, Final residual = 0.000376889, No Iterations 4
ExecutionTime = 4.13 s  ClockTime = 5 s

Time = 140

smoothSolver:  Solving for Ux, Initial residual = 0.00311768, Final residual = 0.000208149, No Iterations 6
smoothSolver:  Solving for Uy, Initial residual = 0.0259899, Final residual = 0.00188909, No Iterations 6
GAMG:  Solving for p, Initial residual = 0.0174277, Final residual = 0.00172767, No Iterations 4
time step continuity errors : sum local = 0.158475, global = 0.0107824, cumulative = 1.9296
smoothSolver:  Solving for epsilon, Initial residual = 0.00277772, Final residual = 0.000233492, No Iterations 3
bounding epsilon, min: -15.3573 max: 43169.3 average: 2139.61
smoothSolver:  Solving for k, Initial residual = 0.00483951, Final residual = 0.000372253, No Iterations 4
ExecutionTime = 4.16 s  ClockTime = 5 s

Time = 141

smoothSolver:  Solving for Ux, Initial residual = 0.00309337, Final residual = 0.000205823, No Iterations 6
smoothSolver:  Solving for Uy, Initial residual = 0.0255588, Final residual = 0.00185961, No Iterations 6
GAMG:  Solving for p, Initial residual = 0.0167126, Final residual = 0.0013632, No Iterations 5
time step continuity errors : sum local = 0.125069, global = -0.0110134, cumulative = 1.91859
smoothSolver:  Solving for epsilon, Initial residual = 0.00275793, Final residual = 0.000232701, No Iterations 3
bounding epsilon, min: -14.1295 max: 43140.7 average: 2132.99
smoothSolver:  Solving for k, Initial residual = 0.00478542, Final residual = 0.000365906, No Iterations 4
ExecutionTime = 4.18 s  ClockTime = 5 s

Time = 142

smoothSolver:  Solving for Ux, Initial residual = 0.00306898, Final residual = 0.000203266, No Iterations 6
smoothSolver:  Solving for Uy, Initial residual = 0.0251135, Final residual = 0.00183284, No Iterations 6
GAMG:  Solving for p, Initial residual = 0.0159527, Final residual = 0.00151998, No Iterations 4
time step continuity errors : sum local = 0.139531, global = 0.0109255, cumulative = 1.92951
smoothSolver:  Solving for epsilon, Initial residual = 0.00272791, Final residual = 0.00022975, No Iterations 3
bounding epsilon, min: -15.3134 max: 43201.7 average: 2126.58
smoothSolver:  Solving for k, Initial residual = 0.00476035, Final residual = 0.000362568, No Iterations 4
ExecutionTime = 4.2 s  ClockTime = 5 s

Time = 143

smoothSolver:  Solving for Ux, Initial residual = 0.00303948, Final residual = 0.00020076, No Iterations 6
smoothSolver:  Solving for Uy, Initial residual = 0.0246758, Final residual = 0.00180904, No Iterations 6
GAMG:  Solving for p, Initial residual = 0.0156373, Final residual = 0.00130711, No Iterations 5
time step continuity errors : sum local = 0.119852, global = -0.0112365, cumulative = 1.91827
smoothSolver:  Solving for epsilon, Initial residual = 0.00269571, Final residual = 0.000225211, No Iterations 3
bounding epsilon, min: -14.5838 max: 43261.5 average: 2120.29
smoothSolver:  Solving for k, Initial residual = 0.0047025, Final residual = 0.000355822, No Iterations 4
ExecutionTime = 4.24 s  ClockTime = 5 s

Time = 144

smoothSolver:  Solving for Ux, Initial residual = 0.00301523, Final residual = 0.000198568, No Iterations 6
smoothSolver:  Solving for Uy, Initial residual = 0.02428, Final residual = 0.0017888, No Iterations 6
GAMG:  Solving for p, Initial residual = 0.0151686, Final residual = 0.00112298, No Iterations 5
time step continuity errors : sum local = 0.102929, global = -0.00956586, cumulative = 1.90871
smoothSolver:  Solving for epsilon, Initial residual = 0.00267845, Final residual = 0.000223189, No Iterations 3
bounding epsilon, min: -15.728 max: 43241.2 average: 2113.98
smoothSolver:  Solving for k, Initial residual = 0.00465175, Final residual = 0.000349948, No Iterations 4
ExecutionTime = 4.26 s  ClockTime = 5 s

Time = 145

smoothSolver:  Solving for Ux, Initial residual = 0.00299049, Final residual = 0.00019614, No Iterations 6
smoothSolver:  Solving for Uy, Initial residual = 0.0239678, Final residual = 0.00177432, No Iterations 6
GAMG:  Solving for p, Initial residual = 0.0147489, Final residual = 0.00109327, No Iterations 5
time step continuity errors : sum local = 0.100036, global = -0.00899614, cumulative = 1.89971
smoothSolver:  Solving for epsilon, Initial residual = 0.00264465, Final residual = 0.000220201, No Iterations 3
bounding epsilon, min: -14.9161 max: 43156.3 average: 2107.75
smoothSolver:  Solving for k, Initial residual = 0.00460742, Final residual = 0.000344716, No Iterations 4
ExecutionTime = 4.29 s  ClockTime = 6 s

Time = 146

smoothSolver:  Solving for Ux, Initial residual = 0.00296311, Final residual = 0.000194288, No Iterations 6
smoothSolver:  Solving for Uy, Initial residual = 0.0236967, Final residual = 0.00176457, No Iterations 6
GAMG:  Solving for p, Initial residual = 0.0144562, Final residual = 0.00109941, No Iterations 5
time step continuity errors : sum local = 0.100401, global = -0.00869719, cumulative = 1.89101
smoothSolver:  Solving for epsilon, Initial residual = 0.00260832, Final residual = 0.000216032, No Iterations 3
bounding epsilon, min: -14.7897 max: 43045.7 average: 2101.49
smoothSolver:  Solving for k, Initial residual = 0.00454286, Final residual = 0.000338003, No Iterations 4
ExecutionTime = 4.31 s  ClockTime = 6 s

Time = 147

smoothSolver:  Solving for Ux, Initial residual = 0.00293683, Final residual = 0.000192742, No Iterations 6
smoothSolver:  Solving for Uy, Initial residual = 0.0234671, Final residual = 0.00175688, No Iterations 6
GAMG:  Solving for p, Initial residual = 0.0142392, Final residual = 0.00111745, No Iterations 5
time step continuity errors : sum local = 0.101777, global = -0.00824816, cumulative = 1.88277
smoothSolver:  Solving for epsilon, Initial residual = 0.00257228, Final residual = 0.000213215, No Iterations 3
bounding epsilon, min: -15.2173 max: 42943.2 average: 2095.3
smoothSolver:  Solving for k, Initial residual = 0.00449096, Final residual = 0.000331616, No Iterations 4
ExecutionTime = 4.35 s  ClockTime = 6 s

Time = 148

smoothSolver:  Solving for Ux, Initial residual = 0.00291141, Final residual = 0.00019151, No Iterations 6
smoothSolver:  Solving for Uy, Initial residual = 0.0232832, Final residual = 0.00175024, No Iterations 6
GAMG:  Solving for p, Initial residual = 0.0139895, Final residual = 0.00111577, No Iterations 5
time step continuity errors : sum local = 0.101347, global = -0.00763849, cumulative = 1.87513
smoothSolver:  Solving for epsilon, Initial residual = 0.00253359, Final residual = 0.000210454, No Iterations 3
bounding epsilon, min: -15.1212 max: 42863.7 average: 2089.11
smoothSolver:  Solving for k, Initial residual = 0.0044253, Final residual = 0.000325111, No Iterations 4
ExecutionTime = 4.38 s  ClockTime = 6 s

Time = 149

smoothSolver:  Solving for Ux, Initial residual = 0.00288999, Final residual = 0.00019071, No Iterations 6
smoothSolver:  Solving for Uy, Initial residual = 0.0231629, Final residual = 0.00174365, No Iterations 6
GAMG:  Solving for p, Initial residual = 0.013789, Final residual = 0.00110828, No Iterations 5
time step continuity errors : sum local = 0.100392, global = -0.00716797, cumulative = 1.86796
smoothSolver:  Solving for epsilon, Initial residual = 0.00249741, Final residual = 0.00020644, No Iterations 3
bounding epsilon, min: -15.4931 max: 42832.9 average: 2083.08
smoothSolver:  Solving for k, Initial residual = 0.00436905, Final residual = 0.000318796, No Iterations 4
ExecutionTime = 4.41 s  ClockTime = 6 s

Time = 150

smoothSolver:  Solving for Ux, Initial residual = 0.00287134, Final residual = 0.000190376, No Iterations 6
smoothSolver:  Solving for Uy, Initial residual = 0.0230371, Final residual = 0.00173475, No Iterations 6
GAMG:  Solving for p, Initial residual = 0.013585, Final residual = 0.00107791, No Iterations 5
time step continuity errors : sum local = 0.0973695, global = -0.00669291, cumulative = 1.86127
smoothSolver:  Solving for epsilon, Initial residual = 0.00245553, Final residual = 0.00020264, No Iterations 3
bounding epsilon, min: -14.5391 max: 42815.9 average: 2077.13
smoothSolver:  Solving for k, Initial residual = 0.00432017, Final residual = 0.000313528, No Iterations 4
ExecutionTime = 4.43 s  ClockTime = 6 s

Time = 151

smoothSolver:  Solving for Ux, Initial residual = 0.00285747, Final residual = 0.000190425, No Iterations 6
smoothSolver:  Solving for Uy, Initial residual = 0.0229197, Final residual = 0.00172333, No Iterations 6
GAMG:  Solving for p, Initial residual = 0.0134063, Final residual = 0.00105082, No Iterations 5
time step continuity errors : sum local = 0.0946863, global = -0.00649184, cumulative = 1.85478
smoothSolver:  Solving for epsilon, Initial residual = 0.00242794, Final residual = 0.000199328, No Iterations 3
bounding epsilon, min: -15.8821 max: 42815.2 average: 2071.28
smoothSolver:  Solving for k, Initial residual = 0.00426349, Final residual = 0.00030783, No Iterations 4
ExecutionTime = 4.47 s  ClockTime = 6 s

Time = 152

smoothSolver:  Solving for Ux, Initial residual = 0.00284641, Final residual = 0.000190813, No Iterations 6
smoothSolver:  Solving for Uy, Initial residual = 0.0228238, Final residual = 0.00171, No Iterations 6
GAMG:  Solving for p, Initial residual = 0.0133019, Final residual = 0.00103353, No Iterations 5
time step continuity errors : sum local = 0.092929, global = -0.00636836, cumulative = 1.84841
smoothSolver:  Solving for epsilon, Initial residual = 0.00239485, Final residual = 0.00019593, No Iterations 3
bounding epsilon, min: -14.3244 max: 42804.7 average: 2065.51
smoothSolver:  Solving for k, Initial residual = 0.00421729, Final residual = 0.000302373, No Iterations 4
ExecutionTime = 4.49 s  ClockTime = 6 s

Time = 153

smoothSolver:  Solving for Ux, Initial residual = 0.0028404, Final residual = 0.000191528, No Iterations 6
smoothSolver:  Solving for Uy, Initial residual = 0.0226962, Final residual = 0.00169471, No Iterations 6
GAMG:  Solving for p, Initial residual = 0.0132137, Final residual = 0.00101899, No Iterations 5
time step continuity errors : sum local = 0.0914404, global = -0.00636709, cumulative = 1.84204
smoothSolver:  Solving for epsilon, Initial residual = 0.00235704, Final residual = 0.000191822, No Iterations 3
bounding epsilon, min: -16.2649 max: 42803.1 average: 2059.9
smoothSolver:  Solving for k, Initial residual = 0.00417405, Final residual = 0.000297945, No Iterations 4
ExecutionTime = 4.52 s  ClockTime = 6 s

Time = 154

smoothSolver:  Solving for Ux, Initial residual = 0.00283836, Final residual = 0.000192472, No Iterations 6
smoothSolver:  Solving for Uy, Initial residual = 0.0225517, Final residual = 0.00167922, No Iterations 6
GAMG:  Solving for p, Initial residual = 0.0131219, Final residual = 0.000990546, No Iterations 5
time step continuity errors : sum local = 0.0887311, global = -0.00654754, cumulative = 1.83549
smoothSolver:  Solving for epsilon, Initial residual = 0.00232809, Final residual = 0.000188852, No Iterations 3
bounding epsilon, min: -13.8143 max: 42794.1 average: 2054.38
smoothSolver:  Solving for k, Initial residual = 0.00412515, Final residual = 0.000292288, No Iterations 4
ExecutionTime = 4.54 s  ClockTime = 6 s

Time = 155

smoothSolver:  Solving for Ux, Initial residual = 0.00284053, Final residual = 0.000193536, No Iterations 6
smoothSolver:  Solving for Uy, Initial residual = 0.0223994, Final residual = 0.001664, No Iterations 6
GAMG:  Solving for p, Initial residual = 0.0130795, Final residual = 0.000953418, No Iterations 5
time step continuity errors : sum local = 0.0853, global = -0.00699503, cumulative = 1.8285
smoothSolver:  Solving for epsilon, Initial residual = 0.0023018, Final residual = 0.000184103, No Iterations 3
bounding epsilon, min: -16.604 max: 42796 average: 2049.06
smoothSolver:  Solving for k, Initial residual = 0.00408779, Final residual = 0.000288338, No Iterations 4
ExecutionTime = 4.57 s  ClockTime = 6 s

Time = 156

smoothSolver:  Solving for Ux, Initial residual = 0.00284493, Final residual = 0.000194597, No Iterations 6
smoothSolver:  Solving for Uy, Initial residual = 0.0222265, Final residual = 0.00164879, No Iterations 6
GAMG:  Solving for p, Initial residual = 0.01297, Final residual = 0.00119382, No Iterations 4
time step continuity errors : sum local = 0.106808, global = 0.00689618, cumulative = 1.83539
smoothSolver:  Solving for epsilon, Initial residual = 0.00226531, Final residual = 0.000181854, No Iterations 3
bounding epsilon, min: -13.5888 max: 42786.6 average: 2043.82
smoothSolver:  Solving for k, Initial residual = 0.0040316, Final residual = 0.000282845, No Iterations 4
ExecutionTime = 4.59 s  ClockTime = 6 s

Time = 157

smoothSolver:  Solving for Ux, Initial residual = 0.00285381, Final residual = 0.000195791, No Iterations 6
smoothSolver:  Solving for Uy, Initial residual = 0.0220476, Final residual = 0.00163342, No Iterations 6
GAMG:  Solving for p, Initial residual = 0.0130609, Final residual = 0.00108976, No Iterations 5
time step continuity errors : sum local = 0.0974589, global = -0.00804891, cumulative = 1.82734
smoothSolver:  Solving for epsilon, Initial residual = 0.00223689, Final residual = 0.00018004, No Iterations 3
smoothSolver:  Solving for k, Initial residual = 0.0039986, Final residual = 0.000279425, No Iterations 4
ExecutionTime = 4.62 s  ClockTime = 6 s

Time = 158

smoothSolver:  Solving for Ux, Initial residual = 0.00286221, Final residual = 0.000197044, No Iterations 6
smoothSolver:  Solving for Uy, Initial residual = 0.0219044, Final residual = 0.00161908, No Iterations 6
GAMG:  Solving for p, Initial residual = 0.0136456, Final residual = 0.00115939, No Iterations 4
time step continuity errors : sum local = 0.103664, global = -0.00455385, cumulative = 1.82279
smoothSolver:  Solving for epsilon, Initial residual = 0.00220157, Final residual = 0.000174681, No Iterations 3
smoothSolver:  Solving for k, Initial residual = 0.00395211, Final residual = 0.000274848, No Iterations 4
ExecutionTime = 4.65 s  ClockTime = 6 s

Time = 159

smoothSolver:  Solving for Ux, Initial residual = 0.00287598, Final residual = 0.000197496, No Iterations 6
smoothSolver:  Solving for Uy, Initial residual = 0.0218817, Final residual = 0.00160547, No Iterations 6
GAMG:  Solving for p, Initial residual = 0.0147526, Final residual = 0.0012538, No Iterations 4
time step continuity errors : sum local = 0.111967, global = -0.00608491, cumulative = 1.81671
smoothSolver:  Solving for epsilon, Initial residual = 0.00217102, Final residual = 0.000171547, No Iterations 3
smoothSolver:  Solving for k, Initial residual = 0.00391303, Final residual = 0.000270957, No Iterations 4
ExecutionTime = 4.67 s  ClockTime = 6 s

Time = 160

smoothSolver:  Solving for Ux, Initial residual = 0.00288114, Final residual = 0.000198311, No Iterations 6
smoothSolver:  Solving for Uy, Initial residual = 0.0217561, Final residual = 0.00159384, No Iterations 6
GAMG:  Solving for p, Initial residual = 0.0145327, Final residual = 0.00134701, No Iterations 4
time step continuity errors : sum local = 0.120408, global = -0.00902382, cumulative = 1.80768
smoothSolver:  Solving for epsilon, Initial residual = 0.00214565, Final residual = 0.000169662, No Iterations 3
smoothSolver:  Solving for k, Initial residual = 0.00387556, Final residual = 0.000268213, No Iterations 4
ExecutionTime = 4.7 s  ClockTime = 6 s

Time = 161

smoothSolver:  Solving for Ux, Initial residual = 0.00288575, Final residual = 0.000198521, No Iterations 6
smoothSolver:  Solving for Uy, Initial residual = 0.0217729, Final residual = 0.00158038, No Iterations 6
GAMG:  Solving for p, Initial residual = 0.0154969, Final residual = 0.00145445, No Iterations 4
time step continuity errors : sum local = 0.129767, global = -0.0127888, cumulative = 1.79489
smoothSolver:  Solving for epsilon, Initial residual = 0.00212232, Final residual = 0.000166399, No Iterations 3
smoothSolver:  Solving for k, Initial residual = 0.00383792, Final residual = 0.000263567, No Iterations 4
ExecutionTime = 4.73 s  ClockTime = 6 s

Time = 162

smoothSolver:  Solving for Ux, Initial residual = 0.00288311, Final residual = 0.000198423, No Iterations 6
smoothSolver:  Solving for Uy, Initial residual = 0.0215305, Final residual = 0.00156901, No Iterations 6
GAMG:  Solving for p, Initial residual = 0.0145663, Final residual = 0.00124151, No Iterations 5
time step continuity errors : sum local = 0.110957, global = 0.0117676, cumulative = 1.80666
smoothSolver:  Solving for epsilon, Initial residual = 0.00209236, Final residual = 0.00016339, No Iterations 3
bounding epsilon, min: -4.43698 max: 42776.5 average: 2016.27
smoothSolver:  Solving for k, Initial residual = 0.00379868, Final residual = 0.000258915, No Iterations 4
ExecutionTime = 4.75 s  ClockTime = 6 s

Time = 163

smoothSolver:  Solving for Ux, Initial residual = 0.00287952, Final residual = 0.000197745, No Iterations 6
smoothSolver:  Solving for Uy, Initial residual = 0.0212586, Final residual = 0.00155898, No Iterations 6
GAMG:  Solving for p, Initial residual = 0.0144098, Final residual = 0.00119542, No Iterations 4
time step continuity errors : sum local = 0.106804, global = -0.011063, cumulative = 1.7956
smoothSolver:  Solving for epsilon, Initial residual = 0.00206606, Final residual = 0.000161717, No Iterations 3
bounding epsilon, min: -37.2091 max: 42768.5 average: 2012.32
smoothSolver:  Solving for k, Initial residual = 0.00376314, Final residual = 0.000256522, No Iterations 4
ExecutionTime = 4.78 s  ClockTime = 6 s

Time = 164

smoothSolver:  Solving for Ux, Initial residual = 0.00286748, Final residual = 0.000197026, No Iterations 6
smoothSolver:  Solving for Uy, Initial residual = 0.0210904, Final residual = 0.00154948, No Iterations 6
GAMG:  Solving for p, Initial residual = 0.0152354, Final residual = 0.00147234, No Iterations 4
time step continuity errors : sum local = 0.132079, global = -0.0160525, cumulative = 1.77955
smoothSolver:  Solving for epsilon, Initial residual = 0.00203563, Final residual = 0.000157537, No Iterations 3
bounding epsilon, min: -4.47946 max: 42769 average: 2008.53
smoothSolver:  Solving for k, Initial residual = 0.0037321, Final residual = 0.000253943, No Iterations 4
ExecutionTime = 4.8 s  ClockTime = 6 s

Time = 165

smoothSolver:  Solving for Ux, Initial residual = 0.00285642, Final residual = 0.000196719, No Iterations 6
smoothSolver:  Solving for Uy, Initial residual = 0.0208948, Final residual = 0.0015385, No Iterations 6
GAMG:  Solving for p, Initial residual = 0.0142731, Final residual = 0.00125452, No Iterations 5
time step continuity errors : sum local = 0.112957, global = 0.0126003, cumulative = 1.79215
smoothSolver:  Solving for epsilon, Initial residual = 0.00201037, Final residual = 0.000155105, No Iterations 3
bounding epsilon, min: -15.3782 max: 42764.1 average: 2004.9
smoothSolver:  Solving for k, Initial residual = 0.00370298, Final residual = 0.000251891, No Iterations 4
ExecutionTime = 4.83 s  ClockTime = 6 s

Time = 166

smoothSolver:  Solving for Ux, Initial residual = 0.0028372, Final residual = 0.000195205, No Iterations 6
smoothSolver:  Solving for Uy, Initial residual = 0.0207467, Final residual = 0.0015301, No Iterations 6
GAMG:  Solving for p, Initial residual = 0.0137898, Final residual = 0.00127044, No Iterations 4
time step continuity errors : sum local = 0.114685, global = -0.0148184, cumulative = 1.77733
smoothSolver:  Solving for epsilon, Initial residual = 0.00198168, Final residual = 0.000152785, No Iterations 3
bounding epsilon, min: -11.7589 max: 42743 average: 2001.4
smoothSolver:  Solving for k, Initial residual = 0.00367527, Final residual = 0.00024681, No Iterations 4
ExecutionTime = 4.85 s  ClockTime = 6 s

Time = 167

smoothSolver:  Solving for Ux, Initial residual = 0.00281428, Final residual = 0.000193884, No Iterations 6
smoothSolver:  Solving for Uy, Initial residual = 0.0206088, Final residual = 0.00152131, No Iterations 6
GAMG:  Solving for p, Initial residual = 0.0136784, Final residual = 0.00114655, No Iterations 5
time step continuity errors : sum local = 0.103872, global = 0.0113373, cumulative = 1.78866
smoothSolver:  Solving for epsilon, Initial residual = 0.00196082, Final residual = 0.000151186, No Iterations 3
smoothSolver:  Solving for k, Initial residual = 0.00364928, Final residual = 0.000244249, No Iterations 4
ExecutionTime = 4.87 s  ClockTime = 6 s

Time = 168

smoothSolver:  Solving for Ux, Initial residual = 0.0027992, Final residual = 0.00019285, No Iterations 6
smoothSolver:  Solving for Uy, Initial residual = 0.0205184, Final residual = 0.0015139, No Iterations 6
GAMG:  Solving for p, Initial residual = 0.0134607, Final residual = 0.00127357, No Iterations 4
time step continuity errors : sum local = 0.115631, global = -0.0153115, cumulative = 1.77335
smoothSolver:  Solving for epsilon, Initial residual = 0.00193646, Final residual = 0.000149932, No Iterations 3
smoothSolver:  Solving for k, Initial residual = 0.00362082, Final residual = 0.000243482, No Iterations 4
ExecutionTime = 4.9 s  ClockTime = 6 s

Time = 169

smoothSolver:  Solving for Ux, Initial residual = 0.00277896, Final residual = 0.000191351, No Iterations 6
smoothSolver:  Solving for Uy, Initial residual = 0.0205108, Final residual = 0.00150448, No Iterations 6
GAMG:  Solving for p, Initial residual = 0.0143186, Final residual = 0.00113511, No Iterations 5
time step continuity errors : sum local = 0.103178, global = 0.0110557, cumulative = 1.78441
smoothSolver:  Solving for epsilon, Initial residual = 0.00192085, Final residual = 0.000146749, No Iterations 3
smoothSolver:  Solving for k, Initial residual = 0.00360144, Final residual = 0.000238382, No Iterations 4
ExecutionTime = 4.93 s  ClockTime = 6 s

Time = 170

smoothSolver:  Solving for Ux, Initial residual = 0.00275981, Final residual = 0.000190087, No Iterations 6
smoothSolver:  Solving for Uy, Initial residual = 0.0204412, Final residual = 0.00149687, No Iterations 6
GAMG:  Solving for p, Initial residual = 0.0140406, Final residual = 0.00130515, No Iterations 4
time step continuity errors : sum local = 0.118764, global = -0.016336, cumulative = 1.76807
smoothSolver:  Solving for epsilon, Initial residual = 0.00189854, Final residual = 0.000145421, No Iterations 3
smoothSolver:  Solving for k, Initial residual = 0.00357351, Final residual = 0.00023601, No Iterations 4
ExecutionTime = 4.95 s  ClockTime = 6 s

Time = 171

smoothSolver:  Solving for Ux, Initial residual = 0.00273772, Final residual = 0.00018853, No Iterations 6
smoothSolver:  Solving for Uy, Initial residual = 0.0204772, Final residual = 0.0014891, No Iterations 6
GAMG:  Solving for p, Initial residual = 0.0145696, Final residual = 0.00113711, No Iterations 5
time step continuity errors : sum local = 0.103509, global = 0.0108598, cumulative = 1.77893
smoothSolver:  Solving for epsilon, Initial residual = 0.00188257, Final residual = 0.000143221, No Iterations 3
smoothSolver:  Solving for k, Initial residual = 0.00355043, Final residual = 0.000234005, No Iterations 4
ExecutionTime = 4.97 s  ClockTime = 6 s

Time = 172

smoothSolver:  Solving for Ux, Initial residual = 0.00271736, Final residual = 0.000187113, No Iterations 6
smoothSolver:  Solving for Uy, Initial residual = 0.020307, Final residual = 0.00148421, No Iterations 6
GAMG:  Solving for p, Initial residual = 0.0139746, Final residual = 0.00131444, No Iterations 4
time step continuity errors : sum local = 0.119779, global = -0.0166576, cumulative = 1.76228
smoothSolver:  Solving for epsilon, Initial residual = 0.00185572, Final residual = 0.000140398, No Iterations 3
smoothSolver:  Solving for k, Initial residual = 0.0035316, Final residual = 0.000230317, No Iterations 4
ExecutionTime = 5 s  ClockTime = 6 s

Time = 173

smoothSolver:  Solving for Ux, Initial residual = 0.00269532, Final residual = 0.000185548, No Iterations 6
smoothSolver:  Solving for Uy, Initial residual = 0.0204069, Final residual = 0.00147731, No Iterations 6
GAMG:  Solving for p, Initial residual = 0.0147449, Final residual = 0.00113233, No Iterations 5
time step continuity errors : sum local = 0.103036, global = 0.0104396, cumulative = 1.77271
smoothSolver:  Solving for epsilon, Initial residual = 0.00184822, Final residual = 0.000140764, No Iterations 3
smoothSolver:  Solving for k, Initial residual = 0.00350344, Final residual = 0.000226393, No Iterations 4
ExecutionTime = 5.02 s  ClockTime = 6 s

Time = 174

smoothSolver:  Solving for Ux, Initial residual = 0.0026756, Final residual = 0.000184064, No Iterations 6
smoothSolver:  Solving for Uy, Initial residual = 0.0202468, Final residual = 0.00147413, No Iterations 6
GAMG:  Solving for p, Initial residual = 0.0136609, Final residual = 0.00134734, No Iterations 4
time step continuity errors : sum local = 0.122789, global = -0.0168099, cumulative = 1.7559
smoothSolver:  Solving for epsilon, Initial residual = 0.00182622, Final residual = 0.000138897, No Iterations 3
bounding epsilon, min: -8.06056 max: 42696.6 average: 1979.63
smoothSolver:  Solving for k, Initial residual = 0.00348226, Final residual = 0.000223062, No Iterations 4
ExecutionTime = 5.05 s  ClockTime = 6 s

Time = 175

smoothSolver:  Solving for Ux, Initial residual = 0.00265269, Final residual = 0.000182467, No Iterations 6
smoothSolver:  Solving for Uy, Initial residual = 0.0200236, Final residual = 0.00147007, No Iterations 6
GAMG:  Solving for p, Initial residual = 0.0142369, Final residual = 0.0011429, No Iterations 5
time step continuity errors : sum local = 0.10437, global = 0.0100805, cumulative = 1.76599
smoothSolver:  Solving for epsilon, Initial residual = 0.00181375, Final residual = 0.000139078, No Iterations 3
bounding epsilon, min: -34.1578 max: 42703 average: 1977.65
smoothSolver:  Solving for k, Initial residual = 0.00344856, Final residual = 0.000218525, No Iterations 4
ExecutionTime = 5.07 s  ClockTime = 6 s

Time = 176

smoothSolver:  Solving for Ux, Initial residual = 0.00263113, Final residual = 0.000180904, No Iterations 6
smoothSolver:  Solving for Uy, Initial residual = 0.0199683, Final residual = 0.00146772, No Iterations 6
GAMG:  Solving for p, Initial residual = 0.0147803, Final residual = 0.00138775, No Iterations 4
time step continuity errors : sum local = 0.127194, global = -0.0165891, cumulative = 1.7494
smoothSolver:  Solving for epsilon, Initial residual = 0.00179635, Final residual = 0.000135732, No Iterations 3
bounding epsilon, min: -6.83797 max: 42716.4 average: 1975.82
smoothSolver:  Solving for k, Initial residual = 0.00342528, Final residual = 0.000216216, No Iterations 4
ExecutionTime = 5.09 s  ClockTime = 6 s

Time = 177

smoothSolver:  Solving for Ux, Initial residual = 0.00260963, Final residual = 0.000179407, No Iterations 6
smoothSolver:  Solving for Uy, Initial residual = 0.019874, Final residual = 0.00146517, No Iterations 6
GAMG:  Solving for p, Initial residual = 0.0138411, Final residual = 0.00116968, No Iterations 5
time step continuity errors : sum local = 0.107651, global = 0.00979976, cumulative = 1.7592
smoothSolver:  Solving for epsilon, Initial residual = 0.00177923, Final residual = 0.000133931, No Iterations 3
bounding epsilon, min: -12.7385 max: 42713 average: 1974.06
smoothSolver:  Solving for k, Initial residual = 0.00340193, Final residual = 0.000212591, No Iterations 4
ExecutionTime = 5.11 s  ClockTime = 7 s

Time = 178

smoothSolver:  Solving for Ux, Initial residual = 0.00258572, Final residual = 0.000177897, No Iterations 6
smoothSolver:  Solving for Uy, Initial residual = 0.0198411, Final residual = 0.00146572, No Iterations 6
GAMG:  Solving for p, Initial residual = 0.0134577, Final residual = 0.00102842, No Iterations 5
time step continuity errors : sum local = 0.0948979, global = 0.00836558, cumulative = 1.76756
smoothSolver:  Solving for epsilon, Initial residual = 0.00175915, Final residual = 0.000132666, No Iterations 3
bounding epsilon, min: -14.238 max: 42690.4 average: 1972.44
smoothSolver:  Solving for k, Initial residual = 0.0033697, Final residual = 0.000209909, No Iterations 4
ExecutionTime = 5.15 s  ClockTime = 7 s

Time = 179

smoothSolver:  Solving for Ux, Initial residual = 0.00256187, Final residual = 0.00017631, No Iterations 6
smoothSolver:  Solving for Uy, Initial residual = 0.0198353, Final residual = 0.00146658, No Iterations 6
GAMG:  Solving for p, Initial residual = 0.0133161, Final residual = 0.000999208, No Iterations 5
time step continuity errors : sum local = 0.0924797, global = 0.00785231, cumulative = 1.77541
smoothSolver:  Solving for epsilon, Initial residual = 0.00174084, Final residual = 0.000130922, No Iterations 3
bounding epsilon, min: -15.3303 max: 42671.6 average: 1970.9
smoothSolver:  Solving for k, Initial residual = 0.0033475, Final residual = 0.000206203, No Iterations 4
ExecutionTime = 5.17 s  ClockTime = 7 s

Time = 180

smoothSolver:  Solving for Ux, Initial residual = 0.00254246, Final residual = 0.000174952, No Iterations 6
smoothSolver:  Solving for Uy, Initial residual = 0.0198337, Final residual = 0.00146757, No Iterations 6
GAMG:  Solving for p, Initial residual = 0.0133071, Final residual = 0.00101206, No Iterations 5
time step continuity errors : sum local = 0.0939654, global = 0.0077014, cumulative = 1.78312
smoothSolver:  Solving for epsilon, Initial residual = 0.0017222, Final residual = 0.000129549, No Iterations 3
bounding epsilon, min: -14.8034 max: 42636.2 average: 1969.43
smoothSolver:  Solving for k, Initial residual = 0.00332126, Final residual = 0.000203704, No Iterations 4
ExecutionTime = 5.19 s  ClockTime = 7 s

Time = 181

smoothSolver:  Solving for Ux, Initial residual = 0.00252379, Final residual = 0.000173616, No Iterations 6
smoothSolver:  Solving for Uy, Initial residual = 0.0198428, Final residual = 0.00146988, No Iterations 6
GAMG:  Solving for p, Initial residual = 0.0133141, Final residual = 0.00102538, No Iterations 5
time step continuity errors : sum local = 0.095495, global = 0.00763904, cumulative = 1.79075
smoothSolver:  Solving for epsilon, Initial residual = 0.00170544, Final residual = 0.000127966, No Iterations 3
bounding epsilon, min: -16.0758 max: 42605.5 average: 1968.08
smoothSolver:  Solving for k, Initial residual = 0.00329737, Final residual = 0.000202111, No Iterations 4
ExecutionTime = 5.23 s  ClockTime = 7 s

Time = 182

smoothSolver:  Solving for Ux, Initial residual = 0.00250399, Final residual = 0.000172245, No Iterations 6
smoothSolver:  Solving for Uy, Initial residual = 0.0198694, Final residual = 0.00147292, No Iterations 6
GAMG:  Solving for p, Initial residual = 0.0133646, Final residual = 0.00103985, No Iterations 5
time step continuity errors : sum local = 0.0971333, global = 0.00760146, cumulative = 1.79836
smoothSolver:  Solving for epsilon, Initial residual = 0.00168768, Final residual = 0.000126337, No Iterations 3
bounding epsilon, min: -14.2006 max: 42566.2 average: 1966.79
smoothSolver:  Solving for k, Initial residual = 0.00327253, Final residual = 0.000199632, No Iterations 4
ExecutionTime = 5.25 s  ClockTime = 7 s

Time = 183

smoothSolver:  Solving for Ux, Initial residual = 0.00248405, Final residual = 0.000170879, No Iterations 6
smoothSolver:  Solving for Uy, Initial residual = 0.0199113, Final residual = 0.00147737, No Iterations 6
GAMG:  Solving for p, Initial residual = 0.0134404, Final residual = 0.00105355, No Iterations 5
time step continuity errors : sum local = 0.0986883, global = 0.00760035, cumulative = 1.80596
smoothSolver:  Solving for epsilon, Initial residual = 0.00166727, Final residual = 0.000123237, No Iterations 3
bounding epsilon, min: -16.8595 max: 42542.3 average: 1965.64
smoothSolver:  Solving for k, Initial residual = 0.00324485, Final residual = 0.000196366, No Iterations 4
ExecutionTime = 5.28 s  ClockTime = 7 s

Time = 184

smoothSolver:  Solving for Ux, Initial residual = 0.00246539, Final residual = 0.000169498, No Iterations 6
smoothSolver:  Solving for Uy, Initial residual = 0.0199752, Final residual = 0.00148398, No Iterations 6
GAMG:  Solving for p, Initial residual = 0.0134797, Final residual = 0.0010662, No Iterations 5
time step continuity errors : sum local = 0.100192, global = 0.0075918, cumulative = 1.81355
smoothSolver:  Solving for epsilon, Initial residual = 0.00165298, Final residual = 0.000122689, No Iterations 3
bounding epsilon, min: -14.0139 max: 42518.3 average: 1964.55
smoothSolver:  Solving for k, Initial residual = 0.00321701, Final residual = 0.000194151, No Iterations 4
ExecutionTime = 5.31 s  ClockTime = 7 s

Time = 185

smoothSolver:  Solving for Ux, Initial residual = 0.00244717, Final residual = 0.000168201, No Iterations 6
smoothSolver:  Solving for Uy, Initial residual = 0.0200493, Final residual = 0.00149093, No Iterations 6
GAMG:  Solving for p, Initial residual = 0.0135004, Final residual = 0.00106922, No Iterations 5
time step continuity errors : sum local = 0.100805, global = 0.00752792, cumulative = 1.82108
smoothSolver:  Solving for epsilon, Initial residual = 0.0016376, Final residual = 0.000121156, No Iterations 3
bounding epsilon, min: -16.5502 max: 42511.9 average: 1963.57
smoothSolver:  Solving for k, Initial residual = 0.00319059, Final residual = 0.000191267, No Iterations 4
ExecutionTime = 5.33 s  ClockTime = 7 s

Time = 186

smoothSolver:  Solving for Ux, Initial residual = 0.00242948, Final residual = 0.000166959, No Iterations 6
smoothSolver:  Solving for Uy, Initial residual = 0.0201289, Final residual = 0.0014992, No Iterations 6
GAMG:  Solving for p, Initial residual = 0.0134792, Final residual = 0.00106815, No Iterations 5
time step continuity errors : sum local = 0.101052, global = 0.00742957, cumulative = 1.82851
smoothSolver:  Solving for epsilon, Initial residual = 0.00162057, Final residual = 0.000119772, No Iterations 3
bounding epsilon, min: -13.8531 max: 42500.8 average: 1962.62
smoothSolver:  Solving for k, Initial residual = 0.00316856, Final residual = 0.000189953, No Iterations 4
ExecutionTime = 5.36 s  ClockTime = 7 s

Time = 187

smoothSolver:  Solving for Ux, Initial residual = 0.00241326, Final residual = 0.000165785, No Iterations 6
smoothSolver:  Solving for Uy, Initial residual = 0.0202231, Final residual = 0.00150909, No Iterations 6
GAMG:  Solving for p, Initial residual = 0.0135088, Final residual = 0.00106013, No Iterations 5
time step continuity errors : sum local = 0.100626, global = 0.00730962, cumulative = 1.83582
smoothSolver:  Solving for epsilon, Initial residual = 0.0016061, Final residual = 0.000117794, No Iterations 3
bounding epsilon, min: -16.9201 max: 42500 average: 1961.74
smoothSolver:  Solving for k, Initial residual = 0.00313977, Final residual = 0.000186456, No Iterations 4
ExecutionTime = 5.39 s  ClockTime = 7 s

Time = 188

smoothSolver:  Solving for Ux, Initial residual = 0.00239737, Final residual = 0.00016463, No Iterations 6
smoothSolver:  Solving for Uy, Initial residual = 0.0203345, Final residual = 0.00151958, No Iterations 6
GAMG:  Solving for p, Initial residual = 0.0135724, Final residual = 0.00104332, No Iterations 5
time step continuity errors : sum local = 0.0993832, global = 0.00702872, cumulative = 1.84284
smoothSolver:  Solving for epsilon, Initial residual = 0.00158824, Final residual = 0.000116687, No Iterations 3
bounding epsilon, min: -13.5847 max: 42489.3 average: 1960.81
smoothSolver:  Solving for k, Initial residual = 0.00311561, Final residual = 0.000184419, No Iterations 4
ExecutionTime = 5.41 s  ClockTime = 7 s

Time = 189

smoothSolver:  Solving for Ux, Initial residual = 0.00238032, Final residual = 0.000163525, No Iterations 6
smoothSolver:  Solving for Uy, Initial residual = 0.0204503, Final residual = 0.00153096, No Iterations 6
GAMG:  Solving for p, Initial residual = 0.013613, Final residual = 0.00103441, No Iterations 5
time step continuity errors : sum local = 0.0988877, global = 0.00684473, cumulative = 1.84969
smoothSolver:  Solving for epsilon, Initial residual = 0.00157111, Final residual = 0.00011467, No Iterations 3
bounding epsilon, min: -17.1109 max: 42486.5 average: 1959.94
smoothSolver:  Solving for k, Initial residual = 0.00309203, Final residual = 0.000182644, No Iterations 4
ExecutionTime = 5.44 s  ClockTime = 7 s

Time = 190

smoothSolver:  Solving for Ux, Initial residual = 0.00236476, Final residual = 0.000162483, No Iterations 6
smoothSolver:  Solving for Uy, Initial residual = 0.0205623, Final residual = 0.00154273, No Iterations 6
GAMG:  Solving for p, Initial residual = 0.0136481, Final residual = 0.00102408, No Iterations 5
time step continuity errors : sum local = 0.0982752, global = 0.00664079, cumulative = 1.85633
smoothSolver:  Solving for epsilon, Initial residual = 0.00154997, Final residual = 0.00011275, No Iterations 3
bounding epsilon, min: -13.2516 max: 42474.4 average: 1959.05
smoothSolver:  Solving for k, Initial residual = 0.00307008, Final residual = 0.000180633, No Iterations 4
ExecutionTime = 5.47 s  ClockTime = 7 s

Time = 191

smoothSolver:  Solving for Ux, Initial residual = 0.00235004, Final residual = 0.000161493, No Iterations 6
smoothSolver:  Solving for Uy, Initial residual = 0.0206775, Final residual = 0.00155348, No Iterations 6
GAMG:  Solving for p, Initial residual = 0.0137112, Final residual = 0.00101084, No Iterations 5
time step continuity errors : sum local = 0.0973578, global = 0.00638456, cumulative = 1.86271
smoothSolver:  Solving for epsilon, Initial residual = 0.00153229, Final residual = 0.000110718, No Iterations 3
bounding epsilon, min: -17.4427 max: 42470.8 average: 1958.17
smoothSolver:  Solving for k, Initial residual = 0.00305098, Final residual = 0.000178848, No Iterations 4
ExecutionTime = 5.5 s  ClockTime = 7 s

Time = 192

smoothSolver:  Solving for Ux, Initial residual = 0.00233617, Final residual = 0.000160516, No Iterations 6
smoothSolver:  Solving for Uy, Initial residual = 0.0207942, Final residual = 0.00156323, No Iterations 6
GAMG:  Solving for p, Initial residual = 0.0137544, Final residual = 0.00100049, No Iterations 5
time step continuity errors : sum local = 0.0967257, global = 0.00608724, cumulative = 1.8688
smoothSolver:  Solving for epsilon, Initial residual = 0.00151412, Final residual = 0.000108929, No Iterations 3
bounding epsilon, min: -12.824 max: 42458.4 average: 1957.26
smoothSolver:  Solving for k, Initial residual = 0.00302486, Final residual = 0.000177094, No Iterations 4
ExecutionTime = 5.52 s  ClockTime = 7 s

Time = 193

smoothSolver:  Solving for Ux, Initial residual = 0.00232155, Final residual = 0.000159577, No Iterations 6
smoothSolver:  Solving for Uy, Initial residual = 0.0209014, Final residual = 0.00157114, No Iterations 6
GAMG:  Solving for p, Initial residual = 0.0138001, Final residual = 0.000987984, No Iterations 5
time step continuity errors : sum local = 0.0958653, global = 0.0057265, cumulative = 1.87453
smoothSolver:  Solving for epsilon, Initial residual = 0.00149006, Final residual = 0.000106747, No Iterations 3
bounding epsilon, min: -17.8496 max: 42454 average: 1956.35
smoothSolver:  Solving for k, Initial residual = 0.00300363, Final residual = 0.000175218, No Iterations 4
ExecutionTime = 5.55 s  ClockTime = 7 s

Time = 194

smoothSolver:  Solving for Ux, Initial residual = 0.0023071, Final residual = 0.000158634, No Iterations 6
smoothSolver:  Solving for Uy, Initial residual = 0.0209982, Final residual = 0.00157521, No Iterations 6
GAMG:  Solving for p, Initial residual = 0.0138355, Final residual = 0.00136919, No Iterations 4
time step continuity errors : sum local = 0.133328, global = -0.010509, cumulative = 1.86402
smoothSolver:  Solving for epsilon, Initial residual = 0.00147029, Final residual = 0.000105474, No Iterations 3
bounding epsilon, min: -12.3766 max: 42441 average: 1955.37
smoothSolver:  Solving for k, Initial residual = 0.00298328, Final residual = 0.000173889, No Iterations 4
ExecutionTime = 5.57 s  ClockTime = 7 s

Time = 195

smoothSolver:  Solving for Ux, Initial residual = 0.00229119, Final residual = 0.00015771, No Iterations 6
smoothSolver:  Solving for Uy, Initial residual = 0.0210284, Final residual = 0.00157396, No Iterations 6
GAMG:  Solving for p, Initial residual = 0.0140494, Final residual = 0.00111265, No Iterations 5
time step continuity errors : sum local = 0.10871, global = 0.00584819, cumulative = 1.86987
smoothSolver:  Solving for epsilon, Initial residual = 0.00144716, Final residual = 0.000102856, No Iterations 3
bounding epsilon, min: -18.2438 max: 42435.9 average: 1954.39
smoothSolver:  Solving for k, Initial residual = 0.00295464, Final residual = 0.000171355, No Iterations 4
ExecutionTime = 5.6 s  ClockTime = 7 s

Time = 196

smoothSolver:  Solving for Ux, Initial residual = 0.0022752, Final residual = 0.000156539, No Iterations 6
smoothSolver:  Solving for Uy, Initial residual = 0.0210903, Final residual = 0.00157176, No Iterations 6
GAMG:  Solving for p, Initial residual = 0.0138957, Final residual = 0.00138156, No Iterations 4
time step continuity errors : sum local = 0.135353, global = -0.00982935, cumulative = 1.86004
smoothSolver:  Solving for epsilon, Initial residual = 0.00142643, Final residual = 0.000101312, No Iterations 3
bounding epsilon, min: -11.9837 max: 42423 average: 1953.37
smoothSolver:  Solving for k, Initial residual = 0.00293277, Final residual = 0.000292973, No Iterations 3
ExecutionTime = 5.63 s  ClockTime = 7 s

Time = 197

smoothSolver:  Solving for Ux, Initial residual = 0.0022543, Final residual = 0.000155326, No Iterations 6
smoothSolver:  Solving for Uy, Initial residual = 0.0210544, Final residual = 0.00156372, No Iterations 6
GAMG:  Solving for p, Initial residual = 0.0139039, Final residual = 0.00108144, No Iterations 5
time step continuity errors : sum local = 0.106146, global = 0.0050712, cumulative = 1.86511
smoothSolver:  Solving for epsilon, Initial residual = 0.00139116, Final residual = 9.72391e-05, No Iterations 3
smoothSolver:  Solving for k, Initial residual = 0.00290615, Final residual = 0.00028977, No Iterations 3
ExecutionTime = 5.66 s  ClockTime = 7 s

Time = 198

smoothSolver:  Solving for Ux, Initial residual = 0.00223632, Final residual = 0.00015402, No Iterations 6
smoothSolver:  Solving for Uy, Initial residual = 0.0210401, Final residual = 0.00155201, No Iterations 6
GAMG:  Solving for p, Initial residual = 0.0142895, Final residual = 0.00135652, No Iterations 4
time step continuity errors : sum local = 0.133298, global = -0.00823745, cumulative = 1.85687
smoothSolver:  Solving for epsilon, Initial residual = 0.00135973, Final residual = 9.48483e-05, No Iterations 3
smoothSolver:  Solving for k, Initial residual = 0.00287179, Final residual = 0.000286095, No Iterations 3
ExecutionTime = 5.69 s  ClockTime = 7 s

Time = 199

smoothSolver:  Solving for Ux, Initial residual = 0.00221827, Final residual = 0.000152742, No Iterations 6
smoothSolver:  Solving for Uy, Initial residual = 0.0210257, Final residual = 0.00153388, No Iterations 6
GAMG:  Solving for p, Initial residual = 0.0151809, Final residual = 0.00107235, No Iterations 5
time step continuity errors : sum local = 0.105263, global = 0.00483846, cumulative = 1.86171
smoothSolver:  Solving for epsilon, Initial residual = 0.00133274, Final residual = 9.15756e-05, No Iterations 3
smoothSolver:  Solving for k, Initial residual = 0.00283981, Final residual = 0.000282647, No Iterations 3
ExecutionTime = 5.71 s  ClockTime = 7 s

Time = 200

smoothSolver:  Solving for Ux, Initial residual = 0.00219657, Final residual = 0.0001513, No Iterations 6
smoothSolver:  Solving for Uy, Initial residual = 0.0209049, Final residual = 0.00151249, No Iterations 6
GAMG:  Solving for p, Initial residual = 0.0146662, Final residual = 0.00136778, No Iterations 4
time step continuity errors : sum local = 0.134202, global = -0.00757572, cumulative = 1.85413
smoothSolver:  Solving for epsilon, Initial residual = 0.00130494, Final residual = 8.91201e-05, No Iterations 3
smoothSolver:  Solving for k, Initial residual = 0.00280075, Final residual = 0.000279024, No Iterations 3
ExecutionTime = 5.8 s  ClockTime = 7 s

streamLine streamlines write:
    seeded 10 particles
    Tracks:10
    Total samples:11985
Time = 201

smoothSolver:  Solving for Ux, Initial residual = 0.00217353, Final residual = 0.000149851, No Iterations 6
smoothSolver:  Solving for Uy, Initial residual = 0.0208014, Final residual = 0.0014851, No Iterations 6
GAMG:  Solving for p, Initial residual = 0.0151329, Final residual = 0.00112995, No Iterations 5
time step continuity errors : sum local = 0.110592, global = 0.00611275, cumulative = 1.86025
smoothSolver:  Solving for epsilon, Initial residual = 0.00128285, Final residual = 8.67185e-05, No Iterations 3
smoothSolver:  Solving for k, Initial residual = 0.00276536, Final residual = 0.00027555, No Iterations 3
ExecutionTime = 5.85 s  ClockTime = 8 s

Time = 202

smoothSolver:  Solving for Ux, Initial residual = 0.00214819, Final residual = 0.000148123, No Iterations 6
smoothSolver:  Solving for Uy, Initial residual = 0.0204145, Final residual = 0.00145456, No Iterations 6
GAMG:  Solving for p, Initial residual = 0.0142937, Final residual = 0.00136776, No Iterations 4
time step continuity errors : sum local = 0.133725, global = -0.00736145, cumulative = 1.85289
smoothSolver:  Solving for epsilon, Initial residual = 0.00125334, Final residual = 8.50389e-05, No Iterations 3
smoothSolver:  Solving for k, Initial residual = 0.0027279, Final residual = 0.000272679, No Iterations 3
ExecutionTime = 5.88 s  ClockTime = 8 s

Time = 203

smoothSolver:  Solving for Ux, Initial residual = 0.00212044, Final residual = 0.000146394, No Iterations 6
smoothSolver:  Solving for Uy, Initial residual = 0.020217, Final residual = 0.00141886, No Iterations 6
GAMG:  Solving for p, Initial residual = 0.0145733, Final residual = 0.0012034, No Iterations 5
time step continuity errors : sum local = 0.117206, global = 0.00815846, cumulative = 1.86104
smoothSolver:  Solving for epsilon, Initial residual = 0.00123291, Final residual = 8.34162e-05, No Iterations 3
smoothSolver:  Solving for k, Initial residual = 0.00268803, Final residual = 0.000268414, No Iterations 3
ExecutionTime = 5.9 s  ClockTime = 8 s

Time = 204

smoothSolver:  Solving for Ux, Initial residual = 0.00209211, Final residual = 0.000144237, No Iterations 6
smoothSolver:  Solving for Uy, Initial residual = 0.0197554, Final residual = 0.00138078, No Iterations 6
GAMG:  Solving for p, Initial residual = 0.0134639, Final residual = 0.00113371, No Iterations 5
time step continuity errors : sum local = 0.110268, global = 0.00128648, cumulative = 1.86233
smoothSolver:  Solving for epsilon, Initial residual = 0.00120675, Final residual = 8.16669e-05, No Iterations 3
bounding epsilon, min: -3.89623 max: 42499.4 average: 1946.18
smoothSolver:  Solving for k, Initial residual = 0.00264105, Final residual = 0.000151516, No Iterations 4
ExecutionTime = 5.93 s  ClockTime = 8 s

Time = 205

smoothSolver:  Solving for Ux, Initial residual = 0.00206635, Final residual = 0.00014192, No Iterations 6
smoothSolver:  Solving for Uy, Initial residual = 0.0191889, Final residual = 0.00133968, No Iterations 6
GAMG:  Solving for p, Initial residual = 0.0135036, Final residual = 0.00131006, No Iterations 4
time step continuity errors : sum local = 0.127186, global = 0.000494076, cumulative = 1.86282
smoothSolver:  Solving for epsilon, Initial residual = 0.00119376, Final residual = 8.14361e-05, No Iterations 3
bounding epsilon, min: -37.6212 max: 42504.2 average: 1945.25
smoothSolver:  Solving for k, Initial residual = 0.00258762, Final residual = 0.000148657, No Iterations 4
ExecutionTime = 5.96 s  ClockTime = 8 s

Time = 206

smoothSolver:  Solving for Ux, Initial residual = 0.00203746, Final residual = 0.00013954, No Iterations 6
smoothSolver:  Solving for Uy, Initial residual = 0.0187035, Final residual = 0.00129573, No Iterations 6
GAMG:  Solving for p, Initial residual = 0.0139514, Final residual = 0.0012222, No Iterations 5
time step continuity errors : sum local = 0.118851, global = 0.00178831, cumulative = 1.86461
smoothSolver:  Solving for epsilon, Initial residual = 0.00117993, Final residual = 8.10546e-05, No Iterations 3
bounding epsilon, min: -3.97337 max: 42518.9 average: 1944.24
smoothSolver:  Solving for k, Initial residual = 0.00253472, Final residual = 0.000146139, No Iterations 4
ExecutionTime = 5.98 s  ClockTime = 8 s

Time = 207

smoothSolver:  Solving for Ux, Initial residual = 0.0020095, Final residual = 0.000136365, No Iterations 6
smoothSolver:  Solving for Uy, Initial residual = 0.0181855, Final residual = 0.00124998, No Iterations 6
GAMG:  Solving for p, Initial residual = 0.0124913, Final residual = 0.00107554, No Iterations 5
time step continuity errors : sum local = 0.104591, global = -0.00857983, cumulative = 1.85603
smoothSolver:  Solving for epsilon, Initial residual = 0.00115493, Final residual = 7.96323e-05, No Iterations 3
smoothSolver:  Solving for k, Initial residual = 0.00246963, Final residual = 0.000142569, No Iterations 4
ExecutionTime = 6.01 s  ClockTime = 8 s

Time = 208

smoothSolver:  Solving for Ux, Initial residual = 0.00197609, Final residual = 0.000133303, No Iterations 6
smoothSolver:  Solving for Uy, Initial residual = 0.0175971, Final residual = 0.00120286, No Iterations 6
GAMG:  Solving for p, Initial residual = 0.011891, Final residual = 0.00105988, No Iterations 5
time step continuity errors : sum local = 0.103198, global = -0.00793413, cumulative = 1.8481
smoothSolver:  Solving for epsilon, Initial residual = 0.00112599, Final residual = 7.84891e-05, No Iterations 3
smoothSolver:  Solving for k, Initial residual = 0.00240351, Final residual = 0.000139097, No Iterations 4
ExecutionTime = 6.04 s  ClockTime = 8 s

Time = 209

smoothSolver:  Solving for Ux, Initial residual = 0.00194259, Final residual = 0.00012927, No Iterations 6
smoothSolver:  Solving for Uy, Initial residual = 0.0171796, Final residual = 0.00115644, No Iterations 6
GAMG:  Solving for p, Initial residual = 0.0121155, Final residual = 0.0010671, No Iterations 5
time step continuity errors : sum local = 0.103549, global = -0.00844554, cumulative = 1.83965
smoothSolver:  Solving for epsilon, Initial residual = 0.00110422, Final residual = 7.69875e-05, No Iterations 3
smoothSolver:  Solving for k, Initial residual = 0.00233501, Final residual = 0.000135091, No Iterations 4
ExecutionTime = 6.07 s  ClockTime = 8 s

Time = 210

smoothSolver:  Solving for Ux, Initial residual = 0.00190246, Final residual = 0.000125307, No Iterations 6
smoothSolver:  Solving for Uy, Initial residual = 0.0166387, Final residual = 0.00111204, No Iterations 6
GAMG:  Solving for p, Initial residual = 0.0120113, Final residual = 0.00108521, No Iterations 5
time step continuity errors : sum local = 0.105178, global = -0.00871165, cumulative = 1.83094
smoothSolver:  Solving for epsilon, Initial residual = 0.0010763, Final residual = 7.52537e-05, No Iterations 3
smoothSolver:  Solving for k, Initial residual = 0.00225869, Final residual = 0.000131041, No Iterations 4
ExecutionTime = 6.1 s  ClockTime = 8 s

Time = 211

smoothSolver:  Solving for Ux, Initial residual = 0.00186266, Final residual = 0.000120864, No Iterations 6
smoothSolver:  Solving for Uy, Initial residual = 0.0162199, Final residual = 0.00106788, No Iterations 6
GAMG:  Solving for p, Initial residual = 0.0121872, Final residual = 0.00112478, No Iterations 5
time step continuity errors : sum local = 0.108625, global = -0.00830851, cumulative = 1.82263
smoothSolver:  Solving for epsilon, Initial residual = 0.00104987, Final residual = 7.33857e-05, No Iterations 3
smoothSolver:  Solving for k, Initial residual = 0.00218085, Final residual = 0.000126814, No Iterations 4
ExecutionTime = 6.13 s  ClockTime = 8 s

Time = 212

smoothSolver:  Solving for Ux, Initial residual = 0.00181321, Final residual = 0.000181311, No Iterations 5
smoothSolver:  Solving for Uy, Initial residual = 0.0155054, Final residual = 0.00102671, No Iterations 6
GAMG:  Solving for p, Initial residual = 0.0115594, Final residual = 0.0011001, No Iterations 5
time step continuity errors : sum local = 0.106072, global = -0.00786522, cumulative = 1.81477
smoothSolver:  Solving for epsilon, Initial residual = 0.0010155, Final residual = 7.12488e-05, No Iterations 3
smoothSolver:  Solving for k, Initial residual = 0.00210319, Final residual = 0.000122949, No Iterations 4
ExecutionTime = 6.15 s  ClockTime = 8 s

Time = 213

smoothSolver:  Solving for Ux, Initial residual = 0.00177215, Final residual = 0.000175531, No Iterations 5
smoothSolver:  Solving for Uy, Initial residual = 0.0150038, Final residual = 0.000975833, No Iterations 6
GAMG:  Solving for p, Initial residual = 0.0120855, Final residual = 0.00115504, No Iterations 5
time step continuity errors : sum local = 0.110837, global = -0.00757348, cumulative = 1.80719
smoothSolver:  Solving for epsilon, Initial residual = 0.00098835, Final residual = 6.92717e-05, No Iterations 3
smoothSolver:  Solving for k, Initial residual = 0.0020207, Final residual = 0.000118298, No Iterations 4
ExecutionTime = 6.17 s  ClockTime = 8 s

Time = 214

smoothSolver:  Solving for Ux, Initial residual = 0.00172052, Final residual = 0.000169015, No Iterations 5
smoothSolver:  Solving for Uy, Initial residual = 0.0141888, Final residual = 0.000936473, No Iterations 6
GAMG:  Solving for p, Initial residual = 0.011085, Final residual = 0.000981562, No Iterations 6
time step continuity errors : sum local = 0.0940944, global = 0.00830755, cumulative = 1.8155
smoothSolver:  Solving for epsilon, Initial residual = 0.000958131, Final residual = 6.69334e-05, No Iterations 3
bounding epsilon, min: -8.45695 max: 42496.6 average: 1935.67
smoothSolver:  Solving for k, Initial residual = 0.00193945, Final residual = 0.000114922, No Iterations 4
ExecutionTime = 6.2 s  ClockTime = 8 s

Time = 215

smoothSolver:  Solving for Ux, Initial residual = 0.00166079, Final residual = 0.000161515, No Iterations 5
smoothSolver:  Solving for Uy, Initial residual = 0.0134334, Final residual = 0.000907273, No Iterations 6
GAMG:  Solving for p, Initial residual = 0.0111885, Final residual = 0.0011002, No Iterations 5
time step continuity errors : sum local = 0.105009, global = -0.00597989, cumulative = 1.80952
smoothSolver:  Solving for epsilon, Initial residual = 0.000927851, Final residual = 6.49011e-05, No Iterations 3
bounding epsilon, min: -33.7666 max: 42501.2 average: 1934.64
smoothSolver:  Solving for k, Initial residual = 0.00185956, Final residual = 0.000109896, No Iterations 4
ExecutionTime = 6.22 s  ClockTime = 8 s

Time = 216

smoothSolver:  Solving for Ux, Initial residual = 0.00160281, Final residual = 0.000155257, No Iterations 5
smoothSolver:  Solving for Uy, Initial residual = 0.012883, Final residual = 0.000882438, No Iterations 6
GAMG:  Solving for p, Initial residual = 0.011603, Final residual = 0.00114482, No Iterations 5
time step continuity errors : sum local = 0.109305, global = -0.00600599, cumulative = 1.80352
smoothSolver:  Solving for epsilon, Initial residual = 0.000904354, Final residual = 6.2579e-05, No Iterations 3
bounding epsilon, min: -7.19567 max: 42524 average: 1933.62
smoothSolver:  Solving for k, Initial residual = 0.00178624, Final residual = 0.000106295, No Iterations 4
ExecutionTime = 6.25 s  ClockTime = 8 s

Time = 217

smoothSolver:  Solving for Ux, Initial residual = 0.00154034, Final residual = 0.00014833, No Iterations 5
smoothSolver:  Solving for Uy, Initial residual = 0.0123802, Final residual = 0.000859014, No Iterations 6
GAMG:  Solving for p, Initial residual = 0.0102906, Final residual = 0.000943128, No Iterations 6
time step continuity errors : sum local = 0.0898609, global = 0.00695768, cumulative = 1.81047
smoothSolver:  Solving for epsilon, Initial residual = 0.000877182, Final residual = 6.09076e-05, No Iterations 3
bounding epsilon, min: -12.2366 max: 42523.1 average: 1932.51
smoothSolver:  Solving for k, Initial residual = 0.00171205, Final residual = 0.000102858, No Iterations 4
ExecutionTime = 6.28 s  ClockTime = 8 s

Time = 218

smoothSolver:  Solving for Ux, Initial residual = 0.00147012, Final residual = 0.000141484, No Iterations 5
smoothSolver:  Solving for Uy, Initial residual = 0.0119321, Final residual = 0.000841394, No Iterations 6
GAMG:  Solving for p, Initial residual = 0.00951624, Final residual = 0.000820928, No Iterations 6
time step continuity errors : sum local = 0.0778747, global = 0.00555985, cumulative = 1.81603
smoothSolver:  Solving for epsilon, Initial residual = 0.000855788, Final residual = 5.9618e-05, No Iterations 3
bounding epsilon, min: -14.6744 max: 42507.8 average: 1931.4
smoothSolver:  Solving for k, Initial residual = 0.00164239, Final residual = 9.91612e-05, No Iterations 4
ExecutionTime = 6.3 s  ClockTime = 8 s

Time = 219

smoothSolver:  Solving for Ux, Initial residual = 0.00140637, Final residual = 0.00013612, No Iterations 5
smoothSolver:  Solving for Uy, Initial residual = 0.0115879, Final residual = 0.000819615, No Iterations 6
GAMG:  Solving for p, Initial residual = 0.00890942, Final residual = 0.000764723, No Iterations 6
time step continuity errors : sum local = 0.0722882, global = 0.00500288, cumulative = 1.82104
smoothSolver:  Solving for epsilon, Initial residual = 0.000830963, Final residual = 5.76701e-05, No Iterations 3
bounding epsilon, min: -14.9104 max: 42493.9 average: 1930.28
smoothSolver:  Solving for k, Initial residual = 0.00157828, Final residual = 9.64089e-05, No Iterations 4
ExecutionTime = 6.32 s  ClockTime = 8 s

Time = 220

smoothSolver:  Solving for Ux, Initial residual = 0.00134673, Final residual = 0.000131054, No Iterations 5
smoothSolver:  Solving for Uy, Initial residual = 0.0111591, Final residual = 0.000788794, No Iterations 6
GAMG:  Solving for p, Initial residual = 0.00847454, Final residual = 0.000721806, No Iterations 6
time step continuity errors : sum local = 0.067975, global = 0.00479374, cumulative = 1.82583
smoothSolver:  Solving for epsilon, Initial residual = 0.000808646, Final residual = 5.65325e-05, No Iterations 3
bounding epsilon, min: -15.272 max: 42465.9 average: 1929.14
smoothSolver:  Solving for k, Initial residual = 0.00151884, Final residual = 9.45802e-05, No Iterations 4
ExecutionTime = 6.36 s  ClockTime = 8 s

Time = 221

smoothSolver:  Solving for Ux, Initial residual = 0.00128977, Final residual = 0.000126127, No Iterations 5
smoothSolver:  Solving for Uy, Initial residual = 0.0108317, Final residual = 0.00075215, No Iterations 6
GAMG:  Solving for p, Initial residual = 0.00811303, Final residual = 0.000681252, No Iterations 6
time step continuity errors : sum local = 0.0639042, global = 0.00469049, cumulative = 1.83052
smoothSolver:  Solving for epsilon, Initial residual = 0.000789152, Final residual = 5.53356e-05, No Iterations 3
bounding epsilon, min: -15.6249 max: 42439 average: 1928
smoothSolver:  Solving for k, Initial residual = 0.00146752, Final residual = 9.22589e-05, No Iterations 4
ExecutionTime = 6.38 s  ClockTime = 8 s

Time = 222

smoothSolver:  Solving for Ux, Initial residual = 0.00123484, Final residual = 0.00012149, No Iterations 5
smoothSolver:  Solving for Uy, Initial residual = 0.0104642, Final residual = 0.000713308, No Iterations 6
GAMG:  Solving for p, Initial residual = 0.00768092, Final residual = 0.000677567, No Iterations 6
time step continuity errors : sum local = 0.0632901, global = 0.00459901, cumulative = 1.83512
smoothSolver:  Solving for epsilon, Initial residual = 0.000767591, Final residual = 5.46563e-05, No Iterations 3
bounding epsilon, min: -14.7594 max: 42406.3 average: 1926.86
smoothSolver:  Solving for k, Initial residual = 0.00142304, Final residual = 9.04965e-05, No Iterations 4
ExecutionTime = 6.41 s  ClockTime = 8 s

Time = 223

smoothSolver:  Solving for Ux, Initial residual = 0.00118613, Final residual = 0.000117532, No Iterations 5
smoothSolver:  Solving for Uy, Initial residual = 0.0100417, Final residual = 0.000673412, No Iterations 6
GAMG:  Solving for p, Initial residual = 0.00732053, Final residual = 0.000646659, No Iterations 6
time step continuity errors : sum local = 0.0601787, global = 0.00443244, cumulative = 1.83955
smoothSolver:  Solving for epsilon, Initial residual = 0.000749284, Final residual = 5.32877e-05, No Iterations 3
bounding epsilon, min: -16.1981 max: 42385.6 average: 1925.77
smoothSolver:  Solving for k, Initial residual = 0.00137846, Final residual = 8.79594e-05, No Iterations 4
ExecutionTime = 6.43 s  ClockTime = 8 s

Time = 224

smoothSolver:  Solving for Ux, Initial residual = 0.0011444, Final residual = 0.000114122, No Iterations 5
smoothSolver:  Solving for Uy, Initial residual = 0.00958923, Final residual = 0.00063493, No Iterations 6
GAMG:  Solving for p, Initial residual = 0.00692997, Final residual = 0.0006071, No Iterations 6
time step continuity errors : sum local = 0.0562649, global = 0.00429019, cumulative = 1.84384
smoothSolver:  Solving for epsilon, Initial residual = 0.000730156, Final residual = 5.22795e-05, No Iterations 3
bounding epsilon, min: -14.8186 max: 42367.5 average: 1924.67
smoothSolver:  Solving for k, Initial residual = 0.00133465, Final residual = 8.66656e-05, No Iterations 4
ExecutionTime = 6.46 s  ClockTime = 8 s

Time = 225

smoothSolver:  Solving for Ux, Initial residual = 0.0011075, Final residual = 7.17097e-05, No Iterations 6
smoothSolver:  Solving for Uy, Initial residual = 0.00911918, Final residual = 0.000598677, No Iterations 6
GAMG:  Solving for p, Initial residual = 0.0067133, Final residual = 0.000566436, No Iterations 6
time step continuity errors : sum local = 0.0523038, global = 0.00424399, cumulative = 1.84809
smoothSolver:  Solving for epsilon, Initial residual = 0.000712597, Final residual = 5.16969e-05, No Iterations 3
bounding epsilon, min: -15.5933 max: 42363.4 average: 1923.62
smoothSolver:  Solving for k, Initial residual = 0.00130802, Final residual = 8.4946e-05, No Iterations 4
ExecutionTime = 6.48 s  ClockTime = 8 s

Time = 226

smoothSolver:  Solving for Ux, Initial residual = 0.00106998, Final residual = 6.96358e-05, No Iterations 6
smoothSolver:  Solving for Uy, Initial residual = 0.00875658, Final residual = 0.000572839, No Iterations 6
GAMG:  Solving for p, Initial residual = 0.00636311, Final residual = 0.000509811, No Iterations 6
time step continuity errors : sum local = 0.046939, global = 0.00377023, cumulative = 1.85186
smoothSolver:  Solving for epsilon, Initial residual = 0.000689657, Final residual = 5.02964e-05, No Iterations 3
bounding epsilon, min: -14.9602 max: 42357.2 average: 1922.6
smoothSolver:  Solving for k, Initial residual = 0.00127093, Final residual = 8.29179e-05, No Iterations 4
ExecutionTime = 6.51 s  ClockTime = 8 s

Time = 227

smoothSolver:  Solving for Ux, Initial residual = 0.00103936, Final residual = 6.80488e-05, No Iterations 6
smoothSolver:  Solving for Uy, Initial residual = 0.00836099, Final residual = 0.000546744, No Iterations 6
GAMG:  Solving for p, Initial residual = 0.00604471, Final residual = 0.000590627, No Iterations 5
time step continuity errors : sum local = 0.0542563, global = -0.00580147, cumulative = 1.84606
smoothSolver:  Solving for epsilon, Initial residual = 0.000672089, Final residual = 4.9355e-05, No Iterations 3
bounding epsilon, min: -15.6547 max: 42357.6 average: 1921.63
smoothSolver:  Solving for k, Initial residual = 0.00123608, Final residual = 8.08732e-05, No Iterations 4
ExecutionTime = 6.54 s  ClockTime = 8 s

Time = 228

smoothSolver:  Solving for Ux, Initial residual = 0.00101267, Final residual = 6.67723e-05, No Iterations 6
smoothSolver:  Solving for Uy, Initial residual = 0.00794227, Final residual = 0.000520592, No Iterations 6
GAMG:  Solving for p, Initial residual = 0.00583966, Final residual = 0.000558338, No Iterations 5
time step continuity errors : sum local = 0.0512244, global = -0.00617606, cumulative = 1.83988
smoothSolver:  Solving for epsilon, Initial residual = 0.000652656, Final residual = 4.77976e-05, No Iterations 3
bounding epsilon, min: -15.0987 max: 42351.4 average: 1920.72
smoothSolver:  Solving for k, Initial residual = 0.00119838, Final residual = 7.94622e-05, No Iterations 4
ExecutionTime = 6.57 s  ClockTime = 8 s

Time = 229

smoothSolver:  Solving for Ux, Initial residual = 0.000988111, Final residual = 6.53084e-05, No Iterations 6
smoothSolver:  Solving for Uy, Initial residual = 0.00757204, Final residual = 0.000498191, No Iterations 6
GAMG:  Solving for p, Initial residual = 0.00559384, Final residual = 0.000534824, No Iterations 5
time step continuity errors : sum local = 0.0490553, global = -0.00633415, cumulative = 1.83354
smoothSolver:  Solving for epsilon, Initial residual = 0.00063579, Final residual = 4.70555e-05, No Iterations 3
bounding epsilon, min: -15.3673 max: 42349.6 average: 1919.85
smoothSolver:  Solving for k, Initial residual = 0.00115991, Final residual = 7.72047e-05, No Iterations 4
ExecutionTime = 6.61 s  ClockTime = 8 s

Time = 230

smoothSolver:  Solving for Ux, Initial residual = 0.000964778, Final residual = 6.38232e-05, No Iterations 6
smoothSolver:  Solving for Uy, Initial residual = 0.00724212, Final residual = 0.000479202, No Iterations 6
GAMG:  Solving for p, Initial residual = 0.00545899, Final residual = 0.000524102, No Iterations 5
time step continuity errors : sum local = 0.0480814, global = -0.00660311, cumulative = 1.82694
smoothSolver:  Solving for epsilon, Initial residual = 0.00061527, Final residual = 4.53828e-05, No Iterations 3
bounding epsilon, min: -15.3002 max: 42342.6 average: 1919.05
smoothSolver:  Solving for k, Initial residual = 0.00112568, Final residual = 7.46601e-05, No Iterations 4
ExecutionTime = 6.63 s  ClockTime = 8 s

Time = 231

smoothSolver:  Solving for Ux, Initial residual = 0.000941286, Final residual = 6.21875e-05, No Iterations 6
smoothSolver:  Solving for Uy, Initial residual = 0.00692682, Final residual = 0.000462982, No Iterations 6
GAMG:  Solving for p, Initial residual = 0.00530424, Final residual = 0.000518373, No Iterations 5
time step continuity errors : sum local = 0.0475873, global = -0.00685317, cumulative = 1.82009
smoothSolver:  Solving for epsilon, Initial residual = 0.000597835, Final residual = 4.40994e-05, No Iterations 3
bounding epsilon, min: -15.0949 max: 42340.5 average: 1918.34
smoothSolver:  Solving for k, Initial residual = 0.00109223, Final residual = 7.16464e-05, No Iterations 4
ExecutionTime = 6.65 s  ClockTime = 9 s

Time = 232

smoothSolver:  Solving for Ux, Initial residual = 0.000917659, Final residual = 6.04209e-05, No Iterations 6
smoothSolver:  Solving for Uy, Initial residual = 0.00666259, Final residual = 0.00044988, No Iterations 6
GAMG:  Solving for p, Initial residual = 0.00518735, Final residual = 0.000510686, No Iterations 5
time step continuity errors : sum local = 0.046951, global = -0.00696495, cumulative = 1.81312
smoothSolver:  Solving for epsilon, Initial residual = 0.000577992, Final residual = 4.28425e-05, No Iterations 3
bounding epsilon, min: -15.5618 max: 42333.2 average: 1917.66
smoothSolver:  Solving for k, Initial residual = 0.0010593, Final residual = 6.96032e-05, No Iterations 4
ExecutionTime = 6.68 s  ClockTime = 9 s

Time = 233

smoothSolver:  Solving for Ux, Initial residual = 0.000892946, Final residual = 5.86349e-05, No Iterations 6
smoothSolver:  Solving for Uy, Initial residual = 0.00643483, Final residual = 0.000439029, No Iterations 6
GAMG:  Solving for p, Initial residual = 0.0051077, Final residual = 0.000484397, No Iterations 5
time step continuity errors : sum local = 0.0446134, global = -0.00669615, cumulative = 1.80643
smoothSolver:  Solving for epsilon, Initial residual = 0.000563849, Final residual = 4.18375e-05, No Iterations 3
bounding epsilon, min: -14.7597 max: 42330.2 average: 1917.05
smoothSolver:  Solving for k, Initial residual = 0.00103103, Final residual = 6.78359e-05, No Iterations 4
ExecutionTime = 6.7 s  ClockTime = 9 s

Time = 234

smoothSolver:  Solving for Ux, Initial residual = 0.000867482, Final residual = 5.68211e-05, No Iterations 6
smoothSolver:  Solving for Uy, Initial residual = 0.00624659, Final residual = 0.000430775, No Iterations 6
GAMG:  Solving for p, Initial residual = 0.00502341, Final residual = 0.000477914, No Iterations 4
time step continuity errors : sum local = 0.0440939, global = 0.00544823, cumulative = 1.81188
smoothSolver:  Solving for epsilon, Initial residual = 0.00054772, Final residual = 4.03387e-05, No Iterations 3
bounding epsilon, min: -15.8896 max: 42322.1 average: 1916.5
smoothSolver:  Solving for k, Initial residual = 0.00100454, Final residual = 6.52688e-05, No Iterations 4
ExecutionTime = 6.73 s  ClockTime = 9 s

Time = 235

smoothSolver:  Solving for Ux, Initial residual = 0.000843845, Final residual = 5.52124e-05, No Iterations 6
smoothSolver:  Solving for Uy, Initial residual = 0.0060609, Final residual = 0.000424253, No Iterations 6
GAMG:  Solving for p, Initial residual = 0.00483025, Final residual = 0.000341313, No Iterations 6
time step continuity errors : sum local = 0.0314937, global = 0.0026707, cumulative = 1.81455
smoothSolver:  Solving for epsilon, Initial residual = 0.000534833, Final residual = 3.93587e-05, No Iterations 3
bounding epsilon, min: -14.3374 max: 42318.3 average: 1916.01
smoothSolver:  Solving for k, Initial residual = 0.000970226, Final residual = 6.32306e-05, No Iterations 4
ExecutionTime = 6.77 s  ClockTime = 9 s

Time = 236

smoothSolver:  Solving for Ux, Initial residual = 0.000815608, Final residual = 5.31333e-05, No Iterations 6
smoothSolver:  Solving for Uy, Initial residual = 0.0059607, Final residual = 0.000420107, No Iterations 6
GAMG:  Solving for p, Initial residual = 0.00451224, Final residual = 0.000440955, No Iterations 5
time step continuity errors : sum local = 0.0408013, global = -0.00585392, cumulative = 1.80869
smoothSolver:  Solving for epsilon, Initial residual = 0.000519853, Final residual = 3.82242e-05, No Iterations 3
bounding epsilon, min: -16.2604 max: 42310.7 average: 1915.55
smoothSolver:  Solving for k, Initial residual = 0.000943119, Final residual = 6.19064e-05, No Iterations 4
ExecutionTime = 6.79 s  ClockTime = 9 s

Time = 237

smoothSolver:  Solving for Ux, Initial residual = 0.000788693, Final residual = 5.1577e-05, No Iterations 6
smoothSolver:  Solving for Uy, Initial residual = 0.00585016, Final residual = 0.000417287, No Iterations 6
GAMG:  Solving for p, Initial residual = 0.00436693, Final residual = 0.000356651, No Iterations 5
time step continuity errors : sum local = 0.0330881, global = -0.000311102, cumulative = 1.80838
smoothSolver:  Solving for epsilon, Initial residual = 0.000510772, Final residual = 3.74788e-05, No Iterations 3
bounding epsilon, min: -14.0024 max: 42307.7 average: 1915.12
smoothSolver:  Solving for k, Initial residual = 0.000915783, Final residual = 5.97296e-05, No Iterations 4
ExecutionTime = 6.83 s  ClockTime = 9 s

Time = 238

smoothSolver:  Solving for Ux, Initial residual = 0.000764968, Final residual = 5.00391e-05, No Iterations 6
smoothSolver:  Solving for Uy, Initial residual = 0.00575392, Final residual = 0.00041485, No Iterations 6
GAMG:  Solving for p, Initial residual = 0.00414465, Final residual = 0.000363125, No Iterations 5
time step continuity errors : sum local = 0.033792, global = -0.00297058, cumulative = 1.80541
smoothSolver:  Solving for epsilon, Initial residual = 0.000497459, Final residual = 3.64861e-05, No Iterations 3
bounding epsilon, min: -16.5565 max: 42300.8 average: 1914.74
smoothSolver:  Solving for k, Initial residual = 0.000893814, Final residual = 5.74732e-05, No Iterations 4
ExecutionTime = 6.86 s  ClockTime = 9 s

Time = 239

smoothSolver:  Solving for Ux, Initial residual = 0.000740974, Final residual = 4.84437e-05, No Iterations 6
smoothSolver:  Solving for Uy, Initial residual = 0.00568298, Final residual = 0.000412573, No Iterations 6
GAMG:  Solving for p, Initial residual = 0.00398481, Final residual = 0.000331847, No Iterations 5
time step continuity errors : sum local = 0.0310012, global = 0.00172061, cumulative = 1.80713
smoothSolver:  Solving for epsilon, Initial residual = 0.000488547, Final residual = 3.56868e-05, No Iterations 3
bounding epsilon, min: -13.6648 max: 42298.5 average: 1914.4
smoothSolver:  Solving for k, Initial residual = 0.000872895, Final residual = 5.61746e-05, No Iterations 4
ExecutionTime = 6.89 s  ClockTime = 9 s

Time = 240

smoothSolver:  Solving for Ux, Initial residual = 0.000720323, Final residual = 4.71266e-05, No Iterations 6
smoothSolver:  Solving for Uy, Initial residual = 0.0055995, Final residual = 0.000409608, No Iterations 6
GAMG:  Solving for p, Initial residual = 0.00386222, Final residual = 0.000357463, No Iterations 5
time step continuity errors : sum local = 0.0334921, global = -0.00323835, cumulative = 1.80389
smoothSolver:  Solving for epsilon, Initial residual = 0.000479182, Final residual = 3.50183e-05, No Iterations 3
smoothSolver:  Solving for k, Initial residual = 0.000854838, Final residual = 5.46948e-05, No Iterations 4
ExecutionTime = 6.92 s  ClockTime = 9 s

Time = 241

smoothSolver:  Solving for Ux, Initial residual = 0.000698023, Final residual = 4.56856e-05, No Iterations 6
smoothSolver:  Solving for Uy, Initial residual = 0.00558321, Final residual = 0.0004067, No Iterations 6
GAMG:  Solving for p, Initial residual = 0.00443767, Final residual = 0.000336001, No Iterations 5
time step continuity errors : sum local = 0.0315904, global = 0.00214097, cumulative = 1.80603
smoothSolver:  Solving for epsilon, Initial residual = 0.000464169, Final residual = 3.41391e-05, No Iterations 3
smoothSolver:  Solving for k, Initial residual = 0.000835489, Final residual = 5.34293e-05, No Iterations 4
ExecutionTime = 6.96 s  ClockTime = 9 s

Time = 242

smoothSolver:  Solving for Ux, Initial residual = 0.000684392, Final residual = 4.44517e-05, No Iterations 6
smoothSolver:  Solving for Uy, Initial residual = 0.00572967, Final residual = 0.000403087, No Iterations 6
GAMG:  Solving for p, Initial residual = 0.00540271, Final residual = 0.000422793, No Iterations 4
time step continuity errors : sum local = 0.0397743, global = 0.00221981, cumulative = 1.80825
smoothSolver:  Solving for epsilon, Initial residual = 0.000458912, Final residual = 3.35475e-05, No Iterations 3
smoothSolver:  Solving for k, Initial residual = 0.000820495, Final residual = 5.1935e-05, No Iterations 4
ExecutionTime = 6.98 s  ClockTime = 9 s

Time = 243

smoothSolver:  Solving for Ux, Initial residual = 0.000663587, Final residual = 4.31948e-05, No Iterations 6
smoothSolver:  Solving for Uy, Initial residual = 0.00572986, Final residual = 0.000398788, No Iterations 6
GAMG:  Solving for p, Initial residual = 0.00506723, Final residual = 0.000442049, No Iterations 4
time step continuity errors : sum local = 0.041678, global = 0.00203252, cumulative = 1.81029
smoothSolver:  Solving for epsilon, Initial residual = 0.000453247, Final residual = 3.3063e-05, No Iterations 3
smoothSolver:  Solving for k, Initial residual = 0.000807343, Final residual = 5.07417e-05, No Iterations 4
ExecutionTime = 7.01 s  ClockTime = 9 s

Time = 244

smoothSolver:  Solving for Ux, Initial residual = 0.000647389, Final residual = 4.19542e-05, No Iterations 6
smoothSolver:  Solving for Uy, Initial residual = 0.00592904, Final residual = 0.000393586, No Iterations 6
GAMG:  Solving for p, Initial residual = 0.00591056, Final residual = 0.000464065, No Iterations 4
time step continuity errors : sum local = 0.0437221, global = 0.00165589, cumulative = 1.81194
smoothSolver:  Solving for epsilon, Initial residual = 0.00045256, Final residual = 3.25046e-05, No Iterations 3
smoothSolver:  Solving for k, Initial residual = 0.000794386, Final residual = 4.97125e-05, No Iterations 4
ExecutionTime = 7.04 s  ClockTime = 9 s

Time = 245

smoothSolver:  Solving for Ux, Initial residual = 0.000628113, Final residual = 4.08586e-05, No Iterations 6
smoothSolver:  Solving for Uy, Initial residual = 0.00576146, Final residual = 0.00038767, No Iterations 6
GAMG:  Solving for p, Initial residual = 0.00480072, Final residual = 0.000475866, No Iterations 4
time step continuity errors : sum local = 0.0449605, global = 0.000982401, cumulative = 1.81292
smoothSolver:  Solving for epsilon, Initial residual = 0.000444231, Final residual = 3.2062e-05, No Iterations 3
bounding epsilon, min: -5.29802 max: 42366.2 average: 1913.15
smoothSolver:  Solving for k, Initial residual = 0.000779064, Final residual = 4.87367e-05, No Iterations 4
ExecutionTime = 7.07 s  ClockTime = 9 s

Time = 246

smoothSolver:  Solving for Ux, Initial residual = 0.000611335, Final residual = 3.98705e-05, No Iterations 6
smoothSolver:  Solving for Uy, Initial residual = 0.00549709, Final residual = 0.000380487, No Iterations 6
GAMG:  Solving for p, Initial residual = 0.00467851, Final residual = 0.000377671, No Iterations 5
time step continuity errors : sum local = 0.0357189, global = 0.00133903, cumulative = 1.81426
smoothSolver:  Solving for epsilon, Initial residual = 0.000437754, Final residual = 3.14122e-05, No Iterations 3
bounding epsilon, min: -36.4213 max: 42369.1 average: 1913.04
smoothSolver:  Solving for k, Initial residual = 0.000764673, Final residual = 4.74924e-05, No Iterations 4
ExecutionTime = 7.11 s  ClockTime = 9 s

Time = 247

smoothSolver:  Solving for Ux, Initial residual = 0.000593471, Final residual = 3.88353e-05, No Iterations 6
smoothSolver:  Solving for Uy, Initial residual = 0.00539087, Final residual = 0.000371858, No Iterations 6
GAMG:  Solving for p, Initial residual = 0.00538361, Final residual = 0.000476428, No Iterations 4
time step continuity errors : sum local = 0.045239, global = -0.0023195, cumulative = 1.81194
smoothSolver:  Solving for epsilon, Initial residual = 0.000433552, Final residual = 3.07749e-05, No Iterations 3
bounding epsilon, min: -5.00537 max: 42394.1 average: 1912.95
smoothSolver:  Solving for k, Initial residual = 0.000753901, Final residual = 4.67314e-05, No Iterations 4
ExecutionTime = 7.14 s  ClockTime = 9 s

Time = 248

smoothSolver:  Solving for Ux, Initial residual = 0.000577997, Final residual = 3.79947e-05, No Iterations 6
smoothSolver:  Solving for Uy, Initial residual = 0.00523934, Final residual = 0.000362115, No Iterations 6
GAMG:  Solving for p, Initial residual = 0.00429164, Final residual = 0.000374179, No Iterations 5
time step continuity errors : sum local = 0.0356263, global = 0.00140824, cumulative = 1.81335
smoothSolver:  Solving for epsilon, Initial residual = 0.000425436, Final residual = 3.00954e-05, No Iterations 3
bounding epsilon, min: -14.8597 max: 42394 average: 1912.8
smoothSolver:  Solving for k, Initial residual = 0.000739112, Final residual = 4.54776e-05, No Iterations 4
ExecutionTime = 7.17 s  ClockTime = 9 s

Time = 249

smoothSolver:  Solving for Ux, Initial residual = 0.000560285, Final residual = 3.71685e-05, No Iterations 6
smoothSolver:  Solving for Uy, Initial residual = 0.00506107, Final residual = 0.000351518, No Iterations 6
GAMG:  Solving for p, Initial residual = 0.00396697, Final residual = 0.000341547, No Iterations 5
time step continuity errors : sum local = 0.032604, global = 0.00104871, cumulative = 1.8144
smoothSolver:  Solving for epsilon, Initial residual = 0.00041649, Final residual = 2.93328e-05, No Iterations 3
bounding epsilon, min: -12.2288 max: 42393.3 average: 1912.65
smoothSolver:  Solving for k, Initial residual = 0.000726545, Final residual = 4.4545e-05, No Iterations 4
ExecutionTime = 7.2 s  ClockTime = 9 s

Time = 250

smoothSolver:  Solving for Ux, Initial residual = 0.000543093, Final residual = 3.63544e-05, No Iterations 6
smoothSolver:  Solving for Uy, Initial residual = 0.00491375, Final residual = 0.000340128, No Iterations 6
GAMG:  Solving for p, Initial residual = 0.00380677, Final residual = 0.000324096, No Iterations 5
time step continuity errors : sum local = 0.0309935, global = 0.0009394, cumulative = 1.81534
smoothSolver:  Solving for epsilon, Initial residual = 0.00040715, Final residual = 2.85266e-05, No Iterations 3
smoothSolver:  Solving for k, Initial residual = 0.000711322, Final residual = 4.33286e-05, No Iterations 4
ExecutionTime = 7.22 s  ClockTime = 9 s

Time = 251

smoothSolver:  Solving for Ux, Initial residual = 0.000531103, Final residual = 3.5615e-05, No Iterations 6
smoothSolver:  Solving for Uy, Initial residual = 0.00479625, Final residual = 0.000328127, No Iterations 6
GAMG:  Solving for p, Initial residual = 0.00366514, Final residual = 0.000311131, No Iterations 5
time step continuity errors : sum local = 0.0298142, global = 0.00083032, cumulative = 1.81617
smoothSolver:  Solving for epsilon, Initial residual = 0.000394375, Final residual = 2.77441e-05, No Iterations 3
smoothSolver:  Solving for k, Initial residual = 0.000698168, Final residual = 4.23583e-05, No Iterations 4
ExecutionTime = 7.26 s  ClockTime = 9 s

Time = 252

smoothSolver:  Solving for Ux, Initial residual = 0.000523968, Final residual = 3.48891e-05, No Iterations 6
smoothSolver:  Solving for Uy, Initial residual = 0.00480583, Final residual = 0.000315429, No Iterations 6
GAMG:  Solving for p, Initial residual = 0.00435858, Final residual = 0.000416851, No Iterations 4
time step continuity errors : sum local = 0.0399078, global = -0.00176981, cumulative = 1.8144
smoothSolver:  Solving for epsilon, Initial residual = 0.000388213, Final residual = 2.67614e-05, No Iterations 3
smoothSolver:  Solving for k, Initial residual = 0.000684233, Final residual = 4.1257e-05, No Iterations 4
ExecutionTime = 7.28 s  ClockTime = 9 s

Time = 253

smoothSolver:  Solving for Ux, Initial residual = 0.000511427, Final residual = 3.41635e-05, No Iterations 6
smoothSolver:  Solving for Uy, Initial residual = 0.00469248, Final residual = 0.000467544, No Iterations 5
GAMG:  Solving for p, Initial residual = 0.00422483, Final residual = 0.000324301, No Iterations 5
time step continuity errors : sum local = 0.0310686, global = 0.00101274, cumulative = 1.81541
smoothSolver:  Solving for epsilon, Initial residual = 0.000376739, Final residual = 2.61293e-05, No Iterations 3
smoothSolver:  Solving for k, Initial residual = 0.000668548, Final residual = 3.99321e-05, No Iterations 4
ExecutionTime = 7.31 s  ClockTime = 9 s

Time = 254

smoothSolver:  Solving for Ux, Initial residual = 0.000501402, Final residual = 3.32793e-05, No Iterations 6
smoothSolver:  Solving for Uy, Initial residual = 0.00480321, Final residual = 0.000455639, No Iterations 5
GAMG:  Solving for p, Initial residual = 0.00457655, Final residual = 0.000411497, No Iterations 4
time step continuity errors : sum local = 0.0393364, global = -0.00173519, cumulative = 1.81368
smoothSolver:  Solving for epsilon, Initial residual = 0.000371997, Final residual = 2.49922e-05, No Iterations 3
smoothSolver:  Solving for k, Initial residual = 0.000652487, Final residual = 3.88144e-05, No Iterations 4
ExecutionTime = 7.34 s  ClockTime = 9 s

Time = 255

smoothSolver:  Solving for Ux, Initial residual = 0.000489272, Final residual = 3.24766e-05, No Iterations 6
smoothSolver:  Solving for Uy, Initial residual = 0.00454715, Final residual = 0.000440794, No Iterations 5
GAMG:  Solving for p, Initial residual = 0.00408459, Final residual = 0.000317301, No Iterations 5
time step continuity errors : sum local = 0.0303472, global = 0.00144506, cumulative = 1.81512
smoothSolver:  Solving for epsilon, Initial residual = 0.00035878, Final residual = 2.42373e-05, No Iterations 3
smoothSolver:  Solving for k, Initial residual = 0.000634556, Final residual = 3.78585e-05, No Iterations 4
ExecutionTime = 7.36 s  ClockTime = 9 s

Time = 256

smoothSolver:  Solving for Ux, Initial residual = 0.00048152, Final residual = 3.16465e-05, No Iterations 6
smoothSolver:  Solving for Uy, Initial residual = 0.00466186, Final residual = 0.000423374, No Iterations 5
GAMG:  Solving for p, Initial residual = 0.00463496, Final residual = 0.000389435, No Iterations 4
time step continuity errors : sum local = 0.0371046, global = -0.00176447, cumulative = 1.81336
smoothSolver:  Solving for epsilon, Initial residual = 0.000353819, Final residual = 2.31087e-05, No Iterations 3
smoothSolver:  Solving for k, Initial residual = 0.000617781, Final residual = 3.63086e-05, No Iterations 4
ExecutionTime = 7.39 s  ClockTime = 9 s

Time = 257

smoothSolver:  Solving for Ux, Initial residual = 0.000471763, Final residual = 3.08108e-05, No Iterations 6
smoothSolver:  Solving for Uy, Initial residual = 0.00436668, Final residual = 0.000405864, No Iterations 5
GAMG:  Solving for p, Initial residual = 0.00374401, Final residual = 0.000321749, No Iterations 5
time step continuity errors : sum local = 0.0306695, global = 0.00221469, cumulative = 1.81557
smoothSolver:  Solving for epsilon, Initial residual = 0.000340543, Final residual = 2.23299e-05, No Iterations 3
bounding epsilon, min: -8.1243 max: 42417.7 average: 1911.38
smoothSolver:  Solving for k, Initial residual = 0.000598005, Final residual = 3.51994e-05, No Iterations 4
ExecutionTime = 7.42 s  ClockTime = 9 s

Time = 258

smoothSolver:  Solving for Ux, Initial residual = 0.000460985, Final residual = 2.98388e-05, No Iterations 6
smoothSolver:  Solving for Uy, Initial residual = 0.00401879, Final residual = 0.000388861, No Iterations 5
GAMG:  Solving for p, Initial residual = 0.00411684, Final residual = 0.000361958, No Iterations 4
time step continuity errors : sum local = 0.0344582, global = 0.00107259, cumulative = 1.81665
smoothSolver:  Solving for epsilon, Initial residual = 0.000332873, Final residual = 2.13359e-05, No Iterations 3
bounding epsilon, min: -34.1224 max: 42422.6 average: 1911.24
smoothSolver:  Solving for k, Initial residual = 0.000579134, Final residual = 3.4183e-05, No Iterations 4
ExecutionTime = 7.44 s  ClockTime = 9 s

Time = 259

smoothSolver:  Solving for Ux, Initial residual = 0.000449356, Final residual = 4.48451e-05, No Iterations 5
smoothSolver:  Solving for Uy, Initial residual = 0.0038322, Final residual = 0.000373085, No Iterations 5
GAMG:  Solving for p, Initial residual = 0.00473726, Final residual = 0.000372587, No Iterations 4
time step continuity errors : sum local = 0.0355218, global = 0.000863989, cumulative = 1.81751
smoothSolver:  Solving for epsilon, Initial residual = 0.000325247, Final residual = 2.04913e-05, No Iterations 3
bounding epsilon, min: -6.85921 max: 42451.5 average: 1911.08
smoothSolver:  Solving for k, Initial residual = 0.000559337, Final residual = 3.27722e-05, No Iterations 4
ExecutionTime = 7.47 s  ClockTime = 9 s

Time = 260

smoothSolver:  Solving for Ux, Initial residual = 0.000439964, Final residual = 4.36093e-05, No Iterations 5
smoothSolver:  Solving for Uy, Initial residual = 0.00359559, Final residual = 0.000354279, No Iterations 5
GAMG:  Solving for p, Initial residual = 0.00364382, Final residual = 0.00035259, No Iterations 4
time step continuity errors : sum local = 0.0336433, global = 0.00178599, cumulative = 1.8193
smoothSolver:  Solving for epsilon, Initial residual = 0.000315976, Final residual = 1.95458e-05, No Iterations 3
bounding epsilon, min: -12.7517 max: 42444.8 average: 1910.84
smoothSolver:  Solving for k, Initial residual = 0.000539759, Final residual = 3.14824e-05, No Iterations 4
ExecutionTime = 7.49 s  ClockTime = 9 s

Time = 261

smoothSolver:  Solving for Ux, Initial residual = 0.000425065, Final residual = 4.21677e-05, No Iterations 5
smoothSolver:  Solving for Uy, Initial residual = 0.00338492, Final residual = 0.00033818, No Iterations 5
GAMG:  Solving for p, Initial residual = 0.00331069, Final residual = 0.000268265, No Iterations 5
time step continuity errors : sum local = 0.0256121, global = -0.00222408, cumulative = 1.81707
smoothSolver:  Solving for epsilon, Initial residual = 0.000304648, Final residual = 1.87489e-05, No Iterations 3
bounding epsilon, min: -14.24 max: 42435.6 average: 1910.6
smoothSolver:  Solving for k, Initial residual = 0.000519827, Final residual = 3.01545e-05, No Iterations 4
ExecutionTime = 7.51 s  ClockTime = 10 s

Time = 262

smoothSolver:  Solving for Ux, Initial residual = 0.000410372, Final residual = 4.05675e-05, No Iterations 5
smoothSolver:  Solving for Uy, Initial residual = 0.00323832, Final residual = 0.00021094, No Iterations 6
GAMG:  Solving for p, Initial residual = 0.00310627, Final residual = 0.000242587, No Iterations 5
time step continuity errors : sum local = 0.0231706, global = -0.00204144, cumulative = 1.81503
smoothSolver:  Solving for epsilon, Initial residual = 0.000295008, Final residual = 1.78954e-05, No Iterations 3
bounding epsilon, min: -15.3188 max: 42421.8 average: 1910.31
smoothSolver:  Solving for k, Initial residual = 0.000499985, Final residual = 2.90381e-05, No Iterations 4
ExecutionTime = 7.54 s  ClockTime = 10 s

Time = 263

smoothSolver:  Solving for Ux, Initial residual = 0.00039829, Final residual = 3.90407e-05, No Iterations 5
smoothSolver:  Solving for Uy, Initial residual = 0.00306986, Final residual = 0.00020029, No Iterations 6
GAMG:  Solving for p, Initial residual = 0.00295731, Final residual = 0.000239317, No Iterations 5
time step continuity errors : sum local = 0.0228553, global = -0.00200673, cumulative = 1.81302
smoothSolver:  Solving for epsilon, Initial residual = 0.000285054, Final residual = 1.71797e-05, No Iterations 3
bounding epsilon, min: -14.8075 max: 42401.6 average: 1910.01
smoothSolver:  Solving for k, Initial residual = 0.00048071, Final residual = 2.78228e-05, No Iterations 4
ExecutionTime = 7.56 s  ClockTime = 10 s

Time = 264

smoothSolver:  Solving for Ux, Initial residual = 0.000384143, Final residual = 3.73879e-05, No Iterations 5
smoothSolver:  Solving for Uy, Initial residual = 0.00293798, Final residual = 0.000192721, No Iterations 6
GAMG:  Solving for p, Initial residual = 0.0028221, Final residual = 0.00023613, No Iterations 5
time step continuity errors : sum local = 0.0225419, global = -0.00194598, cumulative = 1.81108
smoothSolver:  Solving for epsilon, Initial residual = 0.000277345, Final residual = 1.63391e-05, No Iterations 3
bounding epsilon, min: -16.0397 max: 42372.8 average: 1909.69
smoothSolver:  Solving for k, Initial residual = 0.0004617, Final residual = 2.65497e-05, No Iterations 4
ExecutionTime = 7.6 s  ClockTime = 10 s

Time = 265

smoothSolver:  Solving for Ux, Initial residual = 0.000369397, Final residual = 3.56803e-05, No Iterations 5
smoothSolver:  Solving for Uy, Initial residual = 0.00283184, Final residual = 0.00018754, No Iterations 6
GAMG:  Solving for p, Initial residual = 0.00269808, Final residual = 0.000235383, No Iterations 5
time step continuity errors : sum local = 0.0224574, global = -0.00186449, cumulative = 1.80921
smoothSolver:  Solving for epsilon, Initial residual = 0.00026844, Final residual = 1.56458e-05, No Iterations 3
bounding epsilon, min: -14.2129 max: 42345.2 average: 1909.36
smoothSolver:  Solving for k, Initial residual = 0.000442981, Final residual = 2.54666e-05, No Iterations 4
ExecutionTime = 7.62 s  ClockTime = 10 s

Time = 266

smoothSolver:  Solving for Ux, Initial residual = 0.000354011, Final residual = 3.39887e-05, No Iterations 5
smoothSolver:  Solving for Uy, Initial residual = 0.00273938, Final residual = 0.000183656, No Iterations 6
GAMG:  Solving for p, Initial residual = 0.00257221, Final residual = 0.000232232, No Iterations 5
time step continuity errors : sum local = 0.0221389, global = -0.00176455, cumulative = 1.80745
smoothSolver:  Solving for epsilon, Initial residual = 0.000262068, Final residual = 1.49473e-05, No Iterations 3
bounding epsilon, min: -16.857 max: 42321.5 average: 1909.02
smoothSolver:  Solving for k, Initial residual = 0.00042508, Final residual = 2.44211e-05, No Iterations 4
ExecutionTime = 7.64 s  ClockTime = 10 s

Time = 267

smoothSolver:  Solving for Ux, Initial residual = 0.000339216, Final residual = 3.23696e-05, No Iterations 5
smoothSolver:  Solving for Uy, Initial residual = 0.00266368, Final residual = 0.000180398, No Iterations 6
GAMG:  Solving for p, Initial residual = 0.00244681, Final residual = 0.000225905, No Iterations 5
time step continuity errors : sum local = 0.0215138, global = -0.00165213, cumulative = 1.8058
smoothSolver:  Solving for epsilon, Initial residual = 0.000253622, Final residual = 1.43421e-05, No Iterations 3
bounding epsilon, min: -14.0087 max: 42310.1 average: 1908.71
smoothSolver:  Solving for k, Initial residual = 0.000408696, Final residual = 4.08265e-05, No Iterations 3
ExecutionTime = 7.67 s  ClockTime = 10 s

Time = 268

smoothSolver:  Solving for Ux, Initial residual = 0.000324334, Final residual = 3.08101e-05, No Iterations 5
smoothSolver:  Solving for Uy, Initial residual = 0.0026006, Final residual = 0.000177708, No Iterations 6
GAMG:  Solving for p, Initial residual = 0.00232705, Final residual = 0.000223186, No Iterations 5
time step continuity errors : sum local = 0.0212327, global = -0.00153196, cumulative = 1.80427
smoothSolver:  Solving for epsilon, Initial residual = 0.000244879, Final residual = 1.35496e-05, No Iterations 3
bounding epsilon, min: -16.5185 max: 42305 average: 1908.39
smoothSolver:  Solving for k, Initial residual = 0.000392894, Final residual = 3.90534e-05, No Iterations 3
ExecutionTime = 7.69 s  ClockTime = 10 s

Time = 269

smoothSolver:  Solving for Ux, Initial residual = 0.000310243, Final residual = 2.93692e-05, No Iterations 5
smoothSolver:  Solving for Uy, Initial residual = 0.00254946, Final residual = 0.000175378, No Iterations 6
GAMG:  Solving for p, Initial residual = 0.0022044, Final residual = 0.000217241, No Iterations 5
time step continuity errors : sum local = 0.0206422, global = -0.00141583, cumulative = 1.80285
smoothSolver:  Solving for epsilon, Initial residual = 0.000236046, Final residual = 1.29405e-05, No Iterations 3
bounding epsilon, min: -13.8486 max: 42305.8 average: 1908.09
smoothSolver:  Solving for k, Initial residual = 0.000379078, Final residual = 3.75576e-05, No Iterations 3
ExecutionTime = 7.72 s  ClockTime = 10 s

Time = 270

smoothSolver:  Solving for Ux, Initial residual = 0.000296736, Final residual = 2.80474e-05, No Iterations 5
smoothSolver:  Solving for Uy, Initial residual = 0.00250354, Final residual = 0.000172181, No Iterations 6
GAMG:  Solving for p, Initial residual = 0.00211987, Final residual = 0.00021028, No Iterations 5
time step continuity errors : sum local = 0.0199594, global = -0.00131091, cumulative = 1.80154
smoothSolver:  Solving for epsilon, Initial residual = 0.000228745, Final residual = 1.23607e-05, No Iterations 3
bounding epsilon, min: -16.955 max: 42304.6 average: 1907.8
smoothSolver:  Solving for k, Initial residual = 0.000365362, Final residual = 3.62256e-05, No Iterations 3
ExecutionTime = 7.74 s  ClockTime = 10 s

Time = 271

smoothSolver:  Solving for Ux, Initial residual = 0.000284571, Final residual = 2.68612e-05, No Iterations 5
smoothSolver:  Solving for Uy, Initial residual = 0.00244632, Final residual = 0.000168168, No Iterations 6
GAMG:  Solving for p, Initial residual = 0.00203177, Final residual = 0.000199641, No Iterations 5
time step continuity errors : sum local = 0.0189248, global = -0.00120093, cumulative = 1.80034
smoothSolver:  Solving for epsilon, Initial residual = 0.000222132, Final residual = 1.19417e-05, No Iterations 3
bounding epsilon, min: -13.5625 max: 42304.7 average: 1907.53
smoothSolver:  Solving for k, Initial residual = 0.000354532, Final residual = 3.51504e-05, No Iterations 3
ExecutionTime = 7.77 s  ClockTime = 10 s

Time = 272

smoothSolver:  Solving for Ux, Initial residual = 0.00027315, Final residual = 2.58088e-05, No Iterations 5
smoothSolver:  Solving for Uy, Initial residual = 0.00239886, Final residual = 0.000163401, No Iterations 6
GAMG:  Solving for p, Initial residual = 0.00193845, Final residual = 0.000189384, No Iterations 5
time step continuity errors : sum local = 0.0179331, global = -0.00110201, cumulative = 1.79924
smoothSolver:  Solving for epsilon, Initial residual = 0.000217219, Final residual = 1.15228e-05, No Iterations 3
bounding epsilon, min: -17.1318 max: 42301.6 average: 1907.26
smoothSolver:  Solving for k, Initial residual = 0.000343693, Final residual = 3.39903e-05, No Iterations 3
ExecutionTime = 7.8 s  ClockTime = 10 s

Time = 273

smoothSolver:  Solving for Ux, Initial residual = 0.000262813, Final residual = 2.48717e-05, No Iterations 5
smoothSolver:  Solving for Uy, Initial residual = 0.00234861, Final residual = 0.000158062, No Iterations 6
GAMG:  Solving for p, Initial residual = 0.00184799, Final residual = 0.000176739, No Iterations 5
time step continuity errors : sum local = 0.0167145, global = -0.000995692, cumulative = 1.79824
smoothSolver:  Solving for epsilon, Initial residual = 0.000211078, Final residual = 1.12475e-05, No Iterations 3
bounding epsilon, min: -13.2158 max: 42301.3 average: 1907
smoothSolver:  Solving for k, Initial residual = 0.000334234, Final residual = 3.32941e-05, No Iterations 3
ExecutionTime = 7.82 s  ClockTime = 10 s

Time = 274

smoothSolver:  Solving for Ux, Initial residual = 0.00025324, Final residual = 2.40471e-05, No Iterations 5
smoothSolver:  Solving for Uy, Initial residual = 0.00228952, Final residual = 0.000152353, No Iterations 6
GAMG:  Solving for p, Initial residual = 0.00178032, Final residual = 0.000170094, No Iterations 5
time step continuity errors : sum local = 0.0160701, global = -0.000908617, cumulative = 1.79733
smoothSolver:  Solving for epsilon, Initial residual = 0.000206344, Final residual = 1.09379e-05, No Iterations 3
bounding epsilon, min: -17.4953 max: 42298 average: 1906.75
smoothSolver:  Solving for k, Initial residual = 0.000326437, Final residual = 3.24069e-05, No Iterations 3
ExecutionTime = 7.84 s  ClockTime = 10 s

Time = 275

smoothSolver:  Solving for Ux, Initial residual = 0.000244808, Final residual = 2.33452e-05, No Iterations 5
smoothSolver:  Solving for Uy, Initial residual = 0.00222716, Final residual = 0.00014633, No Iterations 6
GAMG:  Solving for p, Initial residual = 0.00169817, Final residual = 0.000160056, No Iterations 5
time step continuity errors : sum local = 0.0151048, global = -0.000825795, cumulative = 1.79651
smoothSolver:  Solving for epsilon, Initial residual = 0.000201538, Final residual = 1.0761e-05, No Iterations 3
bounding epsilon, min: -12.7707 max: 42297.1 average: 1906.51
smoothSolver:  Solving for k, Initial residual = 0.000319799, Final residual = 3.18603e-05, No Iterations 3
ExecutionTime = 7.87 s  ClockTime = 10 s

Time = 276

smoothSolver:  Solving for Ux, Initial residual = 0.000237086, Final residual = 2.27418e-05, No Iterations 5
smoothSolver:  Solving for Uy, Initial residual = 0.00215269, Final residual = 0.000140254, No Iterations 6
GAMG:  Solving for p, Initial residual = 0.00164356, Final residual = 0.000153907, No Iterations 5
time step continuity errors : sum local = 0.0145124, global = -0.000782401, cumulative = 1.79572
smoothSolver:  Solving for epsilon, Initial residual = 0.000197067, Final residual = 1.04949e-05, No Iterations 3
bounding epsilon, min: -17.9057 max: 42292.2 average: 1906.27
smoothSolver:  Solving for k, Initial residual = 0.00031471, Final residual = 3.13384e-05, No Iterations 3
ExecutionTime = 7.9 s  ClockTime = 10 s

Time = 277

smoothSolver:  Solving for Ux, Initial residual = 0.000230857, Final residual = 2.22529e-05, No Iterations 5
smoothSolver:  Solving for Uy, Initial residual = 0.00208171, Final residual = 0.000207493, No Iterations 5
GAMG:  Solving for p, Initial residual = 0.00157051, Final residual = 0.00014812, No Iterations 5
time step continuity errors : sum local = 0.013955, global = -0.000785119, cumulative = 1.79494
smoothSolver:  Solving for epsilon, Initial residual = 0.000192854, Final residual = 1.03669e-05, No Iterations 3
bounding epsilon, min: -12.3202 max: 42290.2 average: 1906.04
smoothSolver:  Solving for k, Initial residual = 0.000309761, Final residual = 3.08116e-05, No Iterations 3
ExecutionTime = 7.93 s  ClockTime = 10 s

Time = 278

smoothSolver:  Solving for Ux, Initial residual = 0.000224057, Final residual = 2.17445e-05, No Iterations 5
smoothSolver:  Solving for Uy, Initial residual = 0.00203255, Final residual = 0.000201999, No Iterations 5
GAMG:  Solving for p, Initial residual = 0.00149506, Final residual = 0.000142761, No Iterations 5
time step continuity errors : sum local = 0.0134409, global = -0.000839385, cumulative = 1.7941
smoothSolver:  Solving for epsilon, Initial residual = 0.000188249, Final residual = 1.0197e-05, No Iterations 3
bounding epsilon, min: -18.3041 max: 42285 average: 1905.81
smoothSolver:  Solving for k, Initial residual = 0.000303405, Final residual = 3.02635e-05, No Iterations 3
ExecutionTime = 7.96 s  ClockTime = 10 s

Time = 279

smoothSolver:  Solving for Ux, Initial residual = 0.000218808, Final residual = 2.13713e-05, No Iterations 5
smoothSolver:  Solving for Uy, Initial residual = 0.00197428, Final residual = 0.000195066, No Iterations 5
GAMG:  Solving for p, Initial residual = 0.00143406, Final residual = 0.000137485, No Iterations 5
time step continuity errors : sum local = 0.0129384, global = -0.000979454, cumulative = 1.79312
smoothSolver:  Solving for epsilon, Initial residual = 0.00018331, Final residual = 1.00182e-05, No Iterations 3
bounding epsilon, min: -11.9257 max: 42283.4 average: 1905.59
smoothSolver:  Solving for k, Initial residual = 0.000296227, Final residual = 1.68662e-05, No Iterations 4
ExecutionTime = 7.98 s  ClockTime = 10 s

Time = 280

smoothSolver:  Solving for Ux, Initial residual = 0.000214601, Final residual = 2.10902e-05, No Iterations 5
smoothSolver:  Solving for Uy, Initial residual = 0.00190017, Final residual = 0.000186993, No Iterations 5
GAMG:  Solving for p, Initial residual = 0.00138913, Final residual = 0.000134011, No Iterations 5
time step continuity errors : sum local = 0.0126052, global = -0.00118179, cumulative = 1.79194
smoothSolver:  Solving for epsilon, Initial residual = 0.000179271, Final residual = 9.9348e-06, No Iterations 3
smoothSolver:  Solving for k, Initial residual = 0.000290227, Final residual = 2.89308e-05, No Iterations 3
ExecutionTime = 8.01 s  ClockTime = 10 s

Time = 281

smoothSolver:  Solving for Ux, Initial residual = 0.000211443, Final residual = 2.08185e-05, No Iterations 5
smoothSolver:  Solving for Uy, Initial residual = 0.00185669, Final residual = 0.000179184, No Iterations 5
GAMG:  Solving for p, Initial residual = 0.00195827, Final residual = 0.000171002, No Iterations 4
time step continuity errors : sum local = 0.0160838, global = 0.00154838, cumulative = 1.79349
smoothSolver:  Solving for epsilon, Initial residual = 0.000170393, Final residual = 9.7586e-06, No Iterations 3
smoothSolver:  Solving for k, Initial residual = 0.000282198, Final residual = 1.61587e-05, No Iterations 4
ExecutionTime = 8.04 s  ClockTime = 10 s

Time = 282

smoothSolver:  Solving for Ux, Initial residual = 0.000213562, Final residual = 2.06454e-05, No Iterations 5
smoothSolver:  Solving for Uy, Initial residual = 0.00193618, Final residual = 0.000171267, No Iterations 5
GAMG:  Solving for p, Initial residual = 0.00279844, Final residual = 0.000255822, No Iterations 3
time step continuity errors : sum local = 0.0240016, global = -0.00255706, cumulative = 1.79093
smoothSolver:  Solving for epsilon, Initial residual = 0.000168541, Final residual = 9.60176e-06, No Iterations 3
smoothSolver:  Solving for k, Initial residual = 0.000275707, Final residual = 1.57686e-05, No Iterations 4
ExecutionTime = 8.06 s  ClockTime = 10 s

Time = 283

smoothSolver:  Solving for Ux, Initial residual = 0.000209615, Final residual = 2.04686e-05, No Iterations 5
smoothSolver:  Solving for Uy, Initial residual = 0.00190797, Final residual = 0.000163644, No Iterations 5
GAMG:  Solving for p, Initial residual = 0.00256629, Final residual = 0.000237638, No Iterations 3
time step continuity errors : sum local = 0.0222805, global = -0.00196946, cumulative = 1.78896
smoothSolver:  Solving for epsilon, Initial residual = 0.000163757, Final residual = 9.49118e-06, No Iterations 3
smoothSolver:  Solving for k, Initial residual = 0.000266637, Final residual = 1.54281e-05, No Iterations 4
ExecutionTime = 8.08 s  ClockTime = 10 s

Time = 284

smoothSolver:  Solving for Ux, Initial residual = 0.000209479, Final residual = 1.99877e-05, No Iterations 5
smoothSolver:  Solving for Uy, Initial residual = 0.00210777, Final residual = 0.000157399, No Iterations 5
GAMG:  Solving for p, Initial residual = 0.00326193, Final residual = 0.000224932, No Iterations 3
time step continuity errors : sum local = 0.0210277, global = -0.00169208, cumulative = 1.78727
smoothSolver:  Solving for epsilon, Initial residual = 0.000165742, Final residual = 9.39446e-06, No Iterations 3
smoothSolver:  Solving for k, Initial residual = 0.000261608, Final residual = 1.50737e-05, No Iterations 4
ExecutionTime = 8.11 s  ClockTime = 10 s

Time = 285

smoothSolver:  Solving for Ux, Initial residual = 0.000204526, Final residual = 1.94158e-05, No Iterations 5
smoothSolver:  Solving for Uy, Initial residual = 0.00191293, Final residual = 0.000152625, No Iterations 5
GAMG:  Solving for p, Initial residual = 0.00258227, Final residual = 0.000198709, No Iterations 3
time step continuity errors : sum local = 0.0185833, global = -0.00170855, cumulative = 1.78556
smoothSolver:  Solving for epsilon, Initial residual = 0.000160513, Final residual = 9.2192e-06, No Iterations 3
smoothSolver:  Solving for k, Initial residual = 0.000250969, Final residual = 1.46549e-05, No Iterations 4
ExecutionTime = 8.14 s  ClockTime = 10 s

Time = 286

smoothSolver:  Solving for Ux, Initial residual = 0.000207288, Final residual = 1.90835e-05, No Iterations 5
smoothSolver:  Solving for Uy, Initial residual = 0.00243504, Final residual = 0.000230803, No Iterations 4
GAMG:  Solving for p, Initial residual = 0.00401898, Final residual = 0.000400339, No Iterations 2
time step continuity errors : sum local = 0.0372634, global = 0.0014554, cumulative = 1.78701
smoothSolver:  Solving for epsilon, Initial residual = 0.000166454, Final residual = 9.03961e-06, No Iterations 3
smoothSolver:  Solving for k, Initial residual = 0.000246983, Final residual = 1.42282e-05, No Iterations 4
ExecutionTime = 8.16 s  ClockTime = 10 s

Time = 287

smoothSolver:  Solving for Ux, Initial residual = 0.0002031, Final residual = 1.88453e-05, No Iterations 5
smoothSolver:  Solving for Uy, Initial residual = 0.00204899, Final residual = 0.000146408, No Iterations 5
GAMG:  Solving for p, Initial residual = 0.0026981, Final residual = 0.000257087, No Iterations 3
time step continuity errors : sum local = 0.0239508, global = -0.00225209, cumulative = 1.78476
smoothSolver:  Solving for epsilon, Initial residual = 0.000159894, Final residual = 8.84016e-06, No Iterations 3
smoothSolver:  Solving for k, Initial residual = 0.000235004, Final residual = 1.38206e-05, No Iterations 4
ExecutionTime = 8.18 s  ClockTime = 10 s

Time = 288

smoothSolver:  Solving for Ux, Initial residual = 0.000197042, Final residual = 1.80465e-05, No Iterations 5
smoothSolver:  Solving for Uy, Initial residual = 0.00175951, Final residual = 0.000141195, No Iterations 5
GAMG:  Solving for p, Initial residual = 0.00268092, Final residual = 0.00021541, No Iterations 3
time step continuity errors : sum local = 0.0200703, global = 0.0016015, cumulative = 1.78636
smoothSolver:  Solving for epsilon, Initial residual = 0.00015244, Final residual = 8.72698e-06, No Iterations 3
smoothSolver:  Solving for k, Initial residual = 0.000230695, Final residual = 1.34956e-05, No Iterations 4
ExecutionTime = 8.21 s  ClockTime = 10 s

Time = 289

smoothSolver:  Solving for Ux, Initial residual = 0.000199327, Final residual = 1.75996e-05, No Iterations 5
smoothSolver:  Solving for Uy, Initial residual = 0.00202822, Final residual = 0.000136778, No Iterations 5
GAMG:  Solving for p, Initial residual = 0.00287336, Final residual = 0.000210429, No Iterations 3
time step continuity errors : sum local = 0.0195848, global = -0.0012318, cumulative = 1.78513
smoothSolver:  Solving for epsilon, Initial residual = 0.000156056, Final residual = 8.53063e-06, No Iterations 3
smoothSolver:  Solving for k, Initial residual = 0.000221632, Final residual = 1.30982e-05, No Iterations 4
ExecutionTime = 8.23 s  ClockTime = 10 s

Time = 290

smoothSolver:  Solving for Ux, Initial residual = 0.000183721, Final residual = 1.69998e-05, No Iterations 5
smoothSolver:  Solving for Uy, Initial residual = 0.0017996, Final residual = 0.000133162, No Iterations 5
GAMG:  Solving for p, Initial residual = 0.00237877, Final residual = 0.000187581, No Iterations 3
time step continuity errors : sum local = 0.0174886, global = 0.0019161, cumulative = 1.78705
smoothSolver:  Solving for epsilon, Initial residual = 0.000148796, Final residual = 8.35967e-06, No Iterations 3
bounding epsilon, min: -7.94504 max: 42493.8 average: 1904.29
smoothSolver:  Solving for k, Initial residual = 0.000216782, Final residual = 1.28209e-05, No Iterations 4
ExecutionTime = 8.26 s  ClockTime = 10 s

Time = 291

smoothSolver:  Solving for Ux, Initial residual = 0.000179933, Final residual = 1.65866e-05, No Iterations 5
smoothSolver:  Solving for Uy, Initial residual = 0.0015199, Final residual = 0.000130505, No Iterations 5
GAMG:  Solving for p, Initial residual = 0.00255899, Final residual = 0.000184418, No Iterations 3
time step continuity errors : sum local = 0.0172029, global = 0.00126769, cumulative = 1.78832
smoothSolver:  Solving for epsilon, Initial residual = 0.00014892, Final residual = 8.26146e-06, No Iterations 3
bounding epsilon, min: -31.7592 max: 42497.7 average: 1904.23
smoothSolver:  Solving for k, Initial residual = 0.000208668, Final residual = 1.24783e-05, No Iterations 4
ExecutionTime = 8.29 s  ClockTime = 10 s

Time = 292

smoothSolver:  Solving for Ux, Initial residual = 0.00017153, Final residual = 1.60309e-05, No Iterations 5
smoothSolver:  Solving for Uy, Initial residual = 0.00140315, Final residual = 0.000128111, No Iterations 5
GAMG:  Solving for p, Initial residual = 0.00327596, Final residual = 0.000188841, No Iterations 3
time step continuity errors : sum local = 0.0176669, global = 0.00141579, cumulative = 1.78973
smoothSolver:  Solving for epsilon, Initial residual = 0.00014684, Final residual = 8.08435e-06, No Iterations 3
bounding epsilon, min: -7.50857 max: 42512.2 average: 1904.13
smoothSolver:  Solving for k, Initial residual = 0.000206414, Final residual = 1.22522e-05, No Iterations 4
ExecutionTime = 8.31 s  ClockTime = 10 s

Time = 293

smoothSolver:  Solving for Ux, Initial residual = 0.000165348, Final residual = 1.54779e-05, No Iterations 5
smoothSolver:  Solving for Uy, Initial residual = 0.00131443, Final residual = 0.000125673, No Iterations 5
GAMG:  Solving for p, Initial residual = 0.00223168, Final residual = 0.000173429, No Iterations 3
time step continuity errors : sum local = 0.0162688, global = 0.00147422, cumulative = 1.79121
smoothSolver:  Solving for epsilon, Initial residual = 0.000143975, Final residual = 7.97566e-06, No Iterations 3
bounding epsilon, min: -14.9701 max: 42492 average: 1903.98
smoothSolver:  Solving for k, Initial residual = 0.00019915, Final residual = 1.19364e-05, No Iterations 4
ExecutionTime = 8.33 s  ClockTime = 10 s

Time = 294

smoothSolver:  Solving for Ux, Initial residual = 0.000156211, Final residual = 1.49468e-05, No Iterations 5
smoothSolver:  Solving for Uy, Initial residual = 0.00123762, Final residual = 0.000122866, No Iterations 5
GAMG:  Solving for p, Initial residual = 0.00193628, Final residual = 0.000176295, No Iterations 3
time step continuity errors : sum local = 0.0165652, global = 0.00156246, cumulative = 1.79277
smoothSolver:  Solving for epsilon, Initial residual = 0.00013992, Final residual = 7.84737e-06, No Iterations 3
bounding epsilon, min: -11.437 max: 42463.4 average: 1903.81
smoothSolver:  Solving for k, Initial residual = 0.000196333, Final residual = 1.17199e-05, No Iterations 4
ExecutionTime = 8.35 s  ClockTime = 11 s

Time = 295

smoothSolver:  Solving for Ux, Initial residual = 0.0001488, Final residual = 1.4419e-05, No Iterations 5
smoothSolver:  Solving for Uy, Initial residual = 0.00120132, Final residual = 0.000119774, No Iterations 5
GAMG:  Solving for p, Initial residual = 0.00180951, Final residual = 0.000166286, No Iterations 3
time step continuity errors : sum local = 0.0156559, global = 0.0012909, cumulative = 1.79406
smoothSolver:  Solving for epsilon, Initial residual = 0.000139308, Final residual = 7.73919e-06, No Iterations 3
smoothSolver:  Solving for k, Initial residual = 0.000190368, Final residual = 1.14635e-05, No Iterations 4
ExecutionTime = 8.38 s  ClockTime = 11 s

Time = 296

smoothSolver:  Solving for Ux, Initial residual = 0.000144067, Final residual = 1.3879e-05, No Iterations 5
smoothSolver:  Solving for Uy, Initial residual = 0.00119264, Final residual = 0.000116485, No Iterations 5
GAMG:  Solving for p, Initial residual = 0.00166856, Final residual = 0.000141848, No Iterations 4
time step continuity errors : sum local = 0.0133738, global = -0.00145549, cumulative = 1.7926
smoothSolver:  Solving for epsilon, Initial residual = 0.000133729, Final residual = 7.62412e-06, No Iterations 3
smoothSolver:  Solving for k, Initial residual = 0.00018819, Final residual = 1.12444e-05, No Iterations 4
ExecutionTime = 8.41 s  ClockTime = 11 s

Time = 297

smoothSolver:  Solving for Ux, Initial residual = 0.00014359, Final residual = 1.34559e-05, No Iterations 5
smoothSolver:  Solving for Uy, Initial residual = 0.00133627, Final residual = 0.000113012, No Iterations 5
GAMG:  Solving for p, Initial residual = 0.00221505, Final residual = 0.00017262, No Iterations 3
time step continuity errors : sum local = 0.0162725, global = 0.00117363, cumulative = 1.79378
smoothSolver:  Solving for epsilon, Initial residual = 0.000136701, Final residual = 7.50419e-06, No Iterations 3
smoothSolver:  Solving for k, Initial residual = 0.000185161, Final residual = 1.09733e-05, No Iterations 4
ExecutionTime = 8.43 s  ClockTime = 11 s

Time = 298

smoothSolver:  Solving for Ux, Initial residual = 0.000138189, Final residual = 1.31456e-05, No Iterations 5
smoothSolver:  Solving for Uy, Initial residual = 0.0013398, Final residual = 0.000109279, No Iterations 5
GAMG:  Solving for p, Initial residual = 0.00215491, Final residual = 0.000178814, No Iterations 3
time step continuity errors : sum local = 0.0168593, global = 0.00116086, cumulative = 1.79494
smoothSolver:  Solving for epsilon, Initial residual = 0.000133727, Final residual = 7.33511e-06, No Iterations 3
smoothSolver:  Solving for k, Initial residual = 0.000181454, Final residual = 1.07276e-05, No Iterations 4
ExecutionTime = 8.45 s  ClockTime = 11 s

Time = 299

smoothSolver:  Solving for Ux, Initial residual = 0.000136474, Final residual = 1.27147e-05, No Iterations 5
smoothSolver:  Solving for Uy, Initial residual = 0.00151403, Final residual = 0.000104878, No Iterations 5
GAMG:  Solving for p, Initial residual = 0.00277562, Final residual = 0.000188909, No Iterations 3
time step continuity errors : sum local = 0.0177717, global = 0.00106841, cumulative = 1.79601
smoothSolver:  Solving for epsilon, Initial residual = 0.000136842, Final residual = 7.22471e-06, No Iterations 3
smoothSolver:  Solving for k, Initial residual = 0.000178578, Final residual = 1.04723e-05, No Iterations 4
ExecutionTime = 8.48 s  ClockTime = 11 s

Time = 300

smoothSolver:  Solving for Ux, Initial residual = 0.00013144, Final residual = 1.23015e-05, No Iterations 5
smoothSolver:  Solving for Uy, Initial residual = 0.00139248, Final residual = 0.000100515, No Iterations 5
GAMG:  Solving for p, Initial residual = 0.00197267, Final residual = 0.000175758, No Iterations 3
time step continuity errors : sum local = 0.0165422, global = 0.00103531, cumulative = 1.79704
smoothSolver:  Solving for epsilon, Initial residual = 0.000132534, Final residual = 7.04762e-06, No Iterations 3
bounding epsilon, min: -2.19184 max: 42398.2 average: 1902.88
smoothSolver:  Solving for k, Initial residual = 0.000174363, Final residual = 1.02181e-05, No Iterations 4
ExecutionTime = 8.58 s  ClockTime = 11 s

streamLine streamlines write:
    seeded 10 particles
    Tracks:10
    Total samples:11950
Time = 301

smoothSolver:  Solving for Ux, Initial residual = 0.000128679, Final residual = 1.19866e-05, No Iterations 5
smoothSolver:  Solving for Uy, Initial residual = 0.00117459, Final residual = 9.64961e-05, No Iterations 5
GAMG:  Solving for p, Initial residual = 0.00205429, Final residual = 0.000159433, No Iterations 3
time step continuity errors : sum local = 0.0150029, global = 0.000806064, cumulative = 1.79785
smoothSolver:  Solving for epsilon, Initial residual = 0.000132661, Final residual = 6.94202e-06, No Iterations 3
bounding epsilon, min: -39.5066 max: 42400.2 average: 1902.81
smoothSolver:  Solving for k, Initial residual = 0.000171589, Final residual = 9.9784e-06, No Iterations 4
ExecutionTime = 8.62 s  ClockTime = 11 s

Time = 302

smoothSolver:  Solving for Ux, Initial residual = 0.000124962, Final residual = 1.1684e-05, No Iterations 5
smoothSolver:  Solving for Uy, Initial residual = 0.00112913, Final residual = 9.2427e-05, No Iterations 5
GAMG:  Solving for p, Initial residual = 0.00278578, Final residual = 0.000270388, No Iterations 2
time step continuity errors : sum local = 0.0254985, global = -0.00140771, cumulative = 1.79644
smoothSolver:  Solving for epsilon, Initial residual = 0.000134601, Final residual = 1.3412e-05, No Iterations 2
bounding epsilon, min: -3.31382 max: 42424.5 average: 1902.76
smoothSolver:  Solving for k, Initial residual = 0.000166178, Final residual = 9.79412e-06, No Iterations 4
ExecutionTime = 8.64 s  ClockTime = 11 s

Time = 303

smoothSolver:  Solving for Ux, Initial residual = 0.000122888, Final residual = 1.14531e-05, No Iterations 5
smoothSolver:  Solving for Uy, Initial residual = 0.00104027, Final residual = 8.8054e-05, No Iterations 5
GAMG:  Solving for p, Initial residual = 0.00182327, Final residual = 0.00016861, No Iterations 3
time step continuity errors : sum local = 0.0159241, global = 0.000968091, cumulative = 1.79741
smoothSolver:  Solving for epsilon, Initial residual = 0.000131325, Final residual = 6.72587e-06, No Iterations 3
smoothSolver:  Solving for k, Initial residual = 0.000163803, Final residual = 9.59507e-06, No Iterations 4
ExecutionTime = 8.67 s  ClockTime = 11 s

Time = 304

smoothSolver:  Solving for Ux, Initial residual = 0.000117692, Final residual = 1.12089e-05, No Iterations 5
smoothSolver:  Solving for Uy, Initial residual = 0.000963597, Final residual = 8.36835e-05, No Iterations 5
GAMG:  Solving for p, Initial residual = 0.00139848, Final residual = 0.000119245, No Iterations 4
time step continuity errors : sum local = 0.0112745, global = -0.000578023, cumulative = 1.79683
smoothSolver:  Solving for epsilon, Initial residual = 0.000120551, Final residual = 6.46962e-06, No Iterations 3
smoothSolver:  Solving for k, Initial residual = 0.000158492, Final residual = 9.3049e-06, No Iterations 4
ExecutionTime = 8.7 s  ClockTime = 11 s


SIMPLE solution converged in 304 iterations

streamLine streamlines write:
    seeded 10 particles
    Tracks:10
    Total samples:11950
End

