/*---------------------------------------------------------------------------*\
| =========                 |                                                 |
| \\      /  F ield         | OpenFOAM: The Open Source CFD Toolbox           |
|  \\    /   O peration     | Version:  2512                                  |
|   \\  /    A nd           | Website:  www.openfoam.com                      |
|    \\/     M anipulation  |                                                 |
\*---------------------------------------------------------------------------*/
Build  : _bd2b6720-20260127 OPENFOAM=2512 version=2512
Arch   : "LSB;label=32;scalar=64"
Exec   : scalarTransportFoam
Date   : Oct 04 2026
Time   : 00:39:26
Host   : shark-VMware-Virtual-Platform
PID    : 18498
--> FOAM Warning : 
    From Foam::fileName Foam::cwd_L()
    in file POSIX.C at line 554
    PWD is not the cwd() - reverting to physical description
I/O    : uncollated
--> FOAM Warning : 
    From Foam::fileName Foam::cwd_L()
    in file POSIX.C at line 554
    PWD is not the cwd() - reverting to physical description
Case   : /mnt/hgfs/UbuntuShareFolder/.foamlab-build/town-training-20261004/scalar-lowdiff
nProcs : 1
trapFpe: Floating point exception trapping enabled (FOAM_SIGFPE).
memory pool : not available
fileModificationChecking : Monitoring run-time modified files using timeStampMaster (fileModificationSkew 5, maxFileModificationPolls 20)
allowSystemOperations : Allowing user-supplied system call operations

// * * * * * * * * * * * * * * * * * * * * * * * * * * * * * * * * * * * * * //
Create time

Create mesh for time = 0


SIMPLE: no convergence criteria found. Calculations will run for 0.1 steps.

Reading field T

Reading field U

Reading transportProperties

Reading diffusivity DT

Reading/calculating face flux field phi

No finite volume options present

Calculating scalar transport

Courant Number mean: 0.45058 max: 1.97018
Time = 0.0001

DILUPBiCGStab:  Solving for T, Initial residual = 1, Final residual = 2.31898e-07, No Iterations 3
Time = 0.0002

DILUPBiCGStab:  Solving for T, Initial residual = 0.189235, Final residual = 6.06762e-07, No Iterations 3
Time = 0.0003

DILUPBiCGStab:  Solving for T, Initial residual = 0.106998, Final residual = 4.53478e-07, No Iterations 3
Time = 0.0004

DILUPBiCGStab:  Solving for T, Initial residual = 0.0780582, Final residual = 4.98962e-09, No Iterations 4
Time = 0.0005

DILUPBiCGStab:  Solving for T, Initial residual = 0.0602493, Final residual = 1.53466e-07, No Iterations 3
Time = 0.0006

DILUPBiCGStab:  Solving for T, Initial residual = 0.0517376, Final residual = 2.97197e-07, No Iterations 3
Time = 0.0007

DILUPBiCGStab:  Solving for T, Initial residual = 0.0435232, Final residual = 2.00109e-07, No Iterations 3
Time = 0.0008

DILUPBiCGStab:  Solving for T, Initial residual = 0.0368346, Final residual = 1.77643e-07, No Iterations 3
Time = 0.0009

DILUPBiCGStab:  Solving for T, Initial residual = 0.0323552, Final residual = 1.69253e-07, No Iterations 3
Time = 0.001

DILUPBiCGStab:  Solving for T, Initial residual = 0.0288729, Final residual = 1.68212e-07, No Iterations 3
Time = 0.0011

DILUPBiCGStab:  Solving for T, Initial residual = 0.0256489, Final residual = 1.68649e-07, No Iterations 3
Time = 0.0012

DILUPBiCGStab:  Solving for T, Initial residual = 0.0234284, Final residual = 1.70253e-07, No Iterations 3
Time = 0.0013

DILUPBiCGStab:  Solving for T, Initial residual = 0.0213133, Final residual = 1.73265e-07, No Iterations 3
Time = 0.0014

DILUPBiCGStab:  Solving for T, Initial residual = 0.0195109, Final residual = 1.77135e-07, No Iterations 3
Time = 0.0015

DILUPBiCGStab:  Solving for T, Initial residual = 0.0179739, Final residual = 1.80542e-07, No Iterations 3
Time = 0.0016

DILUPBiCGStab:  Solving for T, Initial residual = 0.016604, Final residual = 1.83618e-07, No Iterations 3
Time = 0.0017

DILUPBiCGStab:  Solving for T, Initial residual = 0.0154406, Final residual = 1.85568e-07, No Iterations 3
Time = 0.0018

DILUPBiCGStab:  Solving for T, Initial residual = 0.0143445, Final residual = 1.84877e-07, No Iterations 3
Time = 0.0019

DILUPBiCGStab:  Solving for T, Initial residual = 0.0134232, Final residual = 1.81512e-07, No Iterations 3
Time = 0.002

DILUPBiCGStab:  Solving for T, Initial residual = 0.0125545, Final residual = 1.75227e-07, No Iterations 3
Time = 0.0021

DILUPBiCGStab:  Solving for T, Initial residual = 0.0117841, Final residual = 1.66544e-07, No Iterations 3
Time = 0.0022

DILUPBiCGStab:  Solving for T, Initial residual = 0.0110907, Final residual = 1.5625e-07, No Iterations 3
Time = 0.0023

DILUPBiCGStab:  Solving for T, Initial residual = 0.0104433, Final residual = 1.45051e-07, No Iterations 3
Time = 0.0024

DILUPBiCGStab:  Solving for T, Initial residual = 0.00988286, Final residual = 9.62455e-07, No Iterations 2
Time = 0.0025

DILUPBiCGStab:  Solving for T, Initial residual = 0.00935416, Final residual = 8.82346e-07, No Iterations 2
Time = 0.0026

DILUPBiCGStab:  Solving for T, Initial residual = 0.00888299, Final residual = 8.05097e-07, No Iterations 2
Time = 0.0027

DILUPBiCGStab:  Solving for T, Initial residual = 0.00845437, Final residual = 7.31456e-07, No Iterations 2
Time = 0.0028

DILUPBiCGStab:  Solving for T, Initial residual = 0.00806211, Final residual = 6.61738e-07, No Iterations 2
Time = 0.0029

DILUPBiCGStab:  Solving for T, Initial residual = 0.00770464, Final residual = 5.98421e-07, No Iterations 2
Time = 0.003

DILUPBiCGStab:  Solving for T, Initial residual = 0.00738359, Final residual = 5.41754e-07, No Iterations 2
Time = 0.0031

DILUPBiCGStab:  Solving for T, Initial residual = 0.00708762, Final residual = 4.91049e-07, No Iterations 2
Time = 0.0032

DILUPBiCGStab:  Solving for T, Initial residual = 0.00681603, Final residual = 4.46454e-07, No Iterations 2
Time = 0.0033

DILUPBiCGStab:  Solving for T, Initial residual = 0.00656813, Final residual = 4.07163e-07, No Iterations 2
Time = 0.0034

DILUPBiCGStab:  Solving for T, Initial residual = 0.00634151, Final residual = 3.72352e-07, No Iterations 2
Time = 0.0035

DILUPBiCGStab:  Solving for T, Initial residual = 0.00613286, Final residual = 3.41548e-07, No Iterations 2
Time = 0.0036

DILUPBiCGStab:  Solving for T, Initial residual = 0.00593988, Final residual = 3.14023e-07, No Iterations 2
Time = 0.0037

DILUPBiCGStab:  Solving for T, Initial residual = 0.00575933, Final residual = 2.89302e-07, No Iterations 2
Time = 0.0038

DILUPBiCGStab:  Solving for T, Initial residual = 0.00559281, Final residual = 2.66953e-07, No Iterations 2
Time = 0.0039

DILUPBiCGStab:  Solving for T, Initial residual = 0.00543835, Final residual = 2.46638e-07, No Iterations 2
Time = 0.004

DILUPBiCGStab:  Solving for T, Initial residual = 0.00529414, Final residual = 2.28184e-07, No Iterations 2
Time = 0.0041

DILUPBiCGStab:  Solving for T, Initial residual = 0.00515911, Final residual = 2.1147e-07, No Iterations 2
Time = 0.0042

DILUPBiCGStab:  Solving for T, Initial residual = 0.00503283, Final residual = 1.96454e-07, No Iterations 2
Time = 0.0043

DILUPBiCGStab:  Solving for T, Initial residual = 0.00491452, Final residual = 1.8289e-07, No Iterations 2
Time = 0.0044

DILUPBiCGStab:  Solving for T, Initial residual = 0.0048031, Final residual = 1.70558e-07, No Iterations 2
Time = 0.0045

DILUPBiCGStab:  Solving for T, Initial residual = 0.00469807, Final residual = 1.59276e-07, No Iterations 2
Time = 0.0046

DILUPBiCGStab:  Solving for T, Initial residual = 0.00459899, Final residual = 1.48955e-07, No Iterations 2
Time = 0.0047

DILUPBiCGStab:  Solving for T, Initial residual = 0.00450552, Final residual = 1.3948e-07, No Iterations 2
Time = 0.0048

DILUPBiCGStab:  Solving for T, Initial residual = 0.00441704, Final residual = 1.30778e-07, No Iterations 2
Time = 0.0049

DILUPBiCGStab:  Solving for T, Initial residual = 0.00433315, Final residual = 1.22768e-07, No Iterations 2
Time = 0.005

DILUPBiCGStab:  Solving for T, Initial residual = 0.00425345, Final residual = 1.15381e-07, No Iterations 2
Time = 0.0051

DILUPBiCGStab:  Solving for T, Initial residual = 0.00417769, Final residual = 1.08565e-07, No Iterations 2
Time = 0.0052

DILUPBiCGStab:  Solving for T, Initial residual = 0.00410562, Final residual = 1.02276e-07, No Iterations 2
Time = 0.0053

DILUPBiCGStab:  Solving for T, Initial residual = 0.00403698, Final residual = 9.82887e-07, No Iterations 2
Time = 0.0054

DILUPBiCGStab:  Solving for T, Initial residual = 0.00397151, Final residual = 9.35886e-07, No Iterations 2
Time = 0.0055

DILUPBiCGStab:  Solving for T, Initial residual = 0.00390897, Final residual = 8.9232e-07, No Iterations 2
Time = 0.0056

DILUPBiCGStab:  Solving for T, Initial residual = 0.00384916, Final residual = 8.5173e-07, No Iterations 2
Time = 0.0057

DILUPBiCGStab:  Solving for T, Initial residual = 0.00379192, Final residual = 8.13755e-07, No Iterations 2
Time = 0.0058

DILUPBiCGStab:  Solving for T, Initial residual = 0.00373709, Final residual = 7.78153e-07, No Iterations 2
Time = 0.0059

DILUPBiCGStab:  Solving for T, Initial residual = 0.00368454, Final residual = 7.4476e-07, No Iterations 2
Time = 0.006

DILUPBiCGStab:  Solving for T, Initial residual = 0.00363413, Final residual = 7.13349e-07, No Iterations 2
Time = 0.0061

DILUPBiCGStab:  Solving for T, Initial residual = 0.00358574, Final residual = 6.83828e-07, No Iterations 2
Time = 0.0062

DILUPBiCGStab:  Solving for T, Initial residual = 0.00353925, Final residual = 6.56013e-07, No Iterations 2
Time = 0.0063

DILUPBiCGStab:  Solving for T, Initial residual = 0.00349454, Final residual = 6.29801e-07, No Iterations 2
Time = 0.0064

DILUPBiCGStab:  Solving for T, Initial residual = 0.00345151, Final residual = 6.05069e-07, No Iterations 2
Time = 0.0065

DILUPBiCGStab:  Solving for T, Initial residual = 0.00341007, Final residual = 5.81712e-07, No Iterations 2
Time = 0.0066

DILUPBiCGStab:  Solving for T, Initial residual = 0.00337013, Final residual = 5.59627e-07, No Iterations 2
Time = 0.0067

DILUPBiCGStab:  Solving for T, Initial residual = 0.00333162, Final residual = 5.38716e-07, No Iterations 2
Time = 0.0068

DILUPBiCGStab:  Solving for T, Initial residual = 0.00329446, Final residual = 5.18928e-07, No Iterations 2
Time = 0.0069

DILUPBiCGStab:  Solving for T, Initial residual = 0.00325858, Final residual = 5.00141e-07, No Iterations 2
Time = 0.007

DILUPBiCGStab:  Solving for T, Initial residual = 0.00322393, Final residual = 4.82323e-07, No Iterations 2
Time = 0.0071

DILUPBiCGStab:  Solving for T, Initial residual = 0.00319044, Final residual = 4.65392e-07, No Iterations 2
Time = 0.0072

DILUPBiCGStab:  Solving for T, Initial residual = 0.00315806, Final residual = 4.49291e-07, No Iterations 2
Time = 0.0073

DILUPBiCGStab:  Solving for T, Initial residual = 0.00312674, Final residual = 4.33974e-07, No Iterations 2
Time = 0.0074

DILUPBiCGStab:  Solving for T, Initial residual = 0.00309643, Final residual = 4.19396e-07, No Iterations 2
Time = 0.0075

DILUPBiCGStab:  Solving for T, Initial residual = 0.00306707, Final residual = 4.0551e-07, No Iterations 2
Time = 0.0076

DILUPBiCGStab:  Solving for T, Initial residual = 0.00303863, Final residual = 3.92266e-07, No Iterations 2
Time = 0.0077

DILUPBiCGStab:  Solving for T, Initial residual = 0.00301107, Final residual = 3.79631e-07, No Iterations 2
Time = 0.0078

DILUPBiCGStab:  Solving for T, Initial residual = 0.00298435, Final residual = 3.67554e-07, No Iterations 2
Time = 0.0079

DILUPBiCGStab:  Solving for T, Initial residual = 0.00295842, Final residual = 3.5601e-07, No Iterations 2
Time = 0.008

DILUPBiCGStab:  Solving for T, Initial residual = 0.00293326, Final residual = 3.44963e-07, No Iterations 2
Time = 0.0081

DILUPBiCGStab:  Solving for T, Initial residual = 0.00290884, Final residual = 3.3438e-07, No Iterations 2
Time = 0.0082

DILUPBiCGStab:  Solving for T, Initial residual = 0.00288513, Final residual = 3.24239e-07, No Iterations 2
Time = 0.0083

DILUPBiCGStab:  Solving for T, Initial residual = 0.0028621, Final residual = 3.14511e-07, No Iterations 2
Time = 0.0084

DILUPBiCGStab:  Solving for T, Initial residual = 0.00283972, Final residual = 3.05165e-07, No Iterations 2
Time = 0.0085

DILUPBiCGStab:  Solving for T, Initial residual = 0.00281798, Final residual = 2.96204e-07, No Iterations 2
Time = 0.0086

DILUPBiCGStab:  Solving for T, Initial residual = 0.00279685, Final residual = 2.87604e-07, No Iterations 2
Time = 0.0087

DILUPBiCGStab:  Solving for T, Initial residual = 0.0027763, Final residual = 2.79338e-07, No Iterations 2
Time = 0.0088

DILUPBiCGStab:  Solving for T, Initial residual = 0.00275631, Final residual = 2.71387e-07, No Iterations 2
Time = 0.0089

DILUPBiCGStab:  Solving for T, Initial residual = 0.00273684, Final residual = 2.63727e-07, No Iterations 2
Time = 0.009

DILUPBiCGStab:  Solving for T, Initial residual = 0.00271787, Final residual = 2.56339e-07, No Iterations 2
Time = 0.0091

DILUPBiCGStab:  Solving for T, Initial residual = 0.00269941, Final residual = 2.49214e-07, No Iterations 2
Time = 0.0092

DILUPBiCGStab:  Solving for T, Initial residual = 0.00268143, Final residual = 2.42343e-07, No Iterations 2
Time = 0.0093

DILUPBiCGStab:  Solving for T, Initial residual = 0.00266393, Final residual = 2.35725e-07, No Iterations 2
Time = 0.0094

DILUPBiCGStab:  Solving for T, Initial residual = 0.00264689, Final residual = 2.29341e-07, No Iterations 2
Time = 0.0095

DILUPBiCGStab:  Solving for T, Initial residual = 0.00263029, Final residual = 2.23178e-07, No Iterations 2
Time = 0.0096

DILUPBiCGStab:  Solving for T, Initial residual = 0.00261408, Final residual = 2.17219e-07, No Iterations 2
Time = 0.0097

DILUPBiCGStab:  Solving for T, Initial residual = 0.00259825, Final residual = 2.11461e-07, No Iterations 2
Time = 0.0098

DILUPBiCGStab:  Solving for T, Initial residual = 0.00258285, Final residual = 2.05896e-07, No Iterations 2
Time = 0.0099

DILUPBiCGStab:  Solving for T, Initial residual = 0.00256783, Final residual = 2.00508e-07, No Iterations 2
Time = 0.01

DILUPBiCGStab:  Solving for T, Initial residual = 0.00255319, Final residual = 1.95307e-07, No Iterations 2
Time = 0.0101

DILUPBiCGStab:  Solving for T, Initial residual = 0.00253888, Final residual = 1.90291e-07, No Iterations 2
Time = 0.0102

DILUPBiCGStab:  Solving for T, Initial residual = 0.0025249, Final residual = 1.85441e-07, No Iterations 2
Time = 0.0103

DILUPBiCGStab:  Solving for T, Initial residual = 0.00251127, Final residual = 1.80744e-07, No Iterations 2
Time = 0.0104

DILUPBiCGStab:  Solving for T, Initial residual = 0.00249799, Final residual = 1.76198e-07, No Iterations 2
Time = 0.0105

DILUPBiCGStab:  Solving for T, Initial residual = 0.00248501, Final residual = 1.71794e-07, No Iterations 2
Time = 0.0106

DILUPBiCGStab:  Solving for T, Initial residual = 0.00247231, Final residual = 1.67522e-07, No Iterations 2
Time = 0.0107

DILUPBiCGStab:  Solving for T, Initial residual = 0.00245991, Final residual = 1.63385e-07, No Iterations 2
Time = 0.0108

DILUPBiCGStab:  Solving for T, Initial residual = 0.00244782, Final residual = 1.59369e-07, No Iterations 2
Time = 0.0109

DILUPBiCGStab:  Solving for T, Initial residual = 0.00243601, Final residual = 1.55476e-07, No Iterations 2
Time = 0.011

DILUPBiCGStab:  Solving for T, Initial residual = 0.00242445, Final residual = 1.51699e-07, No Iterations 2
Time = 0.0111

DILUPBiCGStab:  Solving for T, Initial residual = 0.00241315, Final residual = 1.4803e-07, No Iterations 2
Time = 0.0112

DILUPBiCGStab:  Solving for T, Initial residual = 0.00240213, Final residual = 1.44472e-07, No Iterations 2
Time = 0.0113

DILUPBiCGStab:  Solving for T, Initial residual = 0.00239136, Final residual = 1.41023e-07, No Iterations 2
Time = 0.0114

DILUPBiCGStab:  Solving for T, Initial residual = 0.0023808, Final residual = 1.37666e-07, No Iterations 2
Time = 0.0115

DILUPBiCGStab:  Solving for T, Initial residual = 0.00237049, Final residual = 1.34404e-07, No Iterations 2
Time = 0.0116

DILUPBiCGStab:  Solving for T, Initial residual = 0.00236044, Final residual = 1.31247e-07, No Iterations 2
Time = 0.0117

DILUPBiCGStab:  Solving for T, Initial residual = 0.00235059, Final residual = 1.28175e-07, No Iterations 2
Time = 0.0118

DILUPBiCGStab:  Solving for T, Initial residual = 0.00234094, Final residual = 1.25199e-07, No Iterations 2
Time = 0.0119

DILUPBiCGStab:  Solving for T, Initial residual = 0.00233153, Final residual = 1.22314e-07, No Iterations 2
Time = 0.012

DILUPBiCGStab:  Solving for T, Initial residual = 0.00232232, Final residual = 1.19513e-07, No Iterations 2
Time = 0.0121

DILUPBiCGStab:  Solving for T, Initial residual = 0.0023133, Final residual = 1.16794e-07, No Iterations 2
Time = 0.0122

DILUPBiCGStab:  Solving for T, Initial residual = 0.00230449, Final residual = 1.14156e-07, No Iterations 2
Time = 0.0123

DILUPBiCGStab:  Solving for T, Initial residual = 0.00229587, Final residual = 1.11593e-07, No Iterations 2
Time = 0.0124

DILUPBiCGStab:  Solving for T, Initial residual = 0.00228743, Final residual = 1.09101e-07, No Iterations 2
Time = 0.0125

DILUPBiCGStab:  Solving for T, Initial residual = 0.00227919, Final residual = 1.06683e-07, No Iterations 2
Time = 0.0126

DILUPBiCGStab:  Solving for T, Initial residual = 0.00227112, Final residual = 1.04334e-07, No Iterations 2
Time = 0.0127

DILUPBiCGStab:  Solving for T, Initial residual = 0.00226321, Final residual = 1.0205e-07, No Iterations 2
Time = 0.0128

DILUPBiCGStab:  Solving for T, Initial residual = 0.00225549, Final residual = 9.98328e-08, No Iterations 2
Time = 0.0129

DILUPBiCGStab:  Solving for T, Initial residual = 0.00224793, Final residual = 9.76767e-08, No Iterations 2
Time = 0.013

DILUPBiCGStab:  Solving for T, Initial residual = 0.00224052, Final residual = 9.55804e-08, No Iterations 2
Time = 0.0131

DILUPBiCGStab:  Solving for T, Initial residual = 0.0022333, Final residual = 9.35434e-08, No Iterations 2
Time = 0.0132

DILUPBiCGStab:  Solving for T, Initial residual = 0.00222621, Final residual = 9.15616e-08, No Iterations 2
Time = 0.0133

DILUPBiCGStab:  Solving for T, Initial residual = 0.00221927, Final residual = 8.96344e-08, No Iterations 2
Time = 0.0134

DILUPBiCGStab:  Solving for T, Initial residual = 0.00221251, Final residual = 8.77605e-08, No Iterations 2
Time = 0.0135

DILUPBiCGStab:  Solving for T, Initial residual = 0.00220586, Final residual = 8.59382e-08, No Iterations 2
Time = 0.0136

DILUPBiCGStab:  Solving for T, Initial residual = 0.00219937, Final residual = 8.41658e-08, No Iterations 2
Time = 0.0137

DILUPBiCGStab:  Solving for T, Initial residual = 0.00219302, Final residual = 8.2441e-08, No Iterations 2
Time = 0.0138

DILUPBiCGStab:  Solving for T, Initial residual = 0.00218679, Final residual = 8.07673e-08, No Iterations 2
Time = 0.0139

DILUPBiCGStab:  Solving for T, Initial residual = 0.00218072, Final residual = 7.91434e-08, No Iterations 2
Time = 0.014

DILUPBiCGStab:  Solving for T, Initial residual = 0.00217477, Final residual = 7.75651e-08, No Iterations 2
Time = 0.0141

DILUPBiCGStab:  Solving for T, Initial residual = 0.00216894, Final residual = 7.60316e-08, No Iterations 2
Time = 0.0142

DILUPBiCGStab:  Solving for T, Initial residual = 0.00216325, Final residual = 7.45436e-08, No Iterations 2
Time = 0.0143

DILUPBiCGStab:  Solving for T, Initial residual = 0.00215767, Final residual = 7.31017e-08, No Iterations 2
Time = 0.0144

DILUPBiCGStab:  Solving for T, Initial residual = 0.00215222, Final residual = 7.17031e-08, No Iterations 2
Time = 0.0145

DILUPBiCGStab:  Solving for T, Initial residual = 0.00214688, Final residual = 7.0348e-08, No Iterations 2
Time = 0.0146

DILUPBiCGStab:  Solving for T, Initial residual = 0.00214166, Final residual = 6.90411e-08, No Iterations 2
Time = 0.0147

DILUPBiCGStab:  Solving for T, Initial residual = 0.00213656, Final residual = 6.77764e-08, No Iterations 2
Time = 0.0148

DILUPBiCGStab:  Solving for T, Initial residual = 0.00213156, Final residual = 6.65541e-08, No Iterations 2
Time = 0.0149

DILUPBiCGStab:  Solving for T, Initial residual = 0.00212669, Final residual = 6.53778e-08, No Iterations 2
Time = 0.015

DILUPBiCGStab:  Solving for T, Initial residual = 0.0021219, Final residual = 6.42393e-08, No Iterations 2
Time = 0.0151

DILUPBiCGStab:  Solving for T, Initial residual = 0.00211724, Final residual = 6.31413e-08, No Iterations 2
Time = 0.0152

DILUPBiCGStab:  Solving for T, Initial residual = 0.00211267, Final residual = 6.20858e-08, No Iterations 2
Time = 0.0153

DILUPBiCGStab:  Solving for T, Initial residual = 0.00210821, Final residual = 6.1071e-08, No Iterations 2
Time = 0.0154

DILUPBiCGStab:  Solving for T, Initial residual = 0.00210385, Final residual = 6.00921e-08, No Iterations 2
Time = 0.0155

DILUPBiCGStab:  Solving for T, Initial residual = 0.00209958, Final residual = 5.91538e-08, No Iterations 2
Time = 0.0156

DILUPBiCGStab:  Solving for T, Initial residual = 0.00209542, Final residual = 5.82493e-08, No Iterations 2
Time = 0.0157

DILUPBiCGStab:  Solving for T, Initial residual = 0.00209134, Final residual = 5.73801e-08, No Iterations 2
Time = 0.0158

DILUPBiCGStab:  Solving for T, Initial residual = 0.00208737, Final residual = 5.65464e-08, No Iterations 2
Time = 0.0159

DILUPBiCGStab:  Solving for T, Initial residual = 0.00208348, Final residual = 5.57433e-08, No Iterations 2
Time = 0.016

DILUPBiCGStab:  Solving for T, Initial residual = 0.00207969, Final residual = 9.86595e-07, No Iterations 1
Time = 0.0161

DILUPBiCGStab:  Solving for T, Initial residual = 0.00207599, Final residual = 9.70956e-07, No Iterations 1
Time = 0.0162

DILUPBiCGStab:  Solving for T, Initial residual = 0.00207238, Final residual = 9.55278e-07, No Iterations 1
Time = 0.0163

DILUPBiCGStab:  Solving for T, Initial residual = 0.00206885, Final residual = 9.39975e-07, No Iterations 1
Time = 0.0164

DILUPBiCGStab:  Solving for T, Initial residual = 0.00206541, Final residual = 9.25167e-07, No Iterations 1
Time = 0.0165

DILUPBiCGStab:  Solving for T, Initial residual = 0.00206205, Final residual = 9.10911e-07, No Iterations 1
Time = 0.0166

DILUPBiCGStab:  Solving for T, Initial residual = 0.00205878, Final residual = 8.9713e-07, No Iterations 1
Time = 0.0167

DILUPBiCGStab:  Solving for T, Initial residual = 0.00205559, Final residual = 8.83877e-07, No Iterations 1
Time = 0.0168

DILUPBiCGStab:  Solving for T, Initial residual = 0.00205248, Final residual = 8.71068e-07, No Iterations 1
Time = 0.0169

DILUPBiCGStab:  Solving for T, Initial residual = 0.00204945, Final residual = 8.58698e-07, No Iterations 1
Time = 0.017

DILUPBiCGStab:  Solving for T, Initial residual = 0.0020465, Final residual = 8.4674e-07, No Iterations 1
Time = 0.0171

DILUPBiCGStab:  Solving for T, Initial residual = 0.00204362, Final residual = 8.35104e-07, No Iterations 1
Time = 0.0172

DILUPBiCGStab:  Solving for T, Initial residual = 0.00204082, Final residual = 8.23825e-07, No Iterations 1
Time = 0.0173

DILUPBiCGStab:  Solving for T, Initial residual = 0.00203809, Final residual = 8.12799e-07, No Iterations 1
Time = 0.0174

DILUPBiCGStab:  Solving for T, Initial residual = 0.00203545, Final residual = 8.02067e-07, No Iterations 1
Time = 0.0175

DILUPBiCGStab:  Solving for T, Initial residual = 0.00203287, Final residual = 7.9161e-07, No Iterations 1
Time = 0.0176

DILUPBiCGStab:  Solving for T, Initial residual = 0.00203037, Final residual = 7.81396e-07, No Iterations 1
Time = 0.0177

DILUPBiCGStab:  Solving for T, Initial residual = 0.00202794, Final residual = 7.71411e-07, No Iterations 1
Time = 0.0178

DILUPBiCGStab:  Solving for T, Initial residual = 0.00202557, Final residual = 7.61786e-07, No Iterations 1
Time = 0.0179

DILUPBiCGStab:  Solving for T, Initial residual = 0.00202328, Final residual = 7.52424e-07, No Iterations 1
Time = 0.018

DILUPBiCGStab:  Solving for T, Initial residual = 0.00202105, Final residual = 7.43445e-07, No Iterations 1
Time = 0.0181

DILUPBiCGStab:  Solving for T, Initial residual = 0.00201888, Final residual = 7.34771e-07, No Iterations 1
Time = 0.0182

DILUPBiCGStab:  Solving for T, Initial residual = 0.00201678, Final residual = 7.26344e-07, No Iterations 1
Time = 0.0183

DILUPBiCGStab:  Solving for T, Initial residual = 0.00201474, Final residual = 7.18172e-07, No Iterations 1
Time = 0.0184

DILUPBiCGStab:  Solving for T, Initial residual = 0.00201276, Final residual = 7.10229e-07, No Iterations 1
Time = 0.0185

DILUPBiCGStab:  Solving for T, Initial residual = 0.00201084, Final residual = 7.02517e-07, No Iterations 1
Time = 0.0186

DILUPBiCGStab:  Solving for T, Initial residual = 0.002009, Final residual = 6.9501e-07, No Iterations 1
Time = 0.0187

DILUPBiCGStab:  Solving for T, Initial residual = 0.00200721, Final residual = 6.87698e-07, No Iterations 1
Time = 0.0188

DILUPBiCGStab:  Solving for T, Initial residual = 0.00200548, Final residual = 6.80607e-07, No Iterations 1
Time = 0.0189

DILUPBiCGStab:  Solving for T, Initial residual = 0.00200382, Final residual = 6.73697e-07, No Iterations 1
Time = 0.019

DILUPBiCGStab:  Solving for T, Initial residual = 0.0020022, Final residual = 6.66994e-07, No Iterations 1
Time = 0.0191

DILUPBiCGStab:  Solving for T, Initial residual = 0.00200066, Final residual = 6.60481e-07, No Iterations 1
Time = 0.0192

DILUPBiCGStab:  Solving for T, Initial residual = 0.00199917, Final residual = 6.54151e-07, No Iterations 1
Time = 0.0193

DILUPBiCGStab:  Solving for T, Initial residual = 0.00199773, Final residual = 6.47995e-07, No Iterations 1
Time = 0.0194

DILUPBiCGStab:  Solving for T, Initial residual = 0.00199637, Final residual = 6.42038e-07, No Iterations 1
Time = 0.0195

DILUPBiCGStab:  Solving for T, Initial residual = 0.00199505, Final residual = 6.36234e-07, No Iterations 1
Time = 0.0196

DILUPBiCGStab:  Solving for T, Initial residual = 0.00199379, Final residual = 6.30624e-07, No Iterations 1
Time = 0.0197

DILUPBiCGStab:  Solving for T, Initial residual = 0.0019926, Final residual = 6.25165e-07, No Iterations 1
Time = 0.0198

DILUPBiCGStab:  Solving for T, Initial residual = 0.00199145, Final residual = 6.19913e-07, No Iterations 1
Time = 0.0199

DILUPBiCGStab:  Solving for T, Initial residual = 0.00199037, Final residual = 6.14776e-07, No Iterations 1
Time = 0.02

DILUPBiCGStab:  Solving for T, Initial residual = 0.00198933, Final residual = 6.09826e-07, No Iterations 1
Time = 0.0201

DILUPBiCGStab:  Solving for T, Initial residual = 0.00198835, Final residual = 6.0505e-07, No Iterations 1
Time = 0.0202

DILUPBiCGStab:  Solving for T, Initial residual = 0.00198743, Final residual = 6.0042e-07, No Iterations 1
Time = 0.0203

DILUPBiCGStab:  Solving for T, Initial residual = 0.00198656, Final residual = 5.95915e-07, No Iterations 1
Time = 0.0204

DILUPBiCGStab:  Solving for T, Initial residual = 0.00198575, Final residual = 5.91622e-07, No Iterations 1
Time = 0.0205

DILUPBiCGStab:  Solving for T, Initial residual = 0.00198499, Final residual = 5.87407e-07, No Iterations 1
Time = 0.0206

DILUPBiCGStab:  Solving for T, Initial residual = 0.00198427, Final residual = 5.83402e-07, No Iterations 1
Time = 0.0207

DILUPBiCGStab:  Solving for T, Initial residual = 0.00198361, Final residual = 5.79528e-07, No Iterations 1
Time = 0.0208

DILUPBiCGStab:  Solving for T, Initial residual = 0.00198299, Final residual = 5.75741e-07, No Iterations 1
Time = 0.0209

DILUPBiCGStab:  Solving for T, Initial residual = 0.00198242, Final residual = 5.72156e-07, No Iterations 1
Time = 0.021

DILUPBiCGStab:  Solving for T, Initial residual = 0.00198189, Final residual = 5.68677e-07, No Iterations 1
Time = 0.0211

DILUPBiCGStab:  Solving for T, Initial residual = 0.00198142, Final residual = 5.65356e-07, No Iterations 1
Time = 0.0212

DILUPBiCGStab:  Solving for T, Initial residual = 0.00198099, Final residual = 5.62127e-07, No Iterations 1
Time = 0.0213

DILUPBiCGStab:  Solving for T, Initial residual = 0.00198061, Final residual = 5.59065e-07, No Iterations 1
Time = 0.0214

DILUPBiCGStab:  Solving for T, Initial residual = 0.00198029, Final residual = 5.56074e-07, No Iterations 1
Time = 0.0215

DILUPBiCGStab:  Solving for T, Initial residual = 0.00197999, Final residual = 5.53264e-07, No Iterations 1
Time = 0.0216

DILUPBiCGStab:  Solving for T, Initial residual = 0.00197977, Final residual = 5.50486e-07, No Iterations 1
Time = 0.0217

DILUPBiCGStab:  Solving for T, Initial residual = 0.00197958, Final residual = 5.47921e-07, No Iterations 1
Time = 0.0218

DILUPBiCGStab:  Solving for T, Initial residual = 0.00197945, Final residual = 5.45354e-07, No Iterations 1
Time = 0.0219

DILUPBiCGStab:  Solving for T, Initial residual = 0.00197936, Final residual = 5.42974e-07, No Iterations 1
Time = 0.022

DILUPBiCGStab:  Solving for T, Initial residual = 0.00197931, Final residual = 5.40593e-07, No Iterations 1
Time = 0.0221

DILUPBiCGStab:  Solving for T, Initial residual = 0.00197932, Final residual = 5.38398e-07, No Iterations 1
Time = 0.0222

DILUPBiCGStab:  Solving for T, Initial residual = 0.00197937, Final residual = 5.36154e-07, No Iterations 1
Time = 0.0223

DILUPBiCGStab:  Solving for T, Initial residual = 0.00197947, Final residual = 5.34024e-07, No Iterations 1
Time = 0.0224

DILUPBiCGStab:  Solving for T, Initial residual = 0.00197962, Final residual = 5.31952e-07, No Iterations 1
Time = 0.0225

DILUPBiCGStab:  Solving for T, Initial residual = 0.00197981, Final residual = 5.29844e-07, No Iterations 1
Time = 0.0226

DILUPBiCGStab:  Solving for T, Initial residual = 0.00198005, Final residual = 5.27859e-07, No Iterations 1
Time = 0.0227

DILUPBiCGStab:  Solving for T, Initial residual = 0.00198033, Final residual = 5.25875e-07, No Iterations 1
Time = 0.0228

DILUPBiCGStab:  Solving for T, Initial residual = 0.00198065, Final residual = 5.23834e-07, No Iterations 1
Time = 0.0229

DILUPBiCGStab:  Solving for T, Initial residual = 0.00198103, Final residual = 5.21878e-07, No Iterations 1
Time = 0.023

DILUPBiCGStab:  Solving for T, Initial residual = 0.00198145, Final residual = 5.19919e-07, No Iterations 1
Time = 0.0231

DILUPBiCGStab:  Solving for T, Initial residual = 0.00198191, Final residual = 5.17851e-07, No Iterations 1
Time = 0.0232

DILUPBiCGStab:  Solving for T, Initial residual = 0.00198243, Final residual = 5.15819e-07, No Iterations 1
Time = 0.0233

DILUPBiCGStab:  Solving for T, Initial residual = 0.00198297, Final residual = 5.13818e-07, No Iterations 1
Time = 0.0234

DILUPBiCGStab:  Solving for T, Initial residual = 0.00198356, Final residual = 5.11723e-07, No Iterations 1
Time = 0.0235

DILUPBiCGStab:  Solving for T, Initial residual = 0.0019842, Final residual = 5.09573e-07, No Iterations 1
Time = 0.0236

DILUPBiCGStab:  Solving for T, Initial residual = 0.00198486, Final residual = 5.07504e-07, No Iterations 1
Time = 0.0237

DILUPBiCGStab:  Solving for T, Initial residual = 0.00198558, Final residual = 5.05384e-07, No Iterations 1
Time = 0.0238

DILUPBiCGStab:  Solving for T, Initial residual = 0.00198633, Final residual = 5.0315e-07, No Iterations 1
Time = 0.0239

DILUPBiCGStab:  Solving for T, Initial residual = 0.00198712, Final residual = 5.00893e-07, No Iterations 1
Time = 0.024

DILUPBiCGStab:  Solving for T, Initial residual = 0.00198797, Final residual = 4.98568e-07, No Iterations 1
Time = 0.0241

DILUPBiCGStab:  Solving for T, Initial residual = 0.00198884, Final residual = 4.96151e-07, No Iterations 1
Time = 0.0242

DILUPBiCGStab:  Solving for T, Initial residual = 0.00198976, Final residual = 4.93649e-07, No Iterations 1
Time = 0.0243

DILUPBiCGStab:  Solving for T, Initial residual = 0.00199074, Final residual = 4.91116e-07, No Iterations 1
Time = 0.0244

DILUPBiCGStab:  Solving for T, Initial residual = 0.00199174, Final residual = 4.88564e-07, No Iterations 1
Time = 0.0245

DILUPBiCGStab:  Solving for T, Initial residual = 0.00199279, Final residual = 4.8602e-07, No Iterations 1
Time = 0.0246

DILUPBiCGStab:  Solving for T, Initial residual = 0.00199389, Final residual = 4.83512e-07, No Iterations 1
Time = 0.0247

DILUPBiCGStab:  Solving for T, Initial residual = 0.00199502, Final residual = 4.80939e-07, No Iterations 1
Time = 0.0248

DILUPBiCGStab:  Solving for T, Initial residual = 0.00199619, Final residual = 4.78367e-07, No Iterations 1
Time = 0.0249

DILUPBiCGStab:  Solving for T, Initial residual = 0.00199742, Final residual = 4.75833e-07, No Iterations 1
Time = 0.025

DILUPBiCGStab:  Solving for T, Initial residual = 0.00199869, Final residual = 4.7326e-07, No Iterations 1
Time = 0.0251

DILUPBiCGStab:  Solving for T, Initial residual = 0.00199999, Final residual = 4.7064e-07, No Iterations 1
Time = 0.0252

DILUPBiCGStab:  Solving for T, Initial residual = 0.00200134, Final residual = 4.68068e-07, No Iterations 1
Time = 0.0253

DILUPBiCGStab:  Solving for T, Initial residual = 0.00200274, Final residual = 4.65629e-07, No Iterations 1
Time = 0.0254

DILUPBiCGStab:  Solving for T, Initial residual = 0.00200418, Final residual = 4.63236e-07, No Iterations 1
Time = 0.0255

DILUPBiCGStab:  Solving for T, Initial residual = 0.00200564, Final residual = 4.60892e-07, No Iterations 1
Time = 0.0256

DILUPBiCGStab:  Solving for T, Initial residual = 0.00200716, Final residual = 4.58594e-07, No Iterations 1
Time = 0.0257

DILUPBiCGStab:  Solving for T, Initial residual = 0.00200873, Final residual = 4.56279e-07, No Iterations 1
Time = 0.0258

DILUPBiCGStab:  Solving for T, Initial residual = 0.00201034, Final residual = 4.54005e-07, No Iterations 1
Time = 0.0259

DILUPBiCGStab:  Solving for T, Initial residual = 0.00201197, Final residual = 4.51778e-07, No Iterations 1
Time = 0.026

DILUPBiCGStab:  Solving for T, Initial residual = 0.00201366, Final residual = 4.49555e-07, No Iterations 1
Time = 0.0261

DILUPBiCGStab:  Solving for T, Initial residual = 0.00201539, Final residual = 4.47305e-07, No Iterations 1
Time = 0.0262

DILUPBiCGStab:  Solving for T, Initial residual = 0.00201716, Final residual = 4.45059e-07, No Iterations 1
Time = 0.0263

DILUPBiCGStab:  Solving for T, Initial residual = 0.00201895, Final residual = 4.42972e-07, No Iterations 1
Time = 0.0264

DILUPBiCGStab:  Solving for T, Initial residual = 0.00202081, Final residual = 4.40933e-07, No Iterations 1
Time = 0.0265

DILUPBiCGStab:  Solving for T, Initial residual = 0.00202268, Final residual = 4.38869e-07, No Iterations 1
Time = 0.0266

DILUPBiCGStab:  Solving for T, Initial residual = 0.00202458, Final residual = 4.3679e-07, No Iterations 1
Time = 0.0267

DILUPBiCGStab:  Solving for T, Initial residual = 0.00202655, Final residual = 4.34926e-07, No Iterations 1
Time = 0.0268

DILUPBiCGStab:  Solving for T, Initial residual = 0.00202856, Final residual = 4.33175e-07, No Iterations 1
Time = 0.0269

DILUPBiCGStab:  Solving for T, Initial residual = 0.0020306, Final residual = 4.3146e-07, No Iterations 1
Time = 0.027

DILUPBiCGStab:  Solving for T, Initial residual = 0.00203267, Final residual = 4.29827e-07, No Iterations 1
Time = 0.0271

DILUPBiCGStab:  Solving for T, Initial residual = 0.00203478, Final residual = 4.28373e-07, No Iterations 1
Time = 0.0272

DILUPBiCGStab:  Solving for T, Initial residual = 0.00203695, Final residual = 4.26882e-07, No Iterations 1
Time = 0.0273

DILUPBiCGStab:  Solving for T, Initial residual = 0.00203916, Final residual = 4.25303e-07, No Iterations 1
Time = 0.0274

DILUPBiCGStab:  Solving for T, Initial residual = 0.00204138, Final residual = 4.23872e-07, No Iterations 1
Time = 0.0275

DILUPBiCGStab:  Solving for T, Initial residual = 0.00204365, Final residual = 4.22406e-07, No Iterations 1
Time = 0.0276

DILUPBiCGStab:  Solving for T, Initial residual = 0.00204597, Final residual = 4.20899e-07, No Iterations 1
Time = 0.0277

DILUPBiCGStab:  Solving for T, Initial residual = 0.00204832, Final residual = 4.19494e-07, No Iterations 1
Time = 0.0278

DILUPBiCGStab:  Solving for T, Initial residual = 0.0020507, Final residual = 4.18103e-07, No Iterations 1
Time = 0.0279

DILUPBiCGStab:  Solving for T, Initial residual = 0.00205314, Final residual = 4.16679e-07, No Iterations 1
Time = 0.028

DILUPBiCGStab:  Solving for T, Initial residual = 0.0020556, Final residual = 4.15264e-07, No Iterations 1
Time = 0.0281

DILUPBiCGStab:  Solving for T, Initial residual = 0.00205807, Final residual = 4.13856e-07, No Iterations 1
Time = 0.0282

DILUPBiCGStab:  Solving for T, Initial residual = 0.00206059, Final residual = 4.12465e-07, No Iterations 1
Time = 0.0283

DILUPBiCGStab:  Solving for T, Initial residual = 0.00206318, Final residual = 4.11086e-07, No Iterations 1
Time = 0.0284

DILUPBiCGStab:  Solving for T, Initial residual = 0.00206576, Final residual = 4.09758e-07, No Iterations 1
Time = 0.0285

DILUPBiCGStab:  Solving for T, Initial residual = 0.00206835, Final residual = 4.08394e-07, No Iterations 1
Time = 0.0286

DILUPBiCGStab:  Solving for T, Initial residual = 0.00207099, Final residual = 4.07071e-07, No Iterations 1
Time = 0.0287

DILUPBiCGStab:  Solving for T, Initial residual = 0.00207367, Final residual = 4.05761e-07, No Iterations 1
Time = 0.0288

DILUPBiCGStab:  Solving for T, Initial residual = 0.00207636, Final residual = 4.04439e-07, No Iterations 1
Time = 0.0289

DILUPBiCGStab:  Solving for T, Initial residual = 0.00207905, Final residual = 4.0322e-07, No Iterations 1
Time = 0.029

DILUPBiCGStab:  Solving for T, Initial residual = 0.00208174, Final residual = 4.01922e-07, No Iterations 1
Time = 0.0291

DILUPBiCGStab:  Solving for T, Initial residual = 0.00208448, Final residual = 4.00736e-07, No Iterations 1
Time = 0.0292

DILUPBiCGStab:  Solving for T, Initial residual = 0.00208723, Final residual = 3.99498e-07, No Iterations 1
Time = 0.0293

DILUPBiCGStab:  Solving for T, Initial residual = 0.00208995, Final residual = 3.98346e-07, No Iterations 1
Time = 0.0294

DILUPBiCGStab:  Solving for T, Initial residual = 0.00209265, Final residual = 3.97168e-07, No Iterations 1
Time = 0.0295

DILUPBiCGStab:  Solving for T, Initial residual = 0.00209537, Final residual = 3.96014e-07, No Iterations 1
Time = 0.0296

DILUPBiCGStab:  Solving for T, Initial residual = 0.00209808, Final residual = 3.94882e-07, No Iterations 1
Time = 0.0297

DILUPBiCGStab:  Solving for T, Initial residual = 0.00210075, Final residual = 3.93755e-07, No Iterations 1
Time = 0.0298

DILUPBiCGStab:  Solving for T, Initial residual = 0.00210339, Final residual = 3.92626e-07, No Iterations 1
Time = 0.0299

DILUPBiCGStab:  Solving for T, Initial residual = 0.00210597, Final residual = 3.91436e-07, No Iterations 1
Time = 0.03

DILUPBiCGStab:  Solving for T, Initial residual = 0.00210852, Final residual = 3.90344e-07, No Iterations 1
Time = 0.0301

DILUPBiCGStab:  Solving for T, Initial residual = 0.00211102, Final residual = 3.89184e-07, No Iterations 1
Time = 0.0302

DILUPBiCGStab:  Solving for T, Initial residual = 0.00211345, Final residual = 3.88088e-07, No Iterations 1
Time = 0.0303

DILUPBiCGStab:  Solving for T, Initial residual = 0.00211582, Final residual = 3.86935e-07, No Iterations 1
Time = 0.0304

DILUPBiCGStab:  Solving for T, Initial residual = 0.00211807, Final residual = 3.85743e-07, No Iterations 1
Time = 0.0305

DILUPBiCGStab:  Solving for T, Initial residual = 0.00212023, Final residual = 3.846e-07, No Iterations 1
Time = 0.0306

DILUPBiCGStab:  Solving for T, Initial residual = 0.00212229, Final residual = 3.83368e-07, No Iterations 1
Time = 0.0307

DILUPBiCGStab:  Solving for T, Initial residual = 0.00212426, Final residual = 3.82197e-07, No Iterations 1
Time = 0.0308

DILUPBiCGStab:  Solving for T, Initial residual = 0.00212605, Final residual = 3.8092e-07, No Iterations 1
Time = 0.0309

DILUPBiCGStab:  Solving for T, Initial residual = 0.00212765, Final residual = 3.79763e-07, No Iterations 1
Time = 0.031

DILUPBiCGStab:  Solving for T, Initial residual = 0.0021291, Final residual = 3.78503e-07, No Iterations 1
Time = 0.0311

DILUPBiCGStab:  Solving for T, Initial residual = 0.00213042, Final residual = 3.77223e-07, No Iterations 1
Time = 0.0312

DILUPBiCGStab:  Solving for T, Initial residual = 0.00213157, Final residual = 3.75965e-07, No Iterations 1
Time = 0.0313

DILUPBiCGStab:  Solving for T, Initial residual = 0.00213245, Final residual = 3.74614e-07, No Iterations 1
Time = 0.0314

DILUPBiCGStab:  Solving for T, Initial residual = 0.00213305, Final residual = 3.73282e-07, No Iterations 1
Time = 0.0315

DILUPBiCGStab:  Solving for T, Initial residual = 0.00213342, Final residual = 3.71867e-07, No Iterations 1
Time = 0.0316

DILUPBiCGStab:  Solving for T, Initial residual = 0.0021336, Final residual = 3.70502e-07, No Iterations 1
Time = 0.0317

DILUPBiCGStab:  Solving for T, Initial residual = 0.00213351, Final residual = 3.69055e-07, No Iterations 1
Time = 0.0318

DILUPBiCGStab:  Solving for T, Initial residual = 0.00213307, Final residual = 3.67608e-07, No Iterations 1
Time = 0.0319

DILUPBiCGStab:  Solving for T, Initial residual = 0.00213226, Final residual = 3.66108e-07, No Iterations 1
Time = 0.032

DILUPBiCGStab:  Solving for T, Initial residual = 0.00213112, Final residual = 3.6457e-07, No Iterations 1
Time = 0.0321

DILUPBiCGStab:  Solving for T, Initial residual = 0.00212969, Final residual = 3.6296e-07, No Iterations 1
Time = 0.0322

DILUPBiCGStab:  Solving for T, Initial residual = 0.00212792, Final residual = 3.61319e-07, No Iterations 1
Time = 0.0323

DILUPBiCGStab:  Solving for T, Initial residual = 0.00212571, Final residual = 3.59678e-07, No Iterations 1
Time = 0.0324

DILUPBiCGStab:  Solving for T, Initial residual = 0.00212307, Final residual = 3.57989e-07, No Iterations 1
Time = 0.0325

DILUPBiCGStab:  Solving for T, Initial residual = 0.00212, Final residual = 3.562e-07, No Iterations 1
Time = 0.0326

DILUPBiCGStab:  Solving for T, Initial residual = 0.0021165, Final residual = 3.54391e-07, No Iterations 1
Time = 0.0327

DILUPBiCGStab:  Solving for T, Initial residual = 0.00211257, Final residual = 3.52494e-07, No Iterations 1
Time = 0.0328

DILUPBiCGStab:  Solving for T, Initial residual = 0.00210817, Final residual = 3.50647e-07, No Iterations 1
Time = 0.0329

DILUPBiCGStab:  Solving for T, Initial residual = 0.0021033, Final residual = 3.48654e-07, No Iterations 1
Time = 0.033

DILUPBiCGStab:  Solving for T, Initial residual = 0.00209792, Final residual = 3.46632e-07, No Iterations 1
Time = 0.0331

DILUPBiCGStab:  Solving for T, Initial residual = 0.00209199, Final residual = 3.44521e-07, No Iterations 1
Time = 0.0332

DILUPBiCGStab:  Solving for T, Initial residual = 0.00208556, Final residual = 3.4235e-07, No Iterations 1
Time = 0.0333

DILUPBiCGStab:  Solving for T, Initial residual = 0.00207862, Final residual = 3.40077e-07, No Iterations 1
Time = 0.0334

DILUPBiCGStab:  Solving for T, Initial residual = 0.00207119, Final residual = 3.3783e-07, No Iterations 1
Time = 0.0335

DILUPBiCGStab:  Solving for T, Initial residual = 0.00206324, Final residual = 3.35477e-07, No Iterations 1
Time = 0.0336

DILUPBiCGStab:  Solving for T, Initial residual = 0.00205472, Final residual = 3.33084e-07, No Iterations 1
Time = 0.0337

DILUPBiCGStab:  Solving for T, Initial residual = 0.00204561, Final residual = 3.30568e-07, No Iterations 1
Time = 0.0338

DILUPBiCGStab:  Solving for T, Initial residual = 0.00203594, Final residual = 3.28075e-07, No Iterations 1
Time = 0.0339

DILUPBiCGStab:  Solving for T, Initial residual = 0.00202577, Final residual = 3.25532e-07, No Iterations 1
Time = 0.034

DILUPBiCGStab:  Solving for T, Initial residual = 0.0020151, Final residual = 3.22971e-07, No Iterations 1
Time = 0.0341

DILUPBiCGStab:  Solving for T, Initial residual = 0.00200393, Final residual = 3.20301e-07, No Iterations 1
Time = 0.0342

DILUPBiCGStab:  Solving for T, Initial residual = 0.00199219, Final residual = 3.17652e-07, No Iterations 1
Time = 0.0343

DILUPBiCGStab:  Solving for T, Initial residual = 0.00197987, Final residual = 3.14844e-07, No Iterations 1
Time = 0.0344

DILUPBiCGStab:  Solving for T, Initial residual = 0.00196704, Final residual = 3.11957e-07, No Iterations 1
Time = 0.0345

DILUPBiCGStab:  Solving for T, Initial residual = 0.00195375, Final residual = 3.09052e-07, No Iterations 1
Time = 0.0346

DILUPBiCGStab:  Solving for T, Initial residual = 0.00194003, Final residual = 3.06112e-07, No Iterations 1
Time = 0.0347

DILUPBiCGStab:  Solving for T, Initial residual = 0.00192588, Final residual = 3.03125e-07, No Iterations 1
Time = 0.0348

DILUPBiCGStab:  Solving for T, Initial residual = 0.00191124, Final residual = 2.99975e-07, No Iterations 1
Time = 0.0349

DILUPBiCGStab:  Solving for T, Initial residual = 0.00189613, Final residual = 2.96792e-07, No Iterations 1
Time = 0.035

DILUPBiCGStab:  Solving for T, Initial residual = 0.00188061, Final residual = 2.93506e-07, No Iterations 1
Time = 0.0351

DILUPBiCGStab:  Solving for T, Initial residual = 0.0018647, Final residual = 2.90224e-07, No Iterations 1
Time = 0.0352

DILUPBiCGStab:  Solving for T, Initial residual = 0.00184844, Final residual = 2.8684e-07, No Iterations 1
Time = 0.0353

DILUPBiCGStab:  Solving for T, Initial residual = 0.00183189, Final residual = 2.83609e-07, No Iterations 1
Time = 0.0354

DILUPBiCGStab:  Solving for T, Initial residual = 0.001815, Final residual = 2.80619e-07, No Iterations 1
Time = 0.0355

DILUPBiCGStab:  Solving for T, Initial residual = 0.00179776, Final residual = 2.77809e-07, No Iterations 1
Time = 0.0356

DILUPBiCGStab:  Solving for T, Initial residual = 0.00178026, Final residual = 2.75097e-07, No Iterations 1
Time = 0.0357

DILUPBiCGStab:  Solving for T, Initial residual = 0.0017625, Final residual = 2.72478e-07, No Iterations 1
Time = 0.0358

DILUPBiCGStab:  Solving for T, Initial residual = 0.00174452, Final residual = 2.69926e-07, No Iterations 1
Time = 0.0359

DILUPBiCGStab:  Solving for T, Initial residual = 0.00172639, Final residual = 2.67447e-07, No Iterations 1
Time = 0.036

DILUPBiCGStab:  Solving for T, Initial residual = 0.00170815, Final residual = 2.65022e-07, No Iterations 1
Time = 0.0361

DILUPBiCGStab:  Solving for T, Initial residual = 0.00168983, Final residual = 2.62665e-07, No Iterations 1
Time = 0.0362

DILUPBiCGStab:  Solving for T, Initial residual = 0.00167143, Final residual = 2.60309e-07, No Iterations 1
Time = 0.0363

DILUPBiCGStab:  Solving for T, Initial residual = 0.00165294, Final residual = 2.57998e-07, No Iterations 1
Time = 0.0364

DILUPBiCGStab:  Solving for T, Initial residual = 0.00163441, Final residual = 2.55682e-07, No Iterations 1
Time = 0.0365

DILUPBiCGStab:  Solving for T, Initial residual = 0.00161587, Final residual = 2.53433e-07, No Iterations 1
Time = 0.0366

DILUPBiCGStab:  Solving for T, Initial residual = 0.00159734, Final residual = 2.51238e-07, No Iterations 1
Time = 0.0367

DILUPBiCGStab:  Solving for T, Initial residual = 0.00157883, Final residual = 2.49063e-07, No Iterations 1
Time = 0.0368

DILUPBiCGStab:  Solving for T, Initial residual = 0.00156037, Final residual = 2.46837e-07, No Iterations 1
Time = 0.0369

DILUPBiCGStab:  Solving for T, Initial residual = 0.00154194, Final residual = 2.44573e-07, No Iterations 1
Time = 0.037

DILUPBiCGStab:  Solving for T, Initial residual = 0.00152359, Final residual = 2.42285e-07, No Iterations 1
Time = 0.0371

DILUPBiCGStab:  Solving for T, Initial residual = 0.00150537, Final residual = 2.39993e-07, No Iterations 1
Time = 0.0372

DILUPBiCGStab:  Solving for T, Initial residual = 0.00148732, Final residual = 2.37723e-07, No Iterations 1
Time = 0.0373

DILUPBiCGStab:  Solving for T, Initial residual = 0.00146944, Final residual = 2.35429e-07, No Iterations 1
Time = 0.0374

DILUPBiCGStab:  Solving for T, Initial residual = 0.00145174, Final residual = 2.33104e-07, No Iterations 1
Time = 0.0375

DILUPBiCGStab:  Solving for T, Initial residual = 0.00143422, Final residual = 2.30792e-07, No Iterations 1
Time = 0.0376

DILUPBiCGStab:  Solving for T, Initial residual = 0.00141689, Final residual = 2.28475e-07, No Iterations 1
Time = 0.0377

DILUPBiCGStab:  Solving for T, Initial residual = 0.00139977, Final residual = 2.26165e-07, No Iterations 1
Time = 0.0378

DILUPBiCGStab:  Solving for T, Initial residual = 0.00138289, Final residual = 2.23909e-07, No Iterations 1
Time = 0.0379

DILUPBiCGStab:  Solving for T, Initial residual = 0.00136626, Final residual = 2.21648e-07, No Iterations 1
Time = 0.038

DILUPBiCGStab:  Solving for T, Initial residual = 0.00134986, Final residual = 2.19405e-07, No Iterations 1
Time = 0.0381

DILUPBiCGStab:  Solving for T, Initial residual = 0.00133371, Final residual = 2.17253e-07, No Iterations 1
Time = 0.0382

DILUPBiCGStab:  Solving for T, Initial residual = 0.00131782, Final residual = 2.15113e-07, No Iterations 1
Time = 0.0383

DILUPBiCGStab:  Solving for T, Initial residual = 0.0013022, Final residual = 2.13047e-07, No Iterations 1
Time = 0.0384

DILUPBiCGStab:  Solving for T, Initial residual = 0.00128684, Final residual = 2.11085e-07, No Iterations 1
Time = 0.0385

DILUPBiCGStab:  Solving for T, Initial residual = 0.00127172, Final residual = 2.0912e-07, No Iterations 1
Time = 0.0386

DILUPBiCGStab:  Solving for T, Initial residual = 0.00125688, Final residual = 2.07209e-07, No Iterations 1
Time = 0.0387

DILUPBiCGStab:  Solving for T, Initial residual = 0.0012423, Final residual = 2.05285e-07, No Iterations 1
Time = 0.0388

DILUPBiCGStab:  Solving for T, Initial residual = 0.00122799, Final residual = 2.0336e-07, No Iterations 1
Time = 0.0389

DILUPBiCGStab:  Solving for T, Initial residual = 0.00121395, Final residual = 2.01476e-07, No Iterations 1
Time = 0.039

DILUPBiCGStab:  Solving for T, Initial residual = 0.00120017, Final residual = 1.99569e-07, No Iterations 1
Time = 0.0391

DILUPBiCGStab:  Solving for T, Initial residual = 0.00118663, Final residual = 1.9765e-07, No Iterations 1
Time = 0.0392

DILUPBiCGStab:  Solving for T, Initial residual = 0.00117335, Final residual = 1.95759e-07, No Iterations 1
Time = 0.0393

DILUPBiCGStab:  Solving for T, Initial residual = 0.00116033, Final residual = 1.93853e-07, No Iterations 1
Time = 0.0394

DILUPBiCGStab:  Solving for T, Initial residual = 0.00114756, Final residual = 1.91909e-07, No Iterations 1
Time = 0.0395

DILUPBiCGStab:  Solving for T, Initial residual = 0.00113503, Final residual = 1.8996e-07, No Iterations 1
Time = 0.0396

DILUPBiCGStab:  Solving for T, Initial residual = 0.00112274, Final residual = 1.88023e-07, No Iterations 1
Time = 0.0397

DILUPBiCGStab:  Solving for T, Initial residual = 0.00111068, Final residual = 1.86052e-07, No Iterations 1
Time = 0.0398

DILUPBiCGStab:  Solving for T, Initial residual = 0.00109884, Final residual = 1.84065e-07, No Iterations 1
Time = 0.0399

DILUPBiCGStab:  Solving for T, Initial residual = 0.00108723, Final residual = 1.82075e-07, No Iterations 1
Time = 0.04

DILUPBiCGStab:  Solving for T, Initial residual = 0.00107584, Final residual = 1.80088e-07, No Iterations 1
Time = 0.0401

DILUPBiCGStab:  Solving for T, Initial residual = 0.00106465, Final residual = 1.78078e-07, No Iterations 1
Time = 0.0402

DILUPBiCGStab:  Solving for T, Initial residual = 0.00105367, Final residual = 1.76034e-07, No Iterations 1
Time = 0.0403

DILUPBiCGStab:  Solving for T, Initial residual = 0.00104289, Final residual = 1.73958e-07, No Iterations 1
Time = 0.0404

DILUPBiCGStab:  Solving for T, Initial residual = 0.0010323, Final residual = 1.7187e-07, No Iterations 1
Time = 0.0405

DILUPBiCGStab:  Solving for T, Initial residual = 0.00102191, Final residual = 1.69771e-07, No Iterations 1
Time = 0.0406

DILUPBiCGStab:  Solving for T, Initial residual = 0.00101171, Final residual = 1.67648e-07, No Iterations 1
Time = 0.0407

DILUPBiCGStab:  Solving for T, Initial residual = 0.00100168, Final residual = 1.65499e-07, No Iterations 1
Time = 0.0408

DILUPBiCGStab:  Solving for T, Initial residual = 0.00099182, Final residual = 1.63332e-07, No Iterations 1
Time = 0.0409

DILUPBiCGStab:  Solving for T, Initial residual = 0.000982131, Final residual = 1.61147e-07, No Iterations 1
Time = 0.041

DILUPBiCGStab:  Solving for T, Initial residual = 0.000972608, Final residual = 1.58957e-07, No Iterations 1
Time = 0.0411

DILUPBiCGStab:  Solving for T, Initial residual = 0.00096325, Final residual = 1.56753e-07, No Iterations 1
Time = 0.0412

DILUPBiCGStab:  Solving for T, Initial residual = 0.00095405, Final residual = 1.54538e-07, No Iterations 1
Time = 0.0413

DILUPBiCGStab:  Solving for T, Initial residual = 0.000945003, Final residual = 1.52312e-07, No Iterations 1
Time = 0.0414

DILUPBiCGStab:  Solving for T, Initial residual = 0.000936101, Final residual = 1.50075e-07, No Iterations 1
Time = 0.0415

DILUPBiCGStab:  Solving for T, Initial residual = 0.000927338, Final residual = 1.47832e-07, No Iterations 1
Time = 0.0416

DILUPBiCGStab:  Solving for T, Initial residual = 0.000918712, Final residual = 1.45584e-07, No Iterations 1
Time = 0.0417

DILUPBiCGStab:  Solving for T, Initial residual = 0.000910225, Final residual = 1.43338e-07, No Iterations 1
Time = 0.0418

DILUPBiCGStab:  Solving for T, Initial residual = 0.000901875, Final residual = 1.41093e-07, No Iterations 1
Time = 0.0419

DILUPBiCGStab:  Solving for T, Initial residual = 0.000893656, Final residual = 1.38846e-07, No Iterations 1
Time = 0.042

DILUPBiCGStab:  Solving for T, Initial residual = 0.000885562, Final residual = 1.36601e-07, No Iterations 1
Time = 0.0421

DILUPBiCGStab:  Solving for T, Initial residual = 0.000877592, Final residual = 1.3436e-07, No Iterations 1
Time = 0.0422

DILUPBiCGStab:  Solving for T, Initial residual = 0.000869744, Final residual = 1.32126e-07, No Iterations 1
Time = 0.0423

DILUPBiCGStab:  Solving for T, Initial residual = 0.000862018, Final residual = 1.29897e-07, No Iterations 1
Time = 0.0424

DILUPBiCGStab:  Solving for T, Initial residual = 0.000854407, Final residual = 1.27674e-07, No Iterations 1
Time = 0.0425

DILUPBiCGStab:  Solving for T, Initial residual = 0.000846905, Final residual = 1.25459e-07, No Iterations 1
Time = 0.0426

DILUPBiCGStab:  Solving for T, Initial residual = 0.000839508, Final residual = 1.23252e-07, No Iterations 1
Time = 0.0427

DILUPBiCGStab:  Solving for T, Initial residual = 0.000832219, Final residual = 1.21056e-07, No Iterations 1
Time = 0.0428

DILUPBiCGStab:  Solving for T, Initial residual = 0.000825041, Final residual = 1.18874e-07, No Iterations 1
Time = 0.0429

DILUPBiCGStab:  Solving for T, Initial residual = 0.00081797, Final residual = 1.16705e-07, No Iterations 1
Time = 0.043

DILUPBiCGStab:  Solving for T, Initial residual = 0.000811005, Final residual = 1.1455e-07, No Iterations 1
Time = 0.0431

DILUPBiCGStab:  Solving for T, Initial residual = 0.000804145, Final residual = 1.1241e-07, No Iterations 1
Time = 0.0432

DILUPBiCGStab:  Solving for T, Initial residual = 0.000797387, Final residual = 1.10288e-07, No Iterations 1
Time = 0.0433

DILUPBiCGStab:  Solving for T, Initial residual = 0.000790729, Final residual = 1.08182e-07, No Iterations 1
Time = 0.0434

DILUPBiCGStab:  Solving for T, Initial residual = 0.000784166, Final residual = 1.06094e-07, No Iterations 1
Time = 0.0435

DILUPBiCGStab:  Solving for T, Initial residual = 0.000777695, Final residual = 1.04027e-07, No Iterations 1
Time = 0.0436

DILUPBiCGStab:  Solving for T, Initial residual = 0.000771322, Final residual = 1.0198e-07, No Iterations 1
Time = 0.0437

DILUPBiCGStab:  Solving for T, Initial residual = 0.000765046, Final residual = 9.99541e-08, No Iterations 1
Time = 0.0438

DILUPBiCGStab:  Solving for T, Initial residual = 0.000758865, Final residual = 9.79467e-08, No Iterations 1
Time = 0.0439

DILUPBiCGStab:  Solving for T, Initial residual = 0.000752777, Final residual = 9.59643e-08, No Iterations 1
Time = 0.044

DILUPBiCGStab:  Solving for T, Initial residual = 0.00074678, Final residual = 9.40101e-08, No Iterations 1
Time = 0.0441

DILUPBiCGStab:  Solving for T, Initial residual = 0.000740875, Final residual = 9.20786e-08, No Iterations 1
Time = 0.0442

DILUPBiCGStab:  Solving for T, Initial residual = 0.000735061, Final residual = 9.01721e-08, No Iterations 1
Time = 0.0443

DILUPBiCGStab:  Solving for T, Initial residual = 0.000729338, Final residual = 8.82882e-08, No Iterations 1
Time = 0.0444

DILUPBiCGStab:  Solving for T, Initial residual = 0.000723703, Final residual = 8.64284e-08, No Iterations 1
Time = 0.0445

DILUPBiCGStab:  Solving for T, Initial residual = 0.000718155, Final residual = 8.45957e-08, No Iterations 1
Time = 0.0446

DILUPBiCGStab:  Solving for T, Initial residual = 0.000712693, Final residual = 8.27897e-08, No Iterations 1
Time = 0.0447

DILUPBiCGStab:  Solving for T, Initial residual = 0.000707314, Final residual = 8.1009e-08, No Iterations 1
Time = 0.0448

DILUPBiCGStab:  Solving for T, Initial residual = 0.000702021, Final residual = 7.92556e-08, No Iterations 1
Time = 0.0449

DILUPBiCGStab:  Solving for T, Initial residual = 0.00069681, Final residual = 7.75277e-08, No Iterations 1
Time = 0.045

DILUPBiCGStab:  Solving for T, Initial residual = 0.000691681, Final residual = 7.58243e-08, No Iterations 1
Time = 0.0451

DILUPBiCGStab:  Solving for T, Initial residual = 0.000686634, Final residual = 7.41486e-08, No Iterations 1
Time = 0.0452

DILUPBiCGStab:  Solving for T, Initial residual = 0.000681669, Final residual = 7.24951e-08, No Iterations 1
Time = 0.0453

DILUPBiCGStab:  Solving for T, Initial residual = 0.000676783, Final residual = 7.08695e-08, No Iterations 1
Time = 0.0454

DILUPBiCGStab:  Solving for T, Initial residual = 0.000671974, Final residual = 6.92712e-08, No Iterations 1
Time = 0.0455

DILUPBiCGStab:  Solving for T, Initial residual = 0.000667239, Final residual = 6.77002e-08, No Iterations 1
Time = 0.0456

DILUPBiCGStab:  Solving for T, Initial residual = 0.000662578, Final residual = 6.61541e-08, No Iterations 1
Time = 0.0457

DILUPBiCGStab:  Solving for T, Initial residual = 0.000657992, Final residual = 6.46312e-08, No Iterations 1
Time = 0.0458

DILUPBiCGStab:  Solving for T, Initial residual = 0.000653481, Final residual = 6.31293e-08, No Iterations 1
Time = 0.0459

DILUPBiCGStab:  Solving for T, Initial residual = 0.000649042, Final residual = 6.16516e-08, No Iterations 1
Time = 0.046

DILUPBiCGStab:  Solving for T, Initial residual = 0.000644676, Final residual = 6.01942e-08, No Iterations 1
Time = 0.0461

DILUPBiCGStab:  Solving for T, Initial residual = 0.000640382, Final residual = 5.87581e-08, No Iterations 1
Time = 0.0462

DILUPBiCGStab:  Solving for T, Initial residual = 0.000636158, Final residual = 5.73478e-08, No Iterations 1
Time = 0.0463

DILUPBiCGStab:  Solving for T, Initial residual = 0.000632004, Final residual = 5.59598e-08, No Iterations 1
Time = 0.0464

DILUPBiCGStab:  Solving for T, Initial residual = 0.00062792, Final residual = 5.45928e-08, No Iterations 1
Time = 0.0465

DILUPBiCGStab:  Solving for T, Initial residual = 0.000623905, Final residual = 5.32519e-08, No Iterations 1
Time = 0.0466

DILUPBiCGStab:  Solving for T, Initial residual = 0.000619959, Final residual = 5.19288e-08, No Iterations 1
Time = 0.0467

DILUPBiCGStab:  Solving for T, Initial residual = 0.000616079, Final residual = 5.06291e-08, No Iterations 1
Time = 0.0468

DILUPBiCGStab:  Solving for T, Initial residual = 0.000612265, Final residual = 4.93533e-08, No Iterations 1
Time = 0.0469

DILUPBiCGStab:  Solving for T, Initial residual = 0.000608517, Final residual = 4.81026e-08, No Iterations 1
Time = 0.047

DILUPBiCGStab:  Solving for T, Initial residual = 0.000604834, Final residual = 4.68765e-08, No Iterations 1
Time = 0.0471

DILUPBiCGStab:  Solving for T, Initial residual = 0.000601214, Final residual = 4.56764e-08, No Iterations 1
Time = 0.0472

DILUPBiCGStab:  Solving for T, Initial residual = 0.000597655, Final residual = 4.45018e-08, No Iterations 1
Time = 0.0473

DILUPBiCGStab:  Solving for T, Initial residual = 0.000594159, Final residual = 4.33507e-08, No Iterations 1
Time = 0.0474

DILUPBiCGStab:  Solving for T, Initial residual = 0.000590724, Final residual = 4.22281e-08, No Iterations 1
Time = 0.0475

DILUPBiCGStab:  Solving for T, Initial residual = 0.000587348, Final residual = 4.11364e-08, No Iterations 1
Time = 0.0476

DILUPBiCGStab:  Solving for T, Initial residual = 0.000584031, Final residual = 4.00748e-08, No Iterations 1
Time = 0.0477

DILUPBiCGStab:  Solving for T, Initial residual = 0.000580771, Final residual = 3.90493e-08, No Iterations 1
Time = 0.0478

DILUPBiCGStab:  Solving for T, Initial residual = 0.000577567, Final residual = 3.80648e-08, No Iterations 1
Time = 0.0479

DILUPBiCGStab:  Solving for T, Initial residual = 0.000574419, Final residual = 3.71175e-08, No Iterations 1
Time = 0.048

DILUPBiCGStab:  Solving for T, Initial residual = 0.000571327, Final residual = 3.61994e-08, No Iterations 1
Time = 0.0481

DILUPBiCGStab:  Solving for T, Initial residual = 0.000568288, Final residual = 3.53085e-08, No Iterations 1
Time = 0.0482

DILUPBiCGStab:  Solving for T, Initial residual = 0.000565304, Final residual = 3.4446e-08, No Iterations 1
Time = 0.0483

DILUPBiCGStab:  Solving for T, Initial residual = 0.00056237, Final residual = 3.36155e-08, No Iterations 1
Time = 0.0484

DILUPBiCGStab:  Solving for T, Initial residual = 0.000559488, Final residual = 3.28206e-08, No Iterations 1
Time = 0.0485

DILUPBiCGStab:  Solving for T, Initial residual = 0.000556656, Final residual = 3.2057e-08, No Iterations 1
Time = 0.0486

DILUPBiCGStab:  Solving for T, Initial residual = 0.000553871, Final residual = 3.13275e-08, No Iterations 1
Time = 0.0487

DILUPBiCGStab:  Solving for T, Initial residual = 0.000551131, Final residual = 3.06327e-08, No Iterations 1
Time = 0.0488

DILUPBiCGStab:  Solving for T, Initial residual = 0.000548438, Final residual = 2.99757e-08, No Iterations 1
Time = 0.0489

DILUPBiCGStab:  Solving for T, Initial residual = 0.000545789, Final residual = 2.93613e-08, No Iterations 1
Time = 0.049

DILUPBiCGStab:  Solving for T, Initial residual = 0.000543186, Final residual = 2.8803e-08, No Iterations 1
Time = 0.0491

DILUPBiCGStab:  Solving for T, Initial residual = 0.000540626, Final residual = 2.82944e-08, No Iterations 1
Time = 0.0492

DILUPBiCGStab:  Solving for T, Initial residual = 0.000538107, Final residual = 2.78369e-08, No Iterations 1
Time = 0.0493

DILUPBiCGStab:  Solving for T, Initial residual = 0.00053563, Final residual = 2.74316e-08, No Iterations 1
Time = 0.0494

DILUPBiCGStab:  Solving for T, Initial residual = 0.000533193, Final residual = 2.70635e-08, No Iterations 1
Time = 0.0495

DILUPBiCGStab:  Solving for T, Initial residual = 0.000530796, Final residual = 2.67256e-08, No Iterations 1
Time = 0.0496

DILUPBiCGStab:  Solving for T, Initial residual = 0.000528439, Final residual = 2.64148e-08, No Iterations 1
Time = 0.0497

DILUPBiCGStab:  Solving for T, Initial residual = 0.000526119, Final residual = 2.61263e-08, No Iterations 1
Time = 0.0498

DILUPBiCGStab:  Solving for T, Initial residual = 0.000523836, Final residual = 2.58604e-08, No Iterations 1
Time = 0.0499

DILUPBiCGStab:  Solving for T, Initial residual = 0.00052159, Final residual = 2.56128e-08, No Iterations 1
Time = 0.05

DILUPBiCGStab:  Solving for T, Initial residual = 0.000519381, Final residual = 2.53816e-08, No Iterations 1
Time = 0.0501

DILUPBiCGStab:  Solving for T, Initial residual = 0.000517206, Final residual = 2.51667e-08, No Iterations 1
Time = 0.0502

DILUPBiCGStab:  Solving for T, Initial residual = 0.000515065, Final residual = 2.4966e-08, No Iterations 1
Time = 0.0503

DILUPBiCGStab:  Solving for T, Initial residual = 0.000512958, Final residual = 2.47779e-08, No Iterations 1
Time = 0.0504

DILUPBiCGStab:  Solving for T, Initial residual = 0.000510884, Final residual = 2.46028e-08, No Iterations 1
Time = 0.0505

DILUPBiCGStab:  Solving for T, Initial residual = 0.000508841, Final residual = 2.44391e-08, No Iterations 1
Time = 0.0506

DILUPBiCGStab:  Solving for T, Initial residual = 0.00050683, Final residual = 2.42856e-08, No Iterations 1
Time = 0.0507

DILUPBiCGStab:  Solving for T, Initial residual = 0.00050485, Final residual = 2.41419e-08, No Iterations 1
Time = 0.0508

DILUPBiCGStab:  Solving for T, Initial residual = 0.0005029, Final residual = 2.40075e-08, No Iterations 1
Time = 0.0509

DILUPBiCGStab:  Solving for T, Initial residual = 0.000500978, Final residual = 2.38808e-08, No Iterations 1
Time = 0.051

DILUPBiCGStab:  Solving for T, Initial residual = 0.000499084, Final residual = 2.37618e-08, No Iterations 1
Time = 0.0511

DILUPBiCGStab:  Solving for T, Initial residual = 0.000497218, Final residual = 2.36501e-08, No Iterations 1
Time = 0.0512

DILUPBiCGStab:  Solving for T, Initial residual = 0.000495378, Final residual = 2.35449e-08, No Iterations 1
Time = 0.0513

DILUPBiCGStab:  Solving for T, Initial residual = 0.000493565, Final residual = 2.34458e-08, No Iterations 1
Time = 0.0514

DILUPBiCGStab:  Solving for T, Initial residual = 0.000491778, Final residual = 2.33528e-08, No Iterations 1
Time = 0.0515

DILUPBiCGStab:  Solving for T, Initial residual = 0.000490015, Final residual = 2.32651e-08, No Iterations 1
Time = 0.0516

DILUPBiCGStab:  Solving for T, Initial residual = 0.000488277, Final residual = 2.31825e-08, No Iterations 1
Time = 0.0517

DILUPBiCGStab:  Solving for T, Initial residual = 0.000486561, Final residual = 2.31044e-08, No Iterations 1
Time = 0.0518

DILUPBiCGStab:  Solving for T, Initial residual = 0.000484869, Final residual = 2.30307e-08, No Iterations 1
Time = 0.0519

DILUPBiCGStab:  Solving for T, Initial residual = 0.000483199, Final residual = 2.2961e-08, No Iterations 1
Time = 0.052

DILUPBiCGStab:  Solving for T, Initial residual = 0.00048155, Final residual = 2.28955e-08, No Iterations 1
Time = 0.0521

DILUPBiCGStab:  Solving for T, Initial residual = 0.000479922, Final residual = 2.28335e-08, No Iterations 1
Time = 0.0522

DILUPBiCGStab:  Solving for T, Initial residual = 0.000478313, Final residual = 2.27749e-08, No Iterations 1
Time = 0.0523

DILUPBiCGStab:  Solving for T, Initial residual = 0.000476723, Final residual = 2.27194e-08, No Iterations 1
Time = 0.0524

DILUPBiCGStab:  Solving for T, Initial residual = 0.000475152, Final residual = 2.2667e-08, No Iterations 1
Time = 0.0525

DILUPBiCGStab:  Solving for T, Initial residual = 0.000473599, Final residual = 2.26172e-08, No Iterations 1
Time = 0.0526

DILUPBiCGStab:  Solving for T, Initial residual = 0.000472064, Final residual = 2.25701e-08, No Iterations 1
Time = 0.0527

DILUPBiCGStab:  Solving for T, Initial residual = 0.000470546, Final residual = 2.25256e-08, No Iterations 1
Time = 0.0528

DILUPBiCGStab:  Solving for T, Initial residual = 0.000469046, Final residual = 2.24837e-08, No Iterations 1
Time = 0.0529

DILUPBiCGStab:  Solving for T, Initial residual = 0.000467562, Final residual = 2.24441e-08, No Iterations 1
Time = 0.053

DILUPBiCGStab:  Solving for T, Initial residual = 0.000466095, Final residual = 2.24067e-08, No Iterations 1
Time = 0.0531

DILUPBiCGStab:  Solving for T, Initial residual = 0.000464644, Final residual = 2.23714e-08, No Iterations 1
Time = 0.0532

DILUPBiCGStab:  Solving for T, Initial residual = 0.000463209, Final residual = 2.23382e-08, No Iterations 1
Time = 0.0533

DILUPBiCGStab:  Solving for T, Initial residual = 0.000461788, Final residual = 2.23067e-08, No Iterations 1
Time = 0.0534

DILUPBiCGStab:  Solving for T, Initial residual = 0.000460383, Final residual = 2.2277e-08, No Iterations 1
Time = 0.0535

DILUPBiCGStab:  Solving for T, Initial residual = 0.000458991, Final residual = 2.22492e-08, No Iterations 1
Time = 0.0536

DILUPBiCGStab:  Solving for T, Initial residual = 0.000457614, Final residual = 2.22233e-08, No Iterations 1
Time = 0.0537

DILUPBiCGStab:  Solving for T, Initial residual = 0.000456252, Final residual = 2.21988e-08, No Iterations 1
Time = 0.0538

DILUPBiCGStab:  Solving for T, Initial residual = 0.000454902, Final residual = 2.21758e-08, No Iterations 1
Time = 0.0539

DILUPBiCGStab:  Solving for T, Initial residual = 0.000453566, Final residual = 2.21541e-08, No Iterations 1
Time = 0.054

DILUPBiCGStab:  Solving for T, Initial residual = 0.000452242, Final residual = 2.21337e-08, No Iterations 1
Time = 0.0541

DILUPBiCGStab:  Solving for T, Initial residual = 0.000450931, Final residual = 2.21146e-08, No Iterations 1
Time = 0.0542

DILUPBiCGStab:  Solving for T, Initial residual = 0.000449632, Final residual = 2.20967e-08, No Iterations 1
Time = 0.0543

DILUPBiCGStab:  Solving for T, Initial residual = 0.000448345, Final residual = 2.20798e-08, No Iterations 1
Time = 0.0544

DILUPBiCGStab:  Solving for T, Initial residual = 0.000447069, Final residual = 2.20639e-08, No Iterations 1
Time = 0.0545

DILUPBiCGStab:  Solving for T, Initial residual = 0.000445806, Final residual = 2.20493e-08, No Iterations 1
Time = 0.0546

DILUPBiCGStab:  Solving for T, Initial residual = 0.000444554, Final residual = 2.20356e-08, No Iterations 1
Time = 0.0547

DILUPBiCGStab:  Solving for T, Initial residual = 0.000443313, Final residual = 2.20229e-08, No Iterations 1
Time = 0.0548

DILUPBiCGStab:  Solving for T, Initial residual = 0.000442082, Final residual = 2.20111e-08, No Iterations 1
Time = 0.0549

DILUPBiCGStab:  Solving for T, Initial residual = 0.000440861, Final residual = 2.20001e-08, No Iterations 1
Time = 0.055

DILUPBiCGStab:  Solving for T, Initial residual = 0.000439651, Final residual = 2.199e-08, No Iterations 1
Time = 0.0551

DILUPBiCGStab:  Solving for T, Initial residual = 0.000438451, Final residual = 2.19809e-08, No Iterations 1
Time = 0.0552

DILUPBiCGStab:  Solving for T, Initial residual = 0.000437261, Final residual = 2.19725e-08, No Iterations 1
Time = 0.0553

DILUPBiCGStab:  Solving for T, Initial residual = 0.000436081, Final residual = 2.19649e-08, No Iterations 1
Time = 0.0554

DILUPBiCGStab:  Solving for T, Initial residual = 0.00043491, Final residual = 2.1958e-08, No Iterations 1
Time = 0.0555

DILUPBiCGStab:  Solving for T, Initial residual = 0.000433749, Final residual = 2.19516e-08, No Iterations 1
Time = 0.0556

DILUPBiCGStab:  Solving for T, Initial residual = 0.000432597, Final residual = 2.19458e-08, No Iterations 1
Time = 0.0557

DILUPBiCGStab:  Solving for T, Initial residual = 0.000431454, Final residual = 2.19406e-08, No Iterations 1
Time = 0.0558

DILUPBiCGStab:  Solving for T, Initial residual = 0.000430319, Final residual = 2.1936e-08, No Iterations 1
Time = 0.0559

DILUPBiCGStab:  Solving for T, Initial residual = 0.000429193, Final residual = 2.19319e-08, No Iterations 1
Time = 0.056

DILUPBiCGStab:  Solving for T, Initial residual = 0.000428075, Final residual = 2.19283e-08, No Iterations 1
Time = 0.0561

DILUPBiCGStab:  Solving for T, Initial residual = 0.000426966, Final residual = 2.19253e-08, No Iterations 1
Time = 0.0562

DILUPBiCGStab:  Solving for T, Initial residual = 0.000425866, Final residual = 2.19228e-08, No Iterations 1
Time = 0.0563

DILUPBiCGStab:  Solving for T, Initial residual = 0.000424774, Final residual = 2.19209e-08, No Iterations 1
Time = 0.0564

DILUPBiCGStab:  Solving for T, Initial residual = 0.000423689, Final residual = 2.19195e-08, No Iterations 1
Time = 0.0565

DILUPBiCGStab:  Solving for T, Initial residual = 0.000422612, Final residual = 2.19185e-08, No Iterations 1
Time = 0.0566

DILUPBiCGStab:  Solving for T, Initial residual = 0.000421542, Final residual = 2.19179e-08, No Iterations 1
Time = 0.0567

DILUPBiCGStab:  Solving for T, Initial residual = 0.000420479, Final residual = 2.19178e-08, No Iterations 1
Time = 0.0568

DILUPBiCGStab:  Solving for T, Initial residual = 0.000419423, Final residual = 2.19181e-08, No Iterations 1
Time = 0.0569

DILUPBiCGStab:  Solving for T, Initial residual = 0.000418374, Final residual = 2.19187e-08, No Iterations 1
Time = 0.057

DILUPBiCGStab:  Solving for T, Initial residual = 0.000417333, Final residual = 2.19198e-08, No Iterations 1
Time = 0.0571

DILUPBiCGStab:  Solving for T, Initial residual = 0.000416298, Final residual = 2.19212e-08, No Iterations 1
Time = 0.0572

DILUPBiCGStab:  Solving for T, Initial residual = 0.000415271, Final residual = 2.1923e-08, No Iterations 1
Time = 0.0573

DILUPBiCGStab:  Solving for T, Initial residual = 0.00041425, Final residual = 2.19252e-08, No Iterations 1
Time = 0.0574

DILUPBiCGStab:  Solving for T, Initial residual = 0.000413236, Final residual = 2.19278e-08, No Iterations 1
Time = 0.0575

DILUPBiCGStab:  Solving for T, Initial residual = 0.000412229, Final residual = 2.19308e-08, No Iterations 1
Time = 0.0576

DILUPBiCGStab:  Solving for T, Initial residual = 0.00041123, Final residual = 2.19342e-08, No Iterations 1
Time = 0.0577

DILUPBiCGStab:  Solving for T, Initial residual = 0.000410236, Final residual = 2.1938e-08, No Iterations 1
Time = 0.0578

DILUPBiCGStab:  Solving for T, Initial residual = 0.000409249, Final residual = 2.19421e-08, No Iterations 1
Time = 0.0579

DILUPBiCGStab:  Solving for T, Initial residual = 0.000408268, Final residual = 2.19465e-08, No Iterations 1
Time = 0.058

DILUPBiCGStab:  Solving for T, Initial residual = 0.000407294, Final residual = 2.19513e-08, No Iterations 1
Time = 0.0581

DILUPBiCGStab:  Solving for T, Initial residual = 0.000406327, Final residual = 2.19565e-08, No Iterations 1
Time = 0.0582

DILUPBiCGStab:  Solving for T, Initial residual = 0.000405366, Final residual = 2.1962e-08, No Iterations 1
Time = 0.0583

DILUPBiCGStab:  Solving for T, Initial residual = 0.000404411, Final residual = 2.19678e-08, No Iterations 1
Time = 0.0584

DILUPBiCGStab:  Solving for T, Initial residual = 0.000403462, Final residual = 2.1974e-08, No Iterations 1
Time = 0.0585

DILUPBiCGStab:  Solving for T, Initial residual = 0.00040252, Final residual = 2.19804e-08, No Iterations 1
Time = 0.0586

DILUPBiCGStab:  Solving for T, Initial residual = 0.000401583, Final residual = 2.19872e-08, No Iterations 1
Time = 0.0587

DILUPBiCGStab:  Solving for T, Initial residual = 0.000400652, Final residual = 2.19942e-08, No Iterations 1
Time = 0.0588

DILUPBiCGStab:  Solving for T, Initial residual = 0.000399727, Final residual = 2.20016e-08, No Iterations 1
Time = 0.0589

DILUPBiCGStab:  Solving for T, Initial residual = 0.000398809, Final residual = 2.20093e-08, No Iterations 1
Time = 0.059

DILUPBiCGStab:  Solving for T, Initial residual = 0.000397896, Final residual = 2.20174e-08, No Iterations 1
Time = 0.0591

DILUPBiCGStab:  Solving for T, Initial residual = 0.000396989, Final residual = 2.20257e-08, No Iterations 1
Time = 0.0592

DILUPBiCGStab:  Solving for T, Initial residual = 0.000396089, Final residual = 2.20344e-08, No Iterations 1
Time = 0.0593

DILUPBiCGStab:  Solving for T, Initial residual = 0.000395194, Final residual = 2.20434e-08, No Iterations 1
Time = 0.0594

DILUPBiCGStab:  Solving for T, Initial residual = 0.000394304, Final residual = 2.20527e-08, No Iterations 1
Time = 0.0595

DILUPBiCGStab:  Solving for T, Initial residual = 0.000393421, Final residual = 2.20622e-08, No Iterations 1
Time = 0.0596

DILUPBiCGStab:  Solving for T, Initial residual = 0.000392543, Final residual = 2.20721e-08, No Iterations 1
Time = 0.0597

DILUPBiCGStab:  Solving for T, Initial residual = 0.00039167, Final residual = 2.20823e-08, No Iterations 1
Time = 0.0598

DILUPBiCGStab:  Solving for T, Initial residual = 0.000390804, Final residual = 2.20927e-08, No Iterations 1
Time = 0.0599

DILUPBiCGStab:  Solving for T, Initial residual = 0.000389942, Final residual = 2.21034e-08, No Iterations 1
Time = 0.06

DILUPBiCGStab:  Solving for T, Initial residual = 0.000389086, Final residual = 2.21144e-08, No Iterations 1
Time = 0.0601

DILUPBiCGStab:  Solving for T, Initial residual = 0.000388236, Final residual = 2.21257e-08, No Iterations 1
Time = 0.0602

DILUPBiCGStab:  Solving for T, Initial residual = 0.000387391, Final residual = 2.21372e-08, No Iterations 1
Time = 0.0603

DILUPBiCGStab:  Solving for T, Initial residual = 0.000386551, Final residual = 2.2149e-08, No Iterations 1
Time = 0.0604

DILUPBiCGStab:  Solving for T, Initial residual = 0.000385717, Final residual = 2.21611e-08, No Iterations 1
Time = 0.0605

DILUPBiCGStab:  Solving for T, Initial residual = 0.000384887, Final residual = 2.21735e-08, No Iterations 1
Time = 0.0606

DILUPBiCGStab:  Solving for T, Initial residual = 0.000384064, Final residual = 2.21862e-08, No Iterations 1
Time = 0.0607

DILUPBiCGStab:  Solving for T, Initial residual = 0.000383245, Final residual = 2.21991e-08, No Iterations 1
Time = 0.0608

DILUPBiCGStab:  Solving for T, Initial residual = 0.000382431, Final residual = 2.22123e-08, No Iterations 1
Time = 0.0609

DILUPBiCGStab:  Solving for T, Initial residual = 0.000381622, Final residual = 2.22258e-08, No Iterations 1
Time = 0.061

DILUPBiCGStab:  Solving for T, Initial residual = 0.000380818, Final residual = 2.22396e-08, No Iterations 1
Time = 0.0611

DILUPBiCGStab:  Solving for T, Initial residual = 0.000380019, Final residual = 2.22536e-08, No Iterations 1
Time = 0.0612

DILUPBiCGStab:  Solving for T, Initial residual = 0.000379225, Final residual = 2.22678e-08, No Iterations 1
Time = 0.0613

DILUPBiCGStab:  Solving for T, Initial residual = 0.000378436, Final residual = 2.22824e-08, No Iterations 1
Time = 0.0614

DILUPBiCGStab:  Solving for T, Initial residual = 0.000377652, Final residual = 2.22972e-08, No Iterations 1
Time = 0.0615

DILUPBiCGStab:  Solving for T, Initial residual = 0.000376873, Final residual = 2.23123e-08, No Iterations 1
Time = 0.0616

DILUPBiCGStab:  Solving for T, Initial residual = 0.000376099, Final residual = 2.23276e-08, No Iterations 1
Time = 0.0617

DILUPBiCGStab:  Solving for T, Initial residual = 0.000375329, Final residual = 2.23432e-08, No Iterations 1
Time = 0.0618

DILUPBiCGStab:  Solving for T, Initial residual = 0.000374563, Final residual = 2.23591e-08, No Iterations 1
Time = 0.0619

DILUPBiCGStab:  Solving for T, Initial residual = 0.000373802, Final residual = 2.23752e-08, No Iterations 1
Time = 0.062

DILUPBiCGStab:  Solving for T, Initial residual = 0.000373045, Final residual = 2.23915e-08, No Iterations 1
Time = 0.0621

DILUPBiCGStab:  Solving for T, Initial residual = 0.000372292, Final residual = 2.2408e-08, No Iterations 1
Time = 0.0622

DILUPBiCGStab:  Solving for T, Initial residual = 0.000371544, Final residual = 2.24247e-08, No Iterations 1
Time = 0.0623

DILUPBiCGStab:  Solving for T, Initial residual = 0.000370799, Final residual = 2.24417e-08, No Iterations 1
Time = 0.0624

DILUPBiCGStab:  Solving for T, Initial residual = 0.000370059, Final residual = 2.2459e-08, No Iterations 1
Time = 0.0625

DILUPBiCGStab:  Solving for T, Initial residual = 0.000369323, Final residual = 2.24765e-08, No Iterations 1
Time = 0.0626

DILUPBiCGStab:  Solving for T, Initial residual = 0.000368591, Final residual = 2.24942e-08, No Iterations 1
Time = 0.0627

DILUPBiCGStab:  Solving for T, Initial residual = 0.000367863, Final residual = 2.25121e-08, No Iterations 1
Time = 0.0628

DILUPBiCGStab:  Solving for T, Initial residual = 0.000367139, Final residual = 2.25303e-08, No Iterations 1
Time = 0.0629

DILUPBiCGStab:  Solving for T, Initial residual = 0.00036642, Final residual = 2.25487e-08, No Iterations 1
Time = 0.063

DILUPBiCGStab:  Solving for T, Initial residual = 0.000365704, Final residual = 2.25673e-08, No Iterations 1
Time = 0.0631

DILUPBiCGStab:  Solving for T, Initial residual = 0.000364993, Final residual = 2.25862e-08, No Iterations 1
Time = 0.0632

DILUPBiCGStab:  Solving for T, Initial residual = 0.000364286, Final residual = 2.26054e-08, No Iterations 1
Time = 0.0633

DILUPBiCGStab:  Solving for T, Initial residual = 0.000363583, Final residual = 2.26248e-08, No Iterations 1
Time = 0.0634

DILUPBiCGStab:  Solving for T, Initial residual = 0.000362884, Final residual = 2.26444e-08, No Iterations 1
Time = 0.0635

DILUPBiCGStab:  Solving for T, Initial residual = 0.000362189, Final residual = 2.26643e-08, No Iterations 1
Time = 0.0636

DILUPBiCGStab:  Solving for T, Initial residual = 0.000361498, Final residual = 2.26844e-08, No Iterations 1
Time = 0.0637

DILUPBiCGStab:  Solving for T, Initial residual = 0.000360811, Final residual = 2.27048e-08, No Iterations 1
Time = 0.0638

DILUPBiCGStab:  Solving for T, Initial residual = 0.000360128, Final residual = 2.27254e-08, No Iterations 1
Time = 0.0639

DILUPBiCGStab:  Solving for T, Initial residual = 0.000359449, Final residual = 2.27463e-08, No Iterations 1
Time = 0.064

DILUPBiCGStab:  Solving for T, Initial residual = 0.000358773, Final residual = 2.27674e-08, No Iterations 1
Time = 0.0641

DILUPBiCGStab:  Solving for T, Initial residual = 0.000358102, Final residual = 2.27888e-08, No Iterations 1
Time = 0.0642

DILUPBiCGStab:  Solving for T, Initial residual = 0.000357435, Final residual = 2.28105e-08, No Iterations 1
Time = 0.0643

DILUPBiCGStab:  Solving for T, Initial residual = 0.000356771, Final residual = 2.28323e-08, No Iterations 1
Time = 0.0644

DILUPBiCGStab:  Solving for T, Initial residual = 0.000356112, Final residual = 2.28545e-08, No Iterations 1
Time = 0.0645

DILUPBiCGStab:  Solving for T, Initial residual = 0.000355456, Final residual = 2.28769e-08, No Iterations 1
Time = 0.0646

DILUPBiCGStab:  Solving for T, Initial residual = 0.000354803, Final residual = 2.28995e-08, No Iterations 1
Time = 0.0647

DILUPBiCGStab:  Solving for T, Initial residual = 0.000354155, Final residual = 2.29224e-08, No Iterations 1
Time = 0.0648

DILUPBiCGStab:  Solving for T, Initial residual = 0.00035351, Final residual = 2.29455e-08, No Iterations 1
Time = 0.0649

DILUPBiCGStab:  Solving for T, Initial residual = 0.000352869, Final residual = 2.29689e-08, No Iterations 1
Time = 0.065

DILUPBiCGStab:  Solving for T, Initial residual = 0.000352232, Final residual = 2.29925e-08, No Iterations 1
Time = 0.0651

DILUPBiCGStab:  Solving for T, Initial residual = 0.000351598, Final residual = 2.30164e-08, No Iterations 1
Time = 0.0652

DILUPBiCGStab:  Solving for T, Initial residual = 0.000350968, Final residual = 2.30406e-08, No Iterations 1
Time = 0.0653

DILUPBiCGStab:  Solving for T, Initial residual = 0.000350342, Final residual = 2.3065e-08, No Iterations 1
Time = 0.0654

DILUPBiCGStab:  Solving for T, Initial residual = 0.000349719, Final residual = 2.30896e-08, No Iterations 1
Time = 0.0655

DILUPBiCGStab:  Solving for T, Initial residual = 0.0003491, Final residual = 2.31146e-08, No Iterations 1
Time = 0.0656

DILUPBiCGStab:  Solving for T, Initial residual = 0.000348484, Final residual = 2.31397e-08, No Iterations 1
Time = 0.0657

DILUPBiCGStab:  Solving for T, Initial residual = 0.000347871, Final residual = 2.31651e-08, No Iterations 1
Time = 0.0658

DILUPBiCGStab:  Solving for T, Initial residual = 0.000347263, Final residual = 2.31908e-08, No Iterations 1
Time = 0.0659

DILUPBiCGStab:  Solving for T, Initial residual = 0.000346657, Final residual = 2.32167e-08, No Iterations 1
Time = 0.066

DILUPBiCGStab:  Solving for T, Initial residual = 0.000346055, Final residual = 2.3243e-08, No Iterations 1
Time = 0.0661

DILUPBiCGStab:  Solving for T, Initial residual = 0.000345457, Final residual = 2.32695e-08, No Iterations 1
Time = 0.0662

DILUPBiCGStab:  Solving for T, Initial residual = 0.000344862, Final residual = 2.32962e-08, No Iterations 1
Time = 0.0663

DILUPBiCGStab:  Solving for T, Initial residual = 0.00034427, Final residual = 2.33232e-08, No Iterations 1
Time = 0.0664

DILUPBiCGStab:  Solving for T, Initial residual = 0.000343682, Final residual = 2.33505e-08, No Iterations 1
Time = 0.0665

DILUPBiCGStab:  Solving for T, Initial residual = 0.000343097, Final residual = 2.33781e-08, No Iterations 1
Time = 0.0666

DILUPBiCGStab:  Solving for T, Initial residual = 0.000342516, Final residual = 2.34059e-08, No Iterations 1
Time = 0.0667

DILUPBiCGStab:  Solving for T, Initial residual = 0.000341937, Final residual = 2.34339e-08, No Iterations 1
Time = 0.0668

DILUPBiCGStab:  Solving for T, Initial residual = 0.000341362, Final residual = 2.34623e-08, No Iterations 1
Time = 0.0669

DILUPBiCGStab:  Solving for T, Initial residual = 0.00034079, Final residual = 2.34909e-08, No Iterations 1
Time = 0.067

DILUPBiCGStab:  Solving for T, Initial residual = 0.000340221, Final residual = 2.35198e-08, No Iterations 1
Time = 0.0671

DILUPBiCGStab:  Solving for T, Initial residual = 0.000339656, Final residual = 2.3549e-08, No Iterations 1
Time = 0.0672

DILUPBiCGStab:  Solving for T, Initial residual = 0.000339093, Final residual = 2.35785e-08, No Iterations 1
Time = 0.0673

DILUPBiCGStab:  Solving for T, Initial residual = 0.000338534, Final residual = 2.36083e-08, No Iterations 1
Time = 0.0674

DILUPBiCGStab:  Solving for T, Initial residual = 0.000337978, Final residual = 2.36384e-08, No Iterations 1
Time = 0.0675

DILUPBiCGStab:  Solving for T, Initial residual = 0.000337425, Final residual = 2.36688e-08, No Iterations 1
Time = 0.0676

DILUPBiCGStab:  Solving for T, Initial residual = 0.000336875, Final residual = 2.36994e-08, No Iterations 1
Time = 0.0677

DILUPBiCGStab:  Solving for T, Initial residual = 0.000336328, Final residual = 2.37303e-08, No Iterations 1
Time = 0.0678

DILUPBiCGStab:  Solving for T, Initial residual = 0.000335785, Final residual = 2.37615e-08, No Iterations 1
Time = 0.0679

DILUPBiCGStab:  Solving for T, Initial residual = 0.000335244, Final residual = 2.3793e-08, No Iterations 1
Time = 0.068

DILUPBiCGStab:  Solving for T, Initial residual = 0.000334706, Final residual = 2.38247e-08, No Iterations 1
Time = 0.0681

DILUPBiCGStab:  Solving for T, Initial residual = 0.000334171, Final residual = 2.38568e-08, No Iterations 1
Time = 0.0682

DILUPBiCGStab:  Solving for T, Initial residual = 0.000333639, Final residual = 2.38891e-08, No Iterations 1
Time = 0.0683

DILUPBiCGStab:  Solving for T, Initial residual = 0.00033311, Final residual = 2.39217e-08, No Iterations 1
Time = 0.0684

DILUPBiCGStab:  Solving for T, Initial residual = 0.000332584, Final residual = 2.39546e-08, No Iterations 1
Time = 0.0685

DILUPBiCGStab:  Solving for T, Initial residual = 0.000332061, Final residual = 2.39878e-08, No Iterations 1
Time = 0.0686

DILUPBiCGStab:  Solving for T, Initial residual = 0.000331541, Final residual = 2.40212e-08, No Iterations 1
Time = 0.0687

DILUPBiCGStab:  Solving for T, Initial residual = 0.000331023, Final residual = 2.4055e-08, No Iterations 1
Time = 0.0688

DILUPBiCGStab:  Solving for T, Initial residual = 0.000330507, Final residual = 2.4089e-08, No Iterations 1
Time = 0.0689

DILUPBiCGStab:  Solving for T, Initial residual = 0.000329994, Final residual = 2.41232e-08, No Iterations 1
Time = 0.069

DILUPBiCGStab:  Solving for T, Initial residual = 0.000329484, Final residual = 2.41578e-08, No Iterations 1
Time = 0.0691

DILUPBiCGStab:  Solving for T, Initial residual = 0.000328976, Final residual = 2.41927e-08, No Iterations 1
Time = 0.0692

DILUPBiCGStab:  Solving for T, Initial residual = 0.000328471, Final residual = 2.42279e-08, No Iterations 1
Time = 0.0693

DILUPBiCGStab:  Solving for T, Initial residual = 0.000327968, Final residual = 2.42634e-08, No Iterations 1
Time = 0.0694

DILUPBiCGStab:  Solving for T, Initial residual = 0.000327468, Final residual = 2.42992e-08, No Iterations 1
Time = 0.0695

DILUPBiCGStab:  Solving for T, Initial residual = 0.000326971, Final residual = 2.43352e-08, No Iterations 1
Time = 0.0696

DILUPBiCGStab:  Solving for T, Initial residual = 0.000326477, Final residual = 2.43716e-08, No Iterations 1
Time = 0.0697

DILUPBiCGStab:  Solving for T, Initial residual = 0.000325985, Final residual = 2.44082e-08, No Iterations 1
Time = 0.0698

DILUPBiCGStab:  Solving for T, Initial residual = 0.000325496, Final residual = 2.44451e-08, No Iterations 1
Time = 0.0699

DILUPBiCGStab:  Solving for T, Initial residual = 0.000325009, Final residual = 2.44823e-08, No Iterations 1
Time = 0.07

DILUPBiCGStab:  Solving for T, Initial residual = 0.000324525, Final residual = 2.45198e-08, No Iterations 1
Time = 0.0701

DILUPBiCGStab:  Solving for T, Initial residual = 0.000324043, Final residual = 2.45576e-08, No Iterations 1
Time = 0.0702

DILUPBiCGStab:  Solving for T, Initial residual = 0.000323564, Final residual = 2.45957e-08, No Iterations 1
Time = 0.0703

DILUPBiCGStab:  Solving for T, Initial residual = 0.000323088, Final residual = 2.46341e-08, No Iterations 1
Time = 0.0704

DILUPBiCGStab:  Solving for T, Initial residual = 0.000322614, Final residual = 2.46729e-08, No Iterations 1
Time = 0.0705

DILUPBiCGStab:  Solving for T, Initial residual = 0.000322142, Final residual = 2.47119e-08, No Iterations 1
Time = 0.0706

DILUPBiCGStab:  Solving for T, Initial residual = 0.000321673, Final residual = 2.47512e-08, No Iterations 1
Time = 0.0707

DILUPBiCGStab:  Solving for T, Initial residual = 0.000321207, Final residual = 2.47908e-08, No Iterations 1
Time = 0.0708

DILUPBiCGStab:  Solving for T, Initial residual = 0.000320743, Final residual = 2.48308e-08, No Iterations 1
Time = 0.0709

DILUPBiCGStab:  Solving for T, Initial residual = 0.000320281, Final residual = 2.48711e-08, No Iterations 1
Time = 0.071

DILUPBiCGStab:  Solving for T, Initial residual = 0.000319823, Final residual = 2.49117e-08, No Iterations 1
Time = 0.0711

DILUPBiCGStab:  Solving for T, Initial residual = 0.000319366, Final residual = 2.49526e-08, No Iterations 1
Time = 0.0712

DILUPBiCGStab:  Solving for T, Initial residual = 0.000318912, Final residual = 2.49938e-08, No Iterations 1
Time = 0.0713

DILUPBiCGStab:  Solving for T, Initial residual = 0.00031846, Final residual = 2.50353e-08, No Iterations 1
Time = 0.0714

DILUPBiCGStab:  Solving for T, Initial residual = 0.000318011, Final residual = 2.50772e-08, No Iterations 1
Time = 0.0715

DILUPBiCGStab:  Solving for T, Initial residual = 0.000317564, Final residual = 2.51193e-08, No Iterations 1
Time = 0.0716

DILUPBiCGStab:  Solving for T, Initial residual = 0.00031712, Final residual = 2.51618e-08, No Iterations 1
Time = 0.0717

DILUPBiCGStab:  Solving for T, Initial residual = 0.000316678, Final residual = 2.52047e-08, No Iterations 1
Time = 0.0718

DILUPBiCGStab:  Solving for T, Initial residual = 0.000316238, Final residual = 2.52479e-08, No Iterations 1
Time = 0.0719

DILUPBiCGStab:  Solving for T, Initial residual = 0.0003158, Final residual = 2.52915e-08, No Iterations 1
Time = 0.072

DILUPBiCGStab:  Solving for T, Initial residual = 0.000315365, Final residual = 2.53354e-08, No Iterations 1
Time = 0.0721

DILUPBiCGStab:  Solving for T, Initial residual = 0.000314932, Final residual = 2.53795e-08, No Iterations 1
Time = 0.0722

DILUPBiCGStab:  Solving for T, Initial residual = 0.000314501, Final residual = 2.5424e-08, No Iterations 1
Time = 0.0723

DILUPBiCGStab:  Solving for T, Initial residual = 0.000314073, Final residual = 2.54689e-08, No Iterations 1
Time = 0.0724

DILUPBiCGStab:  Solving for T, Initial residual = 0.000313647, Final residual = 2.55141e-08, No Iterations 1
Time = 0.0725

DILUPBiCGStab:  Solving for T, Initial residual = 0.000313223, Final residual = 2.55596e-08, No Iterations 1
Time = 0.0726

DILUPBiCGStab:  Solving for T, Initial residual = 0.000312802, Final residual = 2.56055e-08, No Iterations 1
Time = 0.0727

DILUPBiCGStab:  Solving for T, Initial residual = 0.000312382, Final residual = 2.56517e-08, No Iterations 1
Time = 0.0728

DILUPBiCGStab:  Solving for T, Initial residual = 0.000311965, Final residual = 2.56983e-08, No Iterations 1
Time = 0.0729

DILUPBiCGStab:  Solving for T, Initial residual = 0.00031155, Final residual = 2.57453e-08, No Iterations 1
Time = 0.073

DILUPBiCGStab:  Solving for T, Initial residual = 0.000311137, Final residual = 2.57928e-08, No Iterations 1
Time = 0.0731

DILUPBiCGStab:  Solving for T, Initial residual = 0.000310727, Final residual = 2.58405e-08, No Iterations 1
Time = 0.0732

DILUPBiCGStab:  Solving for T, Initial residual = 0.000310318, Final residual = 2.58887e-08, No Iterations 1
Time = 0.0733

DILUPBiCGStab:  Solving for T, Initial residual = 0.000309912, Final residual = 2.59371e-08, No Iterations 1
Time = 0.0734

DILUPBiCGStab:  Solving for T, Initial residual = 0.000309508, Final residual = 2.59859e-08, No Iterations 1
Time = 0.0735

DILUPBiCGStab:  Solving for T, Initial residual = 0.000309106, Final residual = 2.60351e-08, No Iterations 1
Time = 0.0736

DILUPBiCGStab:  Solving for T, Initial residual = 0.000308706, Final residual = 2.60846e-08, No Iterations 1
Time = 0.0737

DILUPBiCGStab:  Solving for T, Initial residual = 0.000308308, Final residual = 2.61345e-08, No Iterations 1
Time = 0.0738

DILUPBiCGStab:  Solving for T, Initial residual = 0.000307912, Final residual = 2.61847e-08, No Iterations 1
Time = 0.0739

DILUPBiCGStab:  Solving for T, Initial residual = 0.000307518, Final residual = 2.62352e-08, No Iterations 1
Time = 0.074

DILUPBiCGStab:  Solving for T, Initial residual = 0.000307126, Final residual = 2.62862e-08, No Iterations 1
Time = 0.0741

DILUPBiCGStab:  Solving for T, Initial residual = 0.000306737, Final residual = 2.63375e-08, No Iterations 1
Time = 0.0742

DILUPBiCGStab:  Solving for T, Initial residual = 0.000306349, Final residual = 2.63892e-08, No Iterations 1
Time = 0.0743

DILUPBiCGStab:  Solving for T, Initial residual = 0.000305963, Final residual = 2.64413e-08, No Iterations 1
Time = 0.0744

DILUPBiCGStab:  Solving for T, Initial residual = 0.00030558, Final residual = 2.6494e-08, No Iterations 1
Time = 0.0745

DILUPBiCGStab:  Solving for T, Initial residual = 0.000305198, Final residual = 2.6547e-08, No Iterations 1
Time = 0.0746

DILUPBiCGStab:  Solving for T, Initial residual = 0.000304818, Final residual = 2.66004e-08, No Iterations 1
Time = 0.0747

DILUPBiCGStab:  Solving for T, Initial residual = 0.000304441, Final residual = 2.66542e-08, No Iterations 1
Time = 0.0748

DILUPBiCGStab:  Solving for T, Initial residual = 0.000304065, Final residual = 2.67084e-08, No Iterations 1
Time = 0.0749

DILUPBiCGStab:  Solving for T, Initial residual = 0.000303691, Final residual = 2.6763e-08, No Iterations 1
Time = 0.075

DILUPBiCGStab:  Solving for T, Initial residual = 0.000303319, Final residual = 2.6818e-08, No Iterations 1
Time = 0.0751

DILUPBiCGStab:  Solving for T, Initial residual = 0.000302949, Final residual = 2.68734e-08, No Iterations 1
Time = 0.0752

DILUPBiCGStab:  Solving for T, Initial residual = 0.000302581, Final residual = 2.69293e-08, No Iterations 1
Time = 0.0753

DILUPBiCGStab:  Solving for T, Initial residual = 0.000302215, Final residual = 2.69855e-08, No Iterations 1
Time = 0.0754

DILUPBiCGStab:  Solving for T, Initial residual = 0.000301851, Final residual = 2.7042e-08, No Iterations 1
Time = 0.0755

DILUPBiCGStab:  Solving for T, Initial residual = 0.000301488, Final residual = 2.70989e-08, No Iterations 1
Time = 0.0756

DILUPBiCGStab:  Solving for T, Initial residual = 0.000301127, Final residual = 2.71562e-08, No Iterations 1
Time = 0.0757

DILUPBiCGStab:  Solving for T, Initial residual = 0.000300769, Final residual = 2.72139e-08, No Iterations 1
Time = 0.0758

DILUPBiCGStab:  Solving for T, Initial residual = 0.000300412, Final residual = 2.7272e-08, No Iterations 1
Time = 0.0759

DILUPBiCGStab:  Solving for T, Initial residual = 0.000300056, Final residual = 2.73307e-08, No Iterations 1
Time = 0.076

DILUPBiCGStab:  Solving for T, Initial residual = 0.000299703, Final residual = 2.73898e-08, No Iterations 1
Time = 0.0761

DILUPBiCGStab:  Solving for T, Initial residual = 0.000299352, Final residual = 2.74493e-08, No Iterations 1
Time = 0.0762

DILUPBiCGStab:  Solving for T, Initial residual = 0.000299002, Final residual = 2.75093e-08, No Iterations 1
Time = 0.0763

DILUPBiCGStab:  Solving for T, Initial residual = 0.000298654, Final residual = 2.75697e-08, No Iterations 1
Time = 0.0764

DILUPBiCGStab:  Solving for T, Initial residual = 0.000298308, Final residual = 2.76304e-08, No Iterations 1
Time = 0.0765

DILUPBiCGStab:  Solving for T, Initial residual = 0.000297964, Final residual = 2.76916e-08, No Iterations 1
Time = 0.0766

DILUPBiCGStab:  Solving for T, Initial residual = 0.000297621, Final residual = 2.77532e-08, No Iterations 1
Time = 0.0767

DILUPBiCGStab:  Solving for T, Initial residual = 0.00029728, Final residual = 2.78152e-08, No Iterations 1
Time = 0.0768

DILUPBiCGStab:  Solving for T, Initial residual = 0.000296941, Final residual = 2.78776e-08, No Iterations 1
Time = 0.0769

DILUPBiCGStab:  Solving for T, Initial residual = 0.000296603, Final residual = 2.79405e-08, No Iterations 1
Time = 0.077

DILUPBiCGStab:  Solving for T, Initial residual = 0.000296267, Final residual = 2.80037e-08, No Iterations 1
Time = 0.0771

DILUPBiCGStab:  Solving for T, Initial residual = 0.000295933, Final residual = 2.80674e-08, No Iterations 1
Time = 0.0772

DILUPBiCGStab:  Solving for T, Initial residual = 0.000295601, Final residual = 2.81315e-08, No Iterations 1
Time = 0.0773

DILUPBiCGStab:  Solving for T, Initial residual = 0.00029527, Final residual = 2.81961e-08, No Iterations 1
Time = 0.0774

DILUPBiCGStab:  Solving for T, Initial residual = 0.000294941, Final residual = 2.82611e-08, No Iterations 1
Time = 0.0775

DILUPBiCGStab:  Solving for T, Initial residual = 0.000294613, Final residual = 2.83265e-08, No Iterations 1
Time = 0.0776

DILUPBiCGStab:  Solving for T, Initial residual = 0.000294287, Final residual = 2.83923e-08, No Iterations 1
Time = 0.0777

DILUPBiCGStab:  Solving for T, Initial residual = 0.000293963, Final residual = 2.84585e-08, No Iterations 1
Time = 0.0778

DILUPBiCGStab:  Solving for T, Initial residual = 0.00029364, Final residual = 2.85251e-08, No Iterations 1
Time = 0.0779

DILUPBiCGStab:  Solving for T, Initial residual = 0.000293319, Final residual = 2.85921e-08, No Iterations 1
Time = 0.078

DILUPBiCGStab:  Solving for T, Initial residual = 0.000292999, Final residual = 2.86595e-08, No Iterations 1
Time = 0.0781

DILUPBiCGStab:  Solving for T, Initial residual = 0.000292681, Final residual = 2.87273e-08, No Iterations 1
Time = 0.0782

DILUPBiCGStab:  Solving for T, Initial residual = 0.000292364, Final residual = 2.87956e-08, No Iterations 1
Time = 0.0783

DILUPBiCGStab:  Solving for T, Initial residual = 0.000292049, Final residual = 2.88644e-08, No Iterations 1
Time = 0.0784

DILUPBiCGStab:  Solving for T, Initial residual = 0.000291736, Final residual = 2.89336e-08, No Iterations 1
Time = 0.0785

DILUPBiCGStab:  Solving for T, Initial residual = 0.000291424, Final residual = 2.90031e-08, No Iterations 1
Time = 0.0786

DILUPBiCGStab:  Solving for T, Initial residual = 0.000291113, Final residual = 2.90731e-08, No Iterations 1
Time = 0.0787

DILUPBiCGStab:  Solving for T, Initial residual = 0.000290805, Final residual = 2.91434e-08, No Iterations 1
Time = 0.0788

DILUPBiCGStab:  Solving for T, Initial residual = 0.000290498, Final residual = 2.92142e-08, No Iterations 1
Time = 0.0789

DILUPBiCGStab:  Solving for T, Initial residual = 0.000290192, Final residual = 2.92855e-08, No Iterations 1
Time = 0.079

DILUPBiCGStab:  Solving for T, Initial residual = 0.000289888, Final residual = 2.93572e-08, No Iterations 1
Time = 0.0791

DILUPBiCGStab:  Solving for T, Initial residual = 0.000289585, Final residual = 2.94293e-08, No Iterations 1
Time = 0.0792

DILUPBiCGStab:  Solving for T, Initial residual = 0.000289284, Final residual = 2.95017e-08, No Iterations 1
Time = 0.0793

DILUPBiCGStab:  Solving for T, Initial residual = 0.000288984, Final residual = 2.95746e-08, No Iterations 1
Time = 0.0794

DILUPBiCGStab:  Solving for T, Initial residual = 0.000288686, Final residual = 2.96481e-08, No Iterations 1
Time = 0.0795

DILUPBiCGStab:  Solving for T, Initial residual = 0.000288389, Final residual = 2.97221e-08, No Iterations 1
Time = 0.0796

DILUPBiCGStab:  Solving for T, Initial residual = 0.000288094, Final residual = 2.97966e-08, No Iterations 1
Time = 0.0797

DILUPBiCGStab:  Solving for T, Initial residual = 0.000287801, Final residual = 2.98716e-08, No Iterations 1
Time = 0.0798

DILUPBiCGStab:  Solving for T, Initial residual = 0.000287509, Final residual = 2.99471e-08, No Iterations 1
Time = 0.0799

DILUPBiCGStab:  Solving for T, Initial residual = 0.000287218, Final residual = 3.0023e-08, No Iterations 1
Time = 0.08

DILUPBiCGStab:  Solving for T, Initial residual = 0.000286929, Final residual = 3.00993e-08, No Iterations 1
Time = 0.0801

DILUPBiCGStab:  Solving for T, Initial residual = 0.000286641, Final residual = 3.01762e-08, No Iterations 1
Time = 0.0802

DILUPBiCGStab:  Solving for T, Initial residual = 0.000286355, Final residual = 3.02537e-08, No Iterations 1
Time = 0.0803

DILUPBiCGStab:  Solving for T, Initial residual = 0.00028607, Final residual = 3.03316e-08, No Iterations 1
Time = 0.0804

DILUPBiCGStab:  Solving for T, Initial residual = 0.000285786, Final residual = 3.04099e-08, No Iterations 1
Time = 0.0805

DILUPBiCGStab:  Solving for T, Initial residual = 0.000285504, Final residual = 3.04886e-08, No Iterations 1
Time = 0.0806

DILUPBiCGStab:  Solving for T, Initial residual = 0.000285224, Final residual = 3.05678e-08, No Iterations 1
Time = 0.0807

DILUPBiCGStab:  Solving for T, Initial residual = 0.000284945, Final residual = 3.06474e-08, No Iterations 1
Time = 0.0808

DILUPBiCGStab:  Solving for T, Initial residual = 0.000284667, Final residual = 3.07275e-08, No Iterations 1
Time = 0.0809

DILUPBiCGStab:  Solving for T, Initial residual = 0.00028439, Final residual = 3.08081e-08, No Iterations 1
Time = 0.081

DILUPBiCGStab:  Solving for T, Initial residual = 0.000284115, Final residual = 3.08891e-08, No Iterations 1
Time = 0.0811

DILUPBiCGStab:  Solving for T, Initial residual = 0.000283842, Final residual = 3.09705e-08, No Iterations 1
Time = 0.0812

DILUPBiCGStab:  Solving for T, Initial residual = 0.00028357, Final residual = 3.10523e-08, No Iterations 1
Time = 0.0813

DILUPBiCGStab:  Solving for T, Initial residual = 0.000283299, Final residual = 3.11346e-08, No Iterations 1
Time = 0.0814

DILUPBiCGStab:  Solving for T, Initial residual = 0.00028303, Final residual = 3.12173e-08, No Iterations 1
Time = 0.0815

DILUPBiCGStab:  Solving for T, Initial residual = 0.000282762, Final residual = 3.13005e-08, No Iterations 1
Time = 0.0816

DILUPBiCGStab:  Solving for T, Initial residual = 0.000282495, Final residual = 3.1384e-08, No Iterations 1
Time = 0.0817

DILUPBiCGStab:  Solving for T, Initial residual = 0.000282229, Final residual = 3.1468e-08, No Iterations 1
Time = 0.0818

DILUPBiCGStab:  Solving for T, Initial residual = 0.000281965, Final residual = 3.15524e-08, No Iterations 1
Time = 0.0819

DILUPBiCGStab:  Solving for T, Initial residual = 0.000281703, Final residual = 3.16372e-08, No Iterations 1
Time = 0.082

DILUPBiCGStab:  Solving for T, Initial residual = 0.000281441, Final residual = 3.17223e-08, No Iterations 1
Time = 0.0821

DILUPBiCGStab:  Solving for T, Initial residual = 0.000281181, Final residual = 3.18079e-08, No Iterations 1
Time = 0.0822

DILUPBiCGStab:  Solving for T, Initial residual = 0.000280923, Final residual = 3.18939e-08, No Iterations 1
Time = 0.0823

DILUPBiCGStab:  Solving for T, Initial residual = 0.000280665, Final residual = 3.19803e-08, No Iterations 1
Time = 0.0824

DILUPBiCGStab:  Solving for T, Initial residual = 0.000280409, Final residual = 3.20671e-08, No Iterations 1
Time = 0.0825

DILUPBiCGStab:  Solving for T, Initial residual = 0.000280154, Final residual = 3.21543e-08, No Iterations 1
Time = 0.0826

DILUPBiCGStab:  Solving for T, Initial residual = 0.000279901, Final residual = 3.2242e-08, No Iterations 1
Time = 0.0827

DILUPBiCGStab:  Solving for T, Initial residual = 0.000279649, Final residual = 3.233e-08, No Iterations 1
Time = 0.0828

DILUPBiCGStab:  Solving for T, Initial residual = 0.000279398, Final residual = 3.24184e-08, No Iterations 1
Time = 0.0829

DILUPBiCGStab:  Solving for T, Initial residual = 0.000279148, Final residual = 3.25072e-08, No Iterations 1
Time = 0.083

DILUPBiCGStab:  Solving for T, Initial residual = 0.0002789, Final residual = 3.25964e-08, No Iterations 1
Time = 0.0831

DILUPBiCGStab:  Solving for T, Initial residual = 0.000278652, Final residual = 3.2686e-08, No Iterations 1
Time = 0.0832

DILUPBiCGStab:  Solving for T, Initial residual = 0.000278407, Final residual = 3.2776e-08, No Iterations 1
Time = 0.0833

DILUPBiCGStab:  Solving for T, Initial residual = 0.000278162, Final residual = 3.28664e-08, No Iterations 1
Time = 0.0834

DILUPBiCGStab:  Solving for T, Initial residual = 0.000277918, Final residual = 3.29573e-08, No Iterations 1
Time = 0.0835

DILUPBiCGStab:  Solving for T, Initial residual = 0.000277676, Final residual = 3.30486e-08, No Iterations 1
Time = 0.0836

DILUPBiCGStab:  Solving for T, Initial residual = 0.000277435, Final residual = 3.31403e-08, No Iterations 1
Time = 0.0837

DILUPBiCGStab:  Solving for T, Initial residual = 0.000277195, Final residual = 3.32324e-08, No Iterations 1
Time = 0.0838

DILUPBiCGStab:  Solving for T, Initial residual = 0.000276957, Final residual = 3.33249e-08, No Iterations 1
Time = 0.0839

DILUPBiCGStab:  Solving for T, Initial residual = 0.000276719, Final residual = 3.34177e-08, No Iterations 1
Time = 0.084

DILUPBiCGStab:  Solving for T, Initial residual = 0.000276483, Final residual = 3.3511e-08, No Iterations 1
Time = 0.0841

DILUPBiCGStab:  Solving for T, Initial residual = 0.000276248, Final residual = 3.36047e-08, No Iterations 1
Time = 0.0842

DILUPBiCGStab:  Solving for T, Initial residual = 0.000276014, Final residual = 3.36988e-08, No Iterations 1
Time = 0.0843

DILUPBiCGStab:  Solving for T, Initial residual = 0.000275782, Final residual = 3.37932e-08, No Iterations 1
Time = 0.0844

DILUPBiCGStab:  Solving for T, Initial residual = 0.00027555, Final residual = 3.38881e-08, No Iterations 1
Time = 0.0845

DILUPBiCGStab:  Solving for T, Initial residual = 0.00027532, Final residual = 3.39834e-08, No Iterations 1
Time = 0.0846

DILUPBiCGStab:  Solving for T, Initial residual = 0.000275091, Final residual = 3.40791e-08, No Iterations 1
Time = 0.0847

DILUPBiCGStab:  Solving for T, Initial residual = 0.000274863, Final residual = 3.41753e-08, No Iterations 1
Time = 0.0848

DILUPBiCGStab:  Solving for T, Initial residual = 0.000274636, Final residual = 3.4272e-08, No Iterations 1
Time = 0.0849

DILUPBiCGStab:  Solving for T, Initial residual = 0.000274411, Final residual = 3.43691e-08, No Iterations 1
Time = 0.085

DILUPBiCGStab:  Solving for T, Initial residual = 0.000274186, Final residual = 3.44666e-08, No Iterations 1
Time = 0.0851

DILUPBiCGStab:  Solving for T, Initial residual = 0.000273963, Final residual = 3.45645e-08, No Iterations 1
Time = 0.0852

DILUPBiCGStab:  Solving for T, Initial residual = 0.000273741, Final residual = 3.46628e-08, No Iterations 1
Time = 0.0853

DILUPBiCGStab:  Solving for T, Initial residual = 0.00027352, Final residual = 3.47617e-08, No Iterations 1
Time = 0.0854

DILUPBiCGStab:  Solving for T, Initial residual = 0.0002733, Final residual = 3.4861e-08, No Iterations 1
Time = 0.0855

DILUPBiCGStab:  Solving for T, Initial residual = 0.000273081, Final residual = 3.49608e-08, No Iterations 1
Time = 0.0856

DILUPBiCGStab:  Solving for T, Initial residual = 0.000272864, Final residual = 3.5061e-08, No Iterations 1
Time = 0.0857

DILUPBiCGStab:  Solving for T, Initial residual = 0.000272647, Final residual = 3.51617e-08, No Iterations 1
Time = 0.0858

DILUPBiCGStab:  Solving for T, Initial residual = 0.000272432, Final residual = 3.52627e-08, No Iterations 1
Time = 0.0859

DILUPBiCGStab:  Solving for T, Initial residual = 0.000272218, Final residual = 3.53641e-08, No Iterations 1
Time = 0.086

DILUPBiCGStab:  Solving for T, Initial residual = 0.000272005, Final residual = 3.54661e-08, No Iterations 1
Time = 0.0861

DILUPBiCGStab:  Solving for T, Initial residual = 0.000271793, Final residual = 3.55685e-08, No Iterations 1
Time = 0.0862

DILUPBiCGStab:  Solving for T, Initial residual = 0.000271582, Final residual = 3.56714e-08, No Iterations 1
Time = 0.0863

DILUPBiCGStab:  Solving for T, Initial residual = 0.000271372, Final residual = 3.57747e-08, No Iterations 1
Time = 0.0864

DILUPBiCGStab:  Solving for T, Initial residual = 0.000271163, Final residual = 3.58784e-08, No Iterations 1
Time = 0.0865

DILUPBiCGStab:  Solving for T, Initial residual = 0.000270955, Final residual = 3.59825e-08, No Iterations 1
Time = 0.0866

DILUPBiCGStab:  Solving for T, Initial residual = 0.000270748, Final residual = 3.6087e-08, No Iterations 1
Time = 0.0867

DILUPBiCGStab:  Solving for T, Initial residual = 0.000270542, Final residual = 3.6192e-08, No Iterations 1
Time = 0.0868

DILUPBiCGStab:  Solving for T, Initial residual = 0.000270338, Final residual = 3.62973e-08, No Iterations 1
Time = 0.0869

DILUPBiCGStab:  Solving for T, Initial residual = 0.000270134, Final residual = 3.6403e-08, No Iterations 1
Time = 0.087

DILUPBiCGStab:  Solving for T, Initial residual = 0.000269932, Final residual = 3.65091e-08, No Iterations 1
Time = 0.0871

DILUPBiCGStab:  Solving for T, Initial residual = 0.000269731, Final residual = 3.66156e-08, No Iterations 1
Time = 0.0872

DILUPBiCGStab:  Solving for T, Initial residual = 0.00026953, Final residual = 3.67226e-08, No Iterations 1
Time = 0.0873

DILUPBiCGStab:  Solving for T, Initial residual = 0.000269331, Final residual = 3.683e-08, No Iterations 1
Time = 0.0874

DILUPBiCGStab:  Solving for T, Initial residual = 0.000269133, Final residual = 3.69377e-08, No Iterations 1
Time = 0.0875

DILUPBiCGStab:  Solving for T, Initial residual = 0.000268936, Final residual = 3.70458e-08, No Iterations 1
Time = 0.0876

DILUPBiCGStab:  Solving for T, Initial residual = 0.000268739, Final residual = 3.71543e-08, No Iterations 1
Time = 0.0877

DILUPBiCGStab:  Solving for T, Initial residual = 0.000268544, Final residual = 3.72632e-08, No Iterations 1
Time = 0.0878

DILUPBiCGStab:  Solving for T, Initial residual = 0.00026835, Final residual = 3.73725e-08, No Iterations 1
Time = 0.0879

DILUPBiCGStab:  Solving for T, Initial residual = 0.000268157, Final residual = 3.74822e-08, No Iterations 1
Time = 0.088

DILUPBiCGStab:  Solving for T, Initial residual = 0.000267964, Final residual = 3.75923e-08, No Iterations 1
Time = 0.0881

DILUPBiCGStab:  Solving for T, Initial residual = 0.000267773, Final residual = 3.77029e-08, No Iterations 1
Time = 0.0882

DILUPBiCGStab:  Solving for T, Initial residual = 0.000267583, Final residual = 3.78138e-08, No Iterations 1
Time = 0.0883

DILUPBiCGStab:  Solving for T, Initial residual = 0.000267393, Final residual = 3.7925e-08, No Iterations 1
Time = 0.0884

DILUPBiCGStab:  Solving for T, Initial residual = 0.000267205, Final residual = 3.80367e-08, No Iterations 1
Time = 0.0885

DILUPBiCGStab:  Solving for T, Initial residual = 0.000267018, Final residual = 3.81488e-08, No Iterations 1
Time = 0.0886

DILUPBiCGStab:  Solving for T, Initial residual = 0.000266831, Final residual = 3.82612e-08, No Iterations 1
Time = 0.0887

DILUPBiCGStab:  Solving for T, Initial residual = 0.000266646, Final residual = 3.8374e-08, No Iterations 1
Time = 0.0888

DILUPBiCGStab:  Solving for T, Initial residual = 0.000266462, Final residual = 3.84871e-08, No Iterations 1
Time = 0.0889

DILUPBiCGStab:  Solving for T, Initial residual = 0.000266278, Final residual = 3.86007e-08, No Iterations 1
Time = 0.089

DILUPBiCGStab:  Solving for T, Initial residual = 0.000266096, Final residual = 3.87147e-08, No Iterations 1
Time = 0.0891

DILUPBiCGStab:  Solving for T, Initial residual = 0.000265914, Final residual = 3.88291e-08, No Iterations 1
Time = 0.0892

DILUPBiCGStab:  Solving for T, Initial residual = 0.000265734, Final residual = 3.89439e-08, No Iterations 1
Time = 0.0893

DILUPBiCGStab:  Solving for T, Initial residual = 0.000265554, Final residual = 3.9059e-08, No Iterations 1
Time = 0.0894

DILUPBiCGStab:  Solving for T, Initial residual = 0.000265375, Final residual = 3.91744e-08, No Iterations 1
Time = 0.0895

DILUPBiCGStab:  Solving for T, Initial residual = 0.000265198, Final residual = 3.92904e-08, No Iterations 1
Time = 0.0896

DILUPBiCGStab:  Solving for T, Initial residual = 0.000265021, Final residual = 3.94068e-08, No Iterations 1
Time = 0.0897

DILUPBiCGStab:  Solving for T, Initial residual = 0.000264845, Final residual = 3.95236e-08, No Iterations 1
Time = 0.0898

DILUPBiCGStab:  Solving for T, Initial residual = 0.00026467, Final residual = 3.96406e-08, No Iterations 1
Time = 0.0899

DILUPBiCGStab:  Solving for T, Initial residual = 0.000264496, Final residual = 3.9758e-08, No Iterations 1
Time = 0.09

DILUPBiCGStab:  Solving for T, Initial residual = 0.000264323, Final residual = 3.98758e-08, No Iterations 1
Time = 0.0901

DILUPBiCGStab:  Solving for T, Initial residual = 0.000264151, Final residual = 3.9994e-08, No Iterations 1
Time = 0.0902

DILUPBiCGStab:  Solving for T, Initial residual = 0.00026398, Final residual = 4.01126e-08, No Iterations 1
Time = 0.0903

DILUPBiCGStab:  Solving for T, Initial residual = 0.00026381, Final residual = 4.02314e-08, No Iterations 1
Time = 0.0904

DILUPBiCGStab:  Solving for T, Initial residual = 0.00026364, Final residual = 4.03506e-08, No Iterations 1
Time = 0.0905

DILUPBiCGStab:  Solving for T, Initial residual = 0.000263472, Final residual = 4.04702e-08, No Iterations 1
Time = 0.0906

DILUPBiCGStab:  Solving for T, Initial residual = 0.000263304, Final residual = 4.05902e-08, No Iterations 1
Time = 0.0907

DILUPBiCGStab:  Solving for T, Initial residual = 0.000263138, Final residual = 4.07105e-08, No Iterations 1
Time = 0.0908

DILUPBiCGStab:  Solving for T, Initial residual = 0.000262972, Final residual = 4.08311e-08, No Iterations 1
Time = 0.0909

DILUPBiCGStab:  Solving for T, Initial residual = 0.000262807, Final residual = 4.09522e-08, No Iterations 1
Time = 0.091

DILUPBiCGStab:  Solving for T, Initial residual = 0.000262643, Final residual = 4.10736e-08, No Iterations 1
Time = 0.0911

DILUPBiCGStab:  Solving for T, Initial residual = 0.00026248, Final residual = 4.11954e-08, No Iterations 1
Time = 0.0912

DILUPBiCGStab:  Solving for T, Initial residual = 0.000262318, Final residual = 4.13176e-08, No Iterations 1
Time = 0.0913

DILUPBiCGStab:  Solving for T, Initial residual = 0.000262157, Final residual = 4.14401e-08, No Iterations 1
Time = 0.0914

DILUPBiCGStab:  Solving for T, Initial residual = 0.000261996, Final residual = 4.15631e-08, No Iterations 1
Time = 0.0915

DILUPBiCGStab:  Solving for T, Initial residual = 0.000261837, Final residual = 4.16864e-08, No Iterations 1
Time = 0.0916

DILUPBiCGStab:  Solving for T, Initial residual = 0.000261678, Final residual = 4.181e-08, No Iterations 1
Time = 0.0917

DILUPBiCGStab:  Solving for T, Initial residual = 0.00026152, Final residual = 4.1934e-08, No Iterations 1
Time = 0.0918

DILUPBiCGStab:  Solving for T, Initial residual = 0.000261363, Final residual = 4.20583e-08, No Iterations 1
Time = 0.0919

DILUPBiCGStab:  Solving for T, Initial residual = 0.000261207, Final residual = 4.2183e-08, No Iterations 1
Time = 0.092

DILUPBiCGStab:  Solving for T, Initial residual = 0.000261052, Final residual = 4.2308e-08, No Iterations 1
Time = 0.0921

DILUPBiCGStab:  Solving for T, Initial residual = 0.000260898, Final residual = 4.24334e-08, No Iterations 1
Time = 0.0922

DILUPBiCGStab:  Solving for T, Initial residual = 0.000260745, Final residual = 4.25591e-08, No Iterations 1
Time = 0.0923

DILUPBiCGStab:  Solving for T, Initial residual = 0.000260592, Final residual = 4.26853e-08, No Iterations 1
Time = 0.0924

DILUPBiCGStab:  Solving for T, Initial residual = 0.00026044, Final residual = 4.28119e-08, No Iterations 1
Time = 0.0925

DILUPBiCGStab:  Solving for T, Initial residual = 0.000260289, Final residual = 4.29387e-08, No Iterations 1
Time = 0.0926

DILUPBiCGStab:  Solving for T, Initial residual = 0.000260139, Final residual = 4.30659e-08, No Iterations 1
Time = 0.0927

DILUPBiCGStab:  Solving for T, Initial residual = 0.00025999, Final residual = 4.31935e-08, No Iterations 1
Time = 0.0928

DILUPBiCGStab:  Solving for T, Initial residual = 0.000259841, Final residual = 4.33213e-08, No Iterations 1
Time = 0.0929

DILUPBiCGStab:  Solving for T, Initial residual = 0.000259694, Final residual = 4.34495e-08, No Iterations 1
Time = 0.093

DILUPBiCGStab:  Solving for T, Initial residual = 0.000259547, Final residual = 4.35781e-08, No Iterations 1
Time = 0.0931

DILUPBiCGStab:  Solving for T, Initial residual = 0.000259401, Final residual = 4.37071e-08, No Iterations 1
Time = 0.0932

DILUPBiCGStab:  Solving for T, Initial residual = 0.000259256, Final residual = 4.38365e-08, No Iterations 1
Time = 0.0933

DILUPBiCGStab:  Solving for T, Initial residual = 0.000259112, Final residual = 4.39663e-08, No Iterations 1
Time = 0.0934

DILUPBiCGStab:  Solving for T, Initial residual = 0.000258968, Final residual = 4.40968e-08, No Iterations 1
Time = 0.0935

DILUPBiCGStab:  Solving for T, Initial residual = 0.000258826, Final residual = 4.42275e-08, No Iterations 1
Time = 0.0936

DILUPBiCGStab:  Solving for T, Initial residual = 0.000258684, Final residual = 4.43587e-08, No Iterations 1
Time = 0.0937

DILUPBiCGStab:  Solving for T, Initial residual = 0.000258543, Final residual = 4.44903e-08, No Iterations 1
Time = 0.0938

DILUPBiCGStab:  Solving for T, Initial residual = 0.000258402, Final residual = 4.46222e-08, No Iterations 1
Time = 0.0939

DILUPBiCGStab:  Solving for T, Initial residual = 0.000258263, Final residual = 4.47545e-08, No Iterations 1
Time = 0.094

DILUPBiCGStab:  Solving for T, Initial residual = 0.000258124, Final residual = 4.48871e-08, No Iterations 1
Time = 0.0941

DILUPBiCGStab:  Solving for T, Initial residual = 0.000257987, Final residual = 4.50202e-08, No Iterations 1
Time = 0.0942

DILUPBiCGStab:  Solving for T, Initial residual = 0.00025785, Final residual = 4.51536e-08, No Iterations 1
Time = 0.0943

DILUPBiCGStab:  Solving for T, Initial residual = 0.000257713, Final residual = 4.52875e-08, No Iterations 1
Time = 0.0944

DILUPBiCGStab:  Solving for T, Initial residual = 0.000257578, Final residual = 4.54217e-08, No Iterations 1
Time = 0.0945

DILUPBiCGStab:  Solving for T, Initial residual = 0.000257443, Final residual = 4.55564e-08, No Iterations 1
Time = 0.0946

DILUPBiCGStab:  Solving for T, Initial residual = 0.000257309, Final residual = 4.56914e-08, No Iterations 1
Time = 0.0947

DILUPBiCGStab:  Solving for T, Initial residual = 0.000257176, Final residual = 4.58268e-08, No Iterations 1
Time = 0.0948

DILUPBiCGStab:  Solving for T, Initial residual = 0.000257044, Final residual = 4.59625e-08, No Iterations 1
Time = 0.0949

DILUPBiCGStab:  Solving for T, Initial residual = 0.000256912, Final residual = 4.60987e-08, No Iterations 1
Time = 0.095

DILUPBiCGStab:  Solving for T, Initial residual = 0.000256782, Final residual = 4.62352e-08, No Iterations 1
Time = 0.0951

DILUPBiCGStab:  Solving for T, Initial residual = 0.000256652, Final residual = 4.63721e-08, No Iterations 1
Time = 0.0952

DILUPBiCGStab:  Solving for T, Initial residual = 0.000256522, Final residual = 4.65095e-08, No Iterations 1
Time = 0.0953

DILUPBiCGStab:  Solving for T, Initial residual = 0.000256394, Final residual = 4.66472e-08, No Iterations 1
Time = 0.0954

DILUPBiCGStab:  Solving for T, Initial residual = 0.000256266, Final residual = 4.67855e-08, No Iterations 1
Time = 0.0955

DILUPBiCGStab:  Solving for T, Initial residual = 0.000256139, Final residual = 4.69241e-08, No Iterations 1
Time = 0.0956

DILUPBiCGStab:  Solving for T, Initial residual = 0.000256013, Final residual = 4.70633e-08, No Iterations 1
Time = 0.0957

DILUPBiCGStab:  Solving for T, Initial residual = 0.000255888, Final residual = 4.72029e-08, No Iterations 1
Time = 0.0958

DILUPBiCGStab:  Solving for T, Initial residual = 0.000255763, Final residual = 4.73431e-08, No Iterations 1
Time = 0.0959

DILUPBiCGStab:  Solving for T, Initial residual = 0.000255639, Final residual = 4.74836e-08, No Iterations 1
Time = 0.096

DILUPBiCGStab:  Solving for T, Initial residual = 0.000255516, Final residual = 4.76247e-08, No Iterations 1
Time = 0.0961

DILUPBiCGStab:  Solving for T, Initial residual = 0.000255394, Final residual = 4.77661e-08, No Iterations 1
Time = 0.0962

DILUPBiCGStab:  Solving for T, Initial residual = 0.000255272, Final residual = 4.7908e-08, No Iterations 1
Time = 0.0963

DILUPBiCGStab:  Solving for T, Initial residual = 0.000255151, Final residual = 4.80502e-08, No Iterations 1
Time = 0.0964

DILUPBiCGStab:  Solving for T, Initial residual = 0.000255031, Final residual = 4.8193e-08, No Iterations 1
Time = 0.0965

DILUPBiCGStab:  Solving for T, Initial residual = 0.000254911, Final residual = 4.83361e-08, No Iterations 1
Time = 0.0966

DILUPBiCGStab:  Solving for T, Initial residual = 0.000254793, Final residual = 4.84796e-08, No Iterations 1
Time = 0.0967

DILUPBiCGStab:  Solving for T, Initial residual = 0.000254675, Final residual = 4.86235e-08, No Iterations 1
Time = 0.0968

DILUPBiCGStab:  Solving for T, Initial residual = 0.000254557, Final residual = 4.87679e-08, No Iterations 1
Time = 0.0969

DILUPBiCGStab:  Solving for T, Initial residual = 0.000254441, Final residual = 4.89128e-08, No Iterations 1
Time = 0.097

DILUPBiCGStab:  Solving for T, Initial residual = 0.000254325, Final residual = 4.90581e-08, No Iterations 1
Time = 0.0971

DILUPBiCGStab:  Solving for T, Initial residual = 0.00025421, Final residual = 4.9204e-08, No Iterations 1
Time = 0.0972

DILUPBiCGStab:  Solving for T, Initial residual = 0.000254095, Final residual = 4.93503e-08, No Iterations 1
Time = 0.0973

DILUPBiCGStab:  Solving for T, Initial residual = 0.000253981, Final residual = 4.94972e-08, No Iterations 1
Time = 0.0974

DILUPBiCGStab:  Solving for T, Initial residual = 0.000253868, Final residual = 4.96446e-08, No Iterations 1
Time = 0.0975

DILUPBiCGStab:  Solving for T, Initial residual = 0.000253756, Final residual = 4.97923e-08, No Iterations 1
Time = 0.0976

DILUPBiCGStab:  Solving for T, Initial residual = 0.000253644, Final residual = 4.99407e-08, No Iterations 1
Time = 0.0977

DILUPBiCGStab:  Solving for T, Initial residual = 0.000253533, Final residual = 5.00893e-08, No Iterations 1
Time = 0.0978

DILUPBiCGStab:  Solving for T, Initial residual = 0.000253423, Final residual = 5.02387e-08, No Iterations 1
Time = 0.0979

DILUPBiCGStab:  Solving for T, Initial residual = 0.000253314, Final residual = 5.03886e-08, No Iterations 1
Time = 0.098

DILUPBiCGStab:  Solving for T, Initial residual = 0.000253205, Final residual = 5.05391e-08, No Iterations 1
Time = 0.0981

DILUPBiCGStab:  Solving for T, Initial residual = 0.000253096, Final residual = 5.06902e-08, No Iterations 1
Time = 0.0982

DILUPBiCGStab:  Solving for T, Initial residual = 0.000252989, Final residual = 5.0842e-08, No Iterations 1
Time = 0.0983

DILUPBiCGStab:  Solving for T, Initial residual = 0.000252882, Final residual = 5.09943e-08, No Iterations 1
Time = 0.0984

DILUPBiCGStab:  Solving for T, Initial residual = 0.000252776, Final residual = 5.11473e-08, No Iterations 1
Time = 0.0985

DILUPBiCGStab:  Solving for T, Initial residual = 0.000252671, Final residual = 5.13009e-08, No Iterations 1
Time = 0.0986

DILUPBiCGStab:  Solving for T, Initial residual = 0.000252566, Final residual = 5.1455e-08, No Iterations 1
Time = 0.0987

DILUPBiCGStab:  Solving for T, Initial residual = 0.000252462, Final residual = 5.161e-08, No Iterations 1
Time = 0.0988

DILUPBiCGStab:  Solving for T, Initial residual = 0.000252358, Final residual = 5.17655e-08, No Iterations 1
Time = 0.0989

DILUPBiCGStab:  Solving for T, Initial residual = 0.000252256, Final residual = 5.1922e-08, No Iterations 1
Time = 0.099

DILUPBiCGStab:  Solving for T, Initial residual = 0.000252154, Final residual = 5.20792e-08, No Iterations 1
Time = 0.0991

DILUPBiCGStab:  Solving for T, Initial residual = 0.000252052, Final residual = 5.22373e-08, No Iterations 1
Time = 0.0992

DILUPBiCGStab:  Solving for T, Initial residual = 0.000251952, Final residual = 5.23962e-08, No Iterations 1
Time = 0.0993

DILUPBiCGStab:  Solving for T, Initial residual = 0.000251852, Final residual = 5.25561e-08, No Iterations 1
Time = 0.0994

DILUPBiCGStab:  Solving for T, Initial residual = 0.000251752, Final residual = 5.2717e-08, No Iterations 1
Time = 0.0995

DILUPBiCGStab:  Solving for T, Initial residual = 0.000251654, Final residual = 5.28789e-08, No Iterations 1
Time = 0.0996

DILUPBiCGStab:  Solving for T, Initial residual = 0.000251556, Final residual = 5.30418e-08, No Iterations 1
Time = 0.0997

DILUPBiCGStab:  Solving for T, Initial residual = 0.000251458, Final residual = 5.32059e-08, No Iterations 1
Time = 0.0998

DILUPBiCGStab:  Solving for T, Initial residual = 0.000251361, Final residual = 5.33709e-08, No Iterations 1
Time = 0.0999

DILUPBiCGStab:  Solving for T, Initial residual = 0.000251265, Final residual = 5.35372e-08, No Iterations 1
Time = 0.1

DILUPBiCGStab:  Solving for T, Initial residual = 0.00025117, Final residual = 5.37046e-08, No Iterations 1
End

