/*---------------------------------------------------------------------------*\
| =========                 |                                                 |
| \\      /  F ield         | OpenFOAM: The Open Source CFD Toolbox           |
|  \\    /   O peration     | Version:  2512                                  |
|   \\  /    A nd           | Website:  www.openfoam.com                      |
|    \\/     M anipulation  |                                                 |
\*---------------------------------------------------------------------------*/
Build  : _bd2b6720-20260127 OPENFOAM=2512 version=2512
Arch   : "LSB;label=32;scalar=64"
Exec   : scalarTransportFoam
Date   : Oct 04 2026
Time   : 00:40:26
Host   : shark-VMware-Virtual-Platform
PID    : 18544
--> FOAM Warning : 
    From Foam::fileName Foam::cwd_L()
    in file POSIX.C at line 554
    PWD is not the cwd() - reverting to physical description
I/O    : uncollated
--> FOAM Warning : 
    From Foam::fileName Foam::cwd_L()
    in file POSIX.C at line 554
    PWD is not the cwd() - reverting to physical description
Case   : /mnt/hgfs/UbuntuShareFolder/.foamlab-build/town-training-20261004/scalar-linear
nProcs : 1
trapFpe: Floating point exception trapping enabled (FOAM_SIGFPE).
memory pool : not available
fileModificationChecking : Monitoring run-time modified files using timeStampMaster (fileModificationSkew 5, maxFileModificationPolls 20)
allowSystemOperations : Allowing user-supplied system call operations

// * * * * * * * * * * * * * * * * * * * * * * * * * * * * * * * * * * * * * //
Create time

Create mesh for time = 0


SIMPLE: no convergence criteria found. Calculations will run for 0.1 steps.

Reading field T

Reading field U

Reading transportProperties

Reading diffusivity DT

Reading/calculating face flux field phi

No finite volume options present

Calculating scalar transport

Courant Number mean: 0.45058 max: 1.97018
Time = 0.0001

DILUPBiCGStab:  Solving for T, Initial residual = 1, Final residual = 5.8788e-07, No Iterations 7
Time = 0.0002

DILUPBiCGStab:  Solving for T, Initial residual = 0.293186, Final residual = 7.53676e-07, No Iterations 6
Time = 0.0003

DILUPBiCGStab:  Solving for T, Initial residual = 0.196436, Final residual = 6.7404e-07, No Iterations 6
Time = 0.0004

DILUPBiCGStab:  Solving for T, Initial residual = 0.144011, Final residual = 6.50224e-07, No Iterations 6
Time = 0.0005

DILUPBiCGStab:  Solving for T, Initial residual = 0.111344, Final residual = 6.55867e-07, No Iterations 6
Time = 0.0006

DILUPBiCGStab:  Solving for T, Initial residual = 0.0907906, Final residual = 6.89615e-07, No Iterations 6
Time = 0.0007

DILUPBiCGStab:  Solving for T, Initial residual = 0.0766609, Final residual = 7.36917e-07, No Iterations 6
Time = 0.0008

DILUPBiCGStab:  Solving for T, Initial residual = 0.0663336, Final residual = 7.85274e-07, No Iterations 6
Time = 0.0009

DILUPBiCGStab:  Solving for T, Initial residual = 0.0584396, Final residual = 8.25284e-07, No Iterations 6
Time = 0.001

DILUPBiCGStab:  Solving for T, Initial residual = 0.0521983, Final residual = 8.52275e-07, No Iterations 6
Time = 0.0011

DILUPBiCGStab:  Solving for T, Initial residual = 0.0471343, Final residual = 8.6522e-07, No Iterations 6
Time = 0.0012

DILUPBiCGStab:  Solving for T, Initial residual = 0.0429386, Final residual = 8.65102e-07, No Iterations 6
Time = 0.0013

DILUPBiCGStab:  Solving for T, Initial residual = 0.0393998, Final residual = 8.5374e-07, No Iterations 6
Time = 0.0014

DILUPBiCGStab:  Solving for T, Initial residual = 0.0363726, Final residual = 8.34776e-07, No Iterations 6
Time = 0.0015

DILUPBiCGStab:  Solving for T, Initial residual = 0.0337518, Final residual = 8.08403e-07, No Iterations 6
Time = 0.0016

DILUPBiCGStab:  Solving for T, Initial residual = 0.03146, Final residual = 7.77723e-07, No Iterations 6
Time = 0.0017

DILUPBiCGStab:  Solving for T, Initial residual = 0.0294387, Final residual = 7.44208e-07, No Iterations 6
Time = 0.0018

DILUPBiCGStab:  Solving for T, Initial residual = 0.0276424, Final residual = 7.09375e-07, No Iterations 6
Time = 0.0019

DILUPBiCGStab:  Solving for T, Initial residual = 0.0260359, Final residual = 6.74069e-07, No Iterations 6
Time = 0.002

DILUPBiCGStab:  Solving for T, Initial residual = 0.0245911, Final residual = 6.38949e-07, No Iterations 6
Time = 0.0021

DILUPBiCGStab:  Solving for T, Initial residual = 0.0232855, Final residual = 6.04534e-07, No Iterations 6
Time = 0.0022

DILUPBiCGStab:  Solving for T, Initial residual = 0.0221008, Final residual = 5.71014e-07, No Iterations 6
Time = 0.0023

DILUPBiCGStab:  Solving for T, Initial residual = 0.0210214, Final residual = 9.51505e-07, No Iterations 6
Time = 0.0024

DILUPBiCGStab:  Solving for T, Initial residual = 0.0200351, Final residual = 8.99168e-07, No Iterations 6
Time = 0.0025

DILUPBiCGStab:  Solving for T, Initial residual = 0.0191308, Final residual = 8.50742e-07, No Iterations 6
Time = 0.0026

DILUPBiCGStab:  Solving for T, Initial residual = 0.0182995, Final residual = 8.04547e-07, No Iterations 6
Time = 0.0027

DILUPBiCGStab:  Solving for T, Initial residual = 0.0175335, Final residual = 7.60352e-07, No Iterations 6
Time = 0.0028

DILUPBiCGStab:  Solving for T, Initial residual = 0.0168261, Final residual = 7.1797e-07, No Iterations 6
Time = 0.0029

DILUPBiCGStab:  Solving for T, Initial residual = 0.0161711, Final residual = 6.77618e-07, No Iterations 6
Time = 0.003

DILUPBiCGStab:  Solving for T, Initial residual = 0.0155636, Final residual = 6.39397e-07, No Iterations 6
Time = 0.0031

DILUPBiCGStab:  Solving for T, Initial residual = 0.014999, Final residual = 6.03377e-07, No Iterations 6
Time = 0.0032

DILUPBiCGStab:  Solving for T, Initial residual = 0.0144735, Final residual = 5.69561e-07, No Iterations 6
Time = 0.0033

DILUPBiCGStab:  Solving for T, Initial residual = 0.0139834, Final residual = 5.37962e-07, No Iterations 6
Time = 0.0034

DILUPBiCGStab:  Solving for T, Initial residual = 0.0135256, Final residual = 5.08489e-07, No Iterations 6
Time = 0.0035

DILUPBiCGStab:  Solving for T, Initial residual = 0.0130972, Final residual = 4.81094e-07, No Iterations 6
Time = 0.0036

DILUPBiCGStab:  Solving for T, Initial residual = 0.0126958, Final residual = 4.55746e-07, No Iterations 6
Time = 0.0037

DILUPBiCGStab:  Solving for T, Initial residual = 0.012319, Final residual = 4.32304e-07, No Iterations 6
Time = 0.0038

DILUPBiCGStab:  Solving for T, Initial residual = 0.011965, Final residual = 4.10644e-07, No Iterations 6
Time = 0.0039

DILUPBiCGStab:  Solving for T, Initial residual = 0.0116318, Final residual = 3.90646e-07, No Iterations 6
Time = 0.004

DILUPBiCGStab:  Solving for T, Initial residual = 0.0113179, Final residual = 3.72175e-07, No Iterations 6
Time = 0.0041

DILUPBiCGStab:  Solving for T, Initial residual = 0.0110217, Final residual = 3.55097e-07, No Iterations 6
Time = 0.0042

DILUPBiCGStab:  Solving for T, Initial residual = 0.0107419, Final residual = 3.39327e-07, No Iterations 6
Time = 0.0043

DILUPBiCGStab:  Solving for T, Initial residual = 0.0104772, Final residual = 3.24725e-07, No Iterations 6
Time = 0.0044

DILUPBiCGStab:  Solving for T, Initial residual = 0.0102265, Final residual = 9.98281e-07, No Iterations 5
Time = 0.0045

DILUPBiCGStab:  Solving for T, Initial residual = 0.00998887, Final residual = 9.62677e-07, No Iterations 5
Time = 0.0046

DILUPBiCGStab:  Solving for T, Initial residual = 0.00976334, Final residual = 9.29152e-07, No Iterations 5
Time = 0.0047

DILUPBiCGStab:  Solving for T, Initial residual = 0.00954906, Final residual = 8.97606e-07, No Iterations 5
Time = 0.0048

DILUPBiCGStab:  Solving for T, Initial residual = 0.00934527, Final residual = 8.67897e-07, No Iterations 5
Time = 0.0049

DILUPBiCGStab:  Solving for T, Initial residual = 0.00915126, Final residual = 8.39888e-07, No Iterations 5
Time = 0.005

DILUPBiCGStab:  Solving for T, Initial residual = 0.00896638, Final residual = 8.13407e-07, No Iterations 5
Time = 0.0051

DILUPBiCGStab:  Solving for T, Initial residual = 0.00879004, Final residual = 7.88363e-07, No Iterations 5
Time = 0.0052

DILUPBiCGStab:  Solving for T, Initial residual = 0.0086217, Final residual = 7.64601e-07, No Iterations 5
Time = 0.0053

DILUPBiCGStab:  Solving for T, Initial residual = 0.00846085, Final residual = 7.4204e-07, No Iterations 5
Time = 0.0054

DILUPBiCGStab:  Solving for T, Initial residual = 0.00830702, Final residual = 7.2059e-07, No Iterations 5
Time = 0.0055

DILUPBiCGStab:  Solving for T, Initial residual = 0.00815979, Final residual = 7.00168e-07, No Iterations 5
Time = 0.0056

DILUPBiCGStab:  Solving for T, Initial residual = 0.00801876, Final residual = 6.80683e-07, No Iterations 5
Time = 0.0057

DILUPBiCGStab:  Solving for T, Initial residual = 0.00788359, Final residual = 6.62076e-07, No Iterations 5
Time = 0.0058

DILUPBiCGStab:  Solving for T, Initial residual = 0.00775391, Final residual = 6.44289e-07, No Iterations 5
Time = 0.0059

DILUPBiCGStab:  Solving for T, Initial residual = 0.00762942, Final residual = 6.27266e-07, No Iterations 5
Time = 0.006

DILUPBiCGStab:  Solving for T, Initial residual = 0.00750983, Final residual = 6.10953e-07, No Iterations 5
Time = 0.0061

DILUPBiCGStab:  Solving for T, Initial residual = 0.00739487, Final residual = 5.95314e-07, No Iterations 5
Time = 0.0062

DILUPBiCGStab:  Solving for T, Initial residual = 0.00728428, Final residual = 5.80297e-07, No Iterations 5
Time = 0.0063

DILUPBiCGStab:  Solving for T, Initial residual = 0.00717784, Final residual = 5.65861e-07, No Iterations 5
Time = 0.0064

DILUPBiCGStab:  Solving for T, Initial residual = 0.00707534, Final residual = 5.51975e-07, No Iterations 5
Time = 0.0065

DILUPBiCGStab:  Solving for T, Initial residual = 0.00697657, Final residual = 9.88385e-07, No Iterations 5
Time = 0.0066

DILUPBiCGStab:  Solving for T, Initial residual = 0.00688132, Final residual = 9.64524e-07, No Iterations 5
Time = 0.0067

DILUPBiCGStab:  Solving for T, Initial residual = 0.00678942, Final residual = 9.41876e-07, No Iterations 5
Time = 0.0068

DILUPBiCGStab:  Solving for T, Initial residual = 0.00670073, Final residual = 9.20158e-07, No Iterations 5
Time = 0.0069

DILUPBiCGStab:  Solving for T, Initial residual = 0.00661508, Final residual = 8.99253e-07, No Iterations 5
Time = 0.007

DILUPBiCGStab:  Solving for T, Initial residual = 0.00653232, Final residual = 8.79094e-07, No Iterations 5
Time = 0.0071

DILUPBiCGStab:  Solving for T, Initial residual = 0.00645229, Final residual = 8.59646e-07, No Iterations 5
Time = 0.0072

DILUPBiCGStab:  Solving for T, Initial residual = 0.0063749, Final residual = 8.40878e-07, No Iterations 5
Time = 0.0073

DILUPBiCGStab:  Solving for T, Initial residual = 0.00630001, Final residual = 8.2275e-07, No Iterations 5
Time = 0.0074

DILUPBiCGStab:  Solving for T, Initial residual = 0.00622753, Final residual = 8.05239e-07, No Iterations 5
Time = 0.0075

DILUPBiCGStab:  Solving for T, Initial residual = 0.00615731, Final residual = 7.88317e-07, No Iterations 5
Time = 0.0076

DILUPBiCGStab:  Solving for T, Initial residual = 0.00608927, Final residual = 7.71963e-07, No Iterations 5
Time = 0.0077

DILUPBiCGStab:  Solving for T, Initial residual = 0.00602333, Final residual = 7.56154e-07, No Iterations 5
Time = 0.0078

DILUPBiCGStab:  Solving for T, Initial residual = 0.00595939, Final residual = 7.40865e-07, No Iterations 5
Time = 0.0079

DILUPBiCGStab:  Solving for T, Initial residual = 0.00589733, Final residual = 7.2607e-07, No Iterations 5
Time = 0.008

DILUPBiCGStab:  Solving for T, Initial residual = 0.00583713, Final residual = 7.11757e-07, No Iterations 5
Time = 0.0081

DILUPBiCGStab:  Solving for T, Initial residual = 0.0057787, Final residual = 6.97905e-07, No Iterations 5
Time = 0.0082

DILUPBiCGStab:  Solving for T, Initial residual = 0.00572192, Final residual = 6.84495e-07, No Iterations 5
Time = 0.0083

DILUPBiCGStab:  Solving for T, Initial residual = 0.00566677, Final residual = 6.7152e-07, No Iterations 5
Time = 0.0084

DILUPBiCGStab:  Solving for T, Initial residual = 0.00561319, Final residual = 6.58958e-07, No Iterations 5
Time = 0.0085

DILUPBiCGStab:  Solving for T, Initial residual = 0.00556107, Final residual = 6.46788e-07, No Iterations 5
Time = 0.0086

DILUPBiCGStab:  Solving for T, Initial residual = 0.0055104, Final residual = 6.35001e-07, No Iterations 5
Time = 0.0087

DILUPBiCGStab:  Solving for T, Initial residual = 0.00546111, Final residual = 6.2358e-07, No Iterations 5
Time = 0.0088

DILUPBiCGStab:  Solving for T, Initial residual = 0.00541315, Final residual = 6.12514e-07, No Iterations 5
Time = 0.0089

DILUPBiCGStab:  Solving for T, Initial residual = 0.00536645, Final residual = 6.01788e-07, No Iterations 5
Time = 0.009

DILUPBiCGStab:  Solving for T, Initial residual = 0.00532101, Final residual = 5.91393e-07, No Iterations 5
Time = 0.0091

DILUPBiCGStab:  Solving for T, Initial residual = 0.00527673, Final residual = 5.81316e-07, No Iterations 5
Time = 0.0092

DILUPBiCGStab:  Solving for T, Initial residual = 0.00523359, Final residual = 5.71545e-07, No Iterations 5
Time = 0.0093

DILUPBiCGStab:  Solving for T, Initial residual = 0.00519157, Final residual = 5.62072e-07, No Iterations 5
Time = 0.0094

DILUPBiCGStab:  Solving for T, Initial residual = 0.0051506, Final residual = 5.52884e-07, No Iterations 5
Time = 0.0095

DILUPBiCGStab:  Solving for T, Initial residual = 0.00511065, Final residual = 5.43972e-07, No Iterations 5
Time = 0.0096

DILUPBiCGStab:  Solving for T, Initial residual = 0.00507171, Final residual = 5.35328e-07, No Iterations 5
Time = 0.0097

DILUPBiCGStab:  Solving for T, Initial residual = 0.00503371, Final residual = 5.26937e-07, No Iterations 5
Time = 0.0098

DILUPBiCGStab:  Solving for T, Initial residual = 0.00499665, Final residual = 5.18797e-07, No Iterations 5
Time = 0.0099

DILUPBiCGStab:  Solving for T, Initial residual = 0.00496047, Final residual = 5.10892e-07, No Iterations 5
Time = 0.01

DILUPBiCGStab:  Solving for T, Initial residual = 0.00492516, Final residual = 5.03218e-07, No Iterations 5
Time = 0.0101

DILUPBiCGStab:  Solving for T, Initial residual = 0.00489069, Final residual = 4.95765e-07, No Iterations 5
Time = 0.0102

DILUPBiCGStab:  Solving for T, Initial residual = 0.00485701, Final residual = 4.88521e-07, No Iterations 5
Time = 0.0103

DILUPBiCGStab:  Solving for T, Initial residual = 0.00482414, Final residual = 4.81484e-07, No Iterations 5
Time = 0.0104

DILUPBiCGStab:  Solving for T, Initial residual = 0.004792, Final residual = 4.74639e-07, No Iterations 5
Time = 0.0105

DILUPBiCGStab:  Solving for T, Initial residual = 0.00476062, Final residual = 4.67985e-07, No Iterations 5
Time = 0.0106

DILUPBiCGStab:  Solving for T, Initial residual = 0.00472993, Final residual = 4.6151e-07, No Iterations 5
Time = 0.0107

DILUPBiCGStab:  Solving for T, Initial residual = 0.00469995, Final residual = 4.5521e-07, No Iterations 5
Time = 0.0108

DILUPBiCGStab:  Solving for T, Initial residual = 0.00467063, Final residual = 4.49076e-07, No Iterations 5
Time = 0.0109

DILUPBiCGStab:  Solving for T, Initial residual = 0.00464196, Final residual = 4.43102e-07, No Iterations 5
Time = 0.011

DILUPBiCGStab:  Solving for T, Initial residual = 0.00461392, Final residual = 4.37283e-07, No Iterations 5
Time = 0.0111

DILUPBiCGStab:  Solving for T, Initial residual = 0.00458649, Final residual = 4.31613e-07, No Iterations 5
Time = 0.0112

DILUPBiCGStab:  Solving for T, Initial residual = 0.00455965, Final residual = 4.26087e-07, No Iterations 5
Time = 0.0113

DILUPBiCGStab:  Solving for T, Initial residual = 0.00453339, Final residual = 4.20698e-07, No Iterations 5
Time = 0.0114

DILUPBiCGStab:  Solving for T, Initial residual = 0.00450769, Final residual = 4.15443e-07, No Iterations 5
Time = 0.0115

DILUPBiCGStab:  Solving for T, Initial residual = 0.00448254, Final residual = 4.10314e-07, No Iterations 5
Time = 0.0116

DILUPBiCGStab:  Solving for T, Initial residual = 0.0044579, Final residual = 4.05309e-07, No Iterations 5
Time = 0.0117

DILUPBiCGStab:  Solving for T, Initial residual = 0.00443379, Final residual = 4.00422e-07, No Iterations 5
Time = 0.0118

DILUPBiCGStab:  Solving for T, Initial residual = 0.00441017, Final residual = 3.95649e-07, No Iterations 5
Time = 0.0119

DILUPBiCGStab:  Solving for T, Initial residual = 0.00438705, Final residual = 3.90988e-07, No Iterations 5
Time = 0.012

DILUPBiCGStab:  Solving for T, Initial residual = 0.00436439, Final residual = 3.86431e-07, No Iterations 5
Time = 0.0121

DILUPBiCGStab:  Solving for T, Initial residual = 0.00434221, Final residual = 3.81978e-07, No Iterations 5
Time = 0.0122

DILUPBiCGStab:  Solving for T, Initial residual = 0.00432045, Final residual = 3.77623e-07, No Iterations 5
Time = 0.0123

DILUPBiCGStab:  Solving for T, Initial residual = 0.00429915, Final residual = 3.73365e-07, No Iterations 5
Time = 0.0124

DILUPBiCGStab:  Solving for T, Initial residual = 0.00427826, Final residual = 3.69198e-07, No Iterations 5
Time = 0.0125

DILUPBiCGStab:  Solving for T, Initial residual = 0.00425779, Final residual = 3.65123e-07, No Iterations 5
Time = 0.0126

DILUPBiCGStab:  Solving for T, Initial residual = 0.00423772, Final residual = 3.61133e-07, No Iterations 5
Time = 0.0127

DILUPBiCGStab:  Solving for T, Initial residual = 0.00421805, Final residual = 3.57227e-07, No Iterations 5
Time = 0.0128

DILUPBiCGStab:  Solving for T, Initial residual = 0.00419875, Final residual = 3.53402e-07, No Iterations 5
Time = 0.0129

DILUPBiCGStab:  Solving for T, Initial residual = 0.00417984, Final residual = 3.49656e-07, No Iterations 5
Time = 0.013

DILUPBiCGStab:  Solving for T, Initial residual = 0.00416129, Final residual = 9.95247e-07, No Iterations 4
Time = 0.0131

DILUPBiCGStab:  Solving for T, Initial residual = 0.0041431, Final residual = 9.85925e-07, No Iterations 4
Time = 0.0132

DILUPBiCGStab:  Solving for T, Initial residual = 0.00412527, Final residual = 9.75741e-07, No Iterations 4
Time = 0.0133

DILUPBiCGStab:  Solving for T, Initial residual = 0.00410776, Final residual = 9.65456e-07, No Iterations 4
Time = 0.0134

DILUPBiCGStab:  Solving for T, Initial residual = 0.0040906, Final residual = 9.55292e-07, No Iterations 4
Time = 0.0135

DILUPBiCGStab:  Solving for T, Initial residual = 0.00407374, Final residual = 9.45299e-07, No Iterations 4
Time = 0.0136

DILUPBiCGStab:  Solving for T, Initial residual = 0.00405722, Final residual = 9.35504e-07, No Iterations 4
Time = 0.0137

DILUPBiCGStab:  Solving for T, Initial residual = 0.00404099, Final residual = 9.25896e-07, No Iterations 4
Time = 0.0138

DILUPBiCGStab:  Solving for T, Initial residual = 0.00402506, Final residual = 9.16481e-07, No Iterations 4
Time = 0.0139

DILUPBiCGStab:  Solving for T, Initial residual = 0.00400943, Final residual = 9.07252e-07, No Iterations 4
Time = 0.014

DILUPBiCGStab:  Solving for T, Initial residual = 0.00399408, Final residual = 8.98205e-07, No Iterations 4
Time = 0.0141

DILUPBiCGStab:  Solving for T, Initial residual = 0.00397902, Final residual = 8.89341e-07, No Iterations 4
Time = 0.0142

DILUPBiCGStab:  Solving for T, Initial residual = 0.00396422, Final residual = 8.80646e-07, No Iterations 4
Time = 0.0143

DILUPBiCGStab:  Solving for T, Initial residual = 0.0039497, Final residual = 8.72127e-07, No Iterations 4
Time = 0.0144

DILUPBiCGStab:  Solving for T, Initial residual = 0.00393544, Final residual = 8.63772e-07, No Iterations 4
Time = 0.0145

DILUPBiCGStab:  Solving for T, Initial residual = 0.00392143, Final residual = 8.5558e-07, No Iterations 4
Time = 0.0146

DILUPBiCGStab:  Solving for T, Initial residual = 0.00390768, Final residual = 8.47548e-07, No Iterations 4
Time = 0.0147

DILUPBiCGStab:  Solving for T, Initial residual = 0.00389416, Final residual = 8.39671e-07, No Iterations 4
Time = 0.0148

DILUPBiCGStab:  Solving for T, Initial residual = 0.0038809, Final residual = 8.31949e-07, No Iterations 4
Time = 0.0149

DILUPBiCGStab:  Solving for T, Initial residual = 0.00386786, Final residual = 8.24371e-07, No Iterations 4
Time = 0.015

DILUPBiCGStab:  Solving for T, Initial residual = 0.00385506, Final residual = 8.16939e-07, No Iterations 4
Time = 0.0151

DILUPBiCGStab:  Solving for T, Initial residual = 0.00384248, Final residual = 8.09648e-07, No Iterations 4
Time = 0.0152

DILUPBiCGStab:  Solving for T, Initial residual = 0.00383012, Final residual = 8.02493e-07, No Iterations 4
Time = 0.0153

DILUPBiCGStab:  Solving for T, Initial residual = 0.00381798, Final residual = 7.95474e-07, No Iterations 4
Time = 0.0154

DILUPBiCGStab:  Solving for T, Initial residual = 0.00380605, Final residual = 7.88585e-07, No Iterations 4
Time = 0.0155

DILUPBiCGStab:  Solving for T, Initial residual = 0.00379433, Final residual = 7.81825e-07, No Iterations 4
Time = 0.0156

DILUPBiCGStab:  Solving for T, Initial residual = 0.00378282, Final residual = 7.7519e-07, No Iterations 4
Time = 0.0157

DILUPBiCGStab:  Solving for T, Initial residual = 0.00377149, Final residual = 7.68675e-07, No Iterations 4
Time = 0.0158

DILUPBiCGStab:  Solving for T, Initial residual = 0.00376037, Final residual = 7.62281e-07, No Iterations 4
Time = 0.0159

DILUPBiCGStab:  Solving for T, Initial residual = 0.00374944, Final residual = 7.56003e-07, No Iterations 4
Time = 0.016

DILUPBiCGStab:  Solving for T, Initial residual = 0.00373869, Final residual = 7.49836e-07, No Iterations 4
Time = 0.0161

DILUPBiCGStab:  Solving for T, Initial residual = 0.00372814, Final residual = 7.43783e-07, No Iterations 4
Time = 0.0162

DILUPBiCGStab:  Solving for T, Initial residual = 0.00371775, Final residual = 7.37835e-07, No Iterations 4
Time = 0.0163

DILUPBiCGStab:  Solving for T, Initial residual = 0.00370755, Final residual = 7.31993e-07, No Iterations 4
Time = 0.0164

DILUPBiCGStab:  Solving for T, Initial residual = 0.00369753, Final residual = 7.26255e-07, No Iterations 4
Time = 0.0165

DILUPBiCGStab:  Solving for T, Initial residual = 0.00368767, Final residual = 7.20614e-07, No Iterations 4
Time = 0.0166

DILUPBiCGStab:  Solving for T, Initial residual = 0.00367798, Final residual = 7.15073e-07, No Iterations 4
Time = 0.0167

DILUPBiCGStab:  Solving for T, Initial residual = 0.00366846, Final residual = 7.09627e-07, No Iterations 4
Time = 0.0168

DILUPBiCGStab:  Solving for T, Initial residual = 0.00365909, Final residual = 7.04272e-07, No Iterations 4
Time = 0.0169

DILUPBiCGStab:  Solving for T, Initial residual = 0.00364989, Final residual = 6.99009e-07, No Iterations 4
Time = 0.017

DILUPBiCGStab:  Solving for T, Initial residual = 0.00364085, Final residual = 6.93836e-07, No Iterations 4
Time = 0.0171

DILUPBiCGStab:  Solving for T, Initial residual = 0.00363194, Final residual = 6.88746e-07, No Iterations 4
Time = 0.0172

DILUPBiCGStab:  Solving for T, Initial residual = 0.0036232, Final residual = 6.83742e-07, No Iterations 4
Time = 0.0173

DILUPBiCGStab:  Solving for T, Initial residual = 0.00361461, Final residual = 6.78821e-07, No Iterations 4
Time = 0.0174

DILUPBiCGStab:  Solving for T, Initial residual = 0.00360615, Final residual = 6.73977e-07, No Iterations 4
Time = 0.0175

DILUPBiCGStab:  Solving for T, Initial residual = 0.00359784, Final residual = 6.69214e-07, No Iterations 4
Time = 0.0176

DILUPBiCGStab:  Solving for T, Initial residual = 0.00358967, Final residual = 6.64526e-07, No Iterations 4
Time = 0.0177

DILUPBiCGStab:  Solving for T, Initial residual = 0.00358164, Final residual = 6.59912e-07, No Iterations 4
Time = 0.0178

DILUPBiCGStab:  Solving for T, Initial residual = 0.00357374, Final residual = 6.5537e-07, No Iterations 4
Time = 0.0179

DILUPBiCGStab:  Solving for T, Initial residual = 0.00356598, Final residual = 6.509e-07, No Iterations 4
Time = 0.018

DILUPBiCGStab:  Solving for T, Initial residual = 0.00355834, Final residual = 6.46497e-07, No Iterations 4
Time = 0.0181

DILUPBiCGStab:  Solving for T, Initial residual = 0.00355084, Final residual = 6.42163e-07, No Iterations 4
Time = 0.0182

DILUPBiCGStab:  Solving for T, Initial residual = 0.00354346, Final residual = 6.37895e-07, No Iterations 4
Time = 0.0183

DILUPBiCGStab:  Solving for T, Initial residual = 0.00353621, Final residual = 6.33689e-07, No Iterations 4
Time = 0.0184

DILUPBiCGStab:  Solving for T, Initial residual = 0.00352908, Final residual = 6.29546e-07, No Iterations 4
Time = 0.0185

DILUPBiCGStab:  Solving for T, Initial residual = 0.00352207, Final residual = 6.25465e-07, No Iterations 4
Time = 0.0186

DILUPBiCGStab:  Solving for T, Initial residual = 0.00351517, Final residual = 6.21441e-07, No Iterations 4
Time = 0.0187

DILUPBiCGStab:  Solving for T, Initial residual = 0.0035084, Final residual = 6.17476e-07, No Iterations 4
Time = 0.0188

DILUPBiCGStab:  Solving for T, Initial residual = 0.00350174, Final residual = 6.13568e-07, No Iterations 4
Time = 0.0189

DILUPBiCGStab:  Solving for T, Initial residual = 0.00349519, Final residual = 6.09715e-07, No Iterations 4
Time = 0.019

DILUPBiCGStab:  Solving for T, Initial residual = 0.00348875, Final residual = 6.05915e-07, No Iterations 4
Time = 0.0191

DILUPBiCGStab:  Solving for T, Initial residual = 0.00348242, Final residual = 6.02168e-07, No Iterations 4
Time = 0.0192

DILUPBiCGStab:  Solving for T, Initial residual = 0.00347621, Final residual = 5.98472e-07, No Iterations 4
Time = 0.0193

DILUPBiCGStab:  Solving for T, Initial residual = 0.00347009, Final residual = 5.94825e-07, No Iterations 4
Time = 0.0194

DILUPBiCGStab:  Solving for T, Initial residual = 0.00346408, Final residual = 5.91227e-07, No Iterations 4
Time = 0.0195

DILUPBiCGStab:  Solving for T, Initial residual = 0.00345818, Final residual = 5.87676e-07, No Iterations 4
Time = 0.0196

DILUPBiCGStab:  Solving for T, Initial residual = 0.00345238, Final residual = 5.84172e-07, No Iterations 4
Time = 0.0197

DILUPBiCGStab:  Solving for T, Initial residual = 0.00344667, Final residual = 5.80713e-07, No Iterations 4
Time = 0.0198

DILUPBiCGStab:  Solving for T, Initial residual = 0.00344106, Final residual = 5.77297e-07, No Iterations 4
Time = 0.0199

DILUPBiCGStab:  Solving for T, Initial residual = 0.00343556, Final residual = 5.73925e-07, No Iterations 4
Time = 0.02

DILUPBiCGStab:  Solving for T, Initial residual = 0.00343014, Final residual = 5.70595e-07, No Iterations 4
Time = 0.0201

DILUPBiCGStab:  Solving for T, Initial residual = 0.00342482, Final residual = 5.67305e-07, No Iterations 4
Time = 0.0202

DILUPBiCGStab:  Solving for T, Initial residual = 0.0034196, Final residual = 5.64056e-07, No Iterations 4
Time = 0.0203

DILUPBiCGStab:  Solving for T, Initial residual = 0.00341447, Final residual = 5.60846e-07, No Iterations 4
Time = 0.0204

DILUPBiCGStab:  Solving for T, Initial residual = 0.00340942, Final residual = 5.57673e-07, No Iterations 4
Time = 0.0205

DILUPBiCGStab:  Solving for T, Initial residual = 0.00340447, Final residual = 5.54539e-07, No Iterations 4
Time = 0.0206

DILUPBiCGStab:  Solving for T, Initial residual = 0.0033996, Final residual = 5.5144e-07, No Iterations 4
Time = 0.0207

DILUPBiCGStab:  Solving for T, Initial residual = 0.00339482, Final residual = 5.48377e-07, No Iterations 4
Time = 0.0208

DILUPBiCGStab:  Solving for T, Initial residual = 0.00339012, Final residual = 5.45349e-07, No Iterations 4
Time = 0.0209

DILUPBiCGStab:  Solving for T, Initial residual = 0.00338551, Final residual = 5.42356e-07, No Iterations 4
Time = 0.021

DILUPBiCGStab:  Solving for T, Initial residual = 0.00338099, Final residual = 5.39395e-07, No Iterations 4
Time = 0.0211

DILUPBiCGStab:  Solving for T, Initial residual = 0.00337654, Final residual = 5.36468e-07, No Iterations 4
Time = 0.0212

DILUPBiCGStab:  Solving for T, Initial residual = 0.00337217, Final residual = 5.33572e-07, No Iterations 4
Time = 0.0213

DILUPBiCGStab:  Solving for T, Initial residual = 0.00336789, Final residual = 5.30708e-07, No Iterations 4
Time = 0.0214

DILUPBiCGStab:  Solving for T, Initial residual = 0.00336368, Final residual = 5.27875e-07, No Iterations 4
Time = 0.0215

DILUPBiCGStab:  Solving for T, Initial residual = 0.00335956, Final residual = 5.25072e-07, No Iterations 4
Time = 0.0216

DILUPBiCGStab:  Solving for T, Initial residual = 0.0033555, Final residual = 5.22299e-07, No Iterations 4
Time = 0.0217

DILUPBiCGStab:  Solving for T, Initial residual = 0.00335153, Final residual = 5.19556e-07, No Iterations 4
Time = 0.0218

DILUPBiCGStab:  Solving for T, Initial residual = 0.00334763, Final residual = 5.16841e-07, No Iterations 4
Time = 0.0219

DILUPBiCGStab:  Solving for T, Initial residual = 0.0033438, Final residual = 5.14155e-07, No Iterations 4
Time = 0.022

DILUPBiCGStab:  Solving for T, Initial residual = 0.00334005, Final residual = 5.11496e-07, No Iterations 4
Time = 0.0221

DILUPBiCGStab:  Solving for T, Initial residual = 0.00333637, Final residual = 5.08865e-07, No Iterations 4
Time = 0.0222

DILUPBiCGStab:  Solving for T, Initial residual = 0.00333276, Final residual = 5.06261e-07, No Iterations 4
Time = 0.0223

DILUPBiCGStab:  Solving for T, Initial residual = 0.00332922, Final residual = 5.03683e-07, No Iterations 4
Time = 0.0224

DILUPBiCGStab:  Solving for T, Initial residual = 0.00332575, Final residual = 9.9661e-07, No Iterations 4
Time = 0.0225

DILUPBiCGStab:  Solving for T, Initial residual = 0.00332235, Final residual = 9.91396e-07, No Iterations 4
Time = 0.0226

DILUPBiCGStab:  Solving for T, Initial residual = 0.00331901, Final residual = 9.87038e-07, No Iterations 4
Time = 0.0227

DILUPBiCGStab:  Solving for T, Initial residual = 0.00331575, Final residual = 9.82969e-07, No Iterations 4
Time = 0.0228

DILUPBiCGStab:  Solving for T, Initial residual = 0.00331255, Final residual = 9.79014e-07, No Iterations 4
Time = 0.0229

DILUPBiCGStab:  Solving for T, Initial residual = 0.00330942, Final residual = 9.7512e-07, No Iterations 4
Time = 0.023

DILUPBiCGStab:  Solving for T, Initial residual = 0.00330635, Final residual = 9.7127e-07, No Iterations 4
Time = 0.0231

DILUPBiCGStab:  Solving for T, Initial residual = 0.00330335, Final residual = 9.67459e-07, No Iterations 4
Time = 0.0232

DILUPBiCGStab:  Solving for T, Initial residual = 0.00330041, Final residual = 9.63686e-07, No Iterations 4
Time = 0.0233

DILUPBiCGStab:  Solving for T, Initial residual = 0.00329753, Final residual = 9.5995e-07, No Iterations 4
Time = 0.0234

DILUPBiCGStab:  Solving for T, Initial residual = 0.00329471, Final residual = 9.56251e-07, No Iterations 4
Time = 0.0235

DILUPBiCGStab:  Solving for T, Initial residual = 0.00329196, Final residual = 9.52589e-07, No Iterations 4
Time = 0.0236

DILUPBiCGStab:  Solving for T, Initial residual = 0.00328927, Final residual = 9.48962e-07, No Iterations 4
Time = 0.0237

DILUPBiCGStab:  Solving for T, Initial residual = 0.00328663, Final residual = 9.45372e-07, No Iterations 4
Time = 0.0238

DILUPBiCGStab:  Solving for T, Initial residual = 0.00328406, Final residual = 9.41816e-07, No Iterations 4
Time = 0.0239

DILUPBiCGStab:  Solving for T, Initial residual = 0.00328154, Final residual = 9.38296e-07, No Iterations 4
Time = 0.024

DILUPBiCGStab:  Solving for T, Initial residual = 0.00327908, Final residual = 9.3481e-07, No Iterations 4
Time = 0.0241

DILUPBiCGStab:  Solving for T, Initial residual = 0.00327668, Final residual = 9.31358e-07, No Iterations 4
Time = 0.0242

DILUPBiCGStab:  Solving for T, Initial residual = 0.00327434, Final residual = 9.27939e-07, No Iterations 4
Time = 0.0243

DILUPBiCGStab:  Solving for T, Initial residual = 0.00327205, Final residual = 9.24552e-07, No Iterations 4
Time = 0.0244

DILUPBiCGStab:  Solving for T, Initial residual = 0.00326981, Final residual = 9.21198e-07, No Iterations 4
Time = 0.0245

DILUPBiCGStab:  Solving for T, Initial residual = 0.00326764, Final residual = 9.17875e-07, No Iterations 4
Time = 0.0246

DILUPBiCGStab:  Solving for T, Initial residual = 0.00326551, Final residual = 9.14585e-07, No Iterations 4
Time = 0.0247

DILUPBiCGStab:  Solving for T, Initial residual = 0.00326344, Final residual = 9.11325e-07, No Iterations 4
Time = 0.0248

DILUPBiCGStab:  Solving for T, Initial residual = 0.00326143, Final residual = 9.08096e-07, No Iterations 4
Time = 0.0249

DILUPBiCGStab:  Solving for T, Initial residual = 0.00325947, Final residual = 9.04896e-07, No Iterations 4
Time = 0.025

DILUPBiCGStab:  Solving for T, Initial residual = 0.00325756, Final residual = 9.01724e-07, No Iterations 4
Time = 0.0251

DILUPBiCGStab:  Solving for T, Initial residual = 0.0032557, Final residual = 8.98581e-07, No Iterations 4
Time = 0.0252

DILUPBiCGStab:  Solving for T, Initial residual = 0.00325389, Final residual = 8.95465e-07, No Iterations 4
Time = 0.0253

DILUPBiCGStab:  Solving for T, Initial residual = 0.00325213, Final residual = 8.92378e-07, No Iterations 4
Time = 0.0254

DILUPBiCGStab:  Solving for T, Initial residual = 0.00325043, Final residual = 8.89318e-07, No Iterations 4
Time = 0.0255

DILUPBiCGStab:  Solving for T, Initial residual = 0.00324877, Final residual = 8.86285e-07, No Iterations 4
Time = 0.0256

DILUPBiCGStab:  Solving for T, Initial residual = 0.00324717, Final residual = 8.83278e-07, No Iterations 4
Time = 0.0257

DILUPBiCGStab:  Solving for T, Initial residual = 0.00324561, Final residual = 8.80297e-07, No Iterations 4
Time = 0.0258

DILUPBiCGStab:  Solving for T, Initial residual = 0.0032441, Final residual = 8.77343e-07, No Iterations 4
Time = 0.0259

DILUPBiCGStab:  Solving for T, Initial residual = 0.00324264, Final residual = 8.74415e-07, No Iterations 4
Time = 0.026

DILUPBiCGStab:  Solving for T, Initial residual = 0.00324122, Final residual = 8.71513e-07, No Iterations 4
Time = 0.0261

DILUPBiCGStab:  Solving for T, Initial residual = 0.00323986, Final residual = 8.68637e-07, No Iterations 4
Time = 0.0262

DILUPBiCGStab:  Solving for T, Initial residual = 0.00323854, Final residual = 8.65788e-07, No Iterations 4
Time = 0.0263

DILUPBiCGStab:  Solving for T, Initial residual = 0.00323726, Final residual = 8.62964e-07, No Iterations 4
Time = 0.0264

DILUPBiCGStab:  Solving for T, Initial residual = 0.00323603, Final residual = 8.60164e-07, No Iterations 4
Time = 0.0265

DILUPBiCGStab:  Solving for T, Initial residual = 0.00323485, Final residual = 8.5739e-07, No Iterations 4
Time = 0.0266

DILUPBiCGStab:  Solving for T, Initial residual = 0.00323372, Final residual = 8.54639e-07, No Iterations 4
Time = 0.0267

DILUPBiCGStab:  Solving for T, Initial residual = 0.00323262, Final residual = 8.51912e-07, No Iterations 4
Time = 0.0268

DILUPBiCGStab:  Solving for T, Initial residual = 0.00323157, Final residual = 8.49209e-07, No Iterations 4
Time = 0.0269

DILUPBiCGStab:  Solving for T, Initial residual = 0.00323057, Final residual = 8.46529e-07, No Iterations 4
Time = 0.027

DILUPBiCGStab:  Solving for T, Initial residual = 0.0032296, Final residual = 8.43873e-07, No Iterations 4
Time = 0.0271

DILUPBiCGStab:  Solving for T, Initial residual = 0.00322869, Final residual = 8.41241e-07, No Iterations 4
Time = 0.0272

DILUPBiCGStab:  Solving for T, Initial residual = 0.00322781, Final residual = 8.38632e-07, No Iterations 4
Time = 0.0273

DILUPBiCGStab:  Solving for T, Initial residual = 0.00322698, Final residual = 8.36047e-07, No Iterations 4
Time = 0.0274

DILUPBiCGStab:  Solving for T, Initial residual = 0.00322618, Final residual = 8.33484e-07, No Iterations 4
Time = 0.0275

DILUPBiCGStab:  Solving for T, Initial residual = 0.00322542, Final residual = 8.30945e-07, No Iterations 4
Time = 0.0276

DILUPBiCGStab:  Solving for T, Initial residual = 0.00322471, Final residual = 8.28431e-07, No Iterations 4
Time = 0.0277

DILUPBiCGStab:  Solving for T, Initial residual = 0.00322404, Final residual = 8.2594e-07, No Iterations 4
Time = 0.0278

DILUPBiCGStab:  Solving for T, Initial residual = 0.00322341, Final residual = 8.23471e-07, No Iterations 4
Time = 0.0279

DILUPBiCGStab:  Solving for T, Initial residual = 0.00322282, Final residual = 8.21026e-07, No Iterations 4
Time = 0.028

DILUPBiCGStab:  Solving for T, Initial residual = 0.00322226, Final residual = 8.18602e-07, No Iterations 4
Time = 0.0281

DILUPBiCGStab:  Solving for T, Initial residual = 0.00322175, Final residual = 8.16202e-07, No Iterations 4
Time = 0.0282

DILUPBiCGStab:  Solving for T, Initial residual = 0.00322127, Final residual = 8.13825e-07, No Iterations 4
Time = 0.0283

DILUPBiCGStab:  Solving for T, Initial residual = 0.00322083, Final residual = 8.11471e-07, No Iterations 4
Time = 0.0284

DILUPBiCGStab:  Solving for T, Initial residual = 0.00322043, Final residual = 8.09139e-07, No Iterations 4
Time = 0.0285

DILUPBiCGStab:  Solving for T, Initial residual = 0.00322006, Final residual = 8.06831e-07, No Iterations 4
Time = 0.0286

DILUPBiCGStab:  Solving for T, Initial residual = 0.00321973, Final residual = 8.04546e-07, No Iterations 4
Time = 0.0287

DILUPBiCGStab:  Solving for T, Initial residual = 0.00321943, Final residual = 8.02282e-07, No Iterations 4
Time = 0.0288

DILUPBiCGStab:  Solving for T, Initial residual = 0.00321917, Final residual = 8.00041e-07, No Iterations 4
Time = 0.0289

DILUPBiCGStab:  Solving for T, Initial residual = 0.00321895, Final residual = 7.97824e-07, No Iterations 4
Time = 0.029

DILUPBiCGStab:  Solving for T, Initial residual = 0.00321876, Final residual = 7.95628e-07, No Iterations 4
Time = 0.0291

DILUPBiCGStab:  Solving for T, Initial residual = 0.0032186, Final residual = 7.93455e-07, No Iterations 4
Time = 0.0292

DILUPBiCGStab:  Solving for T, Initial residual = 0.00321848, Final residual = 7.91305e-07, No Iterations 4
Time = 0.0293

DILUPBiCGStab:  Solving for T, Initial residual = 0.00321839, Final residual = 7.89177e-07, No Iterations 4
Time = 0.0294

DILUPBiCGStab:  Solving for T, Initial residual = 0.00321833, Final residual = 7.87071e-07, No Iterations 4
Time = 0.0295

DILUPBiCGStab:  Solving for T, Initial residual = 0.0032183, Final residual = 7.84987e-07, No Iterations 4
Time = 0.0296

DILUPBiCGStab:  Solving for T, Initial residual = 0.0032183, Final residual = 7.82927e-07, No Iterations 4
Time = 0.0297

DILUPBiCGStab:  Solving for T, Initial residual = 0.00321834, Final residual = 7.8089e-07, No Iterations 4
Time = 0.0298

DILUPBiCGStab:  Solving for T, Initial residual = 0.0032184, Final residual = 7.78875e-07, No Iterations 4
Time = 0.0299

DILUPBiCGStab:  Solving for T, Initial residual = 0.00321849, Final residual = 7.76882e-07, No Iterations 4
Time = 0.03

DILUPBiCGStab:  Solving for T, Initial residual = 0.00321861, Final residual = 7.74911e-07, No Iterations 4
Time = 0.0301

DILUPBiCGStab:  Solving for T, Initial residual = 0.00321876, Final residual = 7.72962e-07, No Iterations 4
Time = 0.0302

DILUPBiCGStab:  Solving for T, Initial residual = 0.00321894, Final residual = 7.71034e-07, No Iterations 4
Time = 0.0303

DILUPBiCGStab:  Solving for T, Initial residual = 0.00321914, Final residual = 7.69131e-07, No Iterations 4
Time = 0.0304

DILUPBiCGStab:  Solving for T, Initial residual = 0.00321937, Final residual = 7.6725e-07, No Iterations 4
Time = 0.0305

DILUPBiCGStab:  Solving for T, Initial residual = 0.00321963, Final residual = 7.6539e-07, No Iterations 4
Time = 0.0306

DILUPBiCGStab:  Solving for T, Initial residual = 0.00321991, Final residual = 7.63552e-07, No Iterations 4
Time = 0.0307

DILUPBiCGStab:  Solving for T, Initial residual = 0.00322022, Final residual = 7.61738e-07, No Iterations 4
Time = 0.0308

DILUPBiCGStab:  Solving for T, Initial residual = 0.00322054, Final residual = 7.59945e-07, No Iterations 4
Time = 0.0309

DILUPBiCGStab:  Solving for T, Initial residual = 0.00322089, Final residual = 7.58172e-07, No Iterations 4
Time = 0.031

DILUPBiCGStab:  Solving for T, Initial residual = 0.00322126, Final residual = 7.5642e-07, No Iterations 4
Time = 0.0311

DILUPBiCGStab:  Solving for T, Initial residual = 0.00322166, Final residual = 7.5469e-07, No Iterations 4
Time = 0.0312

DILUPBiCGStab:  Solving for T, Initial residual = 0.00322208, Final residual = 7.52979e-07, No Iterations 4
Time = 0.0313

DILUPBiCGStab:  Solving for T, Initial residual = 0.00322251, Final residual = 7.51288e-07, No Iterations 4
Time = 0.0314

DILUPBiCGStab:  Solving for T, Initial residual = 0.00322297, Final residual = 7.49617e-07, No Iterations 4
Time = 0.0315

DILUPBiCGStab:  Solving for T, Initial residual = 0.00322344, Final residual = 7.47968e-07, No Iterations 4
Time = 0.0316

DILUPBiCGStab:  Solving for T, Initial residual = 0.00322393, Final residual = 7.46339e-07, No Iterations 4
Time = 0.0317

DILUPBiCGStab:  Solving for T, Initial residual = 0.00322444, Final residual = 7.44729e-07, No Iterations 4
Time = 0.0318

DILUPBiCGStab:  Solving for T, Initial residual = 0.00322496, Final residual = 7.43139e-07, No Iterations 4
Time = 0.0319

DILUPBiCGStab:  Solving for T, Initial residual = 0.0032255, Final residual = 7.41568e-07, No Iterations 4
Time = 0.032

DILUPBiCGStab:  Solving for T, Initial residual = 0.00322606, Final residual = 7.40015e-07, No Iterations 4
Time = 0.0321

DILUPBiCGStab:  Solving for T, Initial residual = 0.00322663, Final residual = 7.3848e-07, No Iterations 4
Time = 0.0322

DILUPBiCGStab:  Solving for T, Initial residual = 0.00322721, Final residual = 7.36964e-07, No Iterations 4
Time = 0.0323

DILUPBiCGStab:  Solving for T, Initial residual = 0.00322781, Final residual = 7.35466e-07, No Iterations 4
Time = 0.0324

DILUPBiCGStab:  Solving for T, Initial residual = 0.00322841, Final residual = 7.33988e-07, No Iterations 4
Time = 0.0325

DILUPBiCGStab:  Solving for T, Initial residual = 0.00322903, Final residual = 7.32527e-07, No Iterations 4
Time = 0.0326

DILUPBiCGStab:  Solving for T, Initial residual = 0.00322965, Final residual = 7.31083e-07, No Iterations 4
Time = 0.0327

DILUPBiCGStab:  Solving for T, Initial residual = 0.00323029, Final residual = 7.29658e-07, No Iterations 4
Time = 0.0328

DILUPBiCGStab:  Solving for T, Initial residual = 0.00323094, Final residual = 7.28249e-07, No Iterations 4
Time = 0.0329

DILUPBiCGStab:  Solving for T, Initial residual = 0.00323159, Final residual = 7.26855e-07, No Iterations 4
Time = 0.033

DILUPBiCGStab:  Solving for T, Initial residual = 0.00323225, Final residual = 7.25477e-07, No Iterations 4
Time = 0.0331

DILUPBiCGStab:  Solving for T, Initial residual = 0.00323292, Final residual = 7.24116e-07, No Iterations 4
Time = 0.0332

DILUPBiCGStab:  Solving for T, Initial residual = 0.00323359, Final residual = 7.2277e-07, No Iterations 4
Time = 0.0333

DILUPBiCGStab:  Solving for T, Initial residual = 0.00323426, Final residual = 7.21441e-07, No Iterations 4
Time = 0.0334

DILUPBiCGStab:  Solving for T, Initial residual = 0.00323494, Final residual = 7.20127e-07, No Iterations 4
Time = 0.0335

DILUPBiCGStab:  Solving for T, Initial residual = 0.00323562, Final residual = 7.18829e-07, No Iterations 4
Time = 0.0336

DILUPBiCGStab:  Solving for T, Initial residual = 0.00323631, Final residual = 7.17545e-07, No Iterations 4
Time = 0.0337

DILUPBiCGStab:  Solving for T, Initial residual = 0.00323699, Final residual = 7.16275e-07, No Iterations 4
Time = 0.0338

DILUPBiCGStab:  Solving for T, Initial residual = 0.00323768, Final residual = 7.15019e-07, No Iterations 4
Time = 0.0339

DILUPBiCGStab:  Solving for T, Initial residual = 0.00323836, Final residual = 7.13777e-07, No Iterations 4
Time = 0.034

DILUPBiCGStab:  Solving for T, Initial residual = 0.00323905, Final residual = 7.12547e-07, No Iterations 4
Time = 0.0341

DILUPBiCGStab:  Solving for T, Initial residual = 0.00323973, Final residual = 7.11332e-07, No Iterations 4
Time = 0.0342

DILUPBiCGStab:  Solving for T, Initial residual = 0.00324041, Final residual = 7.10131e-07, No Iterations 4
Time = 0.0343

DILUPBiCGStab:  Solving for T, Initial residual = 0.00324109, Final residual = 7.0894e-07, No Iterations 4
Time = 0.0344

DILUPBiCGStab:  Solving for T, Initial residual = 0.00324176, Final residual = 7.07759e-07, No Iterations 4
Time = 0.0345

DILUPBiCGStab:  Solving for T, Initial residual = 0.00324243, Final residual = 7.06591e-07, No Iterations 4
Time = 0.0346

DILUPBiCGStab:  Solving for T, Initial residual = 0.00324309, Final residual = 7.05435e-07, No Iterations 4
Time = 0.0347

DILUPBiCGStab:  Solving for T, Initial residual = 0.00324374, Final residual = 7.04292e-07, No Iterations 4
Time = 0.0348

DILUPBiCGStab:  Solving for T, Initial residual = 0.00324439, Final residual = 7.03159e-07, No Iterations 4
Time = 0.0349

DILUPBiCGStab:  Solving for T, Initial residual = 0.00324503, Final residual = 7.02037e-07, No Iterations 4
Time = 0.035

DILUPBiCGStab:  Solving for T, Initial residual = 0.00324567, Final residual = 7.00927e-07, No Iterations 4
Time = 0.0351

DILUPBiCGStab:  Solving for T, Initial residual = 0.00324629, Final residual = 6.99827e-07, No Iterations 4
Time = 0.0352

DILUPBiCGStab:  Solving for T, Initial residual = 0.00324691, Final residual = 6.98734e-07, No Iterations 4
Time = 0.0353

DILUPBiCGStab:  Solving for T, Initial residual = 0.00324752, Final residual = 6.9765e-07, No Iterations 4
Time = 0.0354

DILUPBiCGStab:  Solving for T, Initial residual = 0.00324811, Final residual = 6.96574e-07, No Iterations 4
Time = 0.0355

DILUPBiCGStab:  Solving for T, Initial residual = 0.00324869, Final residual = 6.95506e-07, No Iterations 4
Time = 0.0356

DILUPBiCGStab:  Solving for T, Initial residual = 0.00324927, Final residual = 6.94446e-07, No Iterations 4
Time = 0.0357

DILUPBiCGStab:  Solving for T, Initial residual = 0.00324983, Final residual = 6.93394e-07, No Iterations 4
Time = 0.0358

DILUPBiCGStab:  Solving for T, Initial residual = 0.00325037, Final residual = 6.92348e-07, No Iterations 4
Time = 0.0359

DILUPBiCGStab:  Solving for T, Initial residual = 0.00325091, Final residual = 6.91313e-07, No Iterations 4
Time = 0.036

DILUPBiCGStab:  Solving for T, Initial residual = 0.00325143, Final residual = 6.90285e-07, No Iterations 4
Time = 0.0361

DILUPBiCGStab:  Solving for T, Initial residual = 0.00325194, Final residual = 6.89264e-07, No Iterations 4
Time = 0.0362

DILUPBiCGStab:  Solving for T, Initial residual = 0.00325243, Final residual = 6.88251e-07, No Iterations 4
Time = 0.0363

DILUPBiCGStab:  Solving for T, Initial residual = 0.00325291, Final residual = 6.87243e-07, No Iterations 4
Time = 0.0364

DILUPBiCGStab:  Solving for T, Initial residual = 0.00325337, Final residual = 6.86244e-07, No Iterations 4
Time = 0.0365

DILUPBiCGStab:  Solving for T, Initial residual = 0.00325381, Final residual = 6.85251e-07, No Iterations 4
Time = 0.0366

DILUPBiCGStab:  Solving for T, Initial residual = 0.00325424, Final residual = 6.84263e-07, No Iterations 4
Time = 0.0367

DILUPBiCGStab:  Solving for T, Initial residual = 0.00325465, Final residual = 6.83283e-07, No Iterations 4
Time = 0.0368

DILUPBiCGStab:  Solving for T, Initial residual = 0.00325505, Final residual = 6.82307e-07, No Iterations 4
Time = 0.0369

DILUPBiCGStab:  Solving for T, Initial residual = 0.00325543, Final residual = 6.81337e-07, No Iterations 4
Time = 0.037

DILUPBiCGStab:  Solving for T, Initial residual = 0.00325579, Final residual = 6.80372e-07, No Iterations 4
Time = 0.0371

DILUPBiCGStab:  Solving for T, Initial residual = 0.00325613, Final residual = 6.79413e-07, No Iterations 4
Time = 0.0372

DILUPBiCGStab:  Solving for T, Initial residual = 0.00325646, Final residual = 6.78458e-07, No Iterations 4
Time = 0.0373

DILUPBiCGStab:  Solving for T, Initial residual = 0.00325677, Final residual = 6.77508e-07, No Iterations 4
Time = 0.0374

DILUPBiCGStab:  Solving for T, Initial residual = 0.00325706, Final residual = 6.76562e-07, No Iterations 4
Time = 0.0375

DILUPBiCGStab:  Solving for T, Initial residual = 0.00325733, Final residual = 6.75622e-07, No Iterations 4
Time = 0.0376

DILUPBiCGStab:  Solving for T, Initial residual = 0.00325758, Final residual = 6.74686e-07, No Iterations 4
Time = 0.0377

DILUPBiCGStab:  Solving for T, Initial residual = 0.00325781, Final residual = 6.73755e-07, No Iterations 4
Time = 0.0378

DILUPBiCGStab:  Solving for T, Initial residual = 0.00325802, Final residual = 6.72828e-07, No Iterations 4
Time = 0.0379

DILUPBiCGStab:  Solving for T, Initial residual = 0.00325822, Final residual = 6.71905e-07, No Iterations 4
Time = 0.038

DILUPBiCGStab:  Solving for T, Initial residual = 0.00325839, Final residual = 6.70987e-07, No Iterations 4
Time = 0.0381

DILUPBiCGStab:  Solving for T, Initial residual = 0.00325855, Final residual = 6.70075e-07, No Iterations 4
Time = 0.0382

DILUPBiCGStab:  Solving for T, Initial residual = 0.00325869, Final residual = 6.69167e-07, No Iterations 4
Time = 0.0383

DILUPBiCGStab:  Solving for T, Initial residual = 0.00325881, Final residual = 6.68264e-07, No Iterations 4
Time = 0.0384

DILUPBiCGStab:  Solving for T, Initial residual = 0.00325891, Final residual = 6.67365e-07, No Iterations 4
Time = 0.0385

DILUPBiCGStab:  Solving for T, Initial residual = 0.00325899, Final residual = 6.66469e-07, No Iterations 4
Time = 0.0386

DILUPBiCGStab:  Solving for T, Initial residual = 0.00325905, Final residual = 6.65578e-07, No Iterations 4
Time = 0.0387

DILUPBiCGStab:  Solving for T, Initial residual = 0.00325909, Final residual = 6.64691e-07, No Iterations 4
Time = 0.0388

DILUPBiCGStab:  Solving for T, Initial residual = 0.00325911, Final residual = 6.63807e-07, No Iterations 4
Time = 0.0389

DILUPBiCGStab:  Solving for T, Initial residual = 0.00325911, Final residual = 6.62928e-07, No Iterations 4
Time = 0.039

DILUPBiCGStab:  Solving for T, Initial residual = 0.0032591, Final residual = 6.62053e-07, No Iterations 4
Time = 0.0391

DILUPBiCGStab:  Solving for T, Initial residual = 0.00325906, Final residual = 6.61182e-07, No Iterations 4
Time = 0.0392

DILUPBiCGStab:  Solving for T, Initial residual = 0.003259, Final residual = 6.60315e-07, No Iterations 4
Time = 0.0393

DILUPBiCGStab:  Solving for T, Initial residual = 0.00325893, Final residual = 6.59452e-07, No Iterations 4
Time = 0.0394

DILUPBiCGStab:  Solving for T, Initial residual = 0.00325884, Final residual = 6.58594e-07, No Iterations 4
Time = 0.0395

DILUPBiCGStab:  Solving for T, Initial residual = 0.00325873, Final residual = 6.5774e-07, No Iterations 4
Time = 0.0396

DILUPBiCGStab:  Solving for T, Initial residual = 0.0032586, Final residual = 6.56889e-07, No Iterations 4
Time = 0.0397

DILUPBiCGStab:  Solving for T, Initial residual = 0.00325846, Final residual = 6.56042e-07, No Iterations 4
Time = 0.0398

DILUPBiCGStab:  Solving for T, Initial residual = 0.00325829, Final residual = 6.552e-07, No Iterations 4
Time = 0.0399

DILUPBiCGStab:  Solving for T, Initial residual = 0.00325811, Final residual = 6.54361e-07, No Iterations 4
Time = 0.04

DILUPBiCGStab:  Solving for T, Initial residual = 0.00325791, Final residual = 6.53526e-07, No Iterations 4
Time = 0.0401

DILUPBiCGStab:  Solving for T, Initial residual = 0.00325769, Final residual = 6.52695e-07, No Iterations 4
Time = 0.0402

DILUPBiCGStab:  Solving for T, Initial residual = 0.00325745, Final residual = 6.51867e-07, No Iterations 4
Time = 0.0403

DILUPBiCGStab:  Solving for T, Initial residual = 0.0032572, Final residual = 6.51044e-07, No Iterations 4
Time = 0.0404

DILUPBiCGStab:  Solving for T, Initial residual = 0.00325693, Final residual = 6.50225e-07, No Iterations 4
Time = 0.0405

DILUPBiCGStab:  Solving for T, Initial residual = 0.00325664, Final residual = 6.4941e-07, No Iterations 4
Time = 0.0406

DILUPBiCGStab:  Solving for T, Initial residual = 0.00325634, Final residual = 6.486e-07, No Iterations 4
Time = 0.0407

DILUPBiCGStab:  Solving for T, Initial residual = 0.00325602, Final residual = 6.47794e-07, No Iterations 4
Time = 0.0408

DILUPBiCGStab:  Solving for T, Initial residual = 0.00325569, Final residual = 6.46993e-07, No Iterations 4
Time = 0.0409

DILUPBiCGStab:  Solving for T, Initial residual = 0.00325534, Final residual = 6.46195e-07, No Iterations 4
Time = 0.041

DILUPBiCGStab:  Solving for T, Initial residual = 0.00325498, Final residual = 6.45401e-07, No Iterations 4
Time = 0.0411

DILUPBiCGStab:  Solving for T, Initial residual = 0.0032546, Final residual = 6.44611e-07, No Iterations 4
Time = 0.0412

DILUPBiCGStab:  Solving for T, Initial residual = 0.0032542, Final residual = 6.43825e-07, No Iterations 4
Time = 0.0413

DILUPBiCGStab:  Solving for T, Initial residual = 0.0032538, Final residual = 6.43043e-07, No Iterations 4
Time = 0.0414

DILUPBiCGStab:  Solving for T, Initial residual = 0.00325337, Final residual = 6.42266e-07, No Iterations 4
Time = 0.0415

DILUPBiCGStab:  Solving for T, Initial residual = 0.00325293, Final residual = 6.41492e-07, No Iterations 4
Time = 0.0416

DILUPBiCGStab:  Solving for T, Initial residual = 0.00325248, Final residual = 6.40723e-07, No Iterations 4
Time = 0.0417

DILUPBiCGStab:  Solving for T, Initial residual = 0.00325202, Final residual = 6.39957e-07, No Iterations 4
Time = 0.0418

DILUPBiCGStab:  Solving for T, Initial residual = 0.00325154, Final residual = 6.39196e-07, No Iterations 4
Time = 0.0419

DILUPBiCGStab:  Solving for T, Initial residual = 0.00325104, Final residual = 6.38439e-07, No Iterations 4
Time = 0.042

DILUPBiCGStab:  Solving for T, Initial residual = 0.00325054, Final residual = 6.37687e-07, No Iterations 4
Time = 0.0421

DILUPBiCGStab:  Solving for T, Initial residual = 0.00325003, Final residual = 6.36939e-07, No Iterations 4
Time = 0.0422

DILUPBiCGStab:  Solving for T, Initial residual = 0.0032495, Final residual = 6.36195e-07, No Iterations 4
Time = 0.0423

DILUPBiCGStab:  Solving for T, Initial residual = 0.00324896, Final residual = 6.35456e-07, No Iterations 4
Time = 0.0424

DILUPBiCGStab:  Solving for T, Initial residual = 0.00324841, Final residual = 6.3472e-07, No Iterations 4
Time = 0.0425

DILUPBiCGStab:  Solving for T, Initial residual = 0.00324785, Final residual = 6.33989e-07, No Iterations 4
Time = 0.0426

DILUPBiCGStab:  Solving for T, Initial residual = 0.00324728, Final residual = 6.33262e-07, No Iterations 4
Time = 0.0427

DILUPBiCGStab:  Solving for T, Initial residual = 0.0032467, Final residual = 6.32538e-07, No Iterations 4
Time = 0.0428

DILUPBiCGStab:  Solving for T, Initial residual = 0.0032461, Final residual = 6.31819e-07, No Iterations 4
Time = 0.0429

DILUPBiCGStab:  Solving for T, Initial residual = 0.0032455, Final residual = 6.31104e-07, No Iterations 4
Time = 0.043

DILUPBiCGStab:  Solving for T, Initial residual = 0.00324488, Final residual = 6.30392e-07, No Iterations 4
Time = 0.0431

DILUPBiCGStab:  Solving for T, Initial residual = 0.00324426, Final residual = 6.29685e-07, No Iterations 4
Time = 0.0432

DILUPBiCGStab:  Solving for T, Initial residual = 0.00324363, Final residual = 6.28982e-07, No Iterations 4
Time = 0.0433

DILUPBiCGStab:  Solving for T, Initial residual = 0.00324299, Final residual = 6.28283e-07, No Iterations 4
Time = 0.0434

DILUPBiCGStab:  Solving for T, Initial residual = 0.00324234, Final residual = 6.27588e-07, No Iterations 4
Time = 0.0435

DILUPBiCGStab:  Solving for T, Initial residual = 0.00324168, Final residual = 6.26896e-07, No Iterations 4
Time = 0.0436

DILUPBiCGStab:  Solving for T, Initial residual = 0.00324101, Final residual = 6.26209e-07, No Iterations 4
Time = 0.0437

DILUPBiCGStab:  Solving for T, Initial residual = 0.00324034, Final residual = 6.25526e-07, No Iterations 4
Time = 0.0438

DILUPBiCGStab:  Solving for T, Initial residual = 0.00323966, Final residual = 6.24847e-07, No Iterations 4
Time = 0.0439

DILUPBiCGStab:  Solving for T, Initial residual = 0.00323897, Final residual = 6.24172e-07, No Iterations 4
Time = 0.044

DILUPBiCGStab:  Solving for T, Initial residual = 0.00323828, Final residual = 6.235e-07, No Iterations 4
Time = 0.0441

DILUPBiCGStab:  Solving for T, Initial residual = 0.00323758, Final residual = 6.22833e-07, No Iterations 4
Time = 0.0442

DILUPBiCGStab:  Solving for T, Initial residual = 0.00323687, Final residual = 6.22169e-07, No Iterations 4
Time = 0.0443

DILUPBiCGStab:  Solving for T, Initial residual = 0.00323615, Final residual = 6.2151e-07, No Iterations 4
Time = 0.0444

DILUPBiCGStab:  Solving for T, Initial residual = 0.00323543, Final residual = 6.20854e-07, No Iterations 4
Time = 0.0445

DILUPBiCGStab:  Solving for T, Initial residual = 0.0032347, Final residual = 6.20201e-07, No Iterations 4
Time = 0.0446

DILUPBiCGStab:  Solving for T, Initial residual = 0.00323397, Final residual = 6.19552e-07, No Iterations 4
Time = 0.0447

DILUPBiCGStab:  Solving for T, Initial residual = 0.00323323, Final residual = 6.18907e-07, No Iterations 4
Time = 0.0448

DILUPBiCGStab:  Solving for T, Initial residual = 0.00323248, Final residual = 6.18266e-07, No Iterations 4
Time = 0.0449

DILUPBiCGStab:  Solving for T, Initial residual = 0.00323173, Final residual = 6.17629e-07, No Iterations 4
Time = 0.045

DILUPBiCGStab:  Solving for T, Initial residual = 0.00323098, Final residual = 6.16994e-07, No Iterations 4
Time = 0.0451

DILUPBiCGStab:  Solving for T, Initial residual = 0.00323022, Final residual = 6.16364e-07, No Iterations 4
Time = 0.0452

DILUPBiCGStab:  Solving for T, Initial residual = 0.00322945, Final residual = 6.15737e-07, No Iterations 4
Time = 0.0453

DILUPBiCGStab:  Solving for T, Initial residual = 0.00322869, Final residual = 6.15114e-07, No Iterations 4
Time = 0.0454

DILUPBiCGStab:  Solving for T, Initial residual = 0.00322792, Final residual = 6.14495e-07, No Iterations 4
Time = 0.0455

DILUPBiCGStab:  Solving for T, Initial residual = 0.00322714, Final residual = 6.13879e-07, No Iterations 4
Time = 0.0456

DILUPBiCGStab:  Solving for T, Initial residual = 0.00322636, Final residual = 6.13267e-07, No Iterations 4
Time = 0.0457

DILUPBiCGStab:  Solving for T, Initial residual = 0.00322558, Final residual = 6.12658e-07, No Iterations 4
Time = 0.0458

DILUPBiCGStab:  Solving for T, Initial residual = 0.00322479, Final residual = 6.12052e-07, No Iterations 4
Time = 0.0459

DILUPBiCGStab:  Solving for T, Initial residual = 0.003224, Final residual = 6.1145e-07, No Iterations 4
Time = 0.046

DILUPBiCGStab:  Solving for T, Initial residual = 0.00322321, Final residual = 6.10851e-07, No Iterations 4
Time = 0.0461

DILUPBiCGStab:  Solving for T, Initial residual = 0.00322242, Final residual = 6.10255e-07, No Iterations 4
Time = 0.0462

DILUPBiCGStab:  Solving for T, Initial residual = 0.00322162, Final residual = 6.09663e-07, No Iterations 4
Time = 0.0463

DILUPBiCGStab:  Solving for T, Initial residual = 0.00322082, Final residual = 6.09074e-07, No Iterations 4
Time = 0.0464

DILUPBiCGStab:  Solving for T, Initial residual = 0.00322001, Final residual = 6.08488e-07, No Iterations 4
Time = 0.0465

DILUPBiCGStab:  Solving for T, Initial residual = 0.00321921, Final residual = 6.07906e-07, No Iterations 4
Time = 0.0466

DILUPBiCGStab:  Solving for T, Initial residual = 0.0032184, Final residual = 6.07327e-07, No Iterations 4
Time = 0.0467

DILUPBiCGStab:  Solving for T, Initial residual = 0.00321759, Final residual = 6.06751e-07, No Iterations 4
Time = 0.0468

DILUPBiCGStab:  Solving for T, Initial residual = 0.00321678, Final residual = 6.06178e-07, No Iterations 4
Time = 0.0469

DILUPBiCGStab:  Solving for T, Initial residual = 0.00321597, Final residual = 6.05609e-07, No Iterations 4
Time = 0.047

DILUPBiCGStab:  Solving for T, Initial residual = 0.00321515, Final residual = 6.05043e-07, No Iterations 4
Time = 0.0471

DILUPBiCGStab:  Solving for T, Initial residual = 0.00321434, Final residual = 6.0448e-07, No Iterations 4
Time = 0.0472

DILUPBiCGStab:  Solving for T, Initial residual = 0.00321352, Final residual = 6.0392e-07, No Iterations 4
Time = 0.0473

DILUPBiCGStab:  Solving for T, Initial residual = 0.00321271, Final residual = 6.03363e-07, No Iterations 4
Time = 0.0474

DILUPBiCGStab:  Solving for T, Initial residual = 0.00321189, Final residual = 6.02809e-07, No Iterations 4
Time = 0.0475

DILUPBiCGStab:  Solving for T, Initial residual = 0.00321107, Final residual = 6.02258e-07, No Iterations 4
Time = 0.0476

DILUPBiCGStab:  Solving for T, Initial residual = 0.00321025, Final residual = 6.0171e-07, No Iterations 4
Time = 0.0477

DILUPBiCGStab:  Solving for T, Initial residual = 0.00320942, Final residual = 6.01165e-07, No Iterations 4
Time = 0.0478

DILUPBiCGStab:  Solving for T, Initial residual = 0.0032086, Final residual = 6.00623e-07, No Iterations 4
Time = 0.0479

DILUPBiCGStab:  Solving for T, Initial residual = 0.00320778, Final residual = 6.00084e-07, No Iterations 4
Time = 0.048

DILUPBiCGStab:  Solving for T, Initial residual = 0.00320696, Final residual = 5.99547e-07, No Iterations 4
Time = 0.0481

DILUPBiCGStab:  Solving for T, Initial residual = 0.00320613, Final residual = 5.99013e-07, No Iterations 4
Time = 0.0482

DILUPBiCGStab:  Solving for T, Initial residual = 0.00320531, Final residual = 5.98483e-07, No Iterations 4
Time = 0.0483

DILUPBiCGStab:  Solving for T, Initial residual = 0.00320448, Final residual = 5.97955e-07, No Iterations 4
Time = 0.0484

DILUPBiCGStab:  Solving for T, Initial residual = 0.00320366, Final residual = 5.97429e-07, No Iterations 4
Time = 0.0485

DILUPBiCGStab:  Solving for T, Initial residual = 0.00320283, Final residual = 5.96907e-07, No Iterations 4
Time = 0.0486

DILUPBiCGStab:  Solving for T, Initial residual = 0.00320201, Final residual = 5.96387e-07, No Iterations 4
Time = 0.0487

DILUPBiCGStab:  Solving for T, Initial residual = 0.00320118, Final residual = 5.9587e-07, No Iterations 4
Time = 0.0488

DILUPBiCGStab:  Solving for T, Initial residual = 0.00320036, Final residual = 5.95356e-07, No Iterations 4
Time = 0.0489

DILUPBiCGStab:  Solving for T, Initial residual = 0.00319953, Final residual = 5.94845e-07, No Iterations 4
Time = 0.049

DILUPBiCGStab:  Solving for T, Initial residual = 0.00319871, Final residual = 5.94336e-07, No Iterations 4
Time = 0.0491

DILUPBiCGStab:  Solving for T, Initial residual = 0.00319789, Final residual = 5.9383e-07, No Iterations 4
Time = 0.0492

DILUPBiCGStab:  Solving for T, Initial residual = 0.00319707, Final residual = 5.93327e-07, No Iterations 4
Time = 0.0493

DILUPBiCGStab:  Solving for T, Initial residual = 0.00319625, Final residual = 5.92826e-07, No Iterations 4
Time = 0.0494

DILUPBiCGStab:  Solving for T, Initial residual = 0.00319543, Final residual = 5.92327e-07, No Iterations 4
Time = 0.0495

DILUPBiCGStab:  Solving for T, Initial residual = 0.00319461, Final residual = 5.91832e-07, No Iterations 4
Time = 0.0496

DILUPBiCGStab:  Solving for T, Initial residual = 0.00319379, Final residual = 5.91338e-07, No Iterations 4
Time = 0.0497

DILUPBiCGStab:  Solving for T, Initial residual = 0.00319297, Final residual = 5.90848e-07, No Iterations 4
Time = 0.0498

DILUPBiCGStab:  Solving for T, Initial residual = 0.00319215, Final residual = 5.90359e-07, No Iterations 4
Time = 0.0499

DILUPBiCGStab:  Solving for T, Initial residual = 0.00319133, Final residual = 5.89873e-07, No Iterations 4
Time = 0.05

DILUPBiCGStab:  Solving for T, Initial residual = 0.00319051, Final residual = 5.8939e-07, No Iterations 4
Time = 0.0501

DILUPBiCGStab:  Solving for T, Initial residual = 0.0031897, Final residual = 5.88909e-07, No Iterations 4
Time = 0.0502

DILUPBiCGStab:  Solving for T, Initial residual = 0.00318888, Final residual = 5.8843e-07, No Iterations 4
Time = 0.0503

DILUPBiCGStab:  Solving for T, Initial residual = 0.00318807, Final residual = 5.87953e-07, No Iterations 4
Time = 0.0504

DILUPBiCGStab:  Solving for T, Initial residual = 0.00318726, Final residual = 5.87479e-07, No Iterations 4
Time = 0.0505

DILUPBiCGStab:  Solving for T, Initial residual = 0.00318644, Final residual = 5.87007e-07, No Iterations 4
Time = 0.0506

DILUPBiCGStab:  Solving for T, Initial residual = 0.00318563, Final residual = 5.86538e-07, No Iterations 4
Time = 0.0507

DILUPBiCGStab:  Solving for T, Initial residual = 0.00318482, Final residual = 5.86071e-07, No Iterations 4
Time = 0.0508

DILUPBiCGStab:  Solving for T, Initial residual = 0.00318401, Final residual = 5.85606e-07, No Iterations 4
Time = 0.0509

DILUPBiCGStab:  Solving for T, Initial residual = 0.00318321, Final residual = 5.85143e-07, No Iterations 4
Time = 0.051

DILUPBiCGStab:  Solving for T, Initial residual = 0.0031824, Final residual = 5.84683e-07, No Iterations 4
Time = 0.0511

DILUPBiCGStab:  Solving for T, Initial residual = 0.0031816, Final residual = 5.84226e-07, No Iterations 4
Time = 0.0512

DILUPBiCGStab:  Solving for T, Initial residual = 0.0031808, Final residual = 5.8377e-07, No Iterations 4
Time = 0.0513

DILUPBiCGStab:  Solving for T, Initial residual = 0.00318, Final residual = 5.83317e-07, No Iterations 4
Time = 0.0514

DILUPBiCGStab:  Solving for T, Initial residual = 0.0031792, Final residual = 5.82866e-07, No Iterations 4
Time = 0.0515

DILUPBiCGStab:  Solving for T, Initial residual = 0.0031784, Final residual = 5.82417e-07, No Iterations 4
Time = 0.0516

DILUPBiCGStab:  Solving for T, Initial residual = 0.0031776, Final residual = 5.8197e-07, No Iterations 4
Time = 0.0517

DILUPBiCGStab:  Solving for T, Initial residual = 0.00317681, Final residual = 5.81525e-07, No Iterations 4
Time = 0.0518

DILUPBiCGStab:  Solving for T, Initial residual = 0.00317602, Final residual = 5.81083e-07, No Iterations 4
Time = 0.0519

DILUPBiCGStab:  Solving for T, Initial residual = 0.00317523, Final residual = 5.80642e-07, No Iterations 4
Time = 0.052

DILUPBiCGStab:  Solving for T, Initial residual = 0.00317444, Final residual = 5.80204e-07, No Iterations 4
Time = 0.0521

DILUPBiCGStab:  Solving for T, Initial residual = 0.00317365, Final residual = 5.79767e-07, No Iterations 4
Time = 0.0522

DILUPBiCGStab:  Solving for T, Initial residual = 0.00317286, Final residual = 5.79333e-07, No Iterations 4
Time = 0.0523

DILUPBiCGStab:  Solving for T, Initial residual = 0.00317207, Final residual = 5.78901e-07, No Iterations 4
Time = 0.0524

DILUPBiCGStab:  Solving for T, Initial residual = 0.00317129, Final residual = 5.78471e-07, No Iterations 4
Time = 0.0525

DILUPBiCGStab:  Solving for T, Initial residual = 0.00317051, Final residual = 5.78043e-07, No Iterations 4
Time = 0.0526

DILUPBiCGStab:  Solving for T, Initial residual = 0.00316973, Final residual = 5.77616e-07, No Iterations 4
Time = 0.0527

DILUPBiCGStab:  Solving for T, Initial residual = 0.00316895, Final residual = 5.77192e-07, No Iterations 4
Time = 0.0528

DILUPBiCGStab:  Solving for T, Initial residual = 0.00316817, Final residual = 5.7677e-07, No Iterations 4
Time = 0.0529

DILUPBiCGStab:  Solving for T, Initial residual = 0.00316739, Final residual = 5.76349e-07, No Iterations 4
Time = 0.053

DILUPBiCGStab:  Solving for T, Initial residual = 0.00316662, Final residual = 5.75931e-07, No Iterations 4
Time = 0.0531

DILUPBiCGStab:  Solving for T, Initial residual = 0.00316585, Final residual = 5.75515e-07, No Iterations 4
Time = 0.0532

DILUPBiCGStab:  Solving for T, Initial residual = 0.00316508, Final residual = 5.751e-07, No Iterations 4
Time = 0.0533

DILUPBiCGStab:  Solving for T, Initial residual = 0.00316431, Final residual = 5.74688e-07, No Iterations 4
Time = 0.0534

DILUPBiCGStab:  Solving for T, Initial residual = 0.00316354, Final residual = 5.74278e-07, No Iterations 4
Time = 0.0535

DILUPBiCGStab:  Solving for T, Initial residual = 0.00316278, Final residual = 5.73869e-07, No Iterations 4
Time = 0.0536

DILUPBiCGStab:  Solving for T, Initial residual = 0.00316202, Final residual = 5.73463e-07, No Iterations 4
Time = 0.0537

DILUPBiCGStab:  Solving for T, Initial residual = 0.00316126, Final residual = 5.73058e-07, No Iterations 4
Time = 0.0538

DILUPBiCGStab:  Solving for T, Initial residual = 0.0031605, Final residual = 5.72655e-07, No Iterations 4
Time = 0.0539

DILUPBiCGStab:  Solving for T, Initial residual = 0.00315974, Final residual = 5.72254e-07, No Iterations 4
Time = 0.054

DILUPBiCGStab:  Solving for T, Initial residual = 0.00315899, Final residual = 5.71855e-07, No Iterations 4
Time = 0.0541

DILUPBiCGStab:  Solving for T, Initial residual = 0.00315823, Final residual = 5.71458e-07, No Iterations 4
Time = 0.0542

DILUPBiCGStab:  Solving for T, Initial residual = 0.00315748, Final residual = 5.71063e-07, No Iterations 4
Time = 0.0543

DILUPBiCGStab:  Solving for T, Initial residual = 0.00315673, Final residual = 5.70669e-07, No Iterations 4
Time = 0.0544

DILUPBiCGStab:  Solving for T, Initial residual = 0.00315599, Final residual = 5.70277e-07, No Iterations 4
Time = 0.0545

DILUPBiCGStab:  Solving for T, Initial residual = 0.00315524, Final residual = 5.69887e-07, No Iterations 4
Time = 0.0546

DILUPBiCGStab:  Solving for T, Initial residual = 0.0031545, Final residual = 5.69498e-07, No Iterations 4
Time = 0.0547

DILUPBiCGStab:  Solving for T, Initial residual = 0.00315375, Final residual = 5.69112e-07, No Iterations 4
Time = 0.0548

DILUPBiCGStab:  Solving for T, Initial residual = 0.00315301, Final residual = 5.68727e-07, No Iterations 4
Time = 0.0549

DILUPBiCGStab:  Solving for T, Initial residual = 0.00315227, Final residual = 5.68343e-07, No Iterations 4
Time = 0.055

DILUPBiCGStab:  Solving for T, Initial residual = 0.00315154, Final residual = 5.67962e-07, No Iterations 4
Time = 0.0551

DILUPBiCGStab:  Solving for T, Initial residual = 0.0031508, Final residual = 5.67582e-07, No Iterations 4
Time = 0.0552

DILUPBiCGStab:  Solving for T, Initial residual = 0.00315007, Final residual = 5.67203e-07, No Iterations 4
Time = 0.0553

DILUPBiCGStab:  Solving for T, Initial residual = 0.00314934, Final residual = 5.66827e-07, No Iterations 4
Time = 0.0554

DILUPBiCGStab:  Solving for T, Initial residual = 0.00314861, Final residual = 5.66452e-07, No Iterations 4
Time = 0.0555

DILUPBiCGStab:  Solving for T, Initial residual = 0.00314788, Final residual = 5.66079e-07, No Iterations 4
Time = 0.0556

DILUPBiCGStab:  Solving for T, Initial residual = 0.00314716, Final residual = 5.65707e-07, No Iterations 4
Time = 0.0557

DILUPBiCGStab:  Solving for T, Initial residual = 0.00314644, Final residual = 5.65338e-07, No Iterations 4
Time = 0.0558

DILUPBiCGStab:  Solving for T, Initial residual = 0.00314571, Final residual = 5.64969e-07, No Iterations 4
Time = 0.0559

DILUPBiCGStab:  Solving for T, Initial residual = 0.003145, Final residual = 5.64603e-07, No Iterations 4
Time = 0.056

DILUPBiCGStab:  Solving for T, Initial residual = 0.00314428, Final residual = 5.64238e-07, No Iterations 4
Time = 0.0561

DILUPBiCGStab:  Solving for T, Initial residual = 0.00314357, Final residual = 5.63875e-07, No Iterations 4
Time = 0.0562

DILUPBiCGStab:  Solving for T, Initial residual = 0.00314285, Final residual = 5.63513e-07, No Iterations 4
Time = 0.0563

DILUPBiCGStab:  Solving for T, Initial residual = 0.00314214, Final residual = 5.63154e-07, No Iterations 4
Time = 0.0564

DILUPBiCGStab:  Solving for T, Initial residual = 0.00314144, Final residual = 5.62795e-07, No Iterations 4
Time = 0.0565

DILUPBiCGStab:  Solving for T, Initial residual = 0.00314073, Final residual = 5.62438e-07, No Iterations 4
Time = 0.0566

DILUPBiCGStab:  Solving for T, Initial residual = 0.00314002, Final residual = 5.62083e-07, No Iterations 4
Time = 0.0567

DILUPBiCGStab:  Solving for T, Initial residual = 0.00313932, Final residual = 5.6173e-07, No Iterations 4
Time = 0.0568

DILUPBiCGStab:  Solving for T, Initial residual = 0.00313862, Final residual = 5.61377e-07, No Iterations 4
Time = 0.0569

DILUPBiCGStab:  Solving for T, Initial residual = 0.00313792, Final residual = 5.61027e-07, No Iterations 4
Time = 0.057

DILUPBiCGStab:  Solving for T, Initial residual = 0.00313723, Final residual = 5.60678e-07, No Iterations 4
Time = 0.0571

DILUPBiCGStab:  Solving for T, Initial residual = 0.00313653, Final residual = 5.6033e-07, No Iterations 4
Time = 0.0572

DILUPBiCGStab:  Solving for T, Initial residual = 0.00313584, Final residual = 5.59984e-07, No Iterations 4
Time = 0.0573

DILUPBiCGStab:  Solving for T, Initial residual = 0.00313515, Final residual = 5.5964e-07, No Iterations 4
Time = 0.0574

DILUPBiCGStab:  Solving for T, Initial residual = 0.00313446, Final residual = 5.59297e-07, No Iterations 4
Time = 0.0575

DILUPBiCGStab:  Solving for T, Initial residual = 0.00313377, Final residual = 5.58955e-07, No Iterations 4
Time = 0.0576

DILUPBiCGStab:  Solving for T, Initial residual = 0.00313308, Final residual = 5.58615e-07, No Iterations 4
Time = 0.0577

DILUPBiCGStab:  Solving for T, Initial residual = 0.0031324, Final residual = 5.58276e-07, No Iterations 4
Time = 0.0578

DILUPBiCGStab:  Solving for T, Initial residual = 0.00313172, Final residual = 5.57939e-07, No Iterations 4
Time = 0.0579

DILUPBiCGStab:  Solving for T, Initial residual = 0.00313104, Final residual = 5.57603e-07, No Iterations 4
Time = 0.058

DILUPBiCGStab:  Solving for T, Initial residual = 0.00313036, Final residual = 5.57269e-07, No Iterations 4
Time = 0.0581

DILUPBiCGStab:  Solving for T, Initial residual = 0.00312968, Final residual = 5.56936e-07, No Iterations 4
Time = 0.0582

DILUPBiCGStab:  Solving for T, Initial residual = 0.00312901, Final residual = 5.56604e-07, No Iterations 4
Time = 0.0583

DILUPBiCGStab:  Solving for T, Initial residual = 0.00312833, Final residual = 5.56274e-07, No Iterations 4
Time = 0.0584

DILUPBiCGStab:  Solving for T, Initial residual = 0.00312766, Final residual = 5.55946e-07, No Iterations 4
Time = 0.0585

DILUPBiCGStab:  Solving for T, Initial residual = 0.003127, Final residual = 5.55619e-07, No Iterations 4
Time = 0.0586

DILUPBiCGStab:  Solving for T, Initial residual = 0.00312633, Final residual = 5.55293e-07, No Iterations 4
Time = 0.0587

DILUPBiCGStab:  Solving for T, Initial residual = 0.00312567, Final residual = 5.54968e-07, No Iterations 4
Time = 0.0588

DILUPBiCGStab:  Solving for T, Initial residual = 0.003125, Final residual = 5.54645e-07, No Iterations 4
Time = 0.0589

DILUPBiCGStab:  Solving for T, Initial residual = 0.00312434, Final residual = 5.54324e-07, No Iterations 4
Time = 0.059

DILUPBiCGStab:  Solving for T, Initial residual = 0.00312369, Final residual = 5.54004e-07, No Iterations 4
Time = 0.0591

DILUPBiCGStab:  Solving for T, Initial residual = 0.00312303, Final residual = 5.53685e-07, No Iterations 4
Time = 0.0592

DILUPBiCGStab:  Solving for T, Initial residual = 0.00312238, Final residual = 5.53367e-07, No Iterations 4
Time = 0.0593

DILUPBiCGStab:  Solving for T, Initial residual = 0.00312173, Final residual = 5.53051e-07, No Iterations 4
Time = 0.0594

DILUPBiCGStab:  Solving for T, Initial residual = 0.00312108, Final residual = 5.52736e-07, No Iterations 4
Time = 0.0595

DILUPBiCGStab:  Solving for T, Initial residual = 0.00312043, Final residual = 5.52423e-07, No Iterations 4
Time = 0.0596

DILUPBiCGStab:  Solving for T, Initial residual = 0.00311978, Final residual = 5.5211e-07, No Iterations 4
Time = 0.0597

DILUPBiCGStab:  Solving for T, Initial residual = 0.00311913, Final residual = 5.51799e-07, No Iterations 4
Time = 0.0598

DILUPBiCGStab:  Solving for T, Initial residual = 0.00311849, Final residual = 5.51489e-07, No Iterations 4
Time = 0.0599

DILUPBiCGStab:  Solving for T, Initial residual = 0.00311785, Final residual = 5.51181e-07, No Iterations 4
Time = 0.06

DILUPBiCGStab:  Solving for T, Initial residual = 0.00311721, Final residual = 5.50874e-07, No Iterations 4
Time = 0.0601

DILUPBiCGStab:  Solving for T, Initial residual = 0.00311657, Final residual = 5.50568e-07, No Iterations 4
Time = 0.0602

DILUPBiCGStab:  Solving for T, Initial residual = 0.00311594, Final residual = 5.50263e-07, No Iterations 4
Time = 0.0603

DILUPBiCGStab:  Solving for T, Initial residual = 0.0031153, Final residual = 5.4996e-07, No Iterations 4
Time = 0.0604

DILUPBiCGStab:  Solving for T, Initial residual = 0.00311467, Final residual = 5.49657e-07, No Iterations 4
Time = 0.0605

DILUPBiCGStab:  Solving for T, Initial residual = 0.00311404, Final residual = 5.49356e-07, No Iterations 4
Time = 0.0606

DILUPBiCGStab:  Solving for T, Initial residual = 0.00311341, Final residual = 5.49057e-07, No Iterations 4
Time = 0.0607

DILUPBiCGStab:  Solving for T, Initial residual = 0.00311278, Final residual = 5.48758e-07, No Iterations 4
Time = 0.0608

DILUPBiCGStab:  Solving for T, Initial residual = 0.00311216, Final residual = 5.48461e-07, No Iterations 4
Time = 0.0609

DILUPBiCGStab:  Solving for T, Initial residual = 0.00311154, Final residual = 5.48165e-07, No Iterations 4
Time = 0.061

DILUPBiCGStab:  Solving for T, Initial residual = 0.00311091, Final residual = 5.4787e-07, No Iterations 4
Time = 0.0611

DILUPBiCGStab:  Solving for T, Initial residual = 0.00311029, Final residual = 5.47576e-07, No Iterations 4
Time = 0.0612

DILUPBiCGStab:  Solving for T, Initial residual = 0.00310968, Final residual = 5.47283e-07, No Iterations 4
Time = 0.0613

DILUPBiCGStab:  Solving for T, Initial residual = 0.00310906, Final residual = 5.46992e-07, No Iterations 4
Time = 0.0614

DILUPBiCGStab:  Solving for T, Initial residual = 0.00310845, Final residual = 5.46702e-07, No Iterations 4
Time = 0.0615

DILUPBiCGStab:  Solving for T, Initial residual = 0.00310783, Final residual = 5.46413e-07, No Iterations 4
Time = 0.0616

DILUPBiCGStab:  Solving for T, Initial residual = 0.00310722, Final residual = 5.46125e-07, No Iterations 4
Time = 0.0617

DILUPBiCGStab:  Solving for T, Initial residual = 0.00310661, Final residual = 5.45839e-07, No Iterations 4
Time = 0.0618

DILUPBiCGStab:  Solving for T, Initial residual = 0.00310601, Final residual = 5.45553e-07, No Iterations 4
Time = 0.0619

DILUPBiCGStab:  Solving for T, Initial residual = 0.0031054, Final residual = 5.45269e-07, No Iterations 4
Time = 0.062

DILUPBiCGStab:  Solving for T, Initial residual = 0.0031048, Final residual = 5.44986e-07, No Iterations 4
Time = 0.0621

DILUPBiCGStab:  Solving for T, Initial residual = 0.0031042, Final residual = 5.44704e-07, No Iterations 4
Time = 0.0622

DILUPBiCGStab:  Solving for T, Initial residual = 0.0031036, Final residual = 5.44423e-07, No Iterations 4
Time = 0.0623

DILUPBiCGStab:  Solving for T, Initial residual = 0.003103, Final residual = 5.44144e-07, No Iterations 4
Time = 0.0624

DILUPBiCGStab:  Solving for T, Initial residual = 0.00310241, Final residual = 5.43865e-07, No Iterations 4
Time = 0.0625

DILUPBiCGStab:  Solving for T, Initial residual = 0.00310182, Final residual = 5.43588e-07, No Iterations 4
Time = 0.0626

DILUPBiCGStab:  Solving for T, Initial residual = 0.00310122, Final residual = 5.43312e-07, No Iterations 4
Time = 0.0627

DILUPBiCGStab:  Solving for T, Initial residual = 0.00310063, Final residual = 5.43037e-07, No Iterations 4
Time = 0.0628

DILUPBiCGStab:  Solving for T, Initial residual = 0.00310004, Final residual = 5.42763e-07, No Iterations 4
Time = 0.0629

DILUPBiCGStab:  Solving for T, Initial residual = 0.00309946, Final residual = 5.4249e-07, No Iterations 4
Time = 0.063

DILUPBiCGStab:  Solving for T, Initial residual = 0.00309887, Final residual = 5.42218e-07, No Iterations 4
Time = 0.0631

DILUPBiCGStab:  Solving for T, Initial residual = 0.00309829, Final residual = 5.41947e-07, No Iterations 4
Time = 0.0632

DILUPBiCGStab:  Solving for T, Initial residual = 0.00309771, Final residual = 5.41677e-07, No Iterations 4
Time = 0.0633

DILUPBiCGStab:  Solving for T, Initial residual = 0.00309713, Final residual = 5.41408e-07, No Iterations 4
Time = 0.0634

DILUPBiCGStab:  Solving for T, Initial residual = 0.00309655, Final residual = 5.41141e-07, No Iterations 4
Time = 0.0635

DILUPBiCGStab:  Solving for T, Initial residual = 0.00309597, Final residual = 5.40874e-07, No Iterations 4
Time = 0.0636

DILUPBiCGStab:  Solving for T, Initial residual = 0.0030954, Final residual = 5.40609e-07, No Iterations 4
Time = 0.0637

DILUPBiCGStab:  Solving for T, Initial residual = 0.00309482, Final residual = 5.40344e-07, No Iterations 4
Time = 0.0638

DILUPBiCGStab:  Solving for T, Initial residual = 0.00309425, Final residual = 5.40081e-07, No Iterations 4
Time = 0.0639

DILUPBiCGStab:  Solving for T, Initial residual = 0.00309368, Final residual = 5.39818e-07, No Iterations 4
Time = 0.064

DILUPBiCGStab:  Solving for T, Initial residual = 0.00309311, Final residual = 5.39557e-07, No Iterations 4
Time = 0.0641

DILUPBiCGStab:  Solving for T, Initial residual = 0.00309254, Final residual = 5.39296e-07, No Iterations 4
Time = 0.0642

DILUPBiCGStab:  Solving for T, Initial residual = 0.00309198, Final residual = 5.39037e-07, No Iterations 4
Time = 0.0643

DILUPBiCGStab:  Solving for T, Initial residual = 0.00309141, Final residual = 5.38778e-07, No Iterations 4
Time = 0.0644

DILUPBiCGStab:  Solving for T, Initial residual = 0.00309085, Final residual = 5.38521e-07, No Iterations 4
Time = 0.0645

DILUPBiCGStab:  Solving for T, Initial residual = 0.00309029, Final residual = 5.38264e-07, No Iterations 4
Time = 0.0646

DILUPBiCGStab:  Solving for T, Initial residual = 0.00308973, Final residual = 5.38009e-07, No Iterations 4
Time = 0.0647

DILUPBiCGStab:  Solving for T, Initial residual = 0.00308917, Final residual = 5.37755e-07, No Iterations 4
Time = 0.0648

DILUPBiCGStab:  Solving for T, Initial residual = 0.00308862, Final residual = 5.37501e-07, No Iterations 4
Time = 0.0649

DILUPBiCGStab:  Solving for T, Initial residual = 0.00308806, Final residual = 5.37249e-07, No Iterations 4
Time = 0.065

DILUPBiCGStab:  Solving for T, Initial residual = 0.00308751, Final residual = 5.36998e-07, No Iterations 4
Time = 0.0651

DILUPBiCGStab:  Solving for T, Initial residual = 0.00308696, Final residual = 5.36747e-07, No Iterations 4
Time = 0.0652

DILUPBiCGStab:  Solving for T, Initial residual = 0.00308641, Final residual = 5.36498e-07, No Iterations 4
Time = 0.0653

DILUPBiCGStab:  Solving for T, Initial residual = 0.00308587, Final residual = 5.36249e-07, No Iterations 4
Time = 0.0654

DILUPBiCGStab:  Solving for T, Initial residual = 0.00308532, Final residual = 5.36002e-07, No Iterations 4
Time = 0.0655

DILUPBiCGStab:  Solving for T, Initial residual = 0.00308478, Final residual = 5.35755e-07, No Iterations 4
Time = 0.0656

DILUPBiCGStab:  Solving for T, Initial residual = 0.00308423, Final residual = 5.3551e-07, No Iterations 4
Time = 0.0657

DILUPBiCGStab:  Solving for T, Initial residual = 0.00308369, Final residual = 5.35265e-07, No Iterations 4
Time = 0.0658

DILUPBiCGStab:  Solving for T, Initial residual = 0.00308316, Final residual = 5.35021e-07, No Iterations 4
Time = 0.0659

DILUPBiCGStab:  Solving for T, Initial residual = 0.00308262, Final residual = 5.34779e-07, No Iterations 4
Time = 0.066

DILUPBiCGStab:  Solving for T, Initial residual = 0.00308208, Final residual = 5.34537e-07, No Iterations 4
Time = 0.0661

DILUPBiCGStab:  Solving for T, Initial residual = 0.00308155, Final residual = 5.34296e-07, No Iterations 4
Time = 0.0662

DILUPBiCGStab:  Solving for T, Initial residual = 0.00308102, Final residual = 5.34056e-07, No Iterations 4
Time = 0.0663

DILUPBiCGStab:  Solving for T, Initial residual = 0.00308049, Final residual = 5.33817e-07, No Iterations 4
Time = 0.0664

DILUPBiCGStab:  Solving for T, Initial residual = 0.00307996, Final residual = 5.33579e-07, No Iterations 4
Time = 0.0665

DILUPBiCGStab:  Solving for T, Initial residual = 0.00307943, Final residual = 5.33341e-07, No Iterations 4
Time = 0.0666

DILUPBiCGStab:  Solving for T, Initial residual = 0.0030789, Final residual = 5.33105e-07, No Iterations 4
Time = 0.0667

DILUPBiCGStab:  Solving for T, Initial residual = 0.00307838, Final residual = 5.3287e-07, No Iterations 4
Time = 0.0668

DILUPBiCGStab:  Solving for T, Initial residual = 0.00307786, Final residual = 5.32635e-07, No Iterations 4
Time = 0.0669

DILUPBiCGStab:  Solving for T, Initial residual = 0.00307733, Final residual = 5.32401e-07, No Iterations 4
Time = 0.067

DILUPBiCGStab:  Solving for T, Initial residual = 0.00307681, Final residual = 5.32169e-07, No Iterations 4
Time = 0.0671

DILUPBiCGStab:  Solving for T, Initial residual = 0.0030763, Final residual = 5.31937e-07, No Iterations 4
Time = 0.0672

DILUPBiCGStab:  Solving for T, Initial residual = 0.00307578, Final residual = 5.31706e-07, No Iterations 4
Time = 0.0673

DILUPBiCGStab:  Solving for T, Initial residual = 0.00307526, Final residual = 5.31475e-07, No Iterations 4
Time = 0.0674

DILUPBiCGStab:  Solving for T, Initial residual = 0.00307475, Final residual = 5.31246e-07, No Iterations 4
Time = 0.0675

DILUPBiCGStab:  Solving for T, Initial residual = 0.00307424, Final residual = 5.31017e-07, No Iterations 4
Time = 0.0676

DILUPBiCGStab:  Solving for T, Initial residual = 0.00307372, Final residual = 5.30789e-07, No Iterations 4
Time = 0.0677

DILUPBiCGStab:  Solving for T, Initial residual = 0.00307321, Final residual = 5.30563e-07, No Iterations 4
Time = 0.0678

DILUPBiCGStab:  Solving for T, Initial residual = 0.00307271, Final residual = 5.30337e-07, No Iterations 4
Time = 0.0679

DILUPBiCGStab:  Solving for T, Initial residual = 0.0030722, Final residual = 5.30111e-07, No Iterations 4
Time = 0.068

DILUPBiCGStab:  Solving for T, Initial residual = 0.00307169, Final residual = 5.29887e-07, No Iterations 4
Time = 0.0681

DILUPBiCGStab:  Solving for T, Initial residual = 0.00307119, Final residual = 5.29664e-07, No Iterations 4
Time = 0.0682

DILUPBiCGStab:  Solving for T, Initial residual = 0.00307069, Final residual = 5.29441e-07, No Iterations 4
Time = 0.0683

DILUPBiCGStab:  Solving for T, Initial residual = 0.00307019, Final residual = 5.29219e-07, No Iterations 4
Time = 0.0684

DILUPBiCGStab:  Solving for T, Initial residual = 0.00306969, Final residual = 5.28998e-07, No Iterations 4
Time = 0.0685

DILUPBiCGStab:  Solving for T, Initial residual = 0.00306919, Final residual = 5.28778e-07, No Iterations 4
Time = 0.0686

DILUPBiCGStab:  Solving for T, Initial residual = 0.00306869, Final residual = 5.28558e-07, No Iterations 4
Time = 0.0687

DILUPBiCGStab:  Solving for T, Initial residual = 0.0030682, Final residual = 5.2834e-07, No Iterations 4
Time = 0.0688

DILUPBiCGStab:  Solving for T, Initial residual = 0.0030677, Final residual = 5.28122e-07, No Iterations 4
Time = 0.0689

DILUPBiCGStab:  Solving for T, Initial residual = 0.00306721, Final residual = 5.27905e-07, No Iterations 4
Time = 0.069

DILUPBiCGStab:  Solving for T, Initial residual = 0.00306672, Final residual = 5.27689e-07, No Iterations 4
Time = 0.0691

DILUPBiCGStab:  Solving for T, Initial residual = 0.00306623, Final residual = 5.27474e-07, No Iterations 4
Time = 0.0692

DILUPBiCGStab:  Solving for T, Initial residual = 0.00306574, Final residual = 5.27259e-07, No Iterations 4
Time = 0.0693

DILUPBiCGStab:  Solving for T, Initial residual = 0.00306526, Final residual = 5.27045e-07, No Iterations 4
Time = 0.0694

DILUPBiCGStab:  Solving for T, Initial residual = 0.00306477, Final residual = 5.26832e-07, No Iterations 4
Time = 0.0695

DILUPBiCGStab:  Solving for T, Initial residual = 0.00306429, Final residual = 5.2662e-07, No Iterations 4
Time = 0.0696

DILUPBiCGStab:  Solving for T, Initial residual = 0.00306381, Final residual = 5.26409e-07, No Iterations 4
Time = 0.0697

DILUPBiCGStab:  Solving for T, Initial residual = 0.00306333, Final residual = 5.26198e-07, No Iterations 4
Time = 0.0698

DILUPBiCGStab:  Solving for T, Initial residual = 0.00306285, Final residual = 5.25989e-07, No Iterations 4
Time = 0.0699

DILUPBiCGStab:  Solving for T, Initial residual = 0.00306237, Final residual = 5.2578e-07, No Iterations 4
Time = 0.07

DILUPBiCGStab:  Solving for T, Initial residual = 0.00306189, Final residual = 5.25571e-07, No Iterations 4
Time = 0.0701

DILUPBiCGStab:  Solving for T, Initial residual = 0.00306142, Final residual = 5.25364e-07, No Iterations 4
Time = 0.0702

DILUPBiCGStab:  Solving for T, Initial residual = 0.00306095, Final residual = 5.25157e-07, No Iterations 4
Time = 0.0703

DILUPBiCGStab:  Solving for T, Initial residual = 0.00306047, Final residual = 5.24951e-07, No Iterations 4
Time = 0.0704

DILUPBiCGStab:  Solving for T, Initial residual = 0.00306, Final residual = 5.24746e-07, No Iterations 4
Time = 0.0705

DILUPBiCGStab:  Solving for T, Initial residual = 0.00305953, Final residual = 5.24541e-07, No Iterations 4
Time = 0.0706

DILUPBiCGStab:  Solving for T, Initial residual = 0.00305906, Final residual = 5.24337e-07, No Iterations 4
Time = 0.0707

DILUPBiCGStab:  Solving for T, Initial residual = 0.0030586, Final residual = 5.24134e-07, No Iterations 4
Time = 0.0708

DILUPBiCGStab:  Solving for T, Initial residual = 0.00305813, Final residual = 5.23932e-07, No Iterations 4
Time = 0.0709

DILUPBiCGStab:  Solving for T, Initial residual = 0.00305767, Final residual = 5.2373e-07, No Iterations 4
Time = 0.071

DILUPBiCGStab:  Solving for T, Initial residual = 0.00305721, Final residual = 5.23529e-07, No Iterations 4
Time = 0.0711

DILUPBiCGStab:  Solving for T, Initial residual = 0.00305675, Final residual = 5.23329e-07, No Iterations 4
Time = 0.0712

DILUPBiCGStab:  Solving for T, Initial residual = 0.00305629, Final residual = 5.2313e-07, No Iterations 4
Time = 0.0713

DILUPBiCGStab:  Solving for T, Initial residual = 0.00305583, Final residual = 5.22931e-07, No Iterations 4
Time = 0.0714

DILUPBiCGStab:  Solving for T, Initial residual = 0.00305537, Final residual = 5.22733e-07, No Iterations 4
Time = 0.0715

DILUPBiCGStab:  Solving for T, Initial residual = 0.00305491, Final residual = 5.22536e-07, No Iterations 4
Time = 0.0716

DILUPBiCGStab:  Solving for T, Initial residual = 0.00305446, Final residual = 5.22339e-07, No Iterations 4
Time = 0.0717

DILUPBiCGStab:  Solving for T, Initial residual = 0.00305401, Final residual = 5.22143e-07, No Iterations 4
Time = 0.0718

DILUPBiCGStab:  Solving for T, Initial residual = 0.00305355, Final residual = 5.21948e-07, No Iterations 4
Time = 0.0719

DILUPBiCGStab:  Solving for T, Initial residual = 0.0030531, Final residual = 5.21753e-07, No Iterations 4
Time = 0.072

DILUPBiCGStab:  Solving for T, Initial residual = 0.00305265, Final residual = 5.21559e-07, No Iterations 4
Time = 0.0721

DILUPBiCGStab:  Solving for T, Initial residual = 0.0030522, Final residual = 5.21366e-07, No Iterations 4
Time = 0.0722

DILUPBiCGStab:  Solving for T, Initial residual = 0.00305176, Final residual = 5.21173e-07, No Iterations 4
Time = 0.0723

DILUPBiCGStab:  Solving for T, Initial residual = 0.00305131, Final residual = 5.20982e-07, No Iterations 4
Time = 0.0724

DILUPBiCGStab:  Solving for T, Initial residual = 0.00305087, Final residual = 5.2079e-07, No Iterations 4
Time = 0.0725

DILUPBiCGStab:  Solving for T, Initial residual = 0.00305042, Final residual = 5.206e-07, No Iterations 4
Time = 0.0726

DILUPBiCGStab:  Solving for T, Initial residual = 0.00304998, Final residual = 5.2041e-07, No Iterations 4
Time = 0.0727

DILUPBiCGStab:  Solving for T, Initial residual = 0.00304954, Final residual = 5.20221e-07, No Iterations 4
Time = 0.0728

DILUPBiCGStab:  Solving for T, Initial residual = 0.0030491, Final residual = 5.20032e-07, No Iterations 4
Time = 0.0729

DILUPBiCGStab:  Solving for T, Initial residual = 0.00304866, Final residual = 5.19845e-07, No Iterations 4
Time = 0.073

DILUPBiCGStab:  Solving for T, Initial residual = 0.00304823, Final residual = 5.19658e-07, No Iterations 4
Time = 0.0731

DILUPBiCGStab:  Solving for T, Initial residual = 0.00304779, Final residual = 5.19471e-07, No Iterations 4
Time = 0.0732

DILUPBiCGStab:  Solving for T, Initial residual = 0.00304736, Final residual = 5.19285e-07, No Iterations 4
Time = 0.0733

DILUPBiCGStab:  Solving for T, Initial residual = 0.00304692, Final residual = 5.191e-07, No Iterations 4
Time = 0.0734

DILUPBiCGStab:  Solving for T, Initial residual = 0.00304649, Final residual = 5.18916e-07, No Iterations 4
Time = 0.0735

DILUPBiCGStab:  Solving for T, Initial residual = 0.00304606, Final residual = 5.18732e-07, No Iterations 4
Time = 0.0736

DILUPBiCGStab:  Solving for T, Initial residual = 0.00304563, Final residual = 5.18548e-07, No Iterations 4
Time = 0.0737

DILUPBiCGStab:  Solving for T, Initial residual = 0.0030452, Final residual = 5.18366e-07, No Iterations 4
Time = 0.0738

DILUPBiCGStab:  Solving for T, Initial residual = 0.00304478, Final residual = 5.18184e-07, No Iterations 4
Time = 0.0739

DILUPBiCGStab:  Solving for T, Initial residual = 0.00304435, Final residual = 5.18003e-07, No Iterations 4
Time = 0.074

DILUPBiCGStab:  Solving for T, Initial residual = 0.00304393, Final residual = 5.17822e-07, No Iterations 4
Time = 0.0741

DILUPBiCGStab:  Solving for T, Initial residual = 0.0030435, Final residual = 5.17642e-07, No Iterations 4
Time = 0.0742

DILUPBiCGStab:  Solving for T, Initial residual = 0.00304308, Final residual = 5.17463e-07, No Iterations 4
Time = 0.0743

DILUPBiCGStab:  Solving for T, Initial residual = 0.00304266, Final residual = 5.17284e-07, No Iterations 4
Time = 0.0744

DILUPBiCGStab:  Solving for T, Initial residual = 0.00304224, Final residual = 5.17106e-07, No Iterations 4
Time = 0.0745

DILUPBiCGStab:  Solving for T, Initial residual = 0.00304182, Final residual = 5.16929e-07, No Iterations 4
Time = 0.0746

DILUPBiCGStab:  Solving for T, Initial residual = 0.00304141, Final residual = 5.16752e-07, No Iterations 4
Time = 0.0747

DILUPBiCGStab:  Solving for T, Initial residual = 0.00304099, Final residual = 5.16575e-07, No Iterations 4
Time = 0.0748

DILUPBiCGStab:  Solving for T, Initial residual = 0.00304058, Final residual = 5.164e-07, No Iterations 4
Time = 0.0749

DILUPBiCGStab:  Solving for T, Initial residual = 0.00304016, Final residual = 5.16225e-07, No Iterations 4
Time = 0.075

DILUPBiCGStab:  Solving for T, Initial residual = 0.00303975, Final residual = 5.1605e-07, No Iterations 4
Time = 0.0751

DILUPBiCGStab:  Solving for T, Initial residual = 0.00303934, Final residual = 5.15876e-07, No Iterations 4
Time = 0.0752

DILUPBiCGStab:  Solving for T, Initial residual = 0.00303893, Final residual = 5.15703e-07, No Iterations 4
Time = 0.0753

DILUPBiCGStab:  Solving for T, Initial residual = 0.00303852, Final residual = 5.1553e-07, No Iterations 4
Time = 0.0754

DILUPBiCGStab:  Solving for T, Initial residual = 0.00303812, Final residual = 5.15358e-07, No Iterations 4
Time = 0.0755

DILUPBiCGStab:  Solving for T, Initial residual = 0.00303771, Final residual = 5.15187e-07, No Iterations 4
Time = 0.0756

DILUPBiCGStab:  Solving for T, Initial residual = 0.0030373, Final residual = 5.15016e-07, No Iterations 4
Time = 0.0757

DILUPBiCGStab:  Solving for T, Initial residual = 0.0030369, Final residual = 5.14846e-07, No Iterations 4
Time = 0.0758

DILUPBiCGStab:  Solving for T, Initial residual = 0.0030365, Final residual = 5.14676e-07, No Iterations 4
Time = 0.0759

DILUPBiCGStab:  Solving for T, Initial residual = 0.0030361, Final residual = 5.14507e-07, No Iterations 4
Time = 0.076

DILUPBiCGStab:  Solving for T, Initial residual = 0.0030357, Final residual = 5.14338e-07, No Iterations 4
Time = 0.0761

DILUPBiCGStab:  Solving for T, Initial residual = 0.0030353, Final residual = 5.1417e-07, No Iterations 4
Time = 0.0762

DILUPBiCGStab:  Solving for T, Initial residual = 0.0030349, Final residual = 5.14003e-07, No Iterations 4
Time = 0.0763

DILUPBiCGStab:  Solving for T, Initial residual = 0.0030345, Final residual = 5.13836e-07, No Iterations 4
Time = 0.0764

DILUPBiCGStab:  Solving for T, Initial residual = 0.0030341, Final residual = 5.1367e-07, No Iterations 4
Time = 0.0765

DILUPBiCGStab:  Solving for T, Initial residual = 0.00303371, Final residual = 5.13504e-07, No Iterations 4
Time = 0.0766

DILUPBiCGStab:  Solving for T, Initial residual = 0.00303332, Final residual = 5.13339e-07, No Iterations 4
Time = 0.0767

DILUPBiCGStab:  Solving for T, Initial residual = 0.00303292, Final residual = 5.13174e-07, No Iterations 4
Time = 0.0768

DILUPBiCGStab:  Solving for T, Initial residual = 0.00303253, Final residual = 5.1301e-07, No Iterations 4
Time = 0.0769

DILUPBiCGStab:  Solving for T, Initial residual = 0.00303214, Final residual = 5.12847e-07, No Iterations 4
Time = 0.077

DILUPBiCGStab:  Solving for T, Initial residual = 0.00303175, Final residual = 5.12684e-07, No Iterations 4
Time = 0.0771

DILUPBiCGStab:  Solving for T, Initial residual = 0.00303136, Final residual = 5.12521e-07, No Iterations 4
Time = 0.0772

DILUPBiCGStab:  Solving for T, Initial residual = 0.00303097, Final residual = 5.1236e-07, No Iterations 4
Time = 0.0773

DILUPBiCGStab:  Solving for T, Initial residual = 0.00303059, Final residual = 5.12198e-07, No Iterations 4
Time = 0.0774

DILUPBiCGStab:  Solving for T, Initial residual = 0.0030302, Final residual = 5.12038e-07, No Iterations 4
Time = 0.0775

DILUPBiCGStab:  Solving for T, Initial residual = 0.00302982, Final residual = 5.11877e-07, No Iterations 4
Time = 0.0776

DILUPBiCGStab:  Solving for T, Initial residual = 0.00302943, Final residual = 5.11718e-07, No Iterations 4
Time = 0.0777

DILUPBiCGStab:  Solving for T, Initial residual = 0.00302905, Final residual = 5.11559e-07, No Iterations 4
Time = 0.0778

DILUPBiCGStab:  Solving for T, Initial residual = 0.00302867, Final residual = 5.114e-07, No Iterations 4
Time = 0.0779

DILUPBiCGStab:  Solving for T, Initial residual = 0.00302829, Final residual = 5.11242e-07, No Iterations 4
Time = 0.078

DILUPBiCGStab:  Solving for T, Initial residual = 0.00302791, Final residual = 5.11084e-07, No Iterations 4
Time = 0.0781

DILUPBiCGStab:  Solving for T, Initial residual = 0.00302753, Final residual = 5.10927e-07, No Iterations 4
Time = 0.0782

DILUPBiCGStab:  Solving for T, Initial residual = 0.00302716, Final residual = 5.10771e-07, No Iterations 4
Time = 0.0783

DILUPBiCGStab:  Solving for T, Initial residual = 0.00302678, Final residual = 5.10615e-07, No Iterations 4
Time = 0.0784

DILUPBiCGStab:  Solving for T, Initial residual = 0.00302641, Final residual = 5.10459e-07, No Iterations 4
Time = 0.0785

DILUPBiCGStab:  Solving for T, Initial residual = 0.00302603, Final residual = 5.10304e-07, No Iterations 4
Time = 0.0786

DILUPBiCGStab:  Solving for T, Initial residual = 0.00302566, Final residual = 5.1015e-07, No Iterations 4
Time = 0.0787

DILUPBiCGStab:  Solving for T, Initial residual = 0.00302529, Final residual = 5.09996e-07, No Iterations 4
Time = 0.0788

DILUPBiCGStab:  Solving for T, Initial residual = 0.00302492, Final residual = 5.09843e-07, No Iterations 4
Time = 0.0789

DILUPBiCGStab:  Solving for T, Initial residual = 0.00302455, Final residual = 5.0969e-07, No Iterations 4
Time = 0.079

DILUPBiCGStab:  Solving for T, Initial residual = 0.00302418, Final residual = 5.09538e-07, No Iterations 4
Time = 0.0791

DILUPBiCGStab:  Solving for T, Initial residual = 0.00302381, Final residual = 5.09386e-07, No Iterations 4
Time = 0.0792

DILUPBiCGStab:  Solving for T, Initial residual = 0.00302345, Final residual = 5.09235e-07, No Iterations 4
Time = 0.0793

DILUPBiCGStab:  Solving for T, Initial residual = 0.00302308, Final residual = 5.09084e-07, No Iterations 4
Time = 0.0794

DILUPBiCGStab:  Solving for T, Initial residual = 0.00302272, Final residual = 5.08934e-07, No Iterations 4
Time = 0.0795

DILUPBiCGStab:  Solving for T, Initial residual = 0.00302236, Final residual = 5.08784e-07, No Iterations 4
Time = 0.0796

DILUPBiCGStab:  Solving for T, Initial residual = 0.00302199, Final residual = 5.08635e-07, No Iterations 4
Time = 0.0797

DILUPBiCGStab:  Solving for T, Initial residual = 0.00302163, Final residual = 5.08486e-07, No Iterations 4
Time = 0.0798

DILUPBiCGStab:  Solving for T, Initial residual = 0.00302127, Final residual = 5.08338e-07, No Iterations 4
Time = 0.0799

DILUPBiCGStab:  Solving for T, Initial residual = 0.00302092, Final residual = 5.0819e-07, No Iterations 4
Time = 0.08

DILUPBiCGStab:  Solving for T, Initial residual = 0.00302056, Final residual = 5.08043e-07, No Iterations 4
Time = 0.0801

DILUPBiCGStab:  Solving for T, Initial residual = 0.0030202, Final residual = 5.07896e-07, No Iterations 4
Time = 0.0802

DILUPBiCGStab:  Solving for T, Initial residual = 0.00301984, Final residual = 5.07749e-07, No Iterations 4
Time = 0.0803

DILUPBiCGStab:  Solving for T, Initial residual = 0.00301949, Final residual = 5.07604e-07, No Iterations 4
Time = 0.0804

DILUPBiCGStab:  Solving for T, Initial residual = 0.00301914, Final residual = 5.07458e-07, No Iterations 4
Time = 0.0805

DILUPBiCGStab:  Solving for T, Initial residual = 0.00301878, Final residual = 5.07313e-07, No Iterations 4
Time = 0.0806

DILUPBiCGStab:  Solving for T, Initial residual = 0.00301843, Final residual = 5.07169e-07, No Iterations 4
Time = 0.0807

DILUPBiCGStab:  Solving for T, Initial residual = 0.00301808, Final residual = 5.07025e-07, No Iterations 4
Time = 0.0808

DILUPBiCGStab:  Solving for T, Initial residual = 0.00301773, Final residual = 5.06881e-07, No Iterations 4
Time = 0.0809

DILUPBiCGStab:  Solving for T, Initial residual = 0.00301738, Final residual = 5.06738e-07, No Iterations 4
Time = 0.081

DILUPBiCGStab:  Solving for T, Initial residual = 0.00301703, Final residual = 5.06596e-07, No Iterations 4
Time = 0.0811

DILUPBiCGStab:  Solving for T, Initial residual = 0.00301669, Final residual = 5.06454e-07, No Iterations 4
Time = 0.0812

DILUPBiCGStab:  Solving for T, Initial residual = 0.00301634, Final residual = 5.06312e-07, No Iterations 4
Time = 0.0813

DILUPBiCGStab:  Solving for T, Initial residual = 0.003016, Final residual = 5.06171e-07, No Iterations 4
Time = 0.0814

DILUPBiCGStab:  Solving for T, Initial residual = 0.00301565, Final residual = 5.0603e-07, No Iterations 4
Time = 0.0815

DILUPBiCGStab:  Solving for T, Initial residual = 0.00301531, Final residual = 5.0589e-07, No Iterations 4
Time = 0.0816

DILUPBiCGStab:  Solving for T, Initial residual = 0.00301497, Final residual = 5.0575e-07, No Iterations 4
Time = 0.0817

DILUPBiCGStab:  Solving for T, Initial residual = 0.00301463, Final residual = 5.05611e-07, No Iterations 4
Time = 0.0818

DILUPBiCGStab:  Solving for T, Initial residual = 0.00301429, Final residual = 5.05472e-07, No Iterations 4
Time = 0.0819

DILUPBiCGStab:  Solving for T, Initial residual = 0.00301395, Final residual = 5.05333e-07, No Iterations 4
Time = 0.082

DILUPBiCGStab:  Solving for T, Initial residual = 0.00301361, Final residual = 5.05195e-07, No Iterations 4
Time = 0.0821

DILUPBiCGStab:  Solving for T, Initial residual = 0.00301327, Final residual = 5.05058e-07, No Iterations 4
Time = 0.0822

DILUPBiCGStab:  Solving for T, Initial residual = 0.00301293, Final residual = 5.04921e-07, No Iterations 4
Time = 0.0823

DILUPBiCGStab:  Solving for T, Initial residual = 0.0030126, Final residual = 5.04784e-07, No Iterations 4
Time = 0.0824

DILUPBiCGStab:  Solving for T, Initial residual = 0.00301226, Final residual = 5.04648e-07, No Iterations 4
Time = 0.0825

DILUPBiCGStab:  Solving for T, Initial residual = 0.00301193, Final residual = 5.04512e-07, No Iterations 4
Time = 0.0826

DILUPBiCGStab:  Solving for T, Initial residual = 0.00301159, Final residual = 5.04376e-07, No Iterations 4
Time = 0.0827

DILUPBiCGStab:  Solving for T, Initial residual = 0.00301126, Final residual = 5.04241e-07, No Iterations 4
Time = 0.0828

DILUPBiCGStab:  Solving for T, Initial residual = 0.00301093, Final residual = 5.04107e-07, No Iterations 4
Time = 0.0829

DILUPBiCGStab:  Solving for T, Initial residual = 0.0030106, Final residual = 5.03973e-07, No Iterations 4
Time = 0.083

DILUPBiCGStab:  Solving for T, Initial residual = 0.00301027, Final residual = 5.03839e-07, No Iterations 4
Time = 0.0831

DILUPBiCGStab:  Solving for T, Initial residual = 0.00300994, Final residual = 5.03706e-07, No Iterations 4
Time = 0.0832

DILUPBiCGStab:  Solving for T, Initial residual = 0.00300961, Final residual = 5.03573e-07, No Iterations 4
Time = 0.0833

DILUPBiCGStab:  Solving for T, Initial residual = 0.00300929, Final residual = 5.0344e-07, No Iterations 4
Time = 0.0834

DILUPBiCGStab:  Solving for T, Initial residual = 0.00300896, Final residual = 5.03308e-07, No Iterations 4
Time = 0.0835

DILUPBiCGStab:  Solving for T, Initial residual = 0.00300864, Final residual = 5.03177e-07, No Iterations 4
Time = 0.0836

DILUPBiCGStab:  Solving for T, Initial residual = 0.00300831, Final residual = 5.03045e-07, No Iterations 4
Time = 0.0837

DILUPBiCGStab:  Solving for T, Initial residual = 0.00300799, Final residual = 5.02915e-07, No Iterations 4
Time = 0.0838

DILUPBiCGStab:  Solving for T, Initial residual = 0.00300767, Final residual = 5.02784e-07, No Iterations 4
Time = 0.0839

DILUPBiCGStab:  Solving for T, Initial residual = 0.00300734, Final residual = 5.02654e-07, No Iterations 4
Time = 0.084

DILUPBiCGStab:  Solving for T, Initial residual = 0.00300702, Final residual = 5.02525e-07, No Iterations 4
Time = 0.0841

DILUPBiCGStab:  Solving for T, Initial residual = 0.0030067, Final residual = 5.02396e-07, No Iterations 4
Time = 0.0842

DILUPBiCGStab:  Solving for T, Initial residual = 0.00300638, Final residual = 5.02267e-07, No Iterations 4
Time = 0.0843

DILUPBiCGStab:  Solving for T, Initial residual = 0.00300607, Final residual = 5.02139e-07, No Iterations 4
Time = 0.0844

DILUPBiCGStab:  Solving for T, Initial residual = 0.00300575, Final residual = 5.02011e-07, No Iterations 4
Time = 0.0845

DILUPBiCGStab:  Solving for T, Initial residual = 0.00300543, Final residual = 5.01883e-07, No Iterations 4
Time = 0.0846

DILUPBiCGStab:  Solving for T, Initial residual = 0.00300512, Final residual = 5.01756e-07, No Iterations 4
Time = 0.0847

DILUPBiCGStab:  Solving for T, Initial residual = 0.0030048, Final residual = 5.0163e-07, No Iterations 4
Time = 0.0848

DILUPBiCGStab:  Solving for T, Initial residual = 0.00300449, Final residual = 5.01503e-07, No Iterations 4
Time = 0.0849

DILUPBiCGStab:  Solving for T, Initial residual = 0.00300418, Final residual = 5.01377e-07, No Iterations 4
Time = 0.085

DILUPBiCGStab:  Solving for T, Initial residual = 0.00300386, Final residual = 5.01252e-07, No Iterations 4
Time = 0.0851

DILUPBiCGStab:  Solving for T, Initial residual = 0.00300355, Final residual = 5.01127e-07, No Iterations 4
Time = 0.0852

DILUPBiCGStab:  Solving for T, Initial residual = 0.00300324, Final residual = 5.01002e-07, No Iterations 4
Time = 0.0853

DILUPBiCGStab:  Solving for T, Initial residual = 0.00300293, Final residual = 5.00878e-07, No Iterations 4
Time = 0.0854

DILUPBiCGStab:  Solving for T, Initial residual = 0.00300263, Final residual = 5.00754e-07, No Iterations 4
Time = 0.0855

DILUPBiCGStab:  Solving for T, Initial residual = 0.00300232, Final residual = 5.00631e-07, No Iterations 4
Time = 0.0856

DILUPBiCGStab:  Solving for T, Initial residual = 0.00300201, Final residual = 5.00508e-07, No Iterations 4
Time = 0.0857

DILUPBiCGStab:  Solving for T, Initial residual = 0.0030017, Final residual = 5.00385e-07, No Iterations 4
Time = 0.0858

DILUPBiCGStab:  Solving for T, Initial residual = 0.0030014, Final residual = 5.00263e-07, No Iterations 4
Time = 0.0859

DILUPBiCGStab:  Solving for T, Initial residual = 0.0030011, Final residual = 5.00141e-07, No Iterations 4
Time = 0.086

DILUPBiCGStab:  Solving for T, Initial residual = 0.00300079, Final residual = 5.00019e-07, No Iterations 4
Time = 0.0861

DILUPBiCGStab:  Solving for T, Initial residual = 0.00300049, Final residual = 4.99898e-07, No Iterations 4
Time = 0.0862

DILUPBiCGStab:  Solving for T, Initial residual = 0.00300019, Final residual = 4.99777e-07, No Iterations 4
Time = 0.0863

DILUPBiCGStab:  Solving for T, Initial residual = 0.00299989, Final residual = 4.99657e-07, No Iterations 4
Time = 0.0864

DILUPBiCGStab:  Solving for T, Initial residual = 0.00299959, Final residual = 4.99536e-07, No Iterations 4
Time = 0.0865

DILUPBiCGStab:  Solving for T, Initial residual = 0.00299929, Final residual = 4.99417e-07, No Iterations 4
Time = 0.0866

DILUPBiCGStab:  Solving for T, Initial residual = 0.00299899, Final residual = 4.99297e-07, No Iterations 4
Time = 0.0867

DILUPBiCGStab:  Solving for T, Initial residual = 0.00299869, Final residual = 4.99179e-07, No Iterations 4
Time = 0.0868

DILUPBiCGStab:  Solving for T, Initial residual = 0.00299839, Final residual = 4.9906e-07, No Iterations 4
Time = 0.0869

DILUPBiCGStab:  Solving for T, Initial residual = 0.0029981, Final residual = 4.98942e-07, No Iterations 4
Time = 0.087

DILUPBiCGStab:  Solving for T, Initial residual = 0.0029978, Final residual = 4.98824e-07, No Iterations 4
Time = 0.0871

DILUPBiCGStab:  Solving for T, Initial residual = 0.00299751, Final residual = 4.98707e-07, No Iterations 4
Time = 0.0872

DILUPBiCGStab:  Solving for T, Initial residual = 0.00299722, Final residual = 4.98589e-07, No Iterations 4
Time = 0.0873

DILUPBiCGStab:  Solving for T, Initial residual = 0.00299692, Final residual = 4.98473e-07, No Iterations 4
Time = 0.0874

DILUPBiCGStab:  Solving for T, Initial residual = 0.00299663, Final residual = 4.98356e-07, No Iterations 4
Time = 0.0875

DILUPBiCGStab:  Solving for T, Initial residual = 0.00299634, Final residual = 4.9824e-07, No Iterations 4
Time = 0.0876

DILUPBiCGStab:  Solving for T, Initial residual = 0.00299605, Final residual = 4.98125e-07, No Iterations 4
Time = 0.0877

DILUPBiCGStab:  Solving for T, Initial residual = 0.00299576, Final residual = 4.98009e-07, No Iterations 4
Time = 0.0878

DILUPBiCGStab:  Solving for T, Initial residual = 0.00299547, Final residual = 4.97894e-07, No Iterations 4
Time = 0.0879

DILUPBiCGStab:  Solving for T, Initial residual = 0.00299518, Final residual = 4.9778e-07, No Iterations 4
Time = 0.088

DILUPBiCGStab:  Solving for T, Initial residual = 0.0029949, Final residual = 4.97666e-07, No Iterations 4
Time = 0.0881

DILUPBiCGStab:  Solving for T, Initial residual = 0.00299461, Final residual = 4.97552e-07, No Iterations 4
Time = 0.0882

DILUPBiCGStab:  Solving for T, Initial residual = 0.00299432, Final residual = 4.97438e-07, No Iterations 4
Time = 0.0883

DILUPBiCGStab:  Solving for T, Initial residual = 0.00299404, Final residual = 4.97325e-07, No Iterations 4
Time = 0.0884

DILUPBiCGStab:  Solving for T, Initial residual = 0.00299375, Final residual = 4.97212e-07, No Iterations 4
Time = 0.0885

DILUPBiCGStab:  Solving for T, Initial residual = 0.00299347, Final residual = 4.971e-07, No Iterations 4
Time = 0.0886

DILUPBiCGStab:  Solving for T, Initial residual = 0.00299319, Final residual = 4.96988e-07, No Iterations 4
Time = 0.0887

DILUPBiCGStab:  Solving for T, Initial residual = 0.00299291, Final residual = 4.96876e-07, No Iterations 4
Time = 0.0888

DILUPBiCGStab:  Solving for T, Initial residual = 0.00299262, Final residual = 4.96764e-07, No Iterations 4
Time = 0.0889

DILUPBiCGStab:  Solving for T, Initial residual = 0.00299234, Final residual = 4.96653e-07, No Iterations 4
Time = 0.089

DILUPBiCGStab:  Solving for T, Initial residual = 0.00299206, Final residual = 4.96542e-07, No Iterations 4
Time = 0.0891

DILUPBiCGStab:  Solving for T, Initial residual = 0.00299179, Final residual = 4.96432e-07, No Iterations 4
Time = 0.0892

DILUPBiCGStab:  Solving for T, Initial residual = 0.00299151, Final residual = 4.96322e-07, No Iterations 4
Time = 0.0893

DILUPBiCGStab:  Solving for T, Initial residual = 0.00299123, Final residual = 4.96212e-07, No Iterations 4
Time = 0.0894

DILUPBiCGStab:  Solving for T, Initial residual = 0.00299095, Final residual = 4.96102e-07, No Iterations 4
Time = 0.0895

DILUPBiCGStab:  Solving for T, Initial residual = 0.00299068, Final residual = 4.95993e-07, No Iterations 4
Time = 0.0896

DILUPBiCGStab:  Solving for T, Initial residual = 0.0029904, Final residual = 4.95884e-07, No Iterations 4
Time = 0.0897

DILUPBiCGStab:  Solving for T, Initial residual = 0.00299013, Final residual = 4.95776e-07, No Iterations 4
Time = 0.0898

DILUPBiCGStab:  Solving for T, Initial residual = 0.00298985, Final residual = 4.95668e-07, No Iterations 4
Time = 0.0899

DILUPBiCGStab:  Solving for T, Initial residual = 0.00298958, Final residual = 4.9556e-07, No Iterations 4
Time = 0.09

DILUPBiCGStab:  Solving for T, Initial residual = 0.00298931, Final residual = 4.95452e-07, No Iterations 4
Time = 0.0901

DILUPBiCGStab:  Solving for T, Initial residual = 0.00298903, Final residual = 4.95345e-07, No Iterations 4
Time = 0.0902

DILUPBiCGStab:  Solving for T, Initial residual = 0.00298876, Final residual = 4.95238e-07, No Iterations 4
Time = 0.0903

DILUPBiCGStab:  Solving for T, Initial residual = 0.00298849, Final residual = 4.95132e-07, No Iterations 4
Time = 0.0904

DILUPBiCGStab:  Solving for T, Initial residual = 0.00298822, Final residual = 4.95025e-07, No Iterations 4
Time = 0.0905

DILUPBiCGStab:  Solving for T, Initial residual = 0.00298795, Final residual = 4.94919e-07, No Iterations 4
Time = 0.0906

DILUPBiCGStab:  Solving for T, Initial residual = 0.00298769, Final residual = 4.94814e-07, No Iterations 4
Time = 0.0907

DILUPBiCGStab:  Solving for T, Initial residual = 0.00298742, Final residual = 4.94708e-07, No Iterations 4
Time = 0.0908

DILUPBiCGStab:  Solving for T, Initial residual = 0.00298715, Final residual = 4.94603e-07, No Iterations 4
Time = 0.0909

DILUPBiCGStab:  Solving for T, Initial residual = 0.00298688, Final residual = 4.94499e-07, No Iterations 4
Time = 0.091

DILUPBiCGStab:  Solving for T, Initial residual = 0.00298662, Final residual = 4.94394e-07, No Iterations 4
Time = 0.0911

DILUPBiCGStab:  Solving for T, Initial residual = 0.00298635, Final residual = 4.9429e-07, No Iterations 4
Time = 0.0912

DILUPBiCGStab:  Solving for T, Initial residual = 0.00298609, Final residual = 4.94187e-07, No Iterations 4
Time = 0.0913

DILUPBiCGStab:  Solving for T, Initial residual = 0.00298583, Final residual = 4.94083e-07, No Iterations 4
Time = 0.0914

DILUPBiCGStab:  Solving for T, Initial residual = 0.00298556, Final residual = 4.9398e-07, No Iterations 4
Time = 0.0915

DILUPBiCGStab:  Solving for T, Initial residual = 0.0029853, Final residual = 4.93877e-07, No Iterations 4
Time = 0.0916

DILUPBiCGStab:  Solving for T, Initial residual = 0.00298504, Final residual = 4.93775e-07, No Iterations 4
Time = 0.0917

DILUPBiCGStab:  Solving for T, Initial residual = 0.00298478, Final residual = 4.93673e-07, No Iterations 4
Time = 0.0918

DILUPBiCGStab:  Solving for T, Initial residual = 0.00298452, Final residual = 4.93571e-07, No Iterations 4
Time = 0.0919

DILUPBiCGStab:  Solving for T, Initial residual = 0.00298426, Final residual = 4.93469e-07, No Iterations 4
Time = 0.092

DILUPBiCGStab:  Solving for T, Initial residual = 0.002984, Final residual = 4.93368e-07, No Iterations 4
Time = 0.0921

DILUPBiCGStab:  Solving for T, Initial residual = 0.00298374, Final residual = 4.93267e-07, No Iterations 4
Time = 0.0922

DILUPBiCGStab:  Solving for T, Initial residual = 0.00298349, Final residual = 4.93166e-07, No Iterations 4
Time = 0.0923

DILUPBiCGStab:  Solving for T, Initial residual = 0.00298323, Final residual = 4.93066e-07, No Iterations 4
Time = 0.0924

DILUPBiCGStab:  Solving for T, Initial residual = 0.00298298, Final residual = 4.92966e-07, No Iterations 4
Time = 0.0925

DILUPBiCGStab:  Solving for T, Initial residual = 0.00298272, Final residual = 4.92866e-07, No Iterations 4
Time = 0.0926

DILUPBiCGStab:  Solving for T, Initial residual = 0.00298247, Final residual = 4.92767e-07, No Iterations 4
Time = 0.0927

DILUPBiCGStab:  Solving for T, Initial residual = 0.00298221, Final residual = 4.92668e-07, No Iterations 4
Time = 0.0928

DILUPBiCGStab:  Solving for T, Initial residual = 0.00298196, Final residual = 4.92569e-07, No Iterations 4
Time = 0.0929

DILUPBiCGStab:  Solving for T, Initial residual = 0.00298171, Final residual = 4.9247e-07, No Iterations 4
Time = 0.093

DILUPBiCGStab:  Solving for T, Initial residual = 0.00298146, Final residual = 4.92372e-07, No Iterations 4
Time = 0.0931

DILUPBiCGStab:  Solving for T, Initial residual = 0.0029812, Final residual = 4.92274e-07, No Iterations 4
Time = 0.0932

DILUPBiCGStab:  Solving for T, Initial residual = 0.00298095, Final residual = 4.92176e-07, No Iterations 4
Time = 0.0933

DILUPBiCGStab:  Solving for T, Initial residual = 0.0029807, Final residual = 4.92079e-07, No Iterations 4
Time = 0.0934

DILUPBiCGStab:  Solving for T, Initial residual = 0.00298046, Final residual = 4.91982e-07, No Iterations 4
Time = 0.0935

DILUPBiCGStab:  Solving for T, Initial residual = 0.00298021, Final residual = 4.91885e-07, No Iterations 4
Time = 0.0936

DILUPBiCGStab:  Solving for T, Initial residual = 0.00297996, Final residual = 4.91788e-07, No Iterations 4
Time = 0.0937

DILUPBiCGStab:  Solving for T, Initial residual = 0.00297971, Final residual = 4.91692e-07, No Iterations 4
Time = 0.0938

DILUPBiCGStab:  Solving for T, Initial residual = 0.00297947, Final residual = 4.91596e-07, No Iterations 4
Time = 0.0939

DILUPBiCGStab:  Solving for T, Initial residual = 0.00297922, Final residual = 4.915e-07, No Iterations 4
Time = 0.094

DILUPBiCGStab:  Solving for T, Initial residual = 0.00297898, Final residual = 4.91405e-07, No Iterations 4
Time = 0.0941

DILUPBiCGStab:  Solving for T, Initial residual = 0.00297873, Final residual = 4.9131e-07, No Iterations 4
Time = 0.0942

DILUPBiCGStab:  Solving for T, Initial residual = 0.00297849, Final residual = 4.91215e-07, No Iterations 4
Time = 0.0943

DILUPBiCGStab:  Solving for T, Initial residual = 0.00297824, Final residual = 4.9112e-07, No Iterations 4
Time = 0.0944

DILUPBiCGStab:  Solving for T, Initial residual = 0.002978, Final residual = 4.91026e-07, No Iterations 4
Time = 0.0945

DILUPBiCGStab:  Solving for T, Initial residual = 0.00297776, Final residual = 4.90932e-07, No Iterations 4
Time = 0.0946

DILUPBiCGStab:  Solving for T, Initial residual = 0.00297752, Final residual = 4.90838e-07, No Iterations 4
Time = 0.0947

DILUPBiCGStab:  Solving for T, Initial residual = 0.00297728, Final residual = 4.90745e-07, No Iterations 4
Time = 0.0948

DILUPBiCGStab:  Solving for T, Initial residual = 0.00297704, Final residual = 4.90651e-07, No Iterations 4
Time = 0.0949

DILUPBiCGStab:  Solving for T, Initial residual = 0.0029768, Final residual = 4.90559e-07, No Iterations 4
Time = 0.095

DILUPBiCGStab:  Solving for T, Initial residual = 0.00297656, Final residual = 4.90466e-07, No Iterations 4
Time = 0.0951

DILUPBiCGStab:  Solving for T, Initial residual = 0.00297632, Final residual = 4.90374e-07, No Iterations 4
Time = 0.0952

DILUPBiCGStab:  Solving for T, Initial residual = 0.00297609, Final residual = 4.90282e-07, No Iterations 4
Time = 0.0953

DILUPBiCGStab:  Solving for T, Initial residual = 0.00297585, Final residual = 4.9019e-07, No Iterations 4
Time = 0.0954

DILUPBiCGStab:  Solving for T, Initial residual = 0.00297561, Final residual = 4.90098e-07, No Iterations 4
Time = 0.0955

DILUPBiCGStab:  Solving for T, Initial residual = 0.00297538, Final residual = 4.90007e-07, No Iterations 4
Time = 0.0956

DILUPBiCGStab:  Solving for T, Initial residual = 0.00297514, Final residual = 4.89916e-07, No Iterations 4
Time = 0.0957

DILUPBiCGStab:  Solving for T, Initial residual = 0.00297491, Final residual = 4.89825e-07, No Iterations 4
Time = 0.0958

DILUPBiCGStab:  Solving for T, Initial residual = 0.00297467, Final residual = 4.89735e-07, No Iterations 4
Time = 0.0959

DILUPBiCGStab:  Solving for T, Initial residual = 0.00297444, Final residual = 4.89644e-07, No Iterations 4
Time = 0.096

DILUPBiCGStab:  Solving for T, Initial residual = 0.00297421, Final residual = 4.89554e-07, No Iterations 4
Time = 0.0961

DILUPBiCGStab:  Solving for T, Initial residual = 0.00297398, Final residual = 4.89465e-07, No Iterations 4
Time = 0.0962

DILUPBiCGStab:  Solving for T, Initial residual = 0.00297375, Final residual = 4.89375e-07, No Iterations 4
Time = 0.0963

DILUPBiCGStab:  Solving for T, Initial residual = 0.00297352, Final residual = 4.89286e-07, No Iterations 4
Time = 0.0964

DILUPBiCGStab:  Solving for T, Initial residual = 0.00297329, Final residual = 4.89197e-07, No Iterations 4
Time = 0.0965

DILUPBiCGStab:  Solving for T, Initial residual = 0.00297306, Final residual = 4.89108e-07, No Iterations 4
Time = 0.0966

DILUPBiCGStab:  Solving for T, Initial residual = 0.00297283, Final residual = 4.8902e-07, No Iterations 4
Time = 0.0967

DILUPBiCGStab:  Solving for T, Initial residual = 0.0029726, Final residual = 4.88932e-07, No Iterations 4
Time = 0.0968

DILUPBiCGStab:  Solving for T, Initial residual = 0.00297237, Final residual = 4.88844e-07, No Iterations 4
Time = 0.0969

DILUPBiCGStab:  Solving for T, Initial residual = 0.00297215, Final residual = 4.88756e-07, No Iterations 4
Time = 0.097

DILUPBiCGStab:  Solving for T, Initial residual = 0.00297192, Final residual = 4.88669e-07, No Iterations 4
Time = 0.0971

DILUPBiCGStab:  Solving for T, Initial residual = 0.00297169, Final residual = 4.88581e-07, No Iterations 4
Time = 0.0972

DILUPBiCGStab:  Solving for T, Initial residual = 0.00297147, Final residual = 4.88495e-07, No Iterations 4
Time = 0.0973

DILUPBiCGStab:  Solving for T, Initial residual = 0.00297124, Final residual = 4.88408e-07, No Iterations 4
Time = 0.0974

DILUPBiCGStab:  Solving for T, Initial residual = 0.00297102, Final residual = 4.88321e-07, No Iterations 4
Time = 0.0975

DILUPBiCGStab:  Solving for T, Initial residual = 0.0029708, Final residual = 4.88235e-07, No Iterations 4
Time = 0.0976

DILUPBiCGStab:  Solving for T, Initial residual = 0.00297057, Final residual = 4.88149e-07, No Iterations 4
Time = 0.0977

DILUPBiCGStab:  Solving for T, Initial residual = 0.00297035, Final residual = 4.88064e-07, No Iterations 4
Time = 0.0978

DILUPBiCGStab:  Solving for T, Initial residual = 0.00297013, Final residual = 4.87978e-07, No Iterations 4
Time = 0.0979

DILUPBiCGStab:  Solving for T, Initial residual = 0.00296991, Final residual = 4.87893e-07, No Iterations 4
Time = 0.098

DILUPBiCGStab:  Solving for T, Initial residual = 0.00296969, Final residual = 4.87808e-07, No Iterations 4
Time = 0.0981

DILUPBiCGStab:  Solving for T, Initial residual = 0.00296947, Final residual = 4.87723e-07, No Iterations 4
Time = 0.0982

DILUPBiCGStab:  Solving for T, Initial residual = 0.00296925, Final residual = 4.87639e-07, No Iterations 4
Time = 0.0983

DILUPBiCGStab:  Solving for T, Initial residual = 0.00296903, Final residual = 4.87554e-07, No Iterations 4
Time = 0.0984

DILUPBiCGStab:  Solving for T, Initial residual = 0.00296881, Final residual = 4.8747e-07, No Iterations 4
Time = 0.0985

DILUPBiCGStab:  Solving for T, Initial residual = 0.00296859, Final residual = 4.87387e-07, No Iterations 4
Time = 0.0986

DILUPBiCGStab:  Solving for T, Initial residual = 0.00296837, Final residual = 4.87303e-07, No Iterations 4
Time = 0.0987

DILUPBiCGStab:  Solving for T, Initial residual = 0.00296816, Final residual = 4.8722e-07, No Iterations 4
Time = 0.0988

DILUPBiCGStab:  Solving for T, Initial residual = 0.00296794, Final residual = 4.87137e-07, No Iterations 4
Time = 0.0989

DILUPBiCGStab:  Solving for T, Initial residual = 0.00296772, Final residual = 4.87054e-07, No Iterations 4
Time = 0.099

DILUPBiCGStab:  Solving for T, Initial residual = 0.00296751, Final residual = 4.86971e-07, No Iterations 4
Time = 0.0991

DILUPBiCGStab:  Solving for T, Initial residual = 0.00296729, Final residual = 4.86889e-07, No Iterations 4
Time = 0.0992

DILUPBiCGStab:  Solving for T, Initial residual = 0.00296708, Final residual = 4.86807e-07, No Iterations 4
Time = 0.0993

DILUPBiCGStab:  Solving for T, Initial residual = 0.00296687, Final residual = 4.86725e-07, No Iterations 4
Time = 0.0994

DILUPBiCGStab:  Solving for T, Initial residual = 0.00296665, Final residual = 4.86643e-07, No Iterations 4
Time = 0.0995

DILUPBiCGStab:  Solving for T, Initial residual = 0.00296644, Final residual = 4.86562e-07, No Iterations 4
Time = 0.0996

DILUPBiCGStab:  Solving for T, Initial residual = 0.00296623, Final residual = 4.8648e-07, No Iterations 4
Time = 0.0997

DILUPBiCGStab:  Solving for T, Initial residual = 0.00296602, Final residual = 4.86399e-07, No Iterations 4
Time = 0.0998

DILUPBiCGStab:  Solving for T, Initial residual = 0.00296581, Final residual = 4.86319e-07, No Iterations 4
Time = 0.0999

DILUPBiCGStab:  Solving for T, Initial residual = 0.0029656, Final residual = 4.86238e-07, No Iterations 4
Time = 0.1

DILUPBiCGStab:  Solving for T, Initial residual = 0.00296539, Final residual = 4.86158e-07, No Iterations 4
End

